#VRML V2.0 utf8
# 3D model generated by easyeda2kicad.py (https://github.com/uPesy/easyeda2kicad.py)

Shape{
    appearance Appearance {
        material  Material 	{
            diffuseColor 1.0 1.0 1.0
            specularColor 0.8784313725490196 0.8784313725490196 0.8784313725490196
            ambientIntensity 1.0
            transparency 0.0
            shininess 0.5
        }
    }
    geometry IndexedFaceSet {
        ccw TRUE
        solid FALSE
        coord DEF co Coordinate {
            point [
                -1.2584 -1.0134 0.0, -1.3603 -0.8585 0.0, -1.3603 -0.4564 0.0, 0.1347 -0.1779 0.0, -0.1313 -0.2087 0.0, -0.1841 -0.1779 0.0, -0.1658 -0.2087 0.0, -0.1796 -0.2422 0.0, 0.1347 -0.255 0.0, 0.134 -0.2451 0.0, 0.1242 -0.2087 0.0, 0.0819 -0.2087 0.0, 0.0971 -0.2442 0.0, -0.1344 -0.2143 0.0, 0.1021 -0.2824 0.0, 0.0986 -0.3134 0.0, 0.0901 -0.337 0.0, 0.0755 -0.3588 0.0, 0.0545 -0.3778 0.0, -0.028 -0.4007 0.0, -0.0621 -0.3975 0.0, -0.0892 -0.389 0.0, -0.1481 -0.3189 0.0, -0.1514 -0.2895 0.0, -0.1397 -0.3418 0.0, -0.1267 -0.3612 0.0, -0.1111 -0.376 0.0, -0.1468 -0.2477 0.0, 0.0302 -0.3908 0.0, -0.0035 -0.3992 0.0, 0.1347 -0.3068 0.0, 0.1366 -0.2828 0.0, 0.5004 -0.1779 0.0, 0.0797 -0.4075 0.0, 0.107 -0.3789 0.0, 0.1347 -0.4564 0.0, 0.1241 -0.349 0.0, 0.5004 -0.4564 0.0, 0.1342 -0.3139 0.0, -0.1841 -0.3139 0.0, -0.182 -0.3341 0.0, -0.1841 -0.4564 0.0, -0.1715 -0.3645 0.0, -0.1555 -0.3897 0.0, -0.0306 -0.443 0.0, 0.0142 -0.4384 0.0, 0.0499 -0.4263 0.0, -0.1314 -0.4128 0.0, -0.1019 -0.4298 0.0, -0.0682 -0.4397 0.0, -0.1841 -0.2741 0.0, -0.1858 -0.2867 0.0, -0.5271 -0.1779 0.0, 0.1347 0.0525 0.0, 0.1347 -0.1327 0.0, 0.1328 0.0141 0.0, 0.1328 -0.1327 0.0, -0.04 -0.105 0.0, -0.1476 -0.105 0.0, -0.04 0.0064 0.0, -0.1476 0.0218 0.0, -0.0055 0.0064 0.0, 0.0982 0.0141 0.0, -0.0055 -0.105 0.0, 0.0982 -0.105 0.0, -0.1841 0.0525 0.0, -0.1822 0.0218 0.0, -0.1841 -0.1327 0.0, -0.1822 -0.1327 0.0, -0.1822 -0.1472 0.0, 0.1328 -0.1472 0.0, 0.1347 0.2274 0.0, 0.1245 0.2274 0.0, 0.1347 0.3483 0.0, 0.115 0.2545 0.0, 0.092 0.2888 0.0, -0.0957 0.3211 0.0, -0.1235 0.3034 0.0, -0.1841 0.3483 0.0, -0.1483 0.2777 0.0, -0.1675 0.245 0.0, 0.0918 0.2891 0.0, 0.067 0.3114 0.0, 0.0395 0.3261 0.0, 0.0082 0.3346 0.0, -0.0207 0.3367 0.0, -0.0629 0.3323 0.0, 0.1328 0.1721 0.0, 0.1279 0.2176 0.0, -0.1729 0.2274 0.0, -0.1786 0.2088 0.0, -0.1841 0.2274 0.0, -0.1822 0.1689 0.0, -0.1822 0.0832 0.0, 0.1328 0.0832 0.0, 0.8681 -0.0306 0.0, 0.8799 -0.0591 0.0, 0.5004 -0.1327 0.0, 0.8987 -0.0835 0.0, 0.8641 0.0 0.0, 0.5004 0.0525 0.0, 0.8681 0.0306 0.0, 0.9232 -0.1023 0.0, 0.9517 -0.1141 0.0, 0.9822 -0.1181 0.0, 1.0128 -0.1141 0.0, 1.5966 -0.1327 0.0, 1.0413 -0.1023 0.0, 1.0657 -0.0835 0.0, 1.0845 -0.0591 0.0, 1.0963 -0.0306 0.0, 1.6082 0.0 0.0, 1.1003 0.0 0.0, 1.6036 0.0525 0.0, 1.0128 0.1141 0.0, 1.5883 0.2274 0.0, 1.0413 0.1023 0.0, 1.0657 0.0835 0.0, 0.9232 0.1023 0.0, 0.5004 0.2274 0.0, 0.9517 0.1141 0.0, 0.9822 0.1181 0.0, 0.8987 0.0835 0.0, 0.8799 0.0591 0.0, 0.8772 0.0525 0.0, 1.0963 0.0306 0.0, 1.0872 0.0525 0.0, 1.0845 0.0591 0.0, 1.3925 -0.8051 0.0, 1.3959 -0.8071 0.0, 1.2142 -1.0614 0.0, 0.9868 -1.2758 0.0, 0.7224 -1.4425 0.0, 0.5004 -1.5282 0.0, 1.5926 -0.1779 0.0, 1.5838 -0.2796 0.0, 1.5364 -0.4564 0.0, 1.5111 -0.5507 0.0, 1.5838 0.2796 0.0, 0.5004 0.3483 0.0, 1.2142 1.0614 0.0, 1.3959 0.8071 0.0, 1.3925 0.8051 0.0, 1.5111 0.5507 0.0, 1.5654 0.3483 0.0, 0.9868 1.2758 0.0, 0.7224 1.4425 0.0, 0.5004 1.5282 0.0, 0.4309 1.555 0.0, 0.1347 1.6073 0.0, 0.1231 1.6093 0.0, 0.1328 0.5211 0.0, -0.1841 1.6034 0.0, -0.1822 0.644 0.0, -0.1822 0.5979 0.0, -0.0938 0.5661 0.0, -0.0938 0.436 0.0, -0.1822 0.4059 0.0, -0.1822 0.3598 0.0, 0.1328 0.4789 0.0, -0.5271 0.3483 0.0, -0.4949 1.5371 0.0, -0.1894 1.6033 0.0, -1.3603 0.3483 0.0, -1.3603 0.8585 0.0, -1.2584 1.0134 0.0, -1.0396 1.2365 0.0, -0.7818 1.4133 0.0, -0.5271 1.5232 0.0, -1.5709 0.3483 0.0, -1.5484 0.463 0.0, -1.4302 0.7523 0.0, -1.3603 0.2274 0.0, -1.5946 0.2274 0.0, -1.6086 0.1563 0.0, -1.3603 0.0525 0.0, -1.6086 0.0525 0.0, -1.6086 -0.1327 0.0, -1.3603 -0.1327 0.0, -1.6086 -0.1563 0.0, -1.3603 -0.1779 0.0, -1.6044 -0.1779 0.0, -1.5497 -0.4564 0.0, -1.4302 -0.7523 0.0, -1.5484 -0.463 0.0, -0.4949 -1.5371 0.0, -0.5271 -1.5232 0.0, -0.5271 -0.4564 0.0, -0.7818 -1.4133 0.0, -1.0396 -1.2365 0.0, -0.186 -0.2953 0.0, -0.1476 -0.4699 0.0, -0.1822 -0.4699 0.0, -0.1822 -0.6312 0.0, 0.1328 -0.6312 0.0, 0.1328 -0.5889 0.0, -0.1476 -0.5889 0.0, 0.1347 -1.6073 0.0, 0.1231 -1.6093 0.0, -0.1841 -1.6034 0.0, -0.1894 -1.6033 0.0, 0.4309 -1.555 0.0, -1.1004 -0.0306 0.0, -1.0886 -0.0591 0.0, -1.1044 0.0 0.0, -1.1004 0.0306 0.0, -1.0698 -0.0835 0.0, -1.0453 -0.1023 0.0, -1.0168 -0.1141 0.0, -0.9863 -0.1181 0.0, -0.9557 -0.1141 0.0, -0.5271 -0.1327 0.0, -0.9272 -0.1023 0.0, -0.9028 -0.0835 0.0, -0.8682 0.0 0.0, -0.5271 0.0525 0.0, -0.8722 -0.0306 0.0, -0.884 -0.0591 0.0, -0.8722 0.0306 0.0, -0.8813 0.0525 0.0, -0.5271 0.2274 0.0, -1.0453 0.1023 0.0, -1.0698 0.0835 0.0, -1.0886 0.0591 0.0, -1.0913 0.0525 0.0, -0.884 0.0591 0.0, -0.9028 0.0835 0.0, -0.9272 0.1023 0.0, -0.9557 0.1141 0.0, -0.9863 0.1181 0.0, -1.0168 0.1141 0.0, -1.6086 0.1563 9.7638, -1.6161 0.0197 9.7638, -0.0134 0.0197 9.7638, 0.788 1.4077 9.7638, 0.7224 1.4425 9.7638, 0.4309 1.555 9.7638, 0.1231 1.6093 9.7638, -0.1894 1.6033 9.7638, -0.4949 1.5371 9.7638, -1.2584 1.0134 9.7638, -1.4302 0.7523 9.7638, -1.5484 0.463 9.7638, -0.7818 1.4133 9.7638, -1.0396 1.2365 9.7638, 0.8221 -1.388 9.7638, 0.9868 -1.2758 9.7638, 1.3925 -0.8051 9.7638, 1.2142 -1.0614 9.7638, 1.3959 -0.8071 9.7638, 1.3925 0.8051 9.7638, 1.3959 0.8071 9.7638, 1.2142 1.0614 9.7638, 1.5838 -0.2796 9.7638, 1.6082 -0.0 9.7638, 0.0207 -0.0 9.7638, 1.5111 -0.5507 9.7638, 0.9868 1.2758 9.7638, 0.8221 1.388 9.7638, 1.5111 0.5507 9.7638, 1.5838 0.2796 9.7638
            ]
        }
        coordIndex [
            0,1,2,-1,3,4,5,-1,5,4,6,-1,5,6,7,-1,3,8,9,-1,9,10,3,-1,3,10,11,-1,3,11,4,-1,4,11,12,-1,4,12,13,-1,13,12,14,-1,13,14,15,-1,15,16,13,-1,13,16,17,-1,13,17,18,-1,19,20,13,-1,13,20,21,-1,22,23,24,-1,24,23,25,-1,21,26,13,-1,13,26,25,-1,13,25,27,-1,27,25,23,-1,18,28,13,-1,13,28,29,-1,13,29,19,-1,30,31,32,-1,33,34,35,-1,35,34,36,-1,32,37,30,-1,30,37,35,-1,30,35,38,-1,38,35,36,-1,39,40,41,-1,41,40,42,-1,41,42,43,-1,44,45,35,-1,35,45,46,-1,35,46,33,-1,43,47,41,-1,41,47,48,-1,41,48,49,-1,50,51,52,-1,53,54,55,-1,55,54,56,-1,57,58,59,-1,59,58,60,-1,59,60,61,-1,61,60,62,-1,61,62,63,-1,63,62,64,-1,55,62,53,-1,53,62,60,-1,53,60,65,-1,65,60,66,-1,65,66,67,-1,67,66,68,-1,67,68,69,-1,56,54,70,-1,70,54,3,-1,70,3,69,-1,69,3,5,-1,69,5,67,-1,71,72,73,-1,73,72,74,-1,73,74,75,-1,76,77,78,-1,78,77,79,-1,78,79,80,-1,75,81,73,-1,73,81,82,-1,73,82,83,-1,83,84,73,-1,73,84,85,-1,73,85,78,-1,78,85,86,-1,78,86,76,-1,53,87,71,-1,71,87,88,-1,71,88,72,-1,89,90,91,-1,91,90,92,-1,91,92,65,-1,65,92,93,-1,65,93,53,-1,53,93,94,-1,53,94,87,-1,95,96,97,-1,97,96,98,-1,95,97,99,-1,99,97,100,-1,99,100,101,-1,98,102,97,-1,97,102,103,-1,97,103,104,-1,104,105,106,-1,106,105,107,-1,106,107,108,-1,108,109,106,-1,106,109,110,-1,106,110,111,-1,111,110,112,-1,111,112,113,-1,114,115,116,-1,116,115,117,-1,118,119,120,-1,120,119,121,-1,118,122,119,-1,119,122,123,-1,119,123,100,-1,100,123,124,-1,100,124,101,-1,112,125,113,-1,113,125,126,-1,113,126,115,-1,115,126,127,-1,115,127,117,-1,128,129,130,-1,130,131,128,-1,128,131,132,-1,128,132,133,-1,104,106,97,-1,97,106,134,-1,97,134,32,-1,32,134,135,-1,32,135,37,-1,37,135,136,-1,37,136,137,-1,114,121,115,-1,115,121,119,-1,115,119,138,-1,138,119,139,-1,140,141,142,-1,142,143,139,-1,139,143,144,-1,139,144,138,-1,145,140,146,-1,146,140,142,-1,146,142,147,-1,147,142,139,-1,147,139,148,-1,149,73,150,-1,150,73,151,-1,150,151,152,-1,152,151,153,-1,152,153,78,-1,78,153,154,-1,155,156,154,-1,154,156,157,-1,154,157,78,-1,78,157,158,-1,78,158,73,-1,73,158,159,-1,73,159,151,-1,160,161,78,-1,78,161,162,-1,78,162,152,-1,163,164,160,-1,160,164,165,-1,160,165,166,-1,166,167,160,-1,160,167,168,-1,160,168,161,-1,169,170,163,-1,163,170,171,-1,163,171,164,-1,172,173,169,-1,173,172,174,-1,174,172,175,-1,174,175,176,-1,176,175,177,-1,177,175,178,-1,177,178,179,-1,179,178,180,-1,179,180,181,-1,181,180,2,-1,181,2,182,-1,1,183,2,-1,2,183,184,-1,2,184,182,-1,185,186,187,-1,187,186,188,-1,187,188,189,-1,51,190,52,-1,52,190,39,-1,52,39,187,-1,187,39,41,-1,187,41,185,-1,191,192,41,-1,41,192,193,-1,194,195,35,-1,49,44,41,-1,41,44,35,-1,41,35,191,-1,191,35,195,-1,191,195,196,-1,197,198,193,-1,193,198,199,-1,193,199,41,-1,41,199,200,-1,41,200,185,-1,193,194,197,-1,197,194,35,-1,197,35,201,-1,201,35,37,-1,201,37,133,-1,133,37,137,-1,133,137,128,-1,202,203,178,-1,202,178,204,-1,204,178,175,-1,204,175,205,-1,203,206,178,-1,178,206,207,-1,178,207,208,-1,209,210,211,-1,211,210,212,-1,211,212,213,-1,214,215,216,-1,216,215,211,-1,216,211,217,-1,217,211,213,-1,214,218,215,-1,215,218,219,-1,215,219,220,-1,221,222,172,-1,172,222,223,-1,172,223,175,-1,175,223,224,-1,175,224,205,-1,219,225,220,-1,220,225,226,-1,220,226,227,-1,227,228,220,-1,220,228,229,-1,220,229,172,-1,172,229,230,-1,172,230,221,-1,189,0,187,-1,187,0,2,-1,187,2,52,-1,52,2,180,-1,52,180,211,-1,211,180,178,-1,211,178,209,-1,209,178,208,-1,7,50,5,-1,5,50,52,-1,5,52,67,-1,67,52,211,-1,67,211,65,-1,65,211,215,-1,65,215,91,-1,91,215,220,-1,31,8,32,-1,32,8,3,-1,32,3,97,-1,97,3,54,-1,97,54,100,-1,100,54,53,-1,100,53,119,-1,119,53,71,-1,119,71,139,-1,139,71,73,-1,139,73,148,-1,148,73,149,-1,169,163,172,-1,172,163,160,-1,172,160,220,-1,220,160,78,-1,220,78,91,-1,91,78,80,-1,91,80,89,-1,231,232,233,-1,234,235,233,-1,233,235,236,-1,236,237,233,-1,233,237,238,-1,233,238,239,-1,240,241,233,-1,233,241,242,-1,233,242,231,-1,239,243,233,-1,233,243,244,-1,233,244,240,-1,245,246,247,-1,247,246,248,-1,247,248,249,-1,250,251,252,-1,253,254,255,-1,245,247,255,-1,255,247,256,-1,255,256,253,-1,252,257,250,-1,250,257,258,-1,250,258,259,-1,259,258,255,-1,259,255,260,-1,260,255,254,-1,
        ]
    }
}
Shape{
    appearance Appearance {
        material  Material 	{
            diffuseColor 0.0 0.0 0.0
            specularColor 0.0 0.0 0.0
            ambientIntensity 0.0
            transparency 0.0
            shininess 0.5
        }
    }
    geometry IndexedFaceSet {
        ccw TRUE
        solid FALSE
        coord DEF co Coordinate {
            point [
                1.9642 -0.1567 2.0051, 1.963 -0.171 1.9836, 1.968 -0.0985 1.9844, 1.9619 -0.1836 1.9569, 1.961 -0.1931 1.9244, 1.9698 -0.0504 2.0763, 1.968 -0.0974 2.0571, 1.9664 -0.1254 2.0377, 1.9606 -0.1969 1.886, 1.9606 -0.1969 1.341, 1.9704 0.0 1.341, 1.9606 0.1969 1.341, 1.9606 0.1969 1.886, 1.968 0.0985 1.9844, 1.9655 0.1391 2.0252, 1.9674 0.1094 2.0497, 1.969 0.0753 2.0679, 1.97 0.0385 2.0791, 1.9704 -0.0 2.0829, 1.961 0.193 1.9246, 1.962 0.1818 1.9614, 1.9636 0.1636 1.9955, 1.8098 0.0003 1.0417, 1.8004 0.1879 1.0416, 1.8425 0.0003 1.107, 1.802 0.1901 1.0476, 1.8022 0.1903 1.0483, 1.8077 0.1935 1.0624, 1.8265 0.1969 1.0986, 1.7944 0.0003 0.9704, 1.7885 0.1485 0.9704, 1.789 0.1555 0.9797, 1.7901 0.1689 0.9974, 1.7927 0.1775 1.0135, 1.7961 0.0003 0.9031, 1.7961 0.0241 0.9032, 1.7953 0.0431 0.9065, 1.7946 0.0529 0.91, 1.7921 0.0866 0.9218, 1.7911 0.0981 0.928, 1.7906 0.1044 0.9326, 1.7884 0.135 0.9553, 1.7881 0.1439 0.9643, 1.7883 -0.1367 0.9569, 1.7906 -0.1044 0.9322, 1.7908 -0.1011 0.9297, 1.7922 -0.0855 0.9213, 1.7946 -0.0526 0.91, 1.7954 -0.0415 0.9062, 1.7962 -0.0212 0.9029, 1.7958 -0.1835 1.0274, 1.7913 -0.1734 1.0054, 1.7889 -0.1561 0.9798, 1.7882 -0.1513 0.9727, 1.7882 -0.1492 0.9704, 1.8151 -0.1958 1.0784, 1.8079 -0.1936 1.063, 1.8027 -0.1892 1.0474, 1.8006 -0.1875 1.0415, 1.8904 0.0 1.162, 1.8801 -0.1969 1.162, 1.8489 -0.1969 1.1297, 1.8342 -0.1969 1.1092, 1.8324 -0.1969 1.1067, 1.8265 -0.1969 1.0986, 1.8324 0.1969 1.1067, 1.8342 0.1969 1.1092, 1.8489 0.1969 1.1297, 1.8904 0.0003 1.162, 1.8801 0.1969 1.162, 1.894 -0.1969 1.1754, 1.9552 -0.1969 1.2909, 1.9552 -0.1969 1.2906, 1.9495 0.0 1.243, 1.9393 -0.1969 1.2425, 1.9242 0.0 1.1994, 1.9271 -0.1969 1.2191, 1.9129 -0.1969 1.2003, 1.9651 0.0 1.2909, 1.9391 0.1969 1.2432, 1.9552 0.1969 1.2906, 1.9552 0.1969 1.2909, 1.9606 0.1969 1.3402, 1.8914 0.1969 1.1727, 1.913 0.1969 1.2003, 1.9252 0.1969 1.2159, 1.9376 0.1969 1.2387
            ]
        }
        coordIndex [
            0,1,2,-1,2,1,3,-1,2,3,4,-1,5,6,2,-1,2,6,7,-1,2,7,0,-1,4,8,2,-1,2,8,9,-1,2,9,10,-1,10,11,12,-1,13,14,15,-1,15,16,13,-1,13,16,17,-1,13,17,18,-1,19,20,13,-1,13,20,21,-1,13,21,14,-1,5,2,18,-1,18,2,10,-1,18,10,13,-1,13,10,12,-1,13,12,19,-1,22,23,24,-1,24,23,25,-1,25,26,24,-1,24,26,27,-1,24,27,28,-1,29,30,22,-1,22,30,31,-1,31,32,22,-1,22,32,33,-1,22,33,23,-1,34,35,29,-1,29,35,36,-1,29,36,37,-1,37,38,29,-1,29,38,39,-1,29,39,40,-1,40,41,29,-1,29,41,42,-1,29,42,30,-1,43,44,29,-1,44,45,29,-1,29,45,46,-1,29,46,47,-1,47,48,29,-1,29,48,49,-1,29,49,34,-1,22,50,51,-1,51,52,22,-1,22,52,53,-1,22,53,29,-1,29,53,54,-1,29,54,43,-1,55,56,24,-1,24,56,57,-1,24,57,22,-1,22,57,58,-1,22,58,50,-1,59,60,61,-1,62,63,24,-1,24,63,64,-1,24,64,55,-1,28,65,24,-1,24,65,66,-1,24,66,67,-1,61,62,59,-1,59,62,24,-1,59,24,68,-1,68,24,67,-1,68,67,69,-1,70,60,59,-1,71,72,73,-1,73,72,74,-1,73,74,75,-1,75,74,76,-1,75,76,77,-1,10,9,71,-1,10,71,78,-1,78,71,73,-1,78,73,79,-1,79,80,78,-1,78,80,81,-1,78,81,10,-1,10,81,82,-1,10,82,11,-1,83,84,75,-1,75,84,85,-1,75,85,73,-1,73,85,86,-1,73,86,79,-1,69,83,68,-1,68,83,75,-1,68,75,59,-1,59,75,77,-1,59,77,70,-1,
        ]
    }
}
Shape{
    appearance Appearance {
        material  Material 	{
            diffuseColor 1.0 1.0 1.0
            specularColor 0.8784313725490196 0.8784313725490196 0.8784313725490196
            ambientIntensity 1.0
            transparency 0.0
            shininess 0.5
        }
    }
    geometry IndexedFaceSet {
        ccw TRUE
        solid FALSE
        coord DEF co Coordinate {
            point [
                1.7356 0.7495 1.162, 1.7273 0.7661 1.162, 1.7591 0.7803 1.1994, 1.7822 0.7905 1.243, 1.7965 0.7968 1.2909, 1.8711 0.6011 1.2909, 1.8761 0.6027 1.341, 1.9295 0.3995 1.341, 1.8914 0.1969 1.1727, 1.8801 0.1969 1.162, 1.8616 0.3286 1.162, 1.8843 0.3902 1.1994, 1.913 0.1969 1.2003, 1.9552 0.1969 1.2906, 1.9391 0.1969 1.2432, 1.909 0.3953 1.243, 1.9376 0.1969 1.2387, 1.9252 0.1969 1.2159, 1.9552 0.1969 1.2909, 1.9244 0.3985 1.2909, 1.9606 0.1969 1.3402, 1.9383 0.3422 1.341, 1.9606 0.1969 1.341, 1.8014 0.799 1.341, 1.8491 0.6737 1.341, 1.8562 0.5963 1.243, 1.8321 0.5886 1.1994, 1.7062 0.9862 1.341, 1.7016 0.9836 1.2909, 1.688 0.9758 1.243, 1.6661 0.9631 1.1994, 1.6368 0.9462 1.162, 1.7982 0.5776 1.162, 1.8488 0.3828 1.162, 1.8109 0.5427 1.162
            ]
        }
        coordIndex [
            0,1,2,-1,3,4,5,-1,5,6,7,-1,8,9,10,-1,11,12,8,-1,13,14,15,-1,15,14,16,-1,15,16,17,-1,18,19,20,-1,20,19,21,-1,20,21,22,-1,4,23,5,-1,5,23,24,-1,5,24,6,-1,2,3,25,-1,25,3,5,-1,25,5,19,-1,19,5,7,-1,19,7,21,-1,26,15,11,-1,11,15,17,-1,11,17,12,-1,27,23,28,-1,28,23,4,-1,28,4,29,-1,29,4,3,-1,29,3,30,-1,30,3,2,-1,30,2,31,-1,31,2,1,-1,18,13,19,-1,19,13,15,-1,19,15,25,-1,25,15,26,-1,25,26,2,-1,2,26,32,-1,2,32,0,-1,8,10,11,-1,11,10,33,-1,11,33,26,-1,26,33,34,-1,26,34,32,-1,
        ]
    }
}
Shape{
    appearance Appearance {
        material  Material 	{
            diffuseColor 0.0 0.0 0.0
            specularColor 0.0 0.0 0.0
            ambientIntensity 0.0
            transparency 0.0
            shininess 0.5
        }
    }
    geometry IndexedFaceSet {
        ccw TRUE
        solid FALSE
        coord DEF co Coordinate {
            point [
                1.9664 -0.1254 8.5637, 1.9642 -0.1567 8.5311, 1.968 -0.0985 8.5103, 1.963 -0.171 8.5095, 1.9619 -0.1836 8.4828, 1.9704 -0.0 8.6088, 1.9698 -0.0504 8.6022, 1.968 -0.0974 8.583, 1.961 -0.1931 8.4503, 1.9606 -0.1969 8.4119, 1.9606 -0.1969 7.6245, 1.9636 -0.1636 7.515, 1.9655 -0.1391 7.4853, 1.968 -0.0985 7.5261, 1.9674 -0.1094 7.4608, 1.969 -0.0753 7.4426, 1.97 -0.0385 7.4315, 1.9704 -0.0 7.4277, 1.961 -0.193 7.5859, 1.962 -0.1818 7.5491, 1.9664 0.1254 7.4728, 1.9642 0.1567 7.5054, 1.968 0.0985 7.5261, 1.963 0.171 7.5269, 1.9619 0.1836 7.5536, 1.9698 0.0504 7.4342, 1.968 0.0974 7.4535, 1.961 0.1931 7.5861, 1.9606 0.1969 7.6245, 1.9606 0.1969 8.4119, 1.968 0.0985 8.5103, 1.9655 0.1391 8.5512, 1.9674 0.1094 8.5756, 1.969 0.0753 8.5938, 1.97 0.0385 8.605, 1.961 0.193 8.4506, 1.962 0.1818 8.4873, 1.9636 0.1636 8.5214, 1.7171 -0.967 5.4894, 1.7136 -0.9733 5.4918, 1.7062 -0.9862 5.4068, 1.7099 -0.9797 5.4931, 1.7062 -0.9862 5.4933, 1.7062 0.9862 5.4934, 1.7096 0.9802 5.4929, 1.7062 0.9862 5.4054, 1.713 0.9742 5.4915, 1.7163 0.9685 5.4891, 1.7193 0.9631 5.4859, 1.7856 0.8336 5.295, 1.7912 0.8215 5.3834, 1.8515 0.6746 5.18, 1.8515 0.6746 5.2771, 1.9032 0.5105 5.0612, 1.9032 0.5105 5.1584, 1.9405 0.3425 4.9397, 1.9405 0.3425 5.0369, 1.9629 0.1724 4.8166, 1.9629 0.1724 4.9138, 1.9704 0.001 4.6926, 1.9704 0.001 4.7898, 1.9704 -0.0 4.6933, 1.9704 0.0 4.7905, 1.9629 -0.1719 4.8177, 1.9629 -0.1719 4.9149, 1.9405 -0.3425 4.9411, 1.9405 -0.3425 5.0383, 1.9032 -0.5105 5.0627, 1.9032 -0.5105 5.1598, 1.8515 -0.6746 5.1814, 1.8515 -0.6746 5.2786, 1.7856 -0.8336 5.2964, 1.7917 -0.8205 5.3841, 1.7204 -0.9612 5.4859
            ]
        }
        coordIndex [
            0,1,2,-1,2,1,3,-1,2,3,4,-1,5,6,2,-1,2,6,7,-1,2,7,0,-1,4,8,2,-1,2,8,9,-1,2,9,10,-1,11,12,13,-1,13,12,14,-1,14,15,13,-1,13,15,16,-1,13,16,17,-1,10,18,13,-1,13,18,19,-1,13,19,11,-1,20,21,22,-1,22,21,23,-1,22,23,24,-1,17,25,22,-1,22,25,26,-1,22,26,20,-1,24,27,22,-1,22,27,28,-1,22,28,29,-1,30,31,32,-1,32,33,30,-1,30,33,34,-1,30,34,5,-1,35,36,30,-1,30,36,37,-1,30,37,31,-1,10,13,2,-1,2,13,17,-1,2,17,5,-1,5,17,22,-1,5,22,30,-1,30,22,29,-1,30,29,35,-1,38,39,40,-1,40,39,41,-1,40,41,42,-1,43,44,45,-1,45,44,46,-1,46,47,45,-1,45,47,48,-1,45,48,49,-1,49,48,50,-1,49,50,51,-1,51,50,52,-1,51,52,53,-1,53,52,54,-1,53,54,55,-1,55,54,56,-1,55,56,57,-1,57,56,58,-1,57,58,59,-1,59,58,60,-1,59,60,61,-1,61,60,62,-1,61,62,63,-1,63,62,64,-1,63,64,65,-1,65,64,66,-1,65,66,67,-1,67,66,68,-1,67,68,69,-1,69,68,70,-1,69,70,71,-1,71,70,72,-1,71,72,40,-1,40,72,73,-1,40,73,38,-1,
        ]
    }
}
Shape{
    appearance Appearance {
        material  Material 	{
            diffuseColor 1.0 1.0 1.0
            specularColor 0.8784313725490196 0.8784313725490196 0.8784313725490196
            ambientIntensity 1.0
            transparency 0.0
            shininess 0.5
        }
    }
    geometry IndexedFaceSet {
        ccw TRUE
        solid FALSE
        coord DEF co Coordinate {
            point [
                1.9704 0.001 4.6926, 1.9704 -0.0 4.6933, 1.9704 -0.0 2.0829, 1.9295 -0.3995 1.341, 1.9383 -0.3422 1.341, 1.9405 -0.3425 4.9411, 1.968 -0.0974 2.0571, 1.9698 -0.0504 2.0763, 1.963 -0.171 1.9836, 1.9642 -0.1567 2.0051, 1.9664 -0.1254 2.0377, 1.9606 -0.1969 1.341, 1.9606 -0.1969 1.886, 1.961 -0.1931 1.9244, 1.9619 -0.1836 1.9569, 1.9629 -0.1719 4.8177, 1.7062 -0.9862 5.4068, 1.7062 -0.9862 1.341, 1.7856 -0.8336 5.2964, 1.8014 -0.799 1.341, 1.8515 -0.6746 5.1814, 1.8491 -0.6737 1.341, 1.8761 -0.6027 1.341, 1.9032 -0.5105 5.0627, 1.9606 0.1969 1.886, 1.9606 0.1969 1.341, 1.9383 0.3422 1.341, 1.962 0.1818 1.9614, 1.961 0.193 1.9246, 1.9405 0.3425 4.9397, 1.9629 0.1724 4.8166, 1.97 0.0385 2.0791, 1.969 0.0753 2.0679, 1.9674 0.1094 2.0497, 1.9655 0.1391 2.0252, 1.9636 0.1636 1.9955, 1.7062 0.9862 1.341, 1.7062 0.9862 5.4054, 1.8014 0.799 1.341, 1.7856 0.8336 5.295, 1.8491 0.6737 1.341, 1.8515 0.6746 5.18, 1.8761 0.6027 1.341, 1.9032 0.5105 5.0612, 1.9295 0.3995 1.341
            ]
        }
        coordIndex [
            0,1,2,-1,3,4,5,-1,6,7,5,-1,8,9,5,-1,5,9,10,-1,5,10,6,-1,11,12,4,-1,4,12,13,-1,4,13,5,-1,5,13,14,-1,5,14,8,-1,2,1,7,-1,7,1,15,-1,7,15,5,-1,16,17,18,-1,18,17,19,-1,18,19,20,-1,20,19,21,-1,20,21,22,-1,3,5,22,-1,22,5,23,-1,22,23,20,-1,24,25,26,-1,27,28,29,-1,0,2,30,-1,30,2,31,-1,30,31,29,-1,29,31,32,-1,29,32,33,-1,33,34,29,-1,29,34,35,-1,29,35,27,-1,36,37,38,-1,38,37,39,-1,38,39,40,-1,40,39,41,-1,40,41,42,-1,42,41,43,-1,42,43,44,-1,44,43,29,-1,44,29,26,-1,26,29,28,-1,26,28,24,-1,
        ]
    }
}
Shape{
    appearance Appearance {
        material  Material 	{
            diffuseColor 0.7450980392156863 0.9215686274509803 0.9882352941176471
            specularColor 0.37254901960784315 0.4588235294117647 0.49411764705882355
            ambientIntensity 0.8764
            transparency 0.0
            shininess 0.5
        }
    }
    geometry IndexedFaceSet {
        ccw TRUE
        solid FALSE
        coord DEF co Coordinate {
            point [
                1.3925 -0.8051 9.7638, 1.3925 -0.8051 9.8071, 1.5111 -0.5507 9.7638, 1.5111 -0.5507 9.8071, 1.5838 -0.2796 9.7638, 1.5838 -0.2796 9.8071, 1.6082 -0.0 9.7638, 1.6082 -0.0 9.8071, 1.5838 0.2796 9.7638, 1.5838 0.2796 9.8071, 1.5111 0.5507 9.7638, 1.5111 0.5507 9.8071, 1.3925 0.8051 9.7638, 1.3925 0.8051 9.8071, 1.8483 0.6735 9.5669, 1.8091 0.7812 9.5669, 1.8016 0.778 9.6291, 1.7039 0.3008 9.8071, 1.7273 0.1007 9.8071, 1.7652 0.3116 9.7989, 1.7894 0.1043 9.7989, 1.8222 0.3217 9.7749, 1.8472 0.1077 9.7749, 1.8712 0.3303 9.7367, 1.8969 0.1106 9.7367, 1.9088 0.3369 9.687, 1.935 0.1128 9.687, 1.9324 0.3411 9.6291, 1.9589 0.1142 9.6291, 1.9405 0.3425 9.5669, 1.7273 -0.1007 9.8071, 1.7039 -0.3008 9.8071, 1.7894 -0.1043 9.7989, 1.7652 -0.3116 9.7989, 1.8472 -0.1077 9.7749, 1.8222 -0.3217 9.7749, 1.8969 -0.1106 9.7367, 1.8712 -0.3303 9.7367, 1.935 -0.1128 9.687, 1.9088 -0.3369 9.687, 1.9589 -0.1142 9.6291, 1.9324 -0.3411 9.6291, 1.6575 -0.4968 9.8071, 1.717 -0.5147 9.7989, 1.7725 -0.5313 9.7749, 1.8202 -0.5455 9.7367, 1.8567 -0.5565 9.687, 1.8797 -0.5634 9.6291, 1.5886 -0.6861 9.8071, 1.4982 -0.8661 9.8071, 1.6457 -0.7107 9.7989, 1.552 -0.8972 9.7989, 1.6989 -0.7337 9.7749, 1.6022 -0.9262 9.7749, 1.7445 -0.7534 9.7367, 1.6452 -0.9511 9.7367, 1.7796 -0.7685 9.687, 1.6783 -0.9701 9.687, 1.8016 -0.778 9.6291, 1.6991 -0.9821 9.6291, 1.4982 0.8661 9.8071, 1.5886 0.6861 9.8071, 1.552 0.8972 9.7989, 1.6457 0.7107 9.7989, 1.6022 0.9262 9.7749, 1.6989 0.7337 9.7749, 1.6452 0.9511 9.7367, 1.7445 0.7534 9.7367, 1.6783 0.9701 9.687, 1.7796 0.7685 9.687, 1.6991 0.9821 9.6291, 1.7062 0.9862 9.5669, 1.8876 0.5657 9.5669, 1.8797 0.5634 9.6291, 1.8567 0.5565 9.687, 1.8202 0.5455 9.7367, 1.7725 0.5313 9.7749, 1.717 0.5147 9.7989, 1.6575 0.4968 9.8071, 1.9671 -0.1147 9.5669, 1.9671 -0.0 9.5669, 1.9671 0.1147 9.5669, 1.9405 -0.3425 9.5669, 1.8091 -0.7812 9.5669, 1.8483 -0.6735 9.5669, 1.8876 -0.5657 9.5669, 1.7062 -0.9862 9.5669, 1.5111 -0.5507 -0.0433, 1.3925 -0.8051 -0.0433, 1.3925 -0.8051 0.0, 1.5111 -0.5507 0.0, 1.5364 -0.4564 0.0, 1.5838 -0.2796 -0.0433, 1.5838 -0.2796 0.0, 1.5926 -0.1779 0.0, 1.6082 0.0 -0.0433, 1.5966 -0.1327 0.0, 1.5883 0.2274 0.0, 1.5838 0.2796 -0.0433, 1.6036 0.0525 0.0, 1.6082 0.0 0.0, 1.5838 0.2796 0.0, 1.5654 0.3483 0.0, 1.5111 0.5507 -0.0433, 1.5111 0.5507 0.0, 1.3925 0.8051 -0.0433, 1.3925 0.8051 0.0, 1.4982 0.8661 -0.0433, 1.4982 -0.8661 -0.0433, 1.5886 -0.6861 -0.0433, 1.5886 0.6861 -0.0433, 1.6575 0.4968 -0.0433, 1.7039 0.3008 -0.0433, 1.7273 0.1007 -0.0433, 1.7273 -0.1007 -0.0433, 1.7039 -0.3008 -0.0433, 1.6575 -0.4968 -0.0433, 1.552 0.8972 -0.0351, 1.6457 0.7107 -0.0351, 1.6022 0.9262 -0.0111, 1.6989 0.7337 -0.0111, 1.6452 0.9511 0.027, 1.7445 0.7534 0.027, 1.6783 0.9701 0.0768, 1.7796 0.7685 0.0768, 1.6991 0.9821 0.1347, 1.7062 0.9862 0.1969, 1.8091 0.7812 0.1969, 1.8016 0.778 0.1347, 1.8797 0.5634 0.1347, 1.8483 0.6735 0.1969, 1.9671 0.1147 0.1969, 1.9324 0.3411 0.1347, 1.9405 0.3425 0.1969, 1.8876 0.5657 0.1969, 1.9671 0.0 0.1969, 1.9589 -0.1142 0.1347, 1.9589 0.1142 0.1347, 1.9671 -0.1147 0.1969, 1.9405 -0.3425 0.1969, 1.9324 -0.3411 0.1347, 1.8876 -0.5657 0.1969, 1.8797 -0.5634 0.1347, 1.8483 -0.6735 0.1969, 1.8016 -0.778 0.1347, 1.8091 -0.7812 0.1969, 1.7062 -0.9862 0.1969, 1.6991 -0.9821 0.1347, 1.8567 0.5565 0.0768, 1.9088 0.3369 0.0768, 1.935 0.1128 0.0768, 1.935 -0.1128 0.0768, 1.9088 -0.3369 0.0768, 1.8567 -0.5565 0.0768, 1.7796 -0.7685 0.0768, 1.6783 -0.9701 0.0768, 1.8202 0.5455 0.027, 1.8712 0.3303 0.027, 1.8969 0.1106 0.027, 1.8969 -0.1106 0.027, 1.8712 -0.3303 0.027, 1.8202 -0.5455 0.027, 1.7445 -0.7534 0.027, 1.6452 -0.9511 0.027, 1.7725 0.5313 -0.0111, 1.8222 0.3217 -0.0111, 1.8472 0.1077 -0.0111, 1.8472 -0.1077 -0.0111, 1.8222 -0.3217 -0.0111, 1.7725 -0.5313 -0.0111, 1.6989 -0.7337 -0.0111, 1.6022 -0.9262 -0.0111, 1.717 0.5147 -0.0351, 1.7652 0.3116 -0.0351, 1.7894 0.1043 -0.0351, 1.7894 -0.1043 -0.0351, 1.7652 -0.3116 -0.0351, 1.717 -0.5147 -0.0351, 1.6457 -0.7107 -0.0351, 1.552 -0.8972 -0.0351, 1.7062 0.9862 0.5487, 1.8091 0.7812 0.5487, 1.8483 0.6735 0.5487, 1.8876 0.5657 0.5487, 1.9405 0.3425 0.5487, 1.9671 0.1147 0.5487, 1.9671 0.0 0.5487, 1.9671 -0.1147 0.5487, 1.9405 -0.3425 0.5487, 1.8876 -0.5657 0.5487, 1.8483 -0.6735 0.5487, 1.8091 -0.7812 0.5487, 1.7062 -0.9862 0.5487
            ]
        }
        coordIndex [
            0,1,2,-1,2,1,3,-1,2,3,4,-1,4,3,5,-1,4,5,6,-1,6,5,7,-1,6,7,8,-1,8,7,9,-1,8,9,10,-1,10,9,11,-1,10,11,12,-1,12,11,13,-1,14,15,16,-1,17,18,19,-1,19,18,20,-1,19,20,21,-1,21,20,22,-1,21,22,23,-1,23,22,24,-1,23,24,25,-1,25,24,26,-1,25,26,27,-1,27,26,28,-1,27,28,29,-1,30,31,32,-1,32,31,33,-1,32,33,34,-1,34,33,35,-1,34,35,36,-1,36,35,37,-1,36,37,38,-1,38,37,39,-1,38,39,40,-1,40,39,41,-1,31,42,33,-1,33,42,43,-1,33,43,35,-1,35,43,44,-1,35,44,37,-1,37,44,45,-1,37,45,39,-1,39,45,46,-1,39,46,41,-1,41,46,47,-1,48,49,50,-1,50,49,51,-1,50,51,52,-1,52,51,53,-1,52,53,54,-1,54,53,55,-1,54,55,56,-1,56,55,57,-1,56,57,58,-1,58,57,59,-1,60,61,62,-1,62,61,63,-1,62,63,64,-1,64,63,65,-1,64,65,66,-1,66,65,67,-1,66,67,68,-1,68,67,69,-1,68,69,70,-1,70,69,16,-1,70,16,71,-1,71,16,15,-1,72,14,73,-1,73,14,16,-1,73,16,74,-1,74,16,69,-1,74,69,75,-1,75,69,67,-1,75,67,76,-1,76,67,65,-1,76,65,77,-1,77,65,63,-1,77,63,78,-1,78,63,61,-1,78,17,77,-1,77,17,19,-1,77,19,76,-1,76,19,21,-1,76,21,75,-1,75,21,23,-1,75,23,74,-1,74,23,25,-1,74,25,73,-1,73,25,27,-1,73,27,72,-1,72,27,29,-1,79,80,28,-1,28,80,81,-1,28,81,29,-1,47,82,41,-1,41,82,79,-1,41,79,40,-1,40,79,28,-1,40,28,38,-1,38,28,26,-1,38,26,36,-1,36,26,24,-1,36,24,34,-1,34,24,22,-1,34,22,32,-1,32,22,20,-1,32,20,30,-1,30,20,18,-1,83,84,47,-1,47,84,85,-1,47,85,82,-1,42,48,43,-1,43,48,50,-1,43,50,44,-1,44,50,52,-1,44,52,45,-1,45,52,54,-1,45,54,46,-1,46,54,56,-1,46,56,47,-1,47,56,58,-1,47,58,83,-1,83,58,59,-1,83,59,86,-1,3,1,49,-1,60,13,61,-1,61,13,11,-1,49,48,3,-1,3,48,42,-1,3,42,5,-1,5,42,31,-1,5,31,7,-1,31,30,7,-1,7,30,18,-1,7,18,9,-1,9,18,17,-1,9,17,11,-1,11,17,78,-1,11,78,61,-1,87,88,89,-1,89,90,87,-1,87,90,91,-1,87,91,92,-1,91,93,92,-1,92,93,94,-1,92,94,95,-1,95,94,96,-1,97,98,99,-1,99,98,95,-1,99,95,100,-1,100,95,96,-1,97,101,98,-1,98,101,102,-1,98,102,103,-1,103,102,104,-1,103,104,105,-1,105,104,106,-1,103,105,107,-1,108,88,109,-1,109,88,87,-1,107,110,103,-1,103,110,111,-1,103,111,98,-1,98,111,112,-1,98,112,95,-1,112,113,95,-1,95,113,114,-1,95,114,92,-1,92,114,115,-1,92,115,87,-1,87,115,116,-1,87,116,109,-1,107,117,118,-1,117,119,120,-1,119,121,122,-1,121,123,124,-1,125,126,127,-1,123,125,128,-1,128,125,127,-1,128,127,129,-1,129,127,130,-1,131,132,133,-1,133,132,129,-1,133,129,134,-1,134,129,130,-1,135,136,131,-1,131,136,137,-1,131,137,132,-1,135,138,136,-1,136,138,139,-1,136,139,140,-1,140,139,141,-1,140,141,142,-1,142,141,143,-1,142,143,144,-1,143,145,144,-1,144,145,146,-1,144,146,147,-1,123,128,124,-1,124,128,129,-1,124,129,148,-1,148,129,132,-1,148,132,149,-1,149,132,137,-1,149,137,150,-1,150,137,136,-1,150,136,151,-1,151,136,140,-1,151,140,152,-1,152,140,142,-1,152,142,153,-1,153,142,144,-1,153,144,154,-1,154,144,147,-1,154,147,155,-1,121,124,122,-1,122,124,148,-1,122,148,156,-1,156,148,149,-1,156,149,157,-1,157,149,150,-1,157,150,158,-1,158,150,151,-1,158,151,159,-1,159,151,152,-1,159,152,160,-1,160,152,153,-1,160,153,161,-1,161,153,154,-1,161,154,162,-1,162,154,155,-1,162,155,163,-1,119,122,120,-1,120,122,156,-1,120,156,164,-1,164,156,157,-1,164,157,165,-1,165,157,158,-1,165,158,166,-1,166,158,159,-1,166,159,167,-1,167,159,160,-1,167,160,168,-1,168,160,161,-1,168,161,169,-1,169,161,162,-1,169,162,170,-1,170,162,163,-1,170,163,171,-1,117,120,118,-1,118,120,164,-1,118,164,172,-1,172,164,165,-1,172,165,173,-1,173,165,166,-1,173,166,174,-1,174,166,167,-1,174,167,175,-1,175,167,168,-1,175,168,176,-1,176,168,169,-1,176,169,177,-1,177,169,170,-1,177,170,178,-1,178,170,171,-1,178,171,179,-1,107,118,110,-1,110,118,172,-1,110,172,111,-1,111,172,173,-1,111,173,112,-1,112,173,174,-1,112,174,113,-1,113,174,175,-1,113,175,114,-1,114,175,176,-1,114,176,115,-1,115,176,177,-1,115,177,116,-1,116,177,178,-1,116,178,109,-1,109,178,179,-1,109,179,108,-1,126,180,127,-1,127,180,181,-1,127,181,130,-1,130,181,182,-1,130,182,134,-1,134,182,183,-1,134,183,133,-1,133,183,184,-1,133,184,131,-1,131,184,185,-1,131,185,135,-1,135,185,186,-1,135,186,138,-1,138,186,187,-1,138,187,139,-1,139,187,188,-1,139,188,141,-1,141,188,189,-1,141,189,143,-1,143,189,190,-1,143,190,145,-1,145,190,191,-1,145,191,146,-1,146,191,192,-1,
        ]
    }
}
Shape{
    appearance Appearance {
        material  Material 	{
            diffuseColor 1.0 1.0 1.0
            specularColor 0.8784313725490196 0.8784313725490196 0.8784313725490196
            ambientIntensity 1.0
            transparency 0.0
            shininess 0.5
        }
    }
    geometry IndexedFaceSet {
        ccw TRUE
        solid FALSE
        coord DEF co Coordinate {
            point [
                1.8483 0.6735 0.5487, 1.8091 0.7812 0.5487, 1.8043 0.7791 0.5989, 1.8616 0.3286 0.7277, 1.8872 0.11 0.7277, 1.8949 0.3345 0.6904, 1.9209 0.112 0.6904, 1.9198 0.3389 0.6468, 1.9462 0.1135 0.6468, 1.9352 0.3416 0.5989, 1.9618 0.1144 0.5989, 1.9405 0.3425 0.5487, 1.8872 -0.11 0.7277, 1.8616 -0.3286 0.7277, 1.9209 -0.112 0.6904, 1.8949 -0.3345 0.6904, 1.9462 -0.1135 0.6468, 1.9198 -0.3389 0.6468, 1.9618 -0.1144 0.5989, 1.9352 -0.3416 0.5989, 1.8109 -0.5427 0.7277, 1.8433 -0.5524 0.6904, 1.8675 -0.5597 0.6468, 1.8825 -0.5642 0.5989, 1.7356 -0.7495 0.7277, 1.6368 -0.9462 0.7277, 1.7667 -0.7629 0.6904, 1.6661 -0.9631 0.6904, 1.7899 -0.773 0.6468, 1.688 -0.9758 0.6468, 1.8043 -0.7791 0.5989, 1.7016 -0.9836 0.5989, 1.6368 0.9462 0.7277, 1.7356 0.7495 0.7277, 1.6661 0.9631 0.6904, 1.7667 0.7629 0.6904, 1.688 0.9758 0.6468, 1.7899 0.773 0.6468, 1.7016 0.9836 0.5989, 1.7062 0.9862 0.5487, 1.8876 0.5657 0.5487, 1.8825 0.5642 0.5989, 1.8675 0.5597 0.6468, 1.8433 0.5524 0.6904, 1.8109 0.5427 0.7277, 1.9671 -0.1147 0.5487, 1.9671 0.0 0.5487, 1.9671 0.1147 0.5487, 1.9405 -0.3425 0.5487, 1.8091 -0.7812 0.5487, 1.8483 -0.6735 0.5487, 1.8876 -0.5657 0.5487, 1.7062 -0.9862 0.5487, 1.8489 -0.1969 1.1297, 1.8801 -0.1969 1.162, 1.8616 -0.3286 1.162, 1.8342 -0.1969 1.1092, 1.8006 -0.1875 1.0415, 1.8027 -0.1892 1.0474, 1.7844 -0.315 1.0476, 1.8079 -0.1936 1.063, 1.8151 -0.1958 1.0784, 1.8265 -0.1969 1.0986, 1.8162 -0.3206 1.1096, 1.8324 -0.1969 1.1067, 1.7882 -0.1513 0.9727, 1.7889 -0.1561 0.9798, 1.7681 -0.3121 0.9798, 1.7913 -0.1734 1.0054, 1.7958 -0.1835 1.0274, 1.7954 -0.0415 0.9062, 1.7946 -0.0526 0.91, 1.7923 -0.1045 0.91, 1.7922 -0.0855 0.9213, 1.7908 -0.1011 0.9297, 1.7906 -0.1044 0.9322, 1.7681 -0.3121 0.91, 1.7883 -0.1367 0.9569, 1.7882 -0.1492 0.9704, 1.7946 0.0529 0.91, 1.7953 0.0431 0.9065, 1.8089 0.1055 0.8421, 1.7962 -0.0212 0.9029, 1.8089 -0.1055 0.8421, 1.7961 0.0003 0.9031, 1.7961 0.0241 0.9032, 1.7911 0.0981 0.928, 1.7921 0.0866 0.9218, 1.7923 0.1045 0.91, 1.789 0.1555 0.9797, 1.7885 0.1485 0.9704, 1.7681 0.3121 0.91, 1.7881 0.1439 0.9643, 1.7884 0.135 0.9553, 1.7906 0.1044 0.9326, 1.7927 0.1775 1.0135, 1.7901 0.1689 0.9974, 1.7681 0.3121 0.9798, 1.8004 0.1879 1.0416, 1.8265 0.1969 1.0986, 1.8077 0.1935 1.0624, 1.7844 0.315 1.0476, 1.8022 0.1903 1.0483, 1.802 0.1901 1.0476, 1.8162 0.3206 1.1096, 1.8342 0.1969 1.1092, 1.8324 0.1969 1.1067, 1.8489 0.1969 1.1297, 1.8616 0.3286 1.162, 1.8801 0.1969 1.162, 1.6368 0.9462 1.162, 1.7273 0.7661 1.162, 1.5969 0.9231 1.1096, 1.6933 0.7313 1.1096, 1.7356 0.7495 1.162, 1.7982 0.5776 1.162, 1.7667 0.5295 1.1096, 1.8109 0.5427 1.162, 1.8488 0.3828 1.162, 1.8488 -0.3828 1.162, 1.7667 -0.5295 1.1096, 1.8109 -0.5427 1.162, 1.7982 -0.5776 1.162, 1.6933 -0.7313 1.1096, 1.6368 -0.9462 1.162, 1.5969 -0.9231 1.1096, 1.7273 -0.7661 1.162, 1.7356 -0.7495 1.162, 1.7358 0.5203 1.0476, 1.6636 0.7185 1.0476, 1.5689 0.907 1.0476, 1.5689 -0.907 1.0476, 1.6636 -0.7185 1.0476, 1.7358 -0.5203 1.0476, 1.7198 0.5155 0.9798, 1.6484 0.7119 0.9798, 1.5546 0.8987 0.9798, 1.5546 -0.8987 0.9798, 1.6484 -0.7119 0.9798, 1.7198 -0.5155 0.9798, 1.7198 0.5155 0.91, 1.6484 0.7119 0.91, 1.5546 0.8987 0.91, 1.5546 -0.8987 0.91, 1.6484 -0.7119 0.91, 1.7198 -0.5155 0.91, 1.7844 0.315 0.8421, 1.7358 0.5203 0.8421, 1.6636 0.7185 0.8421, 1.5689 0.907 0.8421, 1.5689 -0.907 0.8421, 1.6636 -0.7185 0.8421, 1.7358 -0.5203 0.8421, 1.7844 -0.315 0.8421, 1.5969 -0.9231 0.7802, 1.6933 -0.7313 0.7802, 1.7667 -0.5295 0.7802, 1.8162 -0.3206 0.7802, 1.8411 -0.1074 0.7802, 1.8411 0.1074 0.7802, 1.8162 0.3206 0.7802, 1.7667 0.5295 0.7802, 1.6933 0.7313 0.7802, 1.5969 0.9231 0.7802, 1.8321 -0.5886 1.1994, 1.8491 -0.6737 1.341, 1.8014 -0.799 1.341, 1.7965 -0.7968 1.2909, 1.9552 -0.1969 1.2909, 1.9606 -0.1969 1.341, 1.9244 -0.3985 1.2909, 1.9383 -0.3422 1.341, 1.9295 -0.3995 1.341, 1.9552 -0.1969 1.2906, 1.909 -0.3953 1.243, 1.9393 -0.1969 1.2425, 1.9271 -0.1969 1.2191, 1.8843 -0.3902 1.1994, 1.9129 -0.1969 1.2003, 1.894 -0.1969 1.1754, 1.8562 -0.5963 1.243, 1.8711 -0.6011 1.2909, 1.8761 -0.6027 1.341, 1.7591 -0.7803 1.1994, 1.7822 -0.7905 1.243, 1.7062 -0.9862 1.341, 1.7016 -0.9836 1.2909, 1.688 -0.9758 1.243, 1.6661 -0.9631 1.1994
            ]
        }
        coordIndex [
            0,1,2,-1,3,4,5,-1,5,4,6,-1,5,6,7,-1,7,6,8,-1,7,8,9,-1,9,8,10,-1,9,10,11,-1,12,13,14,-1,14,13,15,-1,14,15,16,-1,16,15,17,-1,16,17,18,-1,18,17,19,-1,13,20,15,-1,15,20,21,-1,15,21,17,-1,17,21,22,-1,17,22,19,-1,19,22,23,-1,24,25,26,-1,26,25,27,-1,26,27,28,-1,28,27,29,-1,28,29,30,-1,30,29,31,-1,32,33,34,-1,34,33,35,-1,34,35,36,-1,36,35,37,-1,36,37,38,-1,38,37,2,-1,38,2,39,-1,39,2,1,-1,40,0,41,-1,41,0,2,-1,41,2,42,-1,42,2,37,-1,42,37,43,-1,43,37,35,-1,43,35,44,-1,44,35,33,-1,44,3,43,-1,43,3,5,-1,43,5,42,-1,42,5,7,-1,42,7,41,-1,41,7,9,-1,41,9,40,-1,40,9,11,-1,45,46,10,-1,10,46,47,-1,10,47,11,-1,23,48,19,-1,19,48,45,-1,19,45,18,-1,18,45,10,-1,18,10,16,-1,16,10,8,-1,16,8,14,-1,14,8,6,-1,14,6,12,-1,12,6,4,-1,49,50,23,-1,23,50,51,-1,23,51,48,-1,20,24,21,-1,21,24,26,-1,21,26,22,-1,22,26,28,-1,22,28,23,-1,23,28,30,-1,23,30,49,-1,49,30,31,-1,49,31,52,-1,53,54,55,-1,53,55,56,-1,57,58,59,-1,59,58,60,-1,61,62,63,-1,63,62,64,-1,63,64,56,-1,65,66,67,-1,67,66,68,-1,67,68,69,-1,70,71,72,-1,72,71,73,-1,73,74,72,-1,72,74,75,-1,72,75,76,-1,76,75,77,-1,76,77,78,-1,79,80,81,-1,82,83,84,-1,84,83,81,-1,84,81,85,-1,85,81,80,-1,86,87,88,-1,89,90,91,-1,90,92,91,-1,91,92,93,-1,91,93,88,-1,88,93,94,-1,88,94,86,-1,95,96,97,-1,95,97,98,-1,99,100,101,-1,101,100,102,-1,101,102,103,-1,104,105,106,-1,105,104,107,-1,107,104,108,-1,107,108,109,-1,110,111,112,-1,112,111,113,-1,111,114,113,-1,113,114,115,-1,113,115,116,-1,116,115,117,-1,116,117,104,-1,104,117,118,-1,104,118,108,-1,56,55,63,-1,63,55,119,-1,63,119,120,-1,119,121,120,-1,120,121,122,-1,120,122,123,-1,124,125,126,-1,126,125,123,-1,126,123,127,-1,127,123,122,-1,106,99,104,-1,104,99,101,-1,104,101,116,-1,116,101,128,-1,116,128,113,-1,113,128,129,-1,113,129,112,-1,112,129,130,-1,125,131,123,-1,123,131,132,-1,123,132,120,-1,120,132,133,-1,120,133,63,-1,63,133,59,-1,63,59,61,-1,61,59,60,-1,103,98,101,-1,101,98,97,-1,101,97,128,-1,128,97,134,-1,128,134,129,-1,129,134,135,-1,129,135,130,-1,130,135,136,-1,131,137,132,-1,132,137,138,-1,132,138,133,-1,133,138,139,-1,133,139,59,-1,59,139,67,-1,59,67,57,-1,57,67,69,-1,96,89,97,-1,97,89,91,-1,97,91,134,-1,134,91,140,-1,134,140,135,-1,135,140,141,-1,135,141,136,-1,136,141,142,-1,137,143,138,-1,138,143,144,-1,138,144,139,-1,139,144,145,-1,139,145,67,-1,67,145,76,-1,67,76,65,-1,65,76,78,-1,87,79,88,-1,88,79,81,-1,88,81,91,-1,91,81,146,-1,91,146,140,-1,140,146,147,-1,140,147,141,-1,141,147,148,-1,141,148,142,-1,142,148,149,-1,143,150,144,-1,144,150,151,-1,144,151,145,-1,145,151,152,-1,145,152,76,-1,76,152,153,-1,76,153,72,-1,72,153,83,-1,72,83,70,-1,70,83,82,-1,150,154,151,-1,151,154,155,-1,151,155,152,-1,152,155,156,-1,152,156,153,-1,153,156,157,-1,153,157,83,-1,83,157,158,-1,83,158,81,-1,81,158,159,-1,81,159,146,-1,146,159,160,-1,146,160,147,-1,147,160,161,-1,147,161,148,-1,148,161,162,-1,148,162,149,-1,149,162,163,-1,154,25,155,-1,155,25,24,-1,155,24,156,-1,156,24,20,-1,156,20,157,-1,157,20,13,-1,157,13,158,-1,158,13,12,-1,158,12,159,-1,159,12,4,-1,159,4,160,-1,160,4,3,-1,160,3,161,-1,161,3,44,-1,161,44,162,-1,162,44,33,-1,162,33,163,-1,163,33,32,-1,127,122,164,-1,165,166,167,-1,168,169,170,-1,170,169,171,-1,170,171,172,-1,168,170,173,-1,173,170,174,-1,173,174,175,-1,175,174,176,-1,176,174,177,-1,176,177,178,-1,121,119,177,-1,177,119,55,-1,55,54,177,-1,177,54,179,-1,177,179,178,-1,122,121,164,-1,164,121,177,-1,164,177,180,-1,180,177,174,-1,180,174,181,-1,181,174,170,-1,181,170,182,-1,182,170,172,-1,126,127,183,-1,183,127,164,-1,183,164,184,-1,184,164,180,-1,184,180,167,-1,167,180,181,-1,167,181,165,-1,165,181,182,-1,166,185,167,-1,167,185,186,-1,167,186,184,-1,184,186,187,-1,184,187,183,-1,183,187,188,-1,183,188,126,-1,126,188,124,-1,
        ]
    }
}
Shape{
    appearance Appearance {
        material  Material 	{
            diffuseColor 0.7450980392156863 0.9215686274509803 0.9882352941176471
            specularColor 0.37254901960784315 0.4588235294117647 0.49411764705882355
            ambientIntensity 0.8764
            transparency 0.0
            shininess 0.5
        }
    }
    geometry IndexedFaceSet {
        ccw TRUE
        solid FALSE
        coord DEF co Coordinate {
            point [
                1.8483 0.6735 9.5669, 1.8515 0.6746 5.2771, 1.7912 0.8215 5.3834, 1.7193 0.9631 5.4859, 1.7163 0.9685 5.4891, 1.8091 0.7812 9.5669, 1.713 0.9742 5.4915, 1.7062 0.9862 9.5669, 1.7096 0.9802 5.4929, 1.7062 0.9862 5.4934, 1.9405 0.3425 9.5669, 1.9405 0.3425 5.0369, 1.9032 0.5105 5.1584, 1.8876 0.5657 9.5669, 1.962 0.1818 8.4873, 1.961 0.193 8.4506, 1.9704 -0.0 8.6088, 1.97 0.0385 8.605, 1.9671 0.1147 9.5669, 1.969 0.0753 8.5938, 1.9674 0.1094 8.5756, 1.9655 0.1391 8.5512, 1.9636 0.1636 8.5214, 1.9619 0.1836 7.5536, 1.963 0.171 7.5269, 1.9642 0.1567 7.5054, 1.9664 0.1254 7.4728, 1.9606 0.1969 8.4119, 1.9606 0.1969 7.6245, 1.961 0.1931 7.5861, 1.968 0.0974 7.4535, 1.9698 0.0504 7.4342, 1.9629 0.1724 4.9138, 1.9704 -0.0 7.4277, 1.9704 0.001 4.7898, 1.962 -0.1818 7.5491, 1.961 -0.193 7.5859, 1.9405 -0.3425 5.0383, 1.9629 -0.1719 4.9149, 1.9704 0.0 4.7905, 1.97 -0.0385 7.4315, 1.969 -0.0753 7.4426, 1.9674 -0.1094 7.4608, 1.9655 -0.1391 7.4853, 1.9636 -0.1636 7.515, 1.9606 -0.1969 7.6245, 1.9606 -0.1969 8.4119, 1.9405 -0.3425 9.5669, 1.961 -0.1931 8.4503, 1.9619 -0.1836 8.4828, 1.963 -0.171 8.5095, 1.9642 -0.1567 8.5311, 1.9664 -0.1254 8.5637, 1.968 -0.0974 8.583, 1.9698 -0.0504 8.6022, 1.9671 -0.1147 9.5669, 1.9671 -0.0 9.5669, 1.8483 -0.6735 9.5669, 1.8515 -0.6746 5.2786, 1.8876 -0.5657 9.5669, 1.9032 -0.5105 5.1598, 1.7062 -0.9862 9.5669, 1.7062 -0.9862 5.4933, 1.8091 -0.7812 9.5669, 1.7099 -0.9797 5.4931, 1.7136 -0.9733 5.4918, 1.7171 -0.967 5.4894, 1.7204 -0.9612 5.4859, 1.7917 -0.8205 5.3841
            ]
        }
        coordIndex [
            0,1,2,-1,2,3,0,-1,0,3,4,-1,0,4,5,-1,5,4,6,-1,5,6,7,-1,7,6,8,-1,7,8,9,-1,10,11,12,-1,1,0,12,-1,12,0,13,-1,12,13,10,-1,14,15,10,-1,16,17,18,-1,18,17,10,-1,10,17,19,-1,10,19,20,-1,20,21,10,-1,10,21,22,-1,10,22,14,-1,23,24,11,-1,11,24,25,-1,11,25,26,-1,15,27,10,-1,10,27,28,-1,10,28,11,-1,11,28,29,-1,11,29,23,-1,26,30,11,-1,11,30,31,-1,11,31,32,-1,32,31,33,-1,32,33,34,-1,35,36,37,-1,37,38,33,-1,33,38,39,-1,33,39,34,-1,33,40,37,-1,37,40,41,-1,37,41,42,-1,42,43,37,-1,37,43,44,-1,37,44,35,-1,45,46,47,-1,47,46,48,-1,47,48,49,-1,49,50,47,-1,47,50,51,-1,47,51,52,-1,52,53,47,-1,47,53,54,-1,47,54,55,-1,55,54,16,-1,55,16,56,-1,56,16,18,-1,57,58,59,-1,59,58,60,-1,59,60,47,-1,47,60,37,-1,47,37,45,-1,45,37,36,-1,61,62,63,-1,63,62,64,-1,63,64,57,-1,57,64,65,-1,57,65,66,-1,66,67,57,-1,57,67,68,-1,57,68,58,-1,
        ]
    }
}
Shape{
    appearance Appearance {
        material  Material 	{
            diffuseColor 1.0 1.0 1.0
            specularColor 0.8784313725490196 0.8784313725490196 0.8784313725490196
            ambientIntensity 1.0
            transparency 0.0
            shininess 0.5
        }
    }
    geometry IndexedFaceSet {
        ccw TRUE
        solid FALSE
        coord DEF co Coordinate {
            point [
                1.3925 -0.8051 9.7638, 1.3959 -0.8071 9.7638, 1.3925 -0.8051 9.8071, 1.3959 -0.8071 9.8032, 1.4982 -0.8661 9.8071, 1.4982 -0.8661 9.8032, 1.552 -0.8972 9.7989, 1.5511 -0.8967 9.7951, 1.6022 -0.9262 9.7749, 1.6005 -0.9252 9.7715, 1.6452 -0.9511 9.7367, 1.6428 -0.9497 9.734, 1.6783 -0.9701 9.687, 1.6753 -0.9684 9.685, 1.6991 -0.9821 9.6291, 1.6958 -0.9802 9.6281, 1.7062 -0.9862 9.5669, 1.7028 -0.9843 9.5669, 1.7062 -0.9862 5.4933, 1.7028 -0.9843 1.341, 1.7062 -0.9862 5.4068, 1.3959 -0.8071 0.0, 1.3925 -0.8051 0.0, 1.3959 -0.8071 -0.0394, 1.3925 -0.8051 -0.0433, 1.4982 -0.8661 -0.0394, 1.4982 -0.8661 -0.0433, 1.5511 -0.8967 -0.0313, 1.552 -0.8972 -0.0351, 1.6005 -0.9252 -0.0077, 1.6022 -0.9262 -0.0111, 1.6428 -0.9497 0.0298, 1.6452 -0.9511 0.027, 1.6753 -0.9684 0.0787, 1.6783 -0.9701 0.0768, 1.6958 -0.9802 0.1357, 1.6991 -0.9821 0.1347, 1.7028 -0.9843 0.1969, 1.7062 -0.9862 0.1969, 1.7028 -0.9843 0.5487, 1.7062 -0.9862 0.5487, 1.6983 -0.9817 0.598, 1.7016 -0.9836 0.5989, 1.6849 -0.974 0.6452, 1.688 -0.9758 0.6468, 1.6634 -0.9615 0.6881, 1.6661 -0.9631 0.6904, 1.6346 -0.9449 0.7248, 1.6368 -0.9462 0.7277, 1.5941 -0.9215 0.778, 1.5969 -0.9231 0.7802, 1.5658 -0.9052 0.8407, 1.5689 -0.907 0.8421, 1.5512 -0.8967 0.9095, 1.5546 -0.8987 0.91, 1.5512 -0.8967 0.9803, 1.5546 -0.8987 0.9798, 1.5658 -0.9052 1.049, 1.5689 -0.907 1.0476, 1.5941 -0.9215 1.1118, 1.5969 -0.9231 1.1096, 1.6346 -0.9449 1.165, 1.6368 -0.9462 1.162, 1.6634 -0.9615 1.2017, 1.6661 -0.9631 1.1994, 1.6849 -0.974 1.2446, 1.688 -0.9758 1.243, 1.6983 -0.9817 1.2917, 1.7016 -0.9836 1.2909, 1.7062 -0.9862 1.341, 1.3959 0.8071 9.7638, 1.3925 0.8051 9.7638, 1.3959 0.8071 9.8032, 1.3925 0.8051 9.8071, 1.4982 0.8661 9.8032, 1.4982 0.8661 9.8071, 1.5511 0.8967 9.7951, 1.552 0.8972 9.7989, 1.6005 0.9252 9.7715, 1.6022 0.9262 9.7749, 1.6428 0.9497 9.734, 1.6452 0.9511 9.7367, 1.6753 0.9684 9.685, 1.6783 0.9701 9.687, 1.6958 0.9802 9.6281, 1.6991 0.9821 9.6291, 1.7028 0.9843 9.5669, 1.7062 0.9862 9.5669, 1.3925 0.8051 0.0, 1.3959 0.8071 0.0, 1.3925 0.8051 -0.0433, 1.3959 0.8071 -0.0394, 1.4982 0.8661 -0.0433, 1.4982 0.8661 -0.0394, 1.552 0.8972 -0.0351, 1.5511 0.8967 -0.0313, 1.6022 0.9262 -0.0111, 1.6005 0.9252 -0.0077, 1.6452 0.9511 0.027, 1.6428 0.9497 0.0298, 1.6783 0.9701 0.0768, 1.6753 0.9684 0.0787, 1.6991 0.9821 0.1347, 1.6958 0.9802 0.1357, 1.7062 0.9862 0.1969, 1.7028 0.9843 0.1969, 1.7062 0.9862 0.5487, 1.7028 0.9843 0.5487, 1.7016 0.9836 0.5989, 1.6983 0.9817 0.598, 1.688 0.9758 0.6468, 1.6849 0.974 0.6452, 1.6661 0.9631 0.6904, 1.6634 0.9615 0.6881, 1.6368 0.9462 0.7277, 1.6346 0.9449 0.7248, 1.5969 0.9231 0.7802, 1.5941 0.9215 0.778, 1.5689 0.907 0.8421, 1.5658 0.9052 0.8407, 1.5546 0.8987 0.91, 1.5512 0.8967 0.9095, 1.5546 0.8987 0.9798, 1.5512 0.8967 0.9803, 1.5689 0.907 1.0476, 1.5658 0.9052 1.049, 1.5969 0.9231 1.1096, 1.5941 0.9215 1.1118, 1.6368 0.9462 1.162, 1.6346 0.9449 1.165, 1.6661 0.9631 1.1994, 1.6634 0.9615 1.2017, 1.688 0.9758 1.243, 1.6849 0.974 1.2446, 1.7016 0.9836 1.2909, 1.6983 0.9817 1.2917, 1.7062 0.9862 1.341, 1.7028 0.9843 1.341, 1.7062 0.9862 5.4054, 1.7062 0.9862 5.4934
            ]
        }
        coordIndex [
            0,1,2,-1,2,1,3,-1,2,3,4,-1,4,3,5,-1,4,5,6,-1,6,5,7,-1,6,7,8,-1,8,7,9,-1,8,9,10,-1,10,9,11,-1,10,11,12,-1,12,11,13,-1,12,13,14,-1,14,13,15,-1,14,15,16,-1,16,15,17,-1,16,17,18,-1,18,17,19,-1,18,19,20,-1,21,22,23,-1,23,22,24,-1,23,24,25,-1,25,24,26,-1,25,26,27,-1,27,26,28,-1,27,28,29,-1,29,28,30,-1,29,30,31,-1,31,30,32,-1,31,32,33,-1,33,32,34,-1,33,34,35,-1,35,34,36,-1,35,36,37,-1,37,36,38,-1,37,38,39,-1,39,38,40,-1,39,40,41,-1,41,40,42,-1,41,42,43,-1,43,42,44,-1,43,44,45,-1,45,44,46,-1,45,46,47,-1,47,46,48,-1,47,48,49,-1,49,48,50,-1,49,50,51,-1,51,50,52,-1,51,52,53,-1,53,52,54,-1,53,54,55,-1,55,54,56,-1,55,56,57,-1,57,56,58,-1,57,58,59,-1,59,58,60,-1,59,60,61,-1,61,60,62,-1,61,62,63,-1,63,62,64,-1,63,64,65,-1,65,64,66,-1,65,66,67,-1,67,66,68,-1,67,68,19,-1,19,68,69,-1,19,69,20,-1,70,71,72,-1,72,71,73,-1,72,73,74,-1,74,73,75,-1,74,75,76,-1,76,75,77,-1,76,77,78,-1,78,77,79,-1,78,79,80,-1,80,79,81,-1,80,81,82,-1,82,81,83,-1,82,83,84,-1,84,83,85,-1,84,85,86,-1,86,85,87,-1,88,89,90,-1,90,89,91,-1,90,91,92,-1,92,91,93,-1,92,93,94,-1,94,93,95,-1,94,95,96,-1,96,95,97,-1,96,97,98,-1,98,97,99,-1,98,99,100,-1,100,99,101,-1,100,101,102,-1,102,101,103,-1,102,103,104,-1,104,103,105,-1,104,105,106,-1,106,105,107,-1,106,107,108,-1,108,107,109,-1,108,109,110,-1,110,109,111,-1,110,111,112,-1,112,111,113,-1,112,113,114,-1,114,113,115,-1,114,115,116,-1,116,115,117,-1,116,117,118,-1,118,117,119,-1,118,119,120,-1,120,119,121,-1,120,121,122,-1,122,121,123,-1,122,123,124,-1,124,123,125,-1,124,125,126,-1,126,125,127,-1,126,127,128,-1,128,127,129,-1,128,129,130,-1,130,129,131,-1,130,131,132,-1,132,131,133,-1,132,133,134,-1,134,133,135,-1,134,135,136,-1,136,135,137,-1,136,137,138,-1,138,137,86,-1,138,86,139,-1,139,86,87,-1,
        ]
    }
}
Shape{
    appearance Appearance {
        material  Material 	{
            diffuseColor 0.0 0.0 0.0
            specularColor 0.0 0.0 0.0
            ambientIntensity 0.0
            transparency 0.0
            shininess 0.5
        }
    }
    geometry IndexedFaceSet {
        ccw TRUE
        solid FALSE
        coord DEF co Coordinate {
            point [
                1.3959 -0.8071 9.8032, 1.3959 -0.8071 9.7638, 1.2142 -1.0614 9.8032, 1.2142 -1.0614 9.7638, 0.9868 -1.2758 9.8032, 0.9868 -1.2758 9.7638, 0.7224 -1.4425 9.8032, 0.8221 -1.388 9.7638, 0.788 -1.4077 9.7638, 0.7224 -1.4425 9.7638, 0.4309 -1.555 9.8032, 0.4309 -1.555 9.7638, 0.1231 -1.6093 9.8032, 0.1231 -1.6093 9.7638, -0.1894 -1.6033 9.8032, -0.1894 -1.6033 9.7638, -0.4949 -1.5371 9.8032, -0.4949 -1.5371 9.7638, -0.7818 -1.4133 9.8032, -0.7818 -1.4133 9.7638, -1.0396 -1.2365 9.8032, -1.0396 -1.2365 9.7638, -1.2584 -1.0134 9.8032, -1.2584 -1.0134 9.7638, -1.4302 -0.7523 9.8032, -1.4302 -0.7523 9.7638, -1.5484 -0.463 9.8032, -1.5484 -0.463 9.7638, -1.6086 -0.1563 9.8032, -1.6086 -0.1563 9.7638, -1.6161 -0.0197 9.7638, -1.6161 0.0197 9.7638, -1.6086 0.1563 9.8032, -1.6086 0.1563 9.7638, -1.5484 0.463 9.8032, -1.5484 0.463 9.7638, -1.4302 0.7523 9.8032, -1.4302 0.7523 9.7638, -1.2584 1.0134 9.8032, -1.2584 1.0134 9.7638, -1.0396 1.2365 9.8032, -1.0396 1.2365 9.7638, -0.7818 1.4133 9.8032, -0.7818 1.4133 9.7638, -0.4949 1.5371 9.8032, -0.4949 1.5371 9.7638, -0.1894 1.6033 9.8032, -0.1894 1.6033 9.7638, 0.1231 1.6093 9.8032, 0.1231 1.6093 9.7638, 0.4309 1.555 9.8032, 0.4309 1.555 9.7638, 0.7224 1.4425 9.8032, 0.7224 1.4425 9.7638, 0.788 1.4077 9.7638, 0.8221 1.388 9.7638, 0.9868 1.2758 9.8032, 0.9868 1.2758 9.7638, 1.2142 1.0614 9.8032, 1.2142 1.0614 9.7638, 1.3959 0.8071 9.8032, 1.3959 0.8071 9.7638
            ]
        }
        coordIndex [
            0,1,2,-1,2,1,3,-1,2,3,4,-1,4,3,5,-1,4,5,6,-1,6,5,7,-1,7,8,6,-1,6,8,9,-1,6,9,10,-1,10,9,11,-1,10,11,12,-1,12,11,13,-1,12,13,14,-1,14,13,15,-1,14,15,16,-1,16,15,17,-1,16,17,18,-1,18,17,19,-1,18,19,20,-1,20,19,21,-1,20,21,22,-1,22,21,23,-1,22,23,24,-1,24,23,25,-1,24,25,26,-1,26,25,27,-1,26,27,28,-1,28,27,29,-1,29,30,28,-1,28,30,31,-1,28,31,32,-1,32,31,33,-1,32,33,34,-1,34,33,35,-1,34,35,36,-1,36,35,37,-1,36,37,38,-1,38,37,39,-1,38,39,40,-1,40,39,41,-1,40,41,42,-1,42,41,43,-1,42,43,44,-1,44,43,45,-1,44,45,46,-1,46,45,47,-1,46,47,48,-1,48,47,49,-1,48,49,50,-1,50,49,51,-1,50,51,52,-1,52,51,53,-1,53,54,52,-1,52,54,55,-1,52,55,56,-1,56,55,57,-1,56,57,58,-1,58,57,59,-1,58,59,60,-1,60,59,61,-1,
        ]
    }
}
Shape{
    appearance Appearance {
        material  Material 	{
            diffuseColor 1.0 1.0 1.0
            specularColor 0.8784313725490196 0.8784313725490196 0.8784313725490196
            ambientIntensity 1.0
            transparency 0.0
            shininess 0.5
        }
    }
    geometry IndexedFaceSet {
        ccw TRUE
        solid FALSE
        coord DEF co Coordinate {
            point [
                -1.6161 -0.0197 9.7638, -1.6086 -0.1563 9.7638, -0.0134 -0.0197 9.7638, -1.5484 -0.463 9.7638, -0.1894 -1.6033 9.7638, 0.1231 -1.6093 9.7638, -1.4302 -0.7523 9.7638, -1.2584 -1.0134 9.7638, -1.0396 -1.2365 9.7638, 0.4309 -1.555 9.7638, 0.7224 -1.4425 9.7638, 0.788 -1.4077 9.7638, -0.7818 -1.4133 9.7638, -0.4949 -1.5371 9.7638
            ]
        }
        coordIndex [
            0,1,2,-1,2,1,3,-1,4,5,2,-1,3,6,2,-1,2,6,7,-1,2,7,8,-1,5,9,2,-1,2,9,10,-1,2,10,11,-1,8,12,2,-1,2,12,13,-1,2,13,4,-1,
        ]
    }
}
Shape{
    appearance Appearance {
        material  Material 	{
            diffuseColor 0.0 0.0 0.0
            specularColor 0.0 0.0 0.0
            ambientIntensity 0.0
            transparency 0.0
            shininess 0.5
        }
    }
    geometry IndexedFaceSet {
        ccw TRUE
        solid FALSE
        coord DEF co Coordinate {
            point [
                1.3959 -0.8071 0.0, 1.3959 -0.8071 -0.0394, 1.2142 -1.0614 0.0, 1.2142 -1.0614 -0.0394, 0.9868 -1.2758 0.0, 0.9868 -1.2758 -0.0394, 0.7224 -1.4425 0.0, 0.7224 -1.4425 -0.0394, 0.5004 -1.5282 0.0, 0.4309 -1.555 -0.0394, 0.1231 -1.6093 -0.0394, 0.1347 -1.6073 0.0, 0.4309 -1.555 0.0, -0.1894 -1.6033 -0.0394, -0.1841 -1.6034 0.0, 0.1231 -1.6093 0.0, -0.4949 -1.5371 -0.0394, -0.4949 -1.5371 0.0, -0.1894 -1.6033 0.0, -1.4302 -0.7523 -0.0394, -1.3603 -0.8585 0.0, -1.2584 -1.0134 -0.0394, -1.2584 -1.0134 0.0, -1.0396 -1.2365 -0.0394, -1.0396 -1.2365 0.0, -0.7818 -1.4133 -0.0394, -0.7818 -1.4133 0.0, -0.5271 -1.5232 0.0, -1.5484 -0.463 -0.0394, -1.5484 -0.463 0.0, -1.4302 -0.7523 0.0, -1.6086 -0.1327 0.0, -1.6086 -0.1563 0.0, -1.6086 -0.1563 -0.0394, -1.6044 -0.1779 0.0, -1.5497 -0.4564 0.0, -1.6086 0.0525 0.0, -1.6086 0.1563 -0.0394, -1.6086 0.1563 0.0, -1.5484 0.463 -0.0394, -1.5484 0.463 0.0, -1.5709 0.3483 0.0, -1.5946 0.2274 0.0, -1.4302 0.7523 0.0, -1.4302 0.7523 -0.0394, -1.3603 0.8585 0.0, -1.2584 1.0134 -0.0394, -1.2584 1.0134 0.0, -1.0396 1.2365 0.0, -1.0396 1.2365 -0.0394, -0.7818 1.4133 0.0, -0.7818 1.4133 -0.0394, -0.5271 1.5232 0.0, -0.4949 1.5371 -0.0394, -0.4949 1.5371 0.0, -0.1894 1.6033 0.0, -0.1894 1.6033 -0.0394, -0.1841 1.6034 0.0, 0.1231 1.6093 -0.0394, 0.1231 1.6093 0.0, 0.1347 1.6073 0.0, 0.4309 1.555 -0.0394, 0.4309 1.555 0.0, 1.3959 0.8071 -0.0394, 1.3959 0.8071 0.0, 1.2142 1.0614 -0.0394, 1.2142 1.0614 0.0, 0.9868 1.2758 -0.0394, 0.9868 1.2758 0.0, 0.7224 1.4425 -0.0394, 0.7224 1.4425 0.0, 0.5004 1.5282 0.0, -0.1315 1.7274 -0.0394, 1.4982 -0.8661 -0.0394, -1.7209 0.2154 -0.0394, 1.3788 -1.046 -0.0394, 1.2381 -1.2095 -0.0394, 1.078 -1.3544 -0.0394, 0.0843 1.7301 -0.0394, 0.2988 1.706 -0.0394, 0.5086 1.6553 -0.0394, -0.7536 1.5607 -0.0394, -0.5537 1.6421 -0.0394, -0.3453 1.6979 -0.0394, 1.4982 0.8661 -0.0394, 1.3788 1.046 -0.0394, 0.7104 1.579 -0.0394, 0.9013 1.4781 -0.0394, 1.078 1.3544 -0.0394, 1.2381 1.2095 -0.0394, -0.9419 -1.4552 -0.0394, -1.1155 -1.327 -0.0394, -0.3453 -1.6979 -0.0394, -0.5537 -1.6421 -0.0394, -0.7536 -1.5607 -0.0394, 0.0843 -1.7301 -0.0394, -0.1315 -1.7274 -0.0394, -1.2719 1.1783 -0.0394, -1.1155 1.327 -0.0394, -0.9419 1.4552 -0.0394, -1.6807 0.4275 -0.0394, -1.6146 0.6329 -0.0394, -1.5233 0.8285 -0.0394, -1.4085 1.0112 -0.0394, -1.6807 -0.4275 -0.0394, -1.7209 -0.2154 -0.0394, -1.7343 0.0 -0.0394, -1.2719 -1.1783 -0.0394, -1.4085 -1.0112 -0.0394, -1.5233 -0.8285 -0.0394, -1.6146 -0.6329 -0.0394, 0.9013 -1.4781 -0.0394, 0.7104 -1.579 -0.0394, 0.5086 -1.6553 -0.0394, 0.2988 -1.706 -0.0394, 1.5032 -1.2629 0.1969, 1.4072 -1.3745 0.1969, 1.4014 -1.3689 0.1357, 0.9811 -1.7026 0.1969, 0.8076 -1.7943 0.1969, 0.8043 -1.787 0.1357, -0.002 -1.9648 0.1969, -0.1491 -1.963 0.1969, -0.1485 -1.955 0.1357, -0.6744 -1.8475 0.1969, -0.8561 -1.7736 0.1969, -0.8526 -1.7663 0.1357, -1.5071 -1.263 0.1969, -1.6003 -1.1491 0.1969, -1.5938 -1.1444 0.1357, -1.8495 -0.6725 0.1969, -1.9097 -0.4857 0.1969, -1.9019 -0.4838 0.1357, -1.937 0.3411 0.1969, -1.9097 0.4857 0.1969, -1.9019 0.4838 0.1357, -1.7047 0.983 0.1969, -1.6003 1.1491 0.1969, -1.5938 1.1444 0.1357, -0.9845 1.7016 0.1969, -0.8561 1.7736 0.1969, -0.8526 1.7663 0.1357, -0.3435 1.9362 0.1969, -0.1491 1.963 0.1969, -0.1485 1.955 0.1357, 0.67 1.8464 0.1969, 0.8076 1.7943 0.1969, 0.8043 1.787 0.1357, 1.2617 1.5061 0.1969, 1.4072 1.3745 0.1969, 1.4014 1.3689 0.1357, 1.4276 1.0829 -0.0313, 1.2818 1.2522 -0.0313, 1.473 1.1173 -0.0077, 1.3226 1.292 -0.0077, 1.512 1.1468 0.0298, 1.3576 1.3262 0.0298, 1.5419 1.1695 0.0787, 1.3845 1.3524 0.0787, 1.5607 1.1837 0.1357, 0.9331 1.5303 -0.0313, 0.7356 1.6347 -0.0313, 0.9628 1.5789 -0.0077, 0.759 1.6866 -0.0077, 0.9884 1.6207 0.0298, 0.7791 1.7312 0.0298, 1.0079 1.6527 0.0787, 0.7946 1.7655 0.0787, 1.0202 1.6728 0.1357, 0.0874 1.7912 -0.0313, -0.136 1.7884 -0.0313, 0.0902 1.8481 -0.0077, -0.1403 1.8452 -0.0077, 0.0927 1.897 0.0298, -0.144 1.894 0.0298, 0.0945 1.9344 0.0787, -0.1468 1.9314 0.0787, 0.0957 1.958 0.1357, -0.5732 1.7 -0.0313, -0.7802 1.6158 -0.0313, -0.5913 1.754 -0.0077, -0.8049 1.6671 -0.0077, -0.6069 1.8004 0.0298, -0.8261 1.7112 0.0298, -0.6189 1.836 0.0787, -0.8424 1.745 0.0787, -0.6264 1.8584 0.1357, -1.3167 1.2198 -0.0313, -1.4582 1.0469 -0.0313, -1.3585 1.2586 -0.0077, -1.5044 1.0802 -0.0077, -1.3943 1.2919 0.0298, -1.5441 1.1087 0.0298, -1.4218 1.3174 0.0787, -1.5746 1.1306 0.0787, -1.4391 1.3334 0.1357, -1.6715 0.6552 -0.0313, -1.74 0.4425 -0.0313, -1.7245 0.676 -0.0077, -1.7952 0.4566 -0.0077, -1.77 0.6939 0.0298, -1.8426 0.4687 0.0298, -1.805 0.7076 0.0787, -1.879 0.4779 0.0787, -1.827 0.7162 0.1357, -1.7815 -0.223 -0.0313, -1.74 -0.4425 -0.0313, -1.8381 -0.2301 -0.0077, -1.7952 -0.4566 -0.0077, -1.8866 -0.2362 0.0298, -1.8426 -0.4687 0.0298, -1.9238 -0.2408 0.0787, -1.879 -0.4779 0.0787, -1.9473 -0.2438 0.1357, -1.577 -0.8577 -0.0313, -1.4582 -1.0469 -0.0313, -1.6271 -0.885 -0.0077, -1.5044 -1.0802 -0.0077, -1.67 -0.9084 0.0298, -1.5441 -1.1087 0.0298, -1.703 -0.9263 0.0787, -1.5746 -1.1306 0.0787, -1.7237 -0.9376 0.1357, -0.975 -1.5065 -0.0313, -0.7802 -1.6158 -0.0313, -1.0059 -1.5544 -0.0077, -0.8049 -1.6671 -0.0077, -1.0325 -1.5955 0.0298, -0.8261 -1.7112 0.0298, -1.0529 -1.627 0.0787, -0.8424 -1.745 0.0787, -1.0657 -1.6468 0.1357, -0.3574 -1.7579 -0.0313, -0.136 -1.7884 -0.0313, -0.3687 -1.8137 -0.0077, -0.1403 -1.8452 -0.0077, -0.3784 -1.8617 0.0298, -0.144 -1.894 0.0298, -0.3858 -1.8985 0.0787, -0.1468 -1.9314 0.0787, -0.3905 -1.9216 0.1357, 0.5266 -1.7137 -0.0313, 0.7356 -1.6347 -0.0313, 0.5434 -1.7682 -0.0077, 0.759 -1.6866 -0.0077, 0.5578 -1.8149 0.0298, 0.7791 -1.7312 0.0298, 0.5689 -1.8508 0.0787, 0.7946 -1.7655 0.0787, 0.5758 -1.8734 0.1357, 1.1162 -1.4022 -0.0313, 1.2818 -1.2522 -0.0313, 1.1517 -1.4467 -0.0077, 1.3226 -1.292 -0.0077, 1.1822 -1.4849 0.0298, 1.3576 -1.3262 0.0298, 1.2056 -1.5143 0.0787, 1.3845 -1.3524 0.0787, 1.2203 -1.5327 0.1357, 1.5511 0.8967 -0.0313, 1.6005 0.9252 -0.0077, 1.6428 0.9497 0.0298, 1.6753 0.9684 0.0787, 1.6958 0.9802 0.1357, 1.7028 0.9843 0.1969, 1.5671 1.1886 0.1969, 1.5032 1.2629 0.1969, 1.2253 1.539 0.1969, 1.2203 1.5327 0.1357, 1.2056 1.5143 0.0787, 1.1822 1.4849 0.0298, 1.1517 1.4467 -0.0077, 1.1162 1.4022 -0.0313, 1.0244 1.6797 0.1969, 0.9811 1.7026 0.1969, 0.5782 1.881 0.1969, 0.5758 1.8734 0.1357, 0.5689 1.8508 0.0787, 0.5578 1.8149 0.0298, 0.5434 1.7682 -0.0077, 0.5266 1.7137 -0.0313, 0.3094 1.7662 -0.0313, 0.3193 1.8223 -0.0077, 0.3278 1.8705 0.0298, 0.3343 1.9074 0.0787, 0.3384 1.9307 0.1357, 0.3398 1.9386 0.1969, 0.0961 1.9661 0.1969, -0.002 1.9648 0.1969, -0.3921 1.9295 0.1969, -0.3905 1.9216 0.1357, -0.3858 1.8985 0.0787, -0.3784 1.8617 0.0298, -0.3687 1.8137 -0.0077, -0.3574 1.7579 -0.0313, -0.629 1.866 0.1969, -0.6744 1.8475 0.1969, -1.07 1.6536 0.1969, -1.0657 1.6468 0.1357, -1.0529 1.627 0.0787, -1.0325 1.5955 0.0298, -1.0059 1.5544 -0.0077, -0.975 1.5065 -0.0313, -1.1548 1.3738 -0.0313, -1.1914 1.4175 -0.0077, -1.2229 1.455 0.0298, -1.247 1.4837 0.0787, -1.2622 1.5018 0.1357, -1.2673 1.508 0.1969, -1.445 1.3389 0.1969, -1.5071 1.263 0.1969, -1.7308 0.9414 0.1969, -1.7237 0.9376 0.1357, -1.703 0.9263 0.0787, -1.67 0.9084 0.0298, -1.6271 0.885 -0.0077, -1.577 0.8577 -0.0313, -1.8344 0.7192 0.1969, -1.8495 0.6725 0.1969, -1.9552 0.2448 0.1969, -1.9473 0.2438 0.1357, -1.9238 0.2408 0.0787, -1.8866 0.2362 0.0298, -1.8381 0.2301 -0.0077, -1.7815 0.223 -0.0313, -1.7954 0.0 -0.0313, -1.8524 0.0 -0.0077, -1.9013 0.0 0.0298, -1.9389 0.0 0.0787, -1.9625 0.0 0.1357, -1.9705 0.0 0.1969, -1.9552 -0.2448 0.1969, -1.937 -0.3411 0.1969, -1.8344 -0.7192 0.1969, -1.827 -0.7162 0.1357, -1.805 -0.7076 0.0787, -1.77 -0.6939 0.0298, -1.7245 -0.676 -0.0077, -1.6715 -0.6552 -0.0313, -1.7308 -0.9414 0.1969, -1.7047 -0.983 0.1969, -1.445 -1.3389 0.1969, -1.4391 -1.3334 0.1357, -1.4218 -1.3174 0.0787, -1.3943 -1.2919 0.0298, -1.3585 -1.2586 -0.0077, -1.3167 -1.2198 -0.0313, -1.1548 -1.3738 -0.0313, -1.1914 -1.4175 -0.0077, -1.2229 -1.455 0.0298, -1.247 -1.4837 0.0787, -1.2622 -1.5018 0.1357, -1.2673 -1.508 0.1969, -1.07 -1.6536 0.1969, -0.9845 -1.7016 0.1969, -0.629 -1.866 0.1969, -0.6264 -1.8584 0.1357, -0.6189 -1.836 0.0787, -0.6069 -1.8004 0.0298, -0.5913 -1.754 -0.0077, -0.5732 -1.7 -0.0313, -0.3921 -1.9295 0.1969, -0.3435 -1.9362 0.1969, 0.0961 -1.9661 0.1969, 0.0957 -1.958 0.1357, 0.0945 -1.9344 0.0787, 0.0927 -1.897 0.0298, 0.0902 -1.8481 -0.0077, 0.0874 -1.7912 -0.0313, 0.3094 -1.7662 -0.0313, 0.3193 -1.8223 -0.0077, 0.3278 -1.8705 0.0298, 0.3343 -1.9074 0.0787, 0.3384 -1.9307 0.1357, 0.3398 -1.9386 0.1969, 0.5782 -1.881 0.1969, 0.67 -1.8464 0.1969, 1.0244 -1.6797 0.1969, 1.0202 -1.6728 0.1357, 1.0079 -1.6527 0.0787, 0.9884 -1.6207 0.0298, 0.9628 -1.5789 -0.0077, 0.9331 -1.5303 -0.0313, 1.2253 -1.539 0.1969, 1.2617 -1.5061 0.1969, 1.5671 -1.1886 0.1969, 1.5607 -1.1837 0.1357, 1.5419 -1.1695 0.0787, 1.512 -1.1468 0.0298, 1.473 -1.1173 -0.0077, 1.4276 -1.0829 -0.0313, 1.5511 -0.8967 -0.0313, 1.6005 -0.9252 -0.0077, 1.6428 -0.9497 0.0298, 1.6753 -0.9684 0.0787, 1.6958 -0.9802 0.1357, 1.7028 -0.9843 0.1969, 1.7028 -0.9843 0.5487, 1.5671 -1.1886 0.5487, 1.5032 -1.2629 0.5487, 1.4072 -1.3745 0.5487, 1.2617 -1.5061 0.5487, 1.2253 -1.539 0.5487, 1.0244 -1.6797 0.5487, 0.9811 -1.7026 0.5487, 0.8076 -1.7943 0.5487, 0.67 -1.8464 0.5487, 0.5782 -1.881 0.5487, 0.3398 -1.9386 0.5487, 0.0961 -1.9661 0.5487, -0.002 -1.9648 0.5487, -0.1491 -1.963 0.5487, -0.3435 -1.9362 0.5487, -0.3921 -1.9295 0.5487, -0.629 -1.866 0.5487, -0.6744 -1.8475 0.5487, -0.8561 -1.7736 0.5487, -0.9845 -1.7016 0.5487, -1.07 -1.6536 0.5487, -1.2673 -1.508 0.5487, -1.445 -1.3389 0.5487, -1.5071 -1.263 0.5487, -1.6003 -1.1491 0.5487, -1.7047 -0.983 0.5487, -1.7308 -0.9414 0.5487, -1.8344 -0.7192 0.5487, -1.8495 -0.6725 0.5487, -1.9097 -0.4857 0.5487, -1.937 -0.3411 0.5487, -1.9552 -0.2448 0.5487, -1.9705 0.0 0.5487, -1.9552 0.2448 0.5487, -1.937 0.3411 0.5487, -1.9097 0.4857 0.5487, -1.8495 0.6725 0.5487, -1.8344 0.7192 0.5487, -1.7308 0.9414 0.5487, -1.7047 0.983 0.5487, -1.6003 1.1491 0.5487, -1.5071 1.263 0.5487, -1.445 1.3389 0.5487, -1.2673 1.508 0.5487, -1.07 1.6536 0.5487, -0.9845 1.7016 0.5487, -0.8561 1.7736 0.5487, -0.6744 1.8475 0.5487, -0.629 1.866 0.5487, -0.3921 1.9295 0.5487, -0.3435 1.9362 0.5487, -0.1491 1.963 0.5487, -0.002 1.9648 0.5487, 0.0961 1.9661 0.5487, 0.3398 1.9386 0.5487, 0.5782 1.881 0.5487, 0.67 1.8464 0.5487, 0.8076 1.7943 0.5487, 0.9811 1.7026 0.5487, 1.0244 1.6797 0.5487, 1.2253 1.539 0.5487, 1.2617 1.5061 0.5487, 1.4072 1.3745 0.5487, 1.5032 1.2629 0.5487, 1.5671 1.1886 0.5487, 1.7028 0.9843 0.5487, 1.5009 -1.1456 0.7248, 1.3503 -1.319 0.7248, 1.3746 -1.3427 0.6881, 1.3428 -1.3277 0.7248, 1.1756 -1.4767 0.7248, 1.197 -1.5035 0.6881, 1.1627 -1.4882 0.7248, 0.9826 -1.6114 0.7248, 1.0007 -1.6409 0.6881, 0.9637 -1.6244 0.7248, 0.7745 -1.7211 0.7248, 0.7889 -1.7529 0.6881, 0.7489 -1.7341 0.7248, 0.5544 -1.804 0.7248, 0.5648 -1.8376 0.6881, 0.522 -1.8157 0.7248, 0.3257 -1.859 0.7248, 0.3319 -1.8938 0.6881, 0.2865 -1.8676 0.7248, 0.092 -1.885 0.7248, 0.0938 -1.9207 0.6881, 0.0462 -1.8891 0.7248, -0.1431 -1.8819 0.7248, -0.1457 -1.9177 0.6881, -0.1948 -1.8799 0.7248, -0.376 -1.8495 0.7248, -0.3831 -1.8849 0.6881, -0.4326 -1.8401 0.7248, -0.603 -1.7885 0.7248, -0.6145 -1.8229 0.6881, -0.6635 -1.7702 0.7248, -0.8207 -1.6997 0.7248, -0.8364 -1.7326 0.6881, -0.8835 -1.6716 0.7248, -1.0256 -1.5846 0.7248, -1.0454 -1.6154 0.6881, -1.0892 -1.5457 0.7248, -1.2146 -1.445 0.7248, -1.2381 -1.4731 0.6881, -1.2772 -1.3946 0.7248, -1.3848 -1.2829 0.7248, -1.4117 -1.308 0.6881, -1.4445 -1.2209 0.7248, -1.5335 -1.101 0.7248, -1.5634 -1.1226 0.6881, -1.5882 -1.0272 0.7248, -1.6584 -0.902 0.7248, -1.6909 -0.9197 0.6881, -1.7061 -0.8168 0.7248, -1.7577 -0.689 0.7248, -1.7921 -0.7026 0.6881, -1.7963 -0.5931 0.7248, -1.8297 -0.4653 0.7248, -1.8656 -0.4745 0.6881, -1.8572 -0.3598 0.7248, -1.8733 -0.2345 0.7248, -1.9101 -0.2391 0.6881, -1.7963 0.5931 0.7248, -1.7577 0.689 0.7248, -1.7921 0.7026 0.6881, -1.7061 0.8168 0.7248, -1.6584 0.902 0.7248, -1.6909 0.9197 0.6881, -1.5882 1.0272 0.7248, -1.5335 1.101 0.7248, -1.5634 1.1226 0.6881, -1.4445 1.2209 0.7248, -1.3848 1.2829 0.7248, -1.4117 1.308 0.6881, -1.2772 1.3946 0.7248, -1.2146 1.445 0.7248, -1.2381 1.4731 0.6881, -1.0892 1.5457 0.7248, -1.0256 1.5846 0.7248, -1.0454 1.6154 0.6881, -0.8835 1.6716 0.7248, -0.8207 1.6997 0.7248, -0.8364 1.7326 0.6881, -0.6635 1.7702 0.7248, -0.603 1.7885 0.7248, -0.6145 1.8229 0.6881, -0.4326 1.8401 0.7248, -0.376 1.8495 0.7248, -0.3831 1.8849 0.6881, -0.1948 1.8799 0.7248, -0.1431 1.8819 0.7248, -0.1457 1.9177 0.6881, 0.0462 1.8891 0.7248, 0.092 1.885 0.7248, 0.0938 1.9207 0.6881, 0.2865 1.8676 0.7248, 0.3257 1.859 0.7248, 0.3319 1.8938 0.6881, 0.522 1.8157 0.7248, 0.5544 1.804 0.7248, 0.5648 1.8376 0.6881, 0.7489 1.7341 0.7248, 0.7745 1.7211 0.7248, 0.7889 1.7529 0.6881, 0.9637 1.6244 0.7248, 0.9826 1.6114 0.7248, 1.0007 1.6409 0.6881, 1.1627 1.4882 0.7248, 1.1756 1.4767 0.7248, 1.197 1.5035 0.6881, 1.3428 1.3277 0.7248, 1.3503 1.319 0.7248, 1.3746 1.3427 0.6881, 1.5009 1.1456 0.7248, 1.5041 1.1408 0.7248, 1.5309 1.1611 0.6881, 1.3924 1.3601 0.6452, 1.4034 1.3708 0.598, 1.2221 1.535 0.598, 1.563 -1.1854 0.598, 1.0217 -1.6753 0.598, 0.0958 -1.9609 0.598, -0.6273 -1.8611 0.598, -1.4412 -1.3354 0.598, -1.8296 -0.7173 0.598, -1.9501 0.2441 0.598, -1.9046 0.4845 0.598, -1.5961 1.1461 0.598, -1.264 1.504 0.598, -0.8539 1.7689 0.598, -0.1487 1.9578 0.598, 0.3389 1.9335 0.598, 0.8055 1.7896 0.598, 1.0217 1.6753 0.598, 0.5767 1.8761 0.598, 0.0958 1.9609 0.598, -0.391 1.9244 0.598, -0.6273 1.8611 0.598, -1.0672 1.6492 0.598, -1.4412 1.3354 0.598, -1.7262 0.939 0.598, -1.8296 0.7173 0.598, 1.563 1.1854 0.598, 1.5507 1.1762 0.6452, -1.9348 0.2422 0.6452, -1.9101 0.2391 0.6881, -1.8656 0.4745 0.6881, 1.6983 0.9817 0.598, 1.6849 0.974 0.6452, 1.6634 0.9615 0.6881, 1.6346 0.9449 0.7248, 1.2125 1.5229 0.6452, 1.0137 1.6621 0.6452, 0.7991 1.7755 0.6452, 0.5721 1.8614 0.6452, 0.3362 1.9183 0.6452, 0.0951 1.9455 0.6452, -0.1476 1.9425 0.6452, -0.388 1.9093 0.6452, -0.6224 1.8465 0.6452, -0.8472 1.755 0.6452, -1.0589 1.6363 0.6452, -1.2541 1.4922 0.6452, -1.4299 1.3249 0.6452, -1.5836 1.1371 0.6452, -1.7127 0.9316 0.6452, -1.8153 0.7117 0.6452, -1.8897 0.4807 0.6452, -1.8297 0.4653 0.7248, -1.8879 -0.1206 0.7248, -1.8879 0.0 0.7248, -1.9251 0.0 0.6881, -1.9499 0.0 0.6452, -1.9653 0.0 0.598, -1.8879 0.1206 0.7248, -1.8733 0.2345 0.7248, -1.8572 0.3598 0.7248, -1.9348 -0.2422 0.6452, -1.9501 -0.2441 0.598, -1.8897 -0.4807 0.6452, -1.9046 -0.4845 0.598, -1.8153 -0.7117 0.6452, -1.7127 -0.9316 0.6452, -1.7262 -0.939 0.598, -1.5836 -1.1371 0.6452, -1.5961 -1.1461 0.598, -1.4299 -1.3249 0.6452, -1.2541 -1.4922 0.6452, -1.264 -1.504 0.598, -1.0589 -1.6363 0.6452, -1.0672 -1.6492 0.598, -0.8472 -1.755 0.6452, -0.8539 -1.7689 0.598, -0.6224 -1.8465 0.6452, -0.388 -1.9093 0.6452, -0.391 -1.9244 0.598, -0.1476 -1.9425 0.6452, -0.1487 -1.9578 0.598, 0.0951 -1.9455 0.6452, 0.3362 -1.9183 0.6452, 0.3389 -1.9335 0.598, 0.5721 -1.8614 0.6452, 0.5767 -1.8761 0.598, 0.7991 -1.7755 0.6452, 0.8055 -1.7896 0.598, 1.0137 -1.6621 0.6452, 1.2125 -1.5229 0.6452, 1.2221 -1.535 0.598, 1.3924 -1.3601 0.6452, 1.4034 -1.3708 0.598, 1.5041 -1.1408 0.7248, 1.5309 -1.1611 0.6881, 1.5507 -1.1762 0.6452, 1.6983 -0.9817 0.598, 1.6849 -0.974 0.6452, 1.6634 -0.9615 0.6881, 1.6346 -0.9449 0.7248, 1.5044 -1.141 1.165, 1.5006 -1.1454 1.165, 1.4637 -1.1173 1.1118, 1.3508 -1.3195 1.165, 1.3423 -1.3272 1.165, 1.3095 -1.2949 1.1118, 1.1762 -1.4775 1.165, 1.1621 -1.4873 1.165, 1.1339 -1.4514 1.1118, 0.9834 -1.6125 1.165, 0.9631 -1.6232 1.165, 0.9398 -1.5842 1.1118, 0.7752 -1.7225 1.165, 0.7484 -1.7327 1.165, 0.7304 -1.6913 1.1118, 0.555 -1.8058 1.165, 0.5215 -1.8139 1.165, 0.509 -1.7708 1.1118, 0.3261 -1.8611 1.165, 0.2862 -1.8656 1.165, 0.2793 -1.8214 1.1118, -0.6039 -1.7914 1.165, -0.6624 -1.7676 1.165, -0.6471 -1.7265 1.1118, -0.822 -1.7026 1.165, -0.882 -1.6689 1.165, -0.8617 -1.6302 1.1118, -1.0273 -1.5875 1.165, -1.0873 -1.5431 1.165, -1.0624 -1.5075 1.1118, -1.2167 -1.4476 1.165, -1.275 -1.3922 1.165, -1.2457 -1.3602 1.1118, -1.3873 -1.2854 1.165, -1.4418 -1.2187 1.165, -1.4088 -1.1907 1.1118, -1.5364 -1.1031 1.165, -1.5853 -1.0254 1.165, -1.549 -1.0018 1.1118, -1.6617 -0.9038 1.165, -1.7029 -0.8153 1.165, -1.664 -0.7966 1.1118, -1.7612 -0.6904 1.165, -1.7928 -0.592 1.165, -1.7519 -0.5785 1.1118, -1.8333 -0.4663 1.165, -1.8536 -0.3591 1.165, -1.8113 -0.3509 1.1118, -1.8771 -0.235 1.165, -1.8843 -0.1204 1.165, -1.8413 -0.1176 1.1118, 0.7304 -1.6913 0.778, 0.9398 -1.5842 0.778, 0.9231 -1.5561 0.8407, 0.509 -1.7708 0.778, 0.2793 -1.8214 0.778, 0.0451 -1.8424 0.778, -0.19 -1.8334 0.778, -0.422 -1.7946 0.778, -0.6471 -1.7265 0.778, -0.8617 -1.6302 0.778, -1.0624 -1.5075 0.778, -1.2457 -1.3602 0.778, -1.8113 0.3509 0.778, -1.7519 0.5785 0.778, -1.664 0.7966 0.778, -1.549 1.0018 0.778, -1.4088 1.1907 0.778, -1.2457 1.3602 0.778, -1.0624 1.5075 0.778, -0.8617 1.6302 0.778, -0.6471 1.7265 0.778, -0.422 1.7946 0.778, -0.19 1.8334 0.778, 0.0451 1.8424 0.778, 0.2793 1.8214 0.778, 1.5941 0.9215 0.778, 1.4637 1.1173 0.778, 1.3095 1.2949 0.778, 1.1339 1.4514 0.778, 0.9398 1.5842 0.778, 0.7304 1.6913 0.778, 0.509 1.7708 0.778, -1.8413 0.1176 0.778, -1.8413 -0.1176 0.778, -1.8113 -0.3509 0.778, -1.7519 -0.5785 0.778, -1.664 -0.7966 0.778, -1.549 -1.0018 0.778, -1.4088 -1.1907 0.778, 1.1339 -1.4514 0.778, 1.3095 -1.2949 0.778, 1.4637 -1.1173 0.778, 1.1034 -1.4123 0.9095, 1.1137 -1.4256 0.8407, 1.2742 -1.26 0.9803, 1.2742 -1.26 0.9095, 1.2862 -1.2719 0.8407, 1.4377 -1.0975 1.049, 1.4243 -1.0872 0.9803, 1.4243 -1.0872 0.9095, 1.4377 -1.0975 0.8407, 1.5941 -0.9215 1.1118, 1.5658 -0.9052 1.049, 1.5512 -0.8967 0.9803, 1.5512 -0.8967 0.9095, 1.5658 -0.9052 0.8407, 1.5941 -0.9215 0.778, -0.19 -1.8334 1.1118, -0.422 -1.7946 1.1118, -0.4145 -1.7627 1.049, 1.4637 1.1173 1.1118, 1.5006 1.1454 1.165, 1.5044 1.141 1.165, 1.4377 1.0975 0.8407, 1.5658 0.9052 0.8407, 1.4243 1.0872 0.9095, 1.5512 0.8967 0.9095, 1.4243 1.0872 0.9803, 1.5512 0.8967 0.9803, 1.4377 1.0975 1.049, 1.5658 0.9052 1.049, 1.5941 0.9215 1.1118, 1.6346 0.9449 1.165, 1.3095 1.2949 1.1118, 1.3423 1.3272 1.165, 1.3508 1.3195 1.165, 1.2862 1.2719 0.8407, 1.2742 1.26 0.9095, 1.2742 1.26 0.9803, 1.2862 1.2719 1.049, 1.1339 1.4514 1.1118, 1.1621 1.4873 1.165, 1.1762 1.4775 1.165, 1.1137 1.4256 0.8407, 1.1034 1.4123 0.9095, 1.1034 1.4123 0.9803, 1.1137 1.4256 1.049, 0.9398 1.5842 1.1118, 0.9631 1.6232 1.165, 0.9834 1.6125 1.165, 0.9231 1.5561 0.8407, 0.9145 1.5416 0.9095, 0.9145 1.5416 0.9803, 0.9231 1.5561 1.049, 0.7304 1.6913 1.1118, 0.7484 1.7327 1.165, 0.7752 1.7225 1.165, 0.7174 1.6612 0.8407, 0.7107 1.6458 0.9095, 0.7107 1.6458 0.9803, 0.7174 1.6612 1.049, 0.509 1.7708 1.1118, 0.5215 1.8139 1.165, 0.555 1.8058 1.165, 0.4999 1.7393 0.8407, 0.4953 1.7231 0.9095, 0.4953 1.7231 0.9803, 0.4999 1.7393 1.049, 0.2793 1.8214 1.1118, 0.2862 1.8656 1.165, 0.3261 1.8611 1.165, 0.2743 1.7891 0.8407, 0.2718 1.7724 0.9095, 0.2718 1.7724 0.9803, 0.2743 1.7891 1.049, 0.0451 1.8424 1.1118, 0.0463 1.8868 1.165, 0.0922 1.8874 1.165, 0.0442 1.8097 0.8407, 0.0438 1.7929 0.9095, 0.0438 1.7929 0.9803, 0.0442 1.8097 1.049, -0.19 1.8334 1.1118, -0.1944 1.8774 1.165, -0.1432 1.8845 1.165, -0.1866 1.8009 0.8407, -0.1849 1.7841 0.9095, -0.1849 1.7841 0.9803, -0.1866 1.8009 1.049, -0.422 1.7946 1.1118, -0.4319 1.8374 1.165, -0.3765 1.8523 1.165, -0.4145 1.7627 0.8407, -0.4107 1.7463 0.9095, -0.4107 1.7463 0.9803, -0.4145 1.7627 1.049, -0.6471 1.7265 1.1118, -0.6624 1.7676 1.165, -0.6039 1.7914 1.165, -0.6356 1.6958 0.8407, -0.6297 1.68 0.9095, -0.6297 1.68 0.9803, -0.6356 1.6958 1.049, -0.8617 1.6302 1.1118, -0.882 1.6689 1.165, -0.822 1.7026 1.165, -0.8465 1.6013 0.8407, -0.8386 1.5864 0.9095, -0.8386 1.5864 0.9803, -0.8465 1.6013 1.049, -1.0624 1.5075 1.1118, -1.0873 1.5431 1.165, -1.0273 1.5875 1.165, -1.0435 1.4807 0.8407, -1.0338 1.4669 0.9095, -1.0338 1.4669 0.9803, -1.0435 1.4807 1.049, -1.2457 1.3602 1.1118, -1.275 1.3922 1.165, -1.2167 1.4476 1.165, -1.2236 1.336 0.8407, -1.2123 1.3236 0.9095, -1.2123 1.3236 0.9803, -1.2236 1.336 1.049, -1.4088 1.1907 1.1118, -1.4418 1.2187 1.165, -1.3873 1.2854 1.165, -1.3838 1.1695 0.8407, -1.371 1.1587 0.9095, -1.371 1.1587 0.9803, -1.3838 1.1695 1.049, -1.549 1.0018 1.1118, -1.5853 1.0254 1.165, -1.5364 1.1031 1.165, -1.5215 0.984 0.8407, -1.5074 0.9749 0.9095, -1.5074 0.9749 0.9803, -1.5215 0.984 1.049, -1.664 0.7966 1.1118, -1.7029 0.8153 1.165, -1.6617 0.9038 1.165, -1.6345 0.7825 0.8407, -1.6193 0.7752 0.9095, -1.6193 0.7752 0.9803, -1.6345 0.7825 1.049, -1.7519 0.5785 1.1118, -1.7928 0.592 1.165, -1.7612 0.6904 1.165, -1.7208 0.5682 0.8407, -1.7049 0.5629 0.9095, -1.7049 0.5629 0.9803, -1.7208 0.5682 1.049, -1.8113 0.3509 1.1118, -1.8536 0.3591 1.165, -1.8333 0.4663 1.165, -1.7792 0.3447 0.8407, -1.7627 0.3415 0.9095, -1.7627 0.3415 0.9803, -1.7792 0.3447 1.049, -1.8918 0.0 1.165, -1.8843 0.1204 1.165, -1.8413 0.1176 1.1118, -1.8771 0.235 1.165, -1.8086 0.1155 0.8407, -1.7918 0.1144 0.9095, -1.7918 0.1144 0.9803, -1.8086 0.1155 1.049, -1.8086 -0.1155 0.8407, -1.7918 -0.1144 0.9095, -1.7918 -0.1144 0.9803, -1.8086 -0.1155 1.049, -1.7792 -0.3447 0.8407, -1.7627 -0.3415 0.9095, -1.7627 -0.3415 0.9803, -1.7792 -0.3447 1.049, -1.7208 -0.5682 0.8407, -1.7049 -0.5629 0.9095, -1.7049 -0.5629 0.9803, -1.7208 -0.5682 1.049, -1.6345 -0.7825 0.8407, -1.6193 -0.7752 0.9095, -1.6193 -0.7752 0.9803, -1.6345 -0.7825 1.049, -1.5215 -0.984 0.8407, -1.5074 -0.9749 0.9095, -1.5074 -0.9749 0.9803, -1.5215 -0.984 1.049, -1.3838 -1.1695 0.8407, -1.371 -1.1587 0.9095, -1.371 -1.1587 0.9803, -1.3838 -1.1695 1.049, -1.2236 -1.336 0.8407, -1.2123 -1.3236 0.9095, -1.2123 -1.3236 0.9803, -1.2236 -1.336 1.049, -1.0435 -1.4807 0.8407, -1.0338 -1.4669 0.9095, -1.0338 -1.4669 0.9803, -1.0435 -1.4807 1.049, -0.8386 -1.5864 0.9095, -0.8386 -1.5864 0.9803, -0.8465 -1.6013 1.049, -0.6297 -1.68 0.9803, -0.6356 -1.6958 1.049, -0.4319 -1.8374 1.165, 0.0922 -1.8874 1.165, 0.0463 -1.8868 1.165, 0.0451 -1.8424 1.1118, -0.1866 -1.8009 1.049, -0.4107 -1.7463 0.9803, -0.6297 -1.68 0.9095, -0.8465 -1.6013 0.8407, -0.1432 -1.8845 1.165, -0.1944 -1.8774 1.165, -0.3765 -1.8523 1.165, 0.0442 -1.8097 1.049, -0.1849 -1.7841 0.9803, -0.4107 -1.7463 0.9095, -0.6356 -1.6958 0.8407, 0.2743 -1.7891 1.049, 0.0438 -1.7929 0.9803, -0.1849 -1.7841 0.9095, -0.4145 -1.7627 0.8407, 0.4999 -1.7393 1.049, 0.2718 -1.7724 0.9803, 0.0438 -1.7929 0.9095, -0.1866 -1.8009 0.8407, 0.7174 -1.6612 1.049, 0.4953 -1.7231 0.9803, 0.2718 -1.7724 0.9095, 0.0442 -1.8097 0.8407, 0.9231 -1.5561 1.049, 0.7107 -1.6458 0.9803, 0.4953 -1.7231 0.9095, 0.2743 -1.7891 0.8407, 1.1137 -1.4256 1.049, 0.9145 -1.5416 0.9803, 0.7107 -1.6458 0.9095, 0.4999 -1.7393 0.8407, 1.2862 -1.2719 1.049, 1.1034 -1.4123 0.9803, 0.9145 -1.5416 0.9095, 0.7174 -1.6612 0.8407, 1.6346 -0.9449 1.165, 1.5032 -1.2629 1.341, 1.4072 -1.3745 1.341, 1.4034 -1.3708 1.2917, 0.9811 -1.7026 1.341, 0.8076 -1.7943 1.341, 0.8055 -1.7896 1.2917, 1.563 1.1854 1.2917, 1.5507 1.1762 1.2446, 1.3924 1.3601 1.2446, 1.5309 -1.1611 1.2017, 1.3746 -1.3427 1.2017, 1.197 -1.5035 1.2017, 1.0007 -1.6409 1.2017, 1.5309 1.1611 1.2017, 1.3746 1.3427 1.2017, 1.197 1.5035 1.2017, 1.0007 1.6409 1.2017, 0.7889 1.7529 1.2017, 0.5648 1.8376 1.2017, 0.3319 1.8938 1.2017, 0.0938 1.9207 1.2017, -0.1457 1.9177 1.2017, -0.3831 1.8849 1.2017, -0.6145 1.8229 1.2017, -0.8364 1.7326 1.2017, -1.0454 1.6154 1.2017, -1.2381 1.4731 1.2017, -1.4117 1.308 1.2017, -1.5634 1.1226 1.2017, -1.6909 0.9197 1.2017, -1.7921 0.7026 1.2017, -1.8656 0.4745 1.2017, -1.9101 0.2391 1.2017, -1.9251 0.0 1.2017, -1.9101 -0.2391 1.2017, -1.8656 -0.4745 1.2017, -1.7921 -0.7026 1.2017, -1.6909 -0.9197 1.2017, -1.5634 -1.1226 1.2017, -1.4117 -1.308 1.2017, -1.2381 -1.4731 1.2017, -1.0454 -1.6154 1.2017, -0.8364 -1.7326 1.2017, -0.6145 -1.8229 1.2017, -0.3831 -1.8849 1.2017, -0.1457 -1.9177 1.2017, 0.0938 -1.9207 1.2017, 0.3319 -1.8938 1.2017, 0.5648 -1.8376 1.2017, 0.7889 -1.7529 1.2017, 1.2125 1.5229 1.2446, 1.0137 1.6621 1.2446, 0.7991 1.7755 1.2446, 0.5721 1.8614 1.2446, 0.3362 1.9183 1.2446, 0.0951 1.9455 1.2446, -0.1476 1.9425 1.2446, -0.388 1.9093 1.2446, -0.6224 1.8465 1.2446, -0.8472 1.755 1.2446, -1.0589 1.6363 1.2446, -1.2541 1.4922 1.2446, -1.4299 1.3249 1.2446, -1.5836 1.1371 1.2446, -1.7127 0.9316 1.2446, -1.8153 0.7117 1.2446, -1.8897 0.4807 1.2446, -1.9348 0.2422 1.2446, -1.9499 0.0 1.2446, -1.9348 -0.2422 1.2446, -1.8897 -0.4807 1.2446, -1.8153 -0.7117 1.2446, -1.7127 -0.9316 1.2446, -1.5836 -1.1371 1.2446, -1.4299 -1.3249 1.2446, -1.2541 -1.4922 1.2446, -1.0589 -1.6363 1.2446, -0.8472 -1.755 1.2446, -0.6224 -1.8465 1.2446, -0.388 -1.9093 1.2446, -0.1476 -1.9425 1.2446, 0.0951 -1.9455 1.2446, 0.3362 -1.9183 1.2446, 0.5721 -1.8614 1.2446, 0.7991 -1.7755 1.2446, 1.4034 1.3708 1.2917, 1.2221 1.535 1.2917, 1.0217 1.6753 1.2917, 0.8055 1.7896 1.2917, 0.5767 1.8761 1.2917, 0.3389 1.9335 1.2917, 0.0958 1.9609 1.2917, -0.1487 1.9578 1.2917, -0.391 1.9244 1.2917, -0.6273 1.8611 1.2917, -0.8539 1.7689 1.2917, -1.0672 1.6492 1.2917, -1.264 1.504 1.2917, -1.4412 1.3354 1.2917, -1.5961 1.1461 1.2917, -1.7262 0.939 1.2917, -1.8296 0.7173 1.2917, -1.9046 0.4845 1.2917, -1.9501 0.2441 1.2917, -1.9653 0.0 1.2917, -1.9501 -0.2441 1.2917, -1.9046 -0.4845 1.2917, -1.8296 -0.7173 1.2917, -1.7262 -0.939 1.2917, -1.5961 -1.1461 1.2917, -1.4412 -1.3354 1.2917, -1.264 -1.504 1.2917, -1.0672 -1.6492 1.2917, -0.8539 -1.7689 1.2917, -0.6273 -1.8611 1.2917, -0.391 -1.9244 1.2917, -0.1487 -1.9578 1.2917, 0.0958 -1.9609 1.2917, 0.3389 -1.9335 1.2917, 0.5767 -1.8761 1.2917, 1.2125 -1.5229 1.2446, 1.3924 -1.3601 1.2446, 1.2221 -1.535 1.2917, 1.6634 0.9615 1.2017, 1.6849 0.974 1.2446, 1.6983 0.9817 1.2917, 1.7028 0.9843 1.341, 1.5671 1.1886 1.341, 0.9811 1.7026 1.341, 1.0244 1.6797 1.341, 1.2253 1.539 1.341, 1.2617 1.5061 1.341, 1.4072 1.3745 1.341, 1.5032 1.2629 1.341, 0.8076 1.7943 1.341, 0.67 1.8464 1.341, 0.5782 1.881 1.341, 0.3398 1.9386 1.341, 0.0961 1.9661 1.341, -0.6744 1.8475 1.341, -0.629 1.866 1.341, -0.3921 1.9295 1.341, -0.3435 1.9362 1.341, -0.1491 1.963 1.341, -0.002 1.9648 1.341, -0.8561 1.7736 1.341, -0.9845 1.7016 1.341, -1.07 1.6536 1.341, -1.2673 1.508 1.341, -1.445 1.3389 1.341, -1.8495 0.6725 1.341, -1.8344 0.7192 1.341, -1.7308 0.9414 1.341, -1.7047 0.983 1.341, -1.6003 1.1491 1.341, -1.5071 1.263 1.341, -1.9097 0.4857 1.341, -1.937 0.3411 1.341, -1.9552 0.2448 1.341, -1.9705 0.0 1.341, -1.9552 -0.2448 1.341, -1.7047 -0.983 1.341, -1.7308 -0.9414 1.341, -1.8344 -0.7192 1.341, -1.8495 -0.6725 1.341, -1.9097 -0.4857 1.341, -1.937 -0.3411 1.341, -1.6003 -1.1491 1.341, -1.5071 -1.263 1.341, -1.445 -1.3389 1.341, -1.2673 -1.508 1.341, -1.07 -1.6536 1.341, -0.3435 -1.9362 1.341, -0.3921 -1.9295 1.341, -0.629 -1.866 1.341, -0.6744 -1.8475 1.341, -0.8561 -1.7736 1.341, -0.9845 -1.7016 1.341, -0.1491 -1.963 1.341, -0.002 -1.9648 1.341, 0.0961 -1.9661 1.341, 0.3398 -1.9386 1.341, 0.5782 -1.881 1.341, 0.67 -1.8464 1.341, 1.0244 -1.6797 1.341, 1.0217 -1.6753 1.2917, 1.0137 -1.6621 1.2446, 1.2253 -1.539 1.341, 1.2617 -1.5061 1.341, 1.5671 -1.1886 1.341, 1.563 -1.1854 1.2917, 1.5507 -1.1762 1.2446, 1.6634 -0.9615 1.2017, 1.6849 -0.974 1.2446, 1.6983 -0.9817 1.2917, 1.7028 -0.9843 1.341, 1.7028 0.9843 9.5669, 1.5671 1.1886 9.5669, 1.5032 1.2629 9.5669, 1.4072 1.3745 9.5669, 1.2617 1.5061 9.5669, 1.2253 1.539 9.5669, 1.0244 1.6797 9.5669, 0.9811 1.7026 9.5669, 0.8076 1.7943 9.5669, 0.67 1.8464 9.5669, 0.5782 1.881 9.5669, 0.3398 1.9386 9.5669, 0.0961 1.9661 9.5669, -0.002 1.9648 9.5669, -0.1491 1.963 9.5669, -0.3435 1.9362 9.5669, -0.3921 1.9295 9.5669, -0.629 1.866 9.5669, -0.6744 1.8475 9.5669, -0.8561 1.7736 9.5669, -0.9845 1.7016 9.5669, -1.07 1.6536 9.5669, -1.2673 1.508 9.5669, -1.445 1.3389 9.5669, -1.5071 1.263 9.5669, -1.6003 1.1491 9.5669, -1.7047 0.983 9.5669, -1.7308 0.9414 9.5669, -1.8344 0.7192 9.5669, -1.8495 0.6725 9.5669, -1.9097 0.4857 9.5669, -1.937 0.3411 9.5669, -1.9552 0.2448 9.5669, -1.9705 -0.0 9.5669, -1.9552 -0.2448 9.5669, -1.937 -0.3411 9.5669, -1.9097 -0.4857 9.5669, -1.8495 -0.6725 9.5669, -1.8344 -0.7192 9.5669, -1.7308 -0.9414 9.5669, -1.7047 -0.983 9.5669, -1.6003 -1.1491 9.5669, -1.5071 -1.263 9.5669, -1.445 -1.3389 9.5669, -1.2673 -1.508 9.5669, -1.07 -1.6536 9.5669, -0.9845 -1.7016 9.5669, -0.8561 -1.7736 9.5669, -0.6744 -1.8475 9.5669, -0.629 -1.866 9.5669, -0.3921 -1.9295 9.5669, -0.3435 -1.9362 9.5669, -0.1491 -1.963 9.5669, -0.002 -1.9648 9.5669, 0.0961 -1.9661 9.5669, 0.3398 -1.9386 9.5669, 0.5782 -1.881 9.5669, 0.67 -1.8464 9.5669, 0.8076 -1.7943 9.5669, 0.9811 -1.7026 9.5669, 1.0244 -1.6797 9.5669, 1.2253 -1.539 9.5669, 1.2617 -1.5061 9.5669, 1.4072 -1.3745 9.5669, 1.5032 -1.2629 9.5669, 1.5671 -1.1886 9.5669, 1.7028 -0.9843 9.5669, 1.4982 0.8661 9.8032, 1.5511 0.8967 9.7951, 1.4276 1.0829 9.7951, 1.6005 0.9252 9.7715, 1.473 1.1173 9.7715, 1.6428 0.9497 9.734, 1.512 1.1468 9.734, 1.6753 0.9684 9.685, 1.5419 1.1695 9.685, 1.6958 0.9802 9.6281, 1.5607 1.1837 9.6281, 1.2203 1.5327 9.6281, 1.4014 1.3689 9.6281, 1.0202 1.6728 9.6281, 0.8043 1.787 9.6281, 0.5758 1.8734 9.6281, 0.3384 1.9307 9.6281, 0.0957 1.958 9.6281, -0.1485 1.955 9.6281, -0.3905 1.9216 9.6281, -0.6264 1.8584 9.6281, -0.8526 1.7663 9.6281, -1.0657 1.6468 9.6281, -1.2622 1.5018 9.6281, -1.4391 1.3334 9.6281, -1.5938 1.1444 9.6281, -1.7237 0.9376 9.6281, -1.827 0.7162 9.6281, -1.9019 0.4838 9.6281, -1.9473 0.2438 9.6281, -1.9625 -0.0 9.6281, -1.9473 -0.2438 9.6281, -1.9019 -0.4838 9.6281, -1.827 -0.7162 9.6281, -1.7237 -0.9376 9.6281, -1.5938 -1.1444 9.6281, -1.4391 -1.3334 9.6281, -1.2622 -1.5018 9.6281, -1.0657 -1.6468 9.6281, -0.8526 -1.7663 9.6281, -0.6264 -1.8584 9.6281, -0.3905 -1.9216 9.6281, -0.1485 -1.955 9.6281, 0.0957 -1.958 9.6281, 0.3384 -1.9307 9.6281, 0.5758 -1.8734 9.6281, 0.8043 -1.787 9.6281, 1.0202 -1.6728 9.6281, 1.2203 -1.5327 9.6281, 1.4014 -1.3689 9.6281, 1.5607 -1.1837 9.6281, 1.6958 -0.9802 9.6281, 1.3845 1.3524 9.685, 1.2056 1.5143 9.685, 1.0079 1.6527 9.685, 0.7946 1.7655 9.685, 0.5689 1.8508 9.685, 0.3343 1.9074 9.685, 0.0945 1.9344 9.685, -0.1468 1.9314 9.685, -0.3858 1.8985 9.685, -0.6189 1.836 9.685, -0.8424 1.745 9.685, -1.0529 1.627 9.685, -1.247 1.4837 9.685, -1.4218 1.3174 9.685, -1.5746 1.1306 9.685, -1.703 0.9263 9.685, -1.805 0.7076 9.685, -1.879 0.4779 9.685, -1.9238 0.2408 9.685, -1.9389 -0.0 9.685, -1.9238 -0.2408 9.685, -1.879 -0.4779 9.685, -1.805 -0.7076 9.685, -1.703 -0.9263 9.685, -1.5746 -1.1306 9.685, -1.4218 -1.3174 9.685, -1.247 -1.4837 9.685, -1.0529 -1.627 9.685, -0.8424 -1.745 9.685, -0.6189 -1.836 9.685, -0.3858 -1.8985 9.685, -0.1468 -1.9314 9.685, 0.0945 -1.9344 9.685, 0.3343 -1.9074 9.685, 0.5689 -1.8508 9.685, 0.7946 -1.7655 9.685, 1.0079 -1.6527 9.685, 1.2056 -1.5143 9.685, 1.3845 -1.3524 9.685, 1.5419 -1.1695 9.685, 1.6753 -0.9684 9.685, 1.3576 1.3262 9.734, 1.1822 1.4849 9.734, 0.9884 1.6207 9.734, 0.7791 1.7312 9.734, 0.5578 1.8149 9.734, 0.3278 1.8705 9.734, 0.0927 1.897 9.734, -0.144 1.894 9.734, -0.3784 1.8617 9.734, -0.6069 1.8004 9.734, -0.8261 1.7112 9.734, -1.0325 1.5955 9.734, -1.2229 1.455 9.734, -1.3943 1.2919 9.734, -1.5441 1.1087 9.734, -1.67 0.9084 9.734, -1.77 0.6939 9.734, -1.8426 0.4687 9.734, -1.8866 0.2362 9.734, -1.9013 -0.0 9.734, -1.8866 -0.2362 9.734, -1.8426 -0.4687 9.734, -1.77 -0.6939 9.734, -1.67 -0.9084 9.734, -1.5441 -1.1087 9.734, -1.3943 -1.2919 9.734, -1.2229 -1.455 9.734, -1.0325 -1.5955 9.734, -0.8261 -1.7112 9.734, -0.6069 -1.8004 9.734, -0.3784 -1.8617 9.734, -0.144 -1.894 9.734, 0.0927 -1.897 9.734, 0.3278 -1.8705 9.734, 0.5578 -1.8149 9.734, 0.7791 -1.7312 9.734, 0.9884 -1.6207 9.734, 1.1822 -1.4849 9.734, 1.3576 -1.3262 9.734, 1.512 -1.1468 9.734, 1.6428 -0.9497 9.734, 1.3226 1.292 9.7715, 1.1517 1.4467 9.7715, 0.9628 1.5789 9.7715, 0.759 1.6866 9.7715, 0.5434 1.7682 9.7715, 0.3193 1.8223 9.7715, 0.0902 1.8481 9.7715, -0.1403 1.8452 9.7715, -0.3687 1.8137 9.7715, -0.5913 1.754 9.7715, -0.8049 1.6671 9.7715, -1.0059 1.5544 9.7715, -1.1914 1.4175 9.7715, -1.3585 1.2586 9.7715, -1.5044 1.0802 9.7715, -1.6271 0.885 9.7715, -1.7245 0.676 9.7715, -1.7952 0.4566 9.7715, -1.8381 0.2301 9.7715, -1.8524 -0.0 9.7715, -1.8381 -0.2301 9.7715, -1.7952 -0.4566 9.7715, -1.7245 -0.676 9.7715, -1.6271 -0.885 9.7715, -1.5044 -1.0802 9.7715, -1.3585 -1.2586 9.7715, -1.1914 -1.4175 9.7715, -1.0059 -1.5544 9.7715, -0.8049 -1.6671 9.7715, -0.5913 -1.754 9.7715, -0.3687 -1.8137 9.7715, -0.1403 -1.8452 9.7715, 0.0902 -1.8481 9.7715, 0.3193 -1.8223 9.7715, 0.5434 -1.7682 9.7715, 0.759 -1.6866 9.7715, 0.9628 -1.5789 9.7715, 1.1517 -1.4467 9.7715, 1.3226 -1.292 9.7715, 1.473 -1.1173 9.7715, 1.6005 -0.9252 9.7715, 1.2818 1.2522 9.7951, 1.1162 1.4022 9.7951, 0.9331 1.5303 9.7951, 0.7356 1.6347 9.7951, 0.5266 1.7137 9.7951, 0.3094 1.7662 9.7951, 0.0874 1.7912 9.7951, -0.136 1.7884 9.7951, -0.3574 1.7579 9.7951, -0.5732 1.7 9.7951, -0.7802 1.6158 9.7951, -0.975 1.5065 9.7951, -1.1548 1.3738 9.7951, -1.3167 1.2198 9.7951, -1.4582 1.0469 9.7951, -1.577 0.8577 9.7951, -1.6715 0.6552 9.7951, -1.74 0.4425 9.7951, -1.7815 0.223 9.7951, -1.7954 -0.0 9.7951, -1.7815 -0.223 9.7951, -1.74 -0.4425 9.7951, -1.6715 -0.6552 9.7951, -1.577 -0.8577 9.7951, -1.4582 -1.0469 9.7951, -1.3167 -1.2198 9.7951, -1.1548 -1.3738 9.7951, -0.975 -1.5065 9.7951, -0.7802 -1.6158 9.7951, -0.5732 -1.7 9.7951, -0.3574 -1.7579 9.7951, -0.136 -1.7884 9.7951, 0.0874 -1.7912 9.7951, 0.3094 -1.7662 9.7951, 0.5266 -1.7137 9.7951, 0.7356 -1.6347 9.7951, 0.9331 -1.5303 9.7951, 1.1162 -1.4022 9.7951, 1.2818 -1.2522 9.7951, 1.4276 -1.0829 9.7951, 1.5511 -0.8967 9.7951, 1.3788 1.046 9.8032, 1.2381 1.2095 9.8032, 1.078 1.3544 9.8032, 0.9013 1.4781 9.8032, 0.7104 1.579 9.8032, 0.5086 1.6553 9.8032, 0.2988 1.706 9.8032, 0.0843 1.7301 9.8032, -0.1315 1.7274 9.8032, -0.3453 1.6979 9.8032, -0.5537 1.6421 9.8032, -0.7536 1.5607 9.8032, -0.9419 1.4552 9.8032, -1.1155 1.327 9.8032, -1.2719 1.1783 9.8032, -1.4085 1.0112 9.8032, -1.5233 0.8285 9.8032, -1.6146 0.6329 9.8032, -1.6807 0.4275 9.8032, -1.7209 0.2154 9.8032, -1.7343 -0.0 9.8032, -1.7209 -0.2154 9.8032, -1.6807 -0.4275 9.8032, -1.6146 -0.6329 9.8032, -1.5233 -0.8285 9.8032, -1.4085 -1.0112 9.8032, -1.2719 -1.1783 9.8032, -1.1155 -1.327 9.8032, -0.9419 -1.4552 9.8032, -0.7536 -1.5607 9.8032, -0.5537 -1.6421 9.8032, -0.3453 -1.6979 9.8032, -0.1315 -1.7274 9.8032, 0.0843 -1.7301 9.8032, 0.2988 -1.706 9.8032, 0.5086 -1.6553 9.8032, 0.7104 -1.579 9.8032, 0.9013 -1.4781 9.8032, 1.078 -1.3544 9.8032, 1.2381 -1.2095 9.8032, 1.3788 -1.046 9.8032, 1.4982 -0.8661 9.8032, 0.1231 -1.6093 9.8032, -0.1894 -1.6033 9.8032, 1.3959 -0.8071 9.8032, 1.2142 -1.0614 9.8032, -1.6086 0.1563 9.8032, -1.6086 -0.1563 9.8032, -1.5484 -0.463 9.8032, -1.5484 0.463 9.8032, -1.2584 1.0134 9.8032, -1.4302 0.7523 9.8032, 0.7224 -1.4425 9.8032, 0.9868 -1.2758 9.8032, 0.4309 -1.555 9.8032, -0.7818 -1.4133 9.8032, -0.4949 -1.5371 9.8032, -1.2584 -1.0134 9.8032, -1.0396 -1.2365 9.8032, -1.4302 -0.7523 9.8032, -0.7818 1.4133 9.8032, -1.0396 1.2365 9.8032, 1.2142 1.0614 9.8032, 1.3959 0.8071 9.8032, -0.1894 1.6033 9.8032, -0.4949 1.5371 9.8032, 0.9868 1.2758 9.8032, 0.7224 1.4425 9.8032, 0.1231 1.6093 9.8032, 0.4309 1.555 9.8032
            ]
        }
        coordIndex [
            0,1,2,-1,2,1,3,-1,2,3,4,-1,4,3,5,-1,4,5,6,-1,6,5,7,-1,6,7,8,-1,8,7,9,-1,10,11,9,-1,9,11,12,-1,9,12,8,-1,13,14,10,-1,10,14,15,-1,10,15,11,-1,16,17,13,-1,13,17,18,-1,13,18,14,-1,19,20,21,-1,21,20,22,-1,21,22,23,-1,23,22,24,-1,23,24,25,-1,25,24,26,-1,25,26,16,-1,16,26,27,-1,16,27,17,-1,28,29,19,-1,19,29,30,-1,19,30,20,-1,31,32,33,-1,33,32,34,-1,33,34,28,-1,28,34,35,-1,28,35,29,-1,31,33,36,-1,36,33,37,-1,36,37,38,-1,39,40,41,-1,39,41,37,-1,37,41,42,-1,37,42,38,-1,40,39,43,-1,43,39,44,-1,43,44,45,-1,45,44,46,-1,45,46,47,-1,47,46,48,-1,48,46,49,-1,48,49,50,-1,50,49,51,-1,50,51,52,-1,52,51,53,-1,52,53,54,-1,54,53,55,-1,55,53,56,-1,55,56,57,-1,57,56,58,-1,57,58,59,-1,59,58,60,-1,60,58,61,-1,60,61,62,-1,63,64,65,-1,65,64,66,-1,65,66,67,-1,67,66,68,-1,67,68,69,-1,69,68,70,-1,69,70,61,-1,61,70,71,-1,61,71,62,-1,58,56,72,-1,3,1,73,-1,39,37,74,-1,73,75,3,-1,3,75,76,-1,3,76,5,-1,5,76,77,-1,5,77,7,-1,72,78,58,-1,58,78,79,-1,58,79,61,-1,61,79,80,-1,61,80,69,-1,51,81,53,-1,53,81,82,-1,53,82,56,-1,56,82,83,-1,56,83,72,-1,84,63,85,-1,85,63,65,-1,80,86,69,-1,69,86,87,-1,69,87,67,-1,67,87,88,-1,67,88,65,-1,65,88,89,-1,65,89,85,-1,25,90,23,-1,23,90,91,-1,23,91,21,-1,13,92,16,-1,16,92,93,-1,16,93,25,-1,25,93,94,-1,25,94,90,-1,10,95,13,-1,13,95,96,-1,13,96,92,-1,46,97,49,-1,49,97,98,-1,49,98,51,-1,51,98,99,-1,51,99,81,-1,74,100,39,-1,39,100,101,-1,39,101,44,-1,44,101,102,-1,44,102,46,-1,46,102,103,-1,46,103,97,-1,28,104,33,-1,33,104,105,-1,33,105,37,-1,37,105,106,-1,37,106,74,-1,91,107,21,-1,21,107,108,-1,21,108,19,-1,19,108,109,-1,19,109,28,-1,28,109,110,-1,28,110,104,-1,77,111,7,-1,7,111,112,-1,7,112,9,-1,9,112,113,-1,9,113,10,-1,10,113,114,-1,10,114,95,-1,115,116,117,-1,118,119,120,-1,121,122,123,-1,124,125,126,-1,127,128,129,-1,130,131,132,-1,133,134,135,-1,136,137,138,-1,139,140,141,-1,142,143,144,-1,145,146,147,-1,148,149,150,-1,85,89,151,-1,151,89,152,-1,151,152,153,-1,153,152,154,-1,153,154,155,-1,155,154,156,-1,155,156,157,-1,157,156,158,-1,157,158,159,-1,159,158,150,-1,87,86,160,-1,160,86,161,-1,160,161,162,-1,162,161,163,-1,162,163,164,-1,164,163,165,-1,164,165,166,-1,166,165,167,-1,166,167,168,-1,168,167,147,-1,78,72,169,-1,169,72,170,-1,169,170,171,-1,171,170,172,-1,171,172,173,-1,173,172,174,-1,173,174,175,-1,175,174,176,-1,175,176,177,-1,177,176,144,-1,82,81,178,-1,178,81,179,-1,178,179,180,-1,180,179,181,-1,180,181,182,-1,182,181,183,-1,182,183,184,-1,184,183,185,-1,184,185,186,-1,186,185,141,-1,97,103,187,-1,187,103,188,-1,187,188,189,-1,189,188,190,-1,189,190,191,-1,191,190,192,-1,191,192,193,-1,193,192,194,-1,193,194,195,-1,195,194,138,-1,101,100,196,-1,196,100,197,-1,196,197,198,-1,198,197,199,-1,198,199,200,-1,200,199,201,-1,200,201,202,-1,202,201,203,-1,202,203,204,-1,204,203,135,-1,105,104,205,-1,205,104,206,-1,205,206,207,-1,207,206,208,-1,207,208,209,-1,209,208,210,-1,209,210,211,-1,211,210,212,-1,211,212,213,-1,213,212,132,-1,109,108,214,-1,214,108,215,-1,214,215,216,-1,216,215,217,-1,216,217,218,-1,218,217,219,-1,218,219,220,-1,220,219,221,-1,220,221,222,-1,222,221,129,-1,90,94,223,-1,223,94,224,-1,223,224,225,-1,225,224,226,-1,225,226,227,-1,227,226,228,-1,227,228,229,-1,229,228,230,-1,229,230,231,-1,231,230,126,-1,92,96,232,-1,232,96,233,-1,232,233,234,-1,234,233,235,-1,234,235,236,-1,236,235,237,-1,236,237,238,-1,238,237,239,-1,238,239,240,-1,240,239,123,-1,113,112,241,-1,241,112,242,-1,241,242,243,-1,243,242,244,-1,243,244,245,-1,245,244,246,-1,245,246,247,-1,247,246,248,-1,247,248,249,-1,249,248,120,-1,77,76,250,-1,250,76,251,-1,250,251,252,-1,252,251,253,-1,252,253,254,-1,254,253,255,-1,254,255,256,-1,256,255,257,-1,256,257,258,-1,258,257,117,-1,84,85,259,-1,259,85,151,-1,259,151,260,-1,260,151,153,-1,260,153,261,-1,261,153,155,-1,261,155,262,-1,262,155,157,-1,262,157,263,-1,263,157,159,-1,263,159,264,-1,264,159,265,-1,150,149,159,-1,159,149,266,-1,159,266,265,-1,267,148,268,-1,268,148,150,-1,268,150,269,-1,269,150,158,-1,269,158,270,-1,270,158,156,-1,270,156,271,-1,271,156,154,-1,271,154,272,-1,272,154,152,-1,272,152,88,-1,88,152,89,-1,88,87,272,-1,272,87,160,-1,272,160,271,-1,271,160,162,-1,271,162,270,-1,270,162,164,-1,270,164,269,-1,269,164,166,-1,269,166,268,-1,268,166,168,-1,268,168,267,-1,267,168,273,-1,147,146,168,-1,168,146,274,-1,168,274,273,-1,275,145,276,-1,276,145,147,-1,276,147,277,-1,277,147,167,-1,277,167,278,-1,278,167,165,-1,278,165,279,-1,279,165,163,-1,279,163,280,-1,280,163,161,-1,280,161,80,-1,80,161,86,-1,80,79,280,-1,280,79,281,-1,280,281,279,-1,279,281,282,-1,279,282,278,-1,278,282,283,-1,278,283,277,-1,277,283,284,-1,277,284,276,-1,276,284,285,-1,276,285,275,-1,275,285,286,-1,79,78,281,-1,281,78,169,-1,281,169,282,-1,282,169,171,-1,282,171,283,-1,283,171,173,-1,283,173,284,-1,284,173,175,-1,284,175,285,-1,285,175,177,-1,285,177,286,-1,286,177,287,-1,144,143,177,-1,177,143,288,-1,177,288,287,-1,289,142,290,-1,290,142,144,-1,290,144,291,-1,291,144,176,-1,291,176,292,-1,292,176,174,-1,292,174,293,-1,293,174,172,-1,293,172,294,-1,294,172,170,-1,294,170,83,-1,83,170,72,-1,83,82,294,-1,294,82,178,-1,294,178,293,-1,293,178,180,-1,293,180,292,-1,292,180,182,-1,292,182,291,-1,291,182,184,-1,291,184,290,-1,290,184,186,-1,290,186,289,-1,289,186,295,-1,141,140,186,-1,186,140,296,-1,186,296,295,-1,297,139,298,-1,298,139,141,-1,298,141,299,-1,299,141,185,-1,299,185,300,-1,300,185,183,-1,300,183,301,-1,301,183,181,-1,301,181,302,-1,302,181,179,-1,302,179,99,-1,99,179,81,-1,99,98,302,-1,302,98,303,-1,302,303,301,-1,301,303,304,-1,301,304,300,-1,300,304,305,-1,300,305,299,-1,299,305,306,-1,299,306,298,-1,298,306,307,-1,298,307,297,-1,297,307,308,-1,98,97,303,-1,303,97,187,-1,303,187,304,-1,304,187,189,-1,304,189,305,-1,305,189,191,-1,305,191,306,-1,306,191,193,-1,306,193,307,-1,307,193,195,-1,307,195,308,-1,308,195,309,-1,138,137,195,-1,195,137,310,-1,195,310,309,-1,311,136,312,-1,312,136,138,-1,312,138,313,-1,313,138,194,-1,313,194,314,-1,314,194,192,-1,314,192,315,-1,315,192,190,-1,315,190,316,-1,316,190,188,-1,316,188,102,-1,102,188,103,-1,102,101,316,-1,316,101,196,-1,316,196,315,-1,315,196,198,-1,315,198,314,-1,314,198,200,-1,314,200,313,-1,313,200,202,-1,313,202,312,-1,312,202,204,-1,312,204,311,-1,311,204,317,-1,135,134,204,-1,204,134,318,-1,204,318,317,-1,319,133,320,-1,320,133,135,-1,320,135,321,-1,321,135,203,-1,321,203,322,-1,322,203,201,-1,322,201,323,-1,323,201,199,-1,323,199,324,-1,324,199,197,-1,324,197,74,-1,74,197,100,-1,74,106,324,-1,324,106,325,-1,324,325,323,-1,323,325,326,-1,323,326,322,-1,322,326,327,-1,322,327,321,-1,321,327,328,-1,321,328,320,-1,320,328,329,-1,320,329,319,-1,319,329,330,-1,106,105,325,-1,325,105,205,-1,325,205,326,-1,326,205,207,-1,326,207,327,-1,327,207,209,-1,327,209,328,-1,328,209,211,-1,328,211,329,-1,329,211,213,-1,329,213,330,-1,330,213,331,-1,132,131,213,-1,213,131,332,-1,213,332,331,-1,333,130,334,-1,334,130,132,-1,334,132,335,-1,335,132,212,-1,335,212,336,-1,336,212,210,-1,336,210,337,-1,337,210,208,-1,337,208,338,-1,338,208,206,-1,338,206,110,-1,110,206,104,-1,110,109,338,-1,338,109,214,-1,338,214,337,-1,337,214,216,-1,337,216,336,-1,336,216,218,-1,336,218,335,-1,335,218,220,-1,335,220,334,-1,334,220,222,-1,334,222,333,-1,333,222,339,-1,129,128,222,-1,222,128,340,-1,222,340,339,-1,341,127,342,-1,342,127,129,-1,342,129,343,-1,343,129,221,-1,343,221,344,-1,344,221,219,-1,344,219,345,-1,345,219,217,-1,345,217,346,-1,346,217,215,-1,346,215,107,-1,107,215,108,-1,107,91,346,-1,346,91,347,-1,346,347,345,-1,345,347,348,-1,345,348,344,-1,344,348,349,-1,344,349,343,-1,343,349,350,-1,343,350,342,-1,342,350,351,-1,342,351,341,-1,341,351,352,-1,91,90,347,-1,347,90,223,-1,347,223,348,-1,348,223,225,-1,348,225,349,-1,349,225,227,-1,349,227,350,-1,350,227,229,-1,350,229,351,-1,351,229,231,-1,351,231,352,-1,352,231,353,-1,126,125,231,-1,231,125,354,-1,231,354,353,-1,355,124,356,-1,356,124,126,-1,356,126,357,-1,357,126,230,-1,357,230,358,-1,358,230,228,-1,358,228,359,-1,359,228,226,-1,359,226,360,-1,360,226,224,-1,360,224,93,-1,93,224,94,-1,93,92,360,-1,360,92,232,-1,360,232,359,-1,359,232,234,-1,359,234,358,-1,358,234,236,-1,358,236,357,-1,357,236,238,-1,357,238,356,-1,356,238,240,-1,356,240,355,-1,355,240,361,-1,123,122,240,-1,240,122,362,-1,240,362,361,-1,363,121,364,-1,364,121,123,-1,364,123,365,-1,365,123,239,-1,365,239,366,-1,366,239,237,-1,366,237,367,-1,367,237,235,-1,367,235,368,-1,368,235,233,-1,368,233,95,-1,95,233,96,-1,95,114,368,-1,368,114,369,-1,368,369,367,-1,367,369,370,-1,367,370,366,-1,366,370,371,-1,366,371,365,-1,365,371,372,-1,365,372,364,-1,364,372,373,-1,364,373,363,-1,363,373,374,-1,114,113,369,-1,369,113,241,-1,369,241,370,-1,370,241,243,-1,370,243,371,-1,371,243,245,-1,371,245,372,-1,372,245,247,-1,372,247,373,-1,373,247,249,-1,373,249,374,-1,374,249,375,-1,120,119,249,-1,249,119,376,-1,249,376,375,-1,377,118,378,-1,378,118,120,-1,378,120,379,-1,379,120,248,-1,379,248,380,-1,380,248,246,-1,380,246,381,-1,381,246,244,-1,381,244,382,-1,382,244,242,-1,382,242,111,-1,111,242,112,-1,111,77,382,-1,382,77,250,-1,382,250,381,-1,381,250,252,-1,381,252,380,-1,380,252,254,-1,380,254,379,-1,379,254,256,-1,379,256,378,-1,378,256,258,-1,378,258,377,-1,377,258,383,-1,117,116,258,-1,258,116,384,-1,258,384,383,-1,385,115,386,-1,386,115,117,-1,386,117,387,-1,387,117,257,-1,387,257,388,-1,388,257,255,-1,388,255,389,-1,389,255,253,-1,389,253,390,-1,390,253,251,-1,390,251,75,-1,75,251,76,-1,75,73,390,-1,390,73,391,-1,390,391,389,-1,389,391,392,-1,389,392,388,-1,388,392,393,-1,388,393,387,-1,387,393,394,-1,387,394,386,-1,386,394,395,-1,386,395,385,-1,385,395,396,-1,396,397,385,-1,385,397,398,-1,385,398,115,-1,115,398,399,-1,115,399,116,-1,116,399,400,-1,116,400,384,-1,384,400,401,-1,384,401,383,-1,383,401,402,-1,383,402,377,-1,377,402,403,-1,377,403,118,-1,118,403,404,-1,118,404,119,-1,119,404,405,-1,119,405,376,-1,376,405,406,-1,376,406,375,-1,375,406,407,-1,375,407,374,-1,374,407,408,-1,374,408,363,-1,363,408,409,-1,363,409,121,-1,121,409,410,-1,121,410,122,-1,122,410,411,-1,122,411,362,-1,362,411,412,-1,362,412,361,-1,361,412,413,-1,361,413,355,-1,355,413,414,-1,355,414,124,-1,124,414,415,-1,124,415,125,-1,125,415,416,-1,125,416,354,-1,354,416,417,-1,354,417,353,-1,353,417,418,-1,353,418,352,-1,352,418,419,-1,352,419,341,-1,341,419,420,-1,341,420,127,-1,127,420,421,-1,127,421,128,-1,128,421,422,-1,128,422,340,-1,340,422,423,-1,340,423,339,-1,339,423,424,-1,339,424,333,-1,333,424,425,-1,333,425,130,-1,130,425,426,-1,130,426,131,-1,131,426,427,-1,131,427,332,-1,332,427,428,-1,332,428,331,-1,331,428,429,-1,331,429,330,-1,330,429,430,-1,330,430,319,-1,319,430,431,-1,319,431,133,-1,133,431,432,-1,133,432,134,-1,134,432,433,-1,134,433,318,-1,318,433,434,-1,318,434,317,-1,317,434,435,-1,317,435,311,-1,311,435,436,-1,311,436,136,-1,136,436,437,-1,136,437,137,-1,137,437,438,-1,137,438,310,-1,310,438,439,-1,310,439,309,-1,309,439,440,-1,309,440,308,-1,308,440,441,-1,308,441,297,-1,297,441,442,-1,297,442,139,-1,139,442,443,-1,139,443,140,-1,140,443,444,-1,140,444,296,-1,296,444,445,-1,296,445,295,-1,295,445,446,-1,295,446,289,-1,289,446,447,-1,289,447,142,-1,142,447,448,-1,142,448,143,-1,143,448,449,-1,143,449,288,-1,288,449,450,-1,288,450,287,-1,287,450,451,-1,287,451,286,-1,286,451,452,-1,286,452,275,-1,275,452,453,-1,275,453,145,-1,145,453,454,-1,145,454,146,-1,146,454,455,-1,146,455,274,-1,274,455,456,-1,274,456,273,-1,273,456,457,-1,273,457,267,-1,267,457,458,-1,267,458,148,-1,148,458,459,-1,148,459,149,-1,149,459,460,-1,149,460,266,-1,266,460,461,-1,266,461,265,-1,265,461,462,-1,265,462,264,-1,264,462,463,-1,464,465,466,-1,467,468,469,-1,470,471,472,-1,473,474,475,-1,476,477,478,-1,479,480,481,-1,482,483,484,-1,485,486,487,-1,488,489,490,-1,491,492,493,-1,494,495,496,-1,497,498,499,-1,500,501,502,-1,503,504,505,-1,506,507,508,-1,509,510,511,-1,512,513,514,-1,515,516,517,-1,518,519,520,-1,521,522,523,-1,524,525,526,-1,527,528,529,-1,530,531,532,-1,533,534,535,-1,536,537,538,-1,539,540,541,-1,542,543,544,-1,545,546,547,-1,548,549,550,-1,551,552,553,-1,554,555,556,-1,557,558,559,-1,560,561,562,-1,563,564,565,-1,566,567,568,-1,569,570,571,-1,572,573,574,-1,575,576,577,-1,399,398,578,-1,404,403,579,-1,410,409,580,-1,415,414,581,-1,421,420,582,-1,426,425,583,-1,432,431,584,-1,434,433,585,-1,439,438,586,-1,587,441,440,-1,445,444,588,-1,450,449,589,-1,590,452,451,-1,456,455,591,-1,577,458,457,-1,461,460,576,-1,576,460,577,-1,577,460,459,-1,577,459,458,-1,592,457,456,-1,455,454,593,-1,593,454,453,-1,593,453,452,-1,594,451,450,-1,449,448,595,-1,595,448,447,-1,595,447,446,-1,596,446,445,-1,444,443,597,-1,597,443,442,-1,597,442,441,-1,598,440,439,-1,438,437,599,-1,599,437,436,-1,599,436,435,-1,600,435,434,-1,432,584,433,-1,426,583,427,-1,421,582,422,-1,415,581,416,-1,410,580,411,-1,404,579,405,-1,399,578,400,-1,462,461,601,-1,601,461,576,-1,601,576,602,-1,602,576,575,-1,602,575,574,-1,603,604,605,-1,463,462,606,-1,606,462,601,-1,606,601,607,-1,607,601,602,-1,607,602,608,-1,608,602,574,-1,608,574,609,-1,609,574,573,-1,457,592,577,-1,577,592,610,-1,577,610,575,-1,575,610,571,-1,575,571,574,-1,574,571,570,-1,574,570,572,-1,456,591,592,-1,592,591,611,-1,592,611,610,-1,610,611,568,-1,610,568,571,-1,571,568,567,-1,571,567,569,-1,455,593,591,-1,591,593,612,-1,591,612,611,-1,611,612,565,-1,611,565,568,-1,568,565,564,-1,568,564,566,-1,452,590,593,-1,593,590,613,-1,593,613,612,-1,612,613,562,-1,612,562,565,-1,565,562,561,-1,565,561,563,-1,451,594,590,-1,590,594,614,-1,590,614,613,-1,613,614,559,-1,613,559,562,-1,562,559,558,-1,562,558,560,-1,450,589,594,-1,594,589,615,-1,594,615,614,-1,614,615,556,-1,614,556,559,-1,559,556,555,-1,559,555,557,-1,449,595,589,-1,589,595,616,-1,589,616,615,-1,615,616,553,-1,615,553,556,-1,556,553,552,-1,556,552,554,-1,446,596,595,-1,595,596,617,-1,595,617,616,-1,616,617,550,-1,616,550,553,-1,553,550,549,-1,553,549,551,-1,445,588,596,-1,596,588,618,-1,596,618,617,-1,617,618,547,-1,617,547,550,-1,550,547,546,-1,550,546,548,-1,444,597,588,-1,588,597,619,-1,588,619,618,-1,618,619,544,-1,618,544,547,-1,547,544,543,-1,547,543,545,-1,441,587,597,-1,597,587,620,-1,597,620,619,-1,619,620,541,-1,619,541,544,-1,544,541,540,-1,544,540,542,-1,440,598,587,-1,587,598,621,-1,587,621,620,-1,620,621,538,-1,620,538,541,-1,541,538,537,-1,541,537,539,-1,439,586,598,-1,598,586,622,-1,598,622,621,-1,621,622,535,-1,621,535,538,-1,538,535,534,-1,538,534,536,-1,438,599,586,-1,586,599,623,-1,586,623,622,-1,622,623,532,-1,622,532,535,-1,535,532,531,-1,535,531,533,-1,435,600,599,-1,599,600,624,-1,599,624,623,-1,623,624,529,-1,623,529,532,-1,532,529,528,-1,532,528,530,-1,434,585,600,-1,600,585,625,-1,600,625,624,-1,624,625,526,-1,624,526,529,-1,529,526,525,-1,529,525,527,-1,433,584,585,-1,585,584,626,-1,585,626,625,-1,625,626,523,-1,625,523,526,-1,526,523,522,-1,526,522,524,-1,584,603,626,-1,626,603,605,-1,626,605,523,-1,523,605,627,-1,523,627,521,-1,628,629,630,-1,630,629,604,-1,630,604,631,-1,631,604,603,-1,631,603,632,-1,632,603,584,-1,632,584,430,-1,430,584,431,-1,629,633,604,-1,604,633,634,-1,604,634,605,-1,605,634,635,-1,605,635,627,-1,519,628,520,-1,520,628,630,-1,520,630,636,-1,636,630,631,-1,636,631,637,-1,637,631,632,-1,637,632,429,-1,429,632,430,-1,516,518,517,-1,517,518,520,-1,517,520,638,-1,638,520,636,-1,638,636,639,-1,639,636,637,-1,639,637,428,-1,428,637,429,-1,513,515,514,-1,514,515,517,-1,514,517,640,-1,640,517,638,-1,640,638,583,-1,583,638,639,-1,583,639,427,-1,427,639,428,-1,510,512,511,-1,511,512,514,-1,511,514,641,-1,641,514,640,-1,641,640,642,-1,642,640,583,-1,642,583,424,-1,424,583,425,-1,507,509,508,-1,508,509,511,-1,508,511,643,-1,643,511,641,-1,643,641,644,-1,644,641,642,-1,644,642,423,-1,423,642,424,-1,504,506,505,-1,505,506,508,-1,505,508,645,-1,645,508,643,-1,645,643,582,-1,582,643,644,-1,582,644,422,-1,422,644,423,-1,501,503,502,-1,502,503,505,-1,502,505,646,-1,646,505,645,-1,646,645,647,-1,647,645,582,-1,647,582,419,-1,419,582,420,-1,498,500,499,-1,499,500,502,-1,499,502,648,-1,648,502,646,-1,648,646,649,-1,649,646,647,-1,649,647,418,-1,418,647,419,-1,495,497,496,-1,496,497,499,-1,496,499,650,-1,650,499,648,-1,650,648,651,-1,651,648,649,-1,651,649,417,-1,417,649,418,-1,492,494,493,-1,493,494,496,-1,493,496,652,-1,652,496,650,-1,652,650,581,-1,581,650,651,-1,581,651,416,-1,416,651,417,-1,489,491,490,-1,490,491,493,-1,490,493,653,-1,653,493,652,-1,653,652,654,-1,654,652,581,-1,654,581,413,-1,413,581,414,-1,486,488,487,-1,487,488,490,-1,487,490,655,-1,655,490,653,-1,655,653,656,-1,656,653,654,-1,656,654,412,-1,412,654,413,-1,483,485,484,-1,484,485,487,-1,484,487,657,-1,657,487,655,-1,657,655,580,-1,580,655,656,-1,580,656,411,-1,411,656,412,-1,480,482,481,-1,481,482,484,-1,481,484,658,-1,658,484,657,-1,658,657,659,-1,659,657,580,-1,659,580,408,-1,408,580,409,-1,477,479,478,-1,478,479,481,-1,478,481,660,-1,660,481,658,-1,660,658,661,-1,661,658,659,-1,661,659,407,-1,407,659,408,-1,474,476,475,-1,475,476,478,-1,475,478,662,-1,662,478,660,-1,662,660,663,-1,663,660,661,-1,663,661,406,-1,406,661,407,-1,471,473,472,-1,472,473,475,-1,472,475,664,-1,664,475,662,-1,664,662,579,-1,579,662,663,-1,579,663,405,-1,405,663,406,-1,468,470,469,-1,469,470,472,-1,469,472,665,-1,665,472,664,-1,665,664,666,-1,666,664,579,-1,666,579,402,-1,402,579,403,-1,465,467,466,-1,466,467,469,-1,466,469,667,-1,667,469,665,-1,667,665,668,-1,668,665,666,-1,668,666,401,-1,401,666,402,-1,669,464,670,-1,670,464,466,-1,670,466,671,-1,671,466,667,-1,671,667,578,-1,578,667,668,-1,578,668,400,-1,400,668,401,-1,398,397,578,-1,578,397,672,-1,578,672,671,-1,671,672,673,-1,671,673,670,-1,670,673,674,-1,670,674,669,-1,669,674,675,-1,676,677,678,-1,679,680,681,-1,682,683,684,-1,685,686,687,-1,688,689,690,-1,691,692,693,-1,694,695,696,-1,697,698,699,-1,700,701,702,-1,703,704,705,-1,706,707,708,-1,709,710,711,-1,712,713,714,-1,715,716,717,-1,718,719,720,-1,721,722,723,-1,724,725,726,-1,727,728,729,-1,480,479,730,-1,483,482,731,-1,486,485,732,-1,489,488,733,-1,492,491,734,-1,495,494,735,-1,498,497,736,-1,501,500,737,-1,504,503,738,-1,627,635,739,-1,522,521,740,-1,525,524,741,-1,528,527,742,-1,531,530,743,-1,534,533,744,-1,537,536,745,-1,540,539,746,-1,543,542,747,-1,546,545,748,-1,549,548,749,-1,552,551,750,-1,555,554,751,-1,752,609,573,-1,573,572,753,-1,753,572,570,-1,570,569,754,-1,754,569,567,-1,567,566,755,-1,755,566,564,-1,564,563,756,-1,756,563,561,-1,561,560,757,-1,757,560,558,-1,558,557,758,-1,758,557,555,-1,552,750,554,-1,549,749,551,-1,546,748,548,-1,543,747,545,-1,540,746,542,-1,537,745,539,-1,534,744,536,-1,531,743,533,-1,528,742,530,-1,525,741,527,-1,522,740,524,-1,627,739,521,-1,635,634,759,-1,759,634,633,-1,759,633,629,-1,629,628,760,-1,760,628,519,-1,519,518,761,-1,761,518,516,-1,516,515,762,-1,762,515,513,-1,513,512,763,-1,763,512,510,-1,510,509,764,-1,764,509,507,-1,507,506,765,-1,765,506,504,-1,477,476,727,-1,727,476,474,-1,727,474,728,-1,728,474,473,-1,728,473,471,-1,766,470,468,-1,767,467,465,-1,768,464,669,-1,769,729,770,-1,770,729,728,-1,770,728,766,-1,766,728,471,-1,766,471,470,-1,771,769,772,-1,772,769,770,-1,772,770,773,-1,773,770,766,-1,773,766,767,-1,767,766,468,-1,767,468,467,-1,774,771,775,-1,775,771,772,-1,775,772,776,-1,776,772,773,-1,776,773,777,-1,777,773,767,-1,777,767,768,-1,768,767,465,-1,768,465,464,-1,778,774,779,-1,779,774,775,-1,779,775,780,-1,780,775,776,-1,780,776,781,-1,781,776,777,-1,781,777,782,-1,782,777,768,-1,782,768,783,-1,783,768,669,-1,783,669,675,-1,784,785,786,-1,787,788,789,-1,573,753,752,-1,752,753,790,-1,752,790,791,-1,791,790,792,-1,791,792,793,-1,793,792,794,-1,793,794,795,-1,795,794,796,-1,795,796,797,-1,797,796,787,-1,797,787,798,-1,798,787,789,-1,798,789,799,-1,800,801,802,-1,570,754,753,-1,753,754,803,-1,753,803,790,-1,790,803,804,-1,790,804,792,-1,792,804,805,-1,792,805,794,-1,794,805,806,-1,794,806,796,-1,796,806,800,-1,796,800,787,-1,787,800,802,-1,787,802,788,-1,807,808,809,-1,567,755,754,-1,754,755,810,-1,754,810,803,-1,803,810,811,-1,803,811,804,-1,804,811,812,-1,804,812,805,-1,805,812,813,-1,805,813,806,-1,806,813,807,-1,806,807,800,-1,800,807,809,-1,800,809,801,-1,814,815,816,-1,564,756,755,-1,755,756,817,-1,755,817,810,-1,810,817,818,-1,810,818,811,-1,811,818,819,-1,811,819,812,-1,812,819,820,-1,812,820,813,-1,813,820,814,-1,813,814,807,-1,807,814,816,-1,807,816,808,-1,821,822,823,-1,561,757,756,-1,756,757,824,-1,756,824,817,-1,817,824,825,-1,817,825,818,-1,818,825,826,-1,818,826,819,-1,819,826,827,-1,819,827,820,-1,820,827,821,-1,820,821,814,-1,814,821,823,-1,814,823,815,-1,828,829,830,-1,558,758,757,-1,757,758,831,-1,757,831,824,-1,824,831,832,-1,824,832,825,-1,825,832,833,-1,825,833,826,-1,826,833,834,-1,826,834,827,-1,827,834,828,-1,827,828,821,-1,821,828,830,-1,821,830,822,-1,835,836,837,-1,555,751,758,-1,758,751,838,-1,758,838,831,-1,831,838,839,-1,831,839,832,-1,832,839,840,-1,832,840,833,-1,833,840,841,-1,833,841,834,-1,834,841,835,-1,834,835,828,-1,828,835,837,-1,828,837,829,-1,842,843,844,-1,554,750,751,-1,751,750,845,-1,751,845,838,-1,838,845,846,-1,838,846,839,-1,839,846,847,-1,839,847,840,-1,840,847,848,-1,840,848,841,-1,841,848,842,-1,841,842,835,-1,835,842,844,-1,835,844,836,-1,849,850,851,-1,551,749,750,-1,750,749,852,-1,750,852,845,-1,845,852,853,-1,845,853,846,-1,846,853,854,-1,846,854,847,-1,847,854,855,-1,847,855,848,-1,848,855,849,-1,848,849,842,-1,842,849,851,-1,842,851,843,-1,856,857,858,-1,548,748,749,-1,749,748,859,-1,749,859,852,-1,852,859,860,-1,852,860,853,-1,853,860,861,-1,853,861,854,-1,854,861,862,-1,854,862,855,-1,855,862,856,-1,855,856,849,-1,849,856,858,-1,849,858,850,-1,863,864,865,-1,545,747,748,-1,748,747,866,-1,748,866,859,-1,859,866,867,-1,859,867,860,-1,860,867,868,-1,860,868,861,-1,861,868,869,-1,861,869,862,-1,862,869,863,-1,862,863,856,-1,856,863,865,-1,856,865,857,-1,870,871,872,-1,542,746,747,-1,747,746,873,-1,747,873,866,-1,866,873,874,-1,866,874,867,-1,867,874,875,-1,867,875,868,-1,868,875,876,-1,868,876,869,-1,869,876,870,-1,869,870,863,-1,863,870,872,-1,863,872,864,-1,877,878,879,-1,539,745,746,-1,746,745,880,-1,746,880,873,-1,873,880,881,-1,873,881,874,-1,874,881,882,-1,874,882,875,-1,875,882,883,-1,875,883,876,-1,876,883,877,-1,876,877,870,-1,870,877,879,-1,870,879,871,-1,884,885,886,-1,536,744,745,-1,745,744,887,-1,745,887,880,-1,880,887,888,-1,880,888,881,-1,881,888,889,-1,881,889,882,-1,882,889,890,-1,882,890,883,-1,883,890,884,-1,883,884,877,-1,877,884,886,-1,877,886,878,-1,891,892,893,-1,533,743,744,-1,744,743,894,-1,744,894,887,-1,887,894,895,-1,887,895,888,-1,888,895,896,-1,888,896,889,-1,889,896,897,-1,889,897,890,-1,890,897,891,-1,890,891,884,-1,884,891,893,-1,884,893,885,-1,898,899,900,-1,530,742,743,-1,743,742,901,-1,743,901,894,-1,894,901,902,-1,894,902,895,-1,895,902,903,-1,895,903,896,-1,896,903,904,-1,896,904,897,-1,897,904,898,-1,897,898,891,-1,891,898,900,-1,891,900,892,-1,905,906,907,-1,527,741,742,-1,742,741,908,-1,742,908,901,-1,901,908,909,-1,901,909,902,-1,902,909,910,-1,902,910,903,-1,903,910,911,-1,903,911,904,-1,904,911,905,-1,904,905,898,-1,898,905,907,-1,898,907,899,-1,912,913,914,-1,524,740,741,-1,741,740,915,-1,741,915,908,-1,908,915,916,-1,908,916,909,-1,909,916,917,-1,909,917,910,-1,910,917,918,-1,910,918,911,-1,911,918,912,-1,911,912,905,-1,905,912,914,-1,905,914,906,-1,919,920,921,-1,521,739,740,-1,740,739,922,-1,740,922,915,-1,915,922,923,-1,915,923,916,-1,916,923,924,-1,916,924,917,-1,917,924,925,-1,917,925,918,-1,918,925,919,-1,918,919,912,-1,912,919,921,-1,912,921,913,-1,926,927,928,-1,928,927,929,-1,635,759,739,-1,739,759,930,-1,739,930,922,-1,922,930,931,-1,922,931,923,-1,923,931,932,-1,923,932,924,-1,924,932,933,-1,924,933,925,-1,925,933,928,-1,925,928,919,-1,919,928,929,-1,919,929,920,-1,629,760,759,-1,759,760,934,-1,759,934,930,-1,930,934,935,-1,930,935,931,-1,931,935,936,-1,931,936,932,-1,932,936,937,-1,932,937,933,-1,933,937,726,-1,933,726,928,-1,928,726,725,-1,928,725,926,-1,519,761,760,-1,760,761,938,-1,760,938,934,-1,934,938,939,-1,934,939,935,-1,935,939,940,-1,935,940,936,-1,936,940,941,-1,936,941,937,-1,937,941,723,-1,937,723,726,-1,726,723,722,-1,726,722,724,-1,516,762,761,-1,761,762,942,-1,761,942,938,-1,938,942,943,-1,938,943,939,-1,939,943,944,-1,939,944,940,-1,940,944,945,-1,940,945,941,-1,941,945,720,-1,941,720,723,-1,723,720,719,-1,723,719,721,-1,513,763,762,-1,762,763,946,-1,762,946,942,-1,942,946,947,-1,942,947,943,-1,943,947,948,-1,943,948,944,-1,944,948,949,-1,944,949,945,-1,945,949,717,-1,945,717,720,-1,720,717,716,-1,720,716,718,-1,510,764,763,-1,763,764,950,-1,763,950,946,-1,946,950,951,-1,946,951,947,-1,947,951,952,-1,947,952,948,-1,948,952,953,-1,948,953,949,-1,949,953,714,-1,949,714,717,-1,717,714,713,-1,717,713,715,-1,507,765,764,-1,764,765,954,-1,764,954,950,-1,950,954,955,-1,950,955,951,-1,951,955,956,-1,951,956,952,-1,952,956,957,-1,952,957,953,-1,953,957,711,-1,953,711,714,-1,714,711,710,-1,714,710,712,-1,504,738,765,-1,765,738,958,-1,765,958,954,-1,954,958,959,-1,954,959,955,-1,955,959,960,-1,955,960,956,-1,956,960,961,-1,956,961,957,-1,957,961,708,-1,957,708,711,-1,711,708,707,-1,711,707,709,-1,738,962,958,-1,958,962,963,-1,958,963,959,-1,959,963,964,-1,959,964,960,-1,960,964,965,-1,960,965,961,-1,961,965,705,-1,961,705,708,-1,708,705,704,-1,708,704,706,-1,962,966,963,-1,963,966,967,-1,963,967,964,-1,964,967,968,-1,964,968,965,-1,965,968,702,-1,965,702,705,-1,705,702,701,-1,705,701,703,-1,966,969,967,-1,967,969,970,-1,967,970,968,-1,968,970,699,-1,968,699,702,-1,702,699,698,-1,702,698,700,-1,969,786,970,-1,970,786,785,-1,970,785,699,-1,699,785,971,-1,699,971,697,-1,972,973,974,-1,974,973,784,-1,974,784,975,-1,975,784,786,-1,975,786,976,-1,976,786,969,-1,976,969,977,-1,977,969,966,-1,977,966,978,-1,978,966,962,-1,978,962,737,-1,737,962,738,-1,737,738,501,-1,501,738,503,-1,973,979,784,-1,784,979,980,-1,784,980,785,-1,785,980,981,-1,785,981,971,-1,695,972,696,-1,696,972,974,-1,696,974,982,-1,982,974,975,-1,982,975,983,-1,983,975,976,-1,983,976,984,-1,984,976,977,-1,984,977,985,-1,985,977,978,-1,985,978,736,-1,736,978,737,-1,736,737,498,-1,498,737,500,-1,692,694,693,-1,693,694,696,-1,693,696,986,-1,986,696,982,-1,986,982,987,-1,987,982,983,-1,987,983,988,-1,988,983,984,-1,988,984,989,-1,989,984,985,-1,989,985,735,-1,735,985,736,-1,735,736,495,-1,495,736,497,-1,689,691,690,-1,690,691,693,-1,690,693,990,-1,990,693,986,-1,990,986,991,-1,991,986,987,-1,991,987,992,-1,992,987,988,-1,992,988,993,-1,993,988,989,-1,993,989,734,-1,734,989,735,-1,734,735,492,-1,492,735,494,-1,686,688,687,-1,687,688,690,-1,687,690,994,-1,994,690,990,-1,994,990,995,-1,995,990,991,-1,995,991,996,-1,996,991,992,-1,996,992,997,-1,997,992,993,-1,997,993,733,-1,733,993,734,-1,733,734,489,-1,489,734,491,-1,683,685,684,-1,684,685,687,-1,684,687,998,-1,998,687,994,-1,998,994,999,-1,999,994,995,-1,999,995,1000,-1,1000,995,996,-1,1000,996,1001,-1,1001,996,997,-1,1001,997,732,-1,732,997,733,-1,732,733,486,-1,486,733,488,-1,680,682,681,-1,681,682,684,-1,681,684,1002,-1,1002,684,998,-1,1002,998,1003,-1,1003,998,999,-1,1003,999,1004,-1,1004,999,1000,-1,1004,1000,1005,-1,1005,1000,1001,-1,1005,1001,731,-1,731,1001,732,-1,731,732,483,-1,483,732,485,-1,677,679,678,-1,678,679,681,-1,678,681,1006,-1,1006,681,1002,-1,1006,1002,1007,-1,1007,1002,1003,-1,1007,1003,1008,-1,1008,1003,1004,-1,1008,1004,1009,-1,1009,1004,1005,-1,1009,1005,730,-1,730,1005,731,-1,730,731,480,-1,480,731,482,-1,1010,676,778,-1,778,676,678,-1,778,678,774,-1,774,678,1006,-1,774,1006,771,-1,771,1006,1007,-1,771,1007,769,-1,769,1007,1008,-1,769,1008,729,-1,729,1008,1009,-1,729,1009,727,-1,727,1009,730,-1,727,730,477,-1,477,730,479,-1,1011,1012,1013,-1,1014,1015,1016,-1,1017,1018,1019,-1,677,676,1020,-1,680,679,1021,-1,683,682,1022,-1,686,685,1023,-1,789,788,1024,-1,1024,788,1025,-1,1024,1025,1018,-1,788,802,1025,-1,1025,802,801,-1,1025,801,1026,-1,801,809,1026,-1,1026,809,808,-1,1026,808,1027,-1,808,816,1027,-1,1027,816,815,-1,1027,815,1028,-1,815,823,1028,-1,1028,823,822,-1,1028,822,1029,-1,822,830,1029,-1,1029,830,829,-1,1029,829,1030,-1,829,837,1030,-1,1030,837,836,-1,1030,836,1031,-1,836,844,1031,-1,1031,844,843,-1,1031,843,1032,-1,843,851,1032,-1,1032,851,850,-1,1032,850,1033,-1,850,858,1033,-1,1033,858,857,-1,1033,857,1034,-1,857,865,1034,-1,1034,865,864,-1,1034,864,1035,-1,864,872,1035,-1,1035,872,871,-1,1035,871,1036,-1,871,879,1036,-1,1036,879,878,-1,1036,878,1037,-1,878,886,1037,-1,1037,886,885,-1,1037,885,1038,-1,885,893,1038,-1,1038,893,892,-1,1038,892,1039,-1,892,900,1039,-1,1039,900,899,-1,1039,899,1040,-1,899,907,1040,-1,1040,907,906,-1,1040,906,1041,-1,906,914,1041,-1,1041,914,913,-1,1041,913,1042,-1,913,921,1042,-1,1042,921,920,-1,1042,920,1043,-1,920,929,1043,-1,1043,929,927,-1,1043,927,1044,-1,1044,927,926,-1,1044,926,1045,-1,926,725,1045,-1,1045,725,724,-1,1045,724,1046,-1,724,722,1046,-1,1046,722,721,-1,1046,721,1047,-1,721,719,1047,-1,1047,719,718,-1,1047,718,1048,-1,718,716,1048,-1,1048,716,715,-1,1048,715,1049,-1,715,713,1049,-1,1049,713,712,-1,1049,712,1050,-1,712,710,1050,-1,1050,710,709,-1,1050,709,1051,-1,709,707,1051,-1,1051,707,706,-1,1051,706,1052,-1,706,704,1052,-1,1052,704,703,-1,1052,703,1053,-1,703,701,1053,-1,1053,701,700,-1,1053,700,1054,-1,700,698,1054,-1,1054,698,697,-1,1054,697,1055,-1,697,971,1055,-1,1055,971,981,-1,1055,981,1056,-1,981,980,1056,-1,1056,980,979,-1,1056,979,1057,-1,979,973,1057,-1,1057,973,972,-1,1057,972,1058,-1,972,695,1058,-1,1058,695,694,-1,1058,694,1059,-1,694,692,1059,-1,1059,692,691,-1,1059,691,1060,-1,1060,691,689,-1,1060,689,688,-1,1018,1025,1019,-1,1019,1025,1026,-1,1019,1026,1061,-1,1061,1026,1027,-1,1061,1027,1062,-1,1062,1027,1028,-1,1062,1028,1063,-1,1063,1028,1029,-1,1063,1029,1064,-1,1064,1029,1030,-1,1064,1030,1065,-1,1065,1030,1031,-1,1065,1031,1066,-1,1066,1031,1032,-1,1066,1032,1067,-1,1067,1032,1033,-1,1067,1033,1068,-1,1068,1033,1034,-1,1068,1034,1069,-1,1069,1034,1035,-1,1069,1035,1070,-1,1070,1035,1036,-1,1070,1036,1071,-1,1071,1036,1037,-1,1071,1037,1072,-1,1072,1037,1038,-1,1072,1038,1073,-1,1073,1038,1039,-1,1073,1039,1074,-1,1074,1039,1040,-1,1074,1040,1075,-1,1075,1040,1041,-1,1075,1041,1076,-1,1076,1041,1042,-1,1076,1042,1077,-1,1077,1042,1043,-1,1077,1043,1078,-1,1078,1043,1044,-1,1078,1044,1079,-1,1079,1044,1045,-1,1079,1045,1080,-1,1080,1045,1046,-1,1080,1046,1081,-1,1081,1046,1047,-1,1081,1047,1082,-1,1082,1047,1048,-1,1082,1048,1083,-1,1083,1048,1049,-1,1083,1049,1084,-1,1084,1049,1050,-1,1084,1050,1085,-1,1085,1050,1051,-1,1085,1051,1086,-1,1086,1051,1052,-1,1086,1052,1087,-1,1087,1052,1053,-1,1087,1053,1088,-1,1088,1053,1054,-1,1088,1054,1089,-1,1089,1054,1055,-1,1089,1055,1090,-1,1090,1055,1056,-1,1090,1056,1091,-1,1091,1056,1057,-1,1091,1057,1092,-1,1092,1057,1058,-1,1092,1058,1093,-1,1093,1058,1059,-1,1093,1059,1094,-1,1094,1059,1060,-1,1094,1060,1095,-1,1017,1019,1096,-1,1096,1019,1061,-1,1096,1061,1097,-1,1097,1061,1062,-1,1097,1062,1098,-1,1098,1062,1063,-1,1098,1063,1099,-1,1099,1063,1064,-1,1099,1064,1100,-1,1100,1064,1065,-1,1100,1065,1101,-1,1101,1065,1066,-1,1101,1066,1102,-1,1102,1066,1067,-1,1102,1067,1103,-1,1103,1067,1068,-1,1103,1068,1104,-1,1104,1068,1069,-1,1104,1069,1105,-1,1105,1069,1070,-1,1105,1070,1106,-1,1106,1070,1071,-1,1106,1071,1107,-1,1107,1071,1072,-1,1107,1072,1108,-1,1108,1072,1073,-1,1108,1073,1109,-1,1109,1073,1074,-1,1109,1074,1110,-1,1110,1074,1075,-1,1110,1075,1111,-1,1111,1075,1076,-1,1111,1076,1112,-1,1112,1076,1077,-1,1112,1077,1113,-1,1113,1077,1078,-1,1113,1078,1114,-1,1114,1078,1079,-1,1114,1079,1115,-1,1115,1079,1080,-1,1115,1080,1116,-1,1116,1080,1081,-1,1116,1081,1117,-1,1117,1081,1082,-1,1117,1082,1118,-1,1118,1082,1083,-1,1118,1083,1119,-1,1119,1083,1084,-1,1119,1084,1120,-1,1120,1084,1085,-1,1120,1085,1121,-1,1121,1085,1086,-1,1121,1086,1122,-1,1122,1086,1087,-1,1122,1087,1123,-1,1123,1087,1088,-1,1123,1088,1124,-1,1124,1088,1089,-1,1124,1089,1125,-1,1125,1089,1090,-1,1125,1090,1126,-1,1126,1090,1091,-1,1126,1091,1127,-1,1127,1091,1092,-1,1127,1092,1128,-1,1128,1092,1093,-1,1128,1093,1129,-1,1129,1093,1094,-1,1129,1094,1130,-1,1130,1094,1095,-1,1130,1095,1016,-1,682,680,1022,-1,1022,680,1021,-1,1022,1021,1131,-1,1131,1021,1132,-1,1131,1132,1133,-1,1133,1132,1013,-1,799,789,1134,-1,1134,789,1024,-1,1134,1024,1135,-1,1135,1024,1018,-1,1135,1018,1136,-1,1136,1018,1017,-1,1136,1017,1137,-1,1137,1017,1138,-1,1139,1140,1098,-1,1098,1140,1141,-1,1098,1141,1097,-1,1097,1141,1142,-1,1097,1142,1096,-1,1096,1142,1143,-1,1096,1143,1017,-1,1017,1143,1144,-1,1017,1144,1138,-1,1139,1098,1145,-1,1145,1098,1099,-1,1145,1099,1146,-1,1146,1099,1100,-1,1146,1100,1147,-1,1147,1100,1101,-1,1147,1101,1148,-1,1148,1101,1102,-1,1148,1102,1149,-1,1150,1151,1105,-1,1105,1151,1152,-1,1105,1152,1104,-1,1104,1152,1153,-1,1104,1153,1103,-1,1103,1153,1154,-1,1103,1154,1102,-1,1102,1154,1155,-1,1102,1155,1149,-1,1150,1105,1156,-1,1156,1105,1106,-1,1156,1106,1157,-1,1157,1106,1107,-1,1157,1107,1158,-1,1158,1107,1108,-1,1158,1108,1159,-1,1159,1108,1109,-1,1159,1109,1160,-1,1161,1162,1112,-1,1112,1162,1163,-1,1112,1163,1111,-1,1111,1163,1164,-1,1111,1164,1110,-1,1110,1164,1165,-1,1110,1165,1109,-1,1109,1165,1166,-1,1109,1166,1160,-1,1161,1112,1167,-1,1167,1112,1113,-1,1167,1113,1168,-1,1168,1113,1114,-1,1168,1114,1169,-1,1169,1114,1115,-1,1169,1115,1170,-1,1170,1115,1116,-1,1170,1116,1171,-1,1172,1173,1119,-1,1119,1173,1174,-1,1119,1174,1118,-1,1118,1174,1175,-1,1118,1175,1117,-1,1117,1175,1176,-1,1117,1176,1116,-1,1116,1176,1177,-1,1116,1177,1171,-1,1172,1119,1178,-1,1178,1119,1120,-1,1178,1120,1179,-1,1179,1120,1121,-1,1179,1121,1180,-1,1180,1121,1122,-1,1180,1122,1181,-1,1181,1122,1123,-1,1181,1123,1182,-1,1183,1184,1126,-1,1126,1184,1185,-1,1126,1185,1125,-1,1125,1185,1186,-1,1125,1186,1124,-1,1124,1186,1187,-1,1124,1187,1123,-1,1123,1187,1188,-1,1123,1188,1182,-1,1183,1126,1189,-1,1189,1126,1127,-1,1189,1127,1190,-1,1190,1127,1128,-1,1190,1128,1191,-1,1191,1128,1129,-1,1191,1129,1192,-1,1192,1129,1130,-1,1192,1130,1193,-1,1016,1015,1130,-1,1130,1015,1194,-1,1130,1194,1193,-1,1195,1014,1196,-1,1196,1014,1016,-1,1196,1016,1197,-1,1197,1016,1095,-1,1197,1095,1023,-1,1023,1095,1060,-1,1023,1060,686,-1,686,1060,688,-1,685,683,1023,-1,1023,683,1022,-1,1023,1022,1197,-1,1197,1022,1131,-1,1197,1131,1196,-1,1196,1131,1133,-1,1196,1133,1195,-1,1195,1133,1198,-1,1013,1012,1133,-1,1133,1012,1199,-1,1133,1199,1198,-1,1200,1011,1201,-1,1201,1011,1013,-1,1201,1013,1202,-1,1202,1013,1132,-1,1202,1132,1020,-1,1020,1132,1021,-1,1020,1021,677,-1,677,1021,679,-1,676,1010,1020,-1,1020,1010,1203,-1,1020,1203,1202,-1,1202,1203,1204,-1,1202,1204,1201,-1,1201,1204,1205,-1,1201,1205,1200,-1,1200,1205,1206,-1,1207,1137,1208,-1,1208,1137,1138,-1,1208,1138,1209,-1,1209,1138,1144,-1,1209,1144,1210,-1,1210,1144,1143,-1,1210,1143,1211,-1,1211,1143,1142,-1,1211,1142,1212,-1,1212,1142,1141,-1,1212,1141,1213,-1,1213,1141,1140,-1,1213,1140,1214,-1,1214,1140,1139,-1,1214,1139,1215,-1,1215,1139,1145,-1,1215,1145,1216,-1,1216,1145,1146,-1,1216,1146,1217,-1,1217,1146,1147,-1,1217,1147,1218,-1,1218,1147,1148,-1,1218,1148,1219,-1,1219,1148,1149,-1,1219,1149,1220,-1,1220,1149,1155,-1,1220,1155,1221,-1,1221,1155,1154,-1,1221,1154,1222,-1,1222,1154,1153,-1,1222,1153,1223,-1,1223,1153,1152,-1,1223,1152,1224,-1,1224,1152,1151,-1,1224,1151,1225,-1,1225,1151,1150,-1,1225,1150,1226,-1,1226,1150,1156,-1,1226,1156,1227,-1,1227,1156,1157,-1,1227,1157,1228,-1,1228,1157,1158,-1,1228,1158,1229,-1,1229,1158,1159,-1,1229,1159,1230,-1,1230,1159,1160,-1,1230,1160,1231,-1,1231,1160,1166,-1,1231,1166,1232,-1,1232,1166,1165,-1,1232,1165,1233,-1,1233,1165,1164,-1,1233,1164,1234,-1,1234,1164,1163,-1,1234,1163,1235,-1,1235,1163,1162,-1,1235,1162,1236,-1,1236,1162,1161,-1,1236,1161,1237,-1,1237,1161,1167,-1,1237,1167,1238,-1,1238,1167,1168,-1,1238,1168,1239,-1,1239,1168,1169,-1,1239,1169,1240,-1,1240,1169,1170,-1,1240,1170,1241,-1,1241,1170,1171,-1,1241,1171,1242,-1,1242,1171,1177,-1,1242,1177,1243,-1,1243,1177,1176,-1,1243,1176,1244,-1,1244,1176,1175,-1,1244,1175,1245,-1,1245,1175,1174,-1,1245,1174,1246,-1,1246,1174,1173,-1,1246,1173,1247,-1,1247,1173,1172,-1,1247,1172,1248,-1,1248,1172,1178,-1,1248,1178,1249,-1,1249,1178,1179,-1,1249,1179,1250,-1,1250,1179,1180,-1,1250,1180,1251,-1,1251,1180,1181,-1,1251,1181,1252,-1,1252,1181,1182,-1,1252,1182,1253,-1,1253,1182,1188,-1,1253,1188,1254,-1,1254,1188,1187,-1,1254,1187,1255,-1,1255,1187,1186,-1,1255,1186,1256,-1,1256,1186,1185,-1,1256,1185,1257,-1,1257,1185,1184,-1,1257,1184,1258,-1,1258,1184,1183,-1,1258,1183,1259,-1,1259,1183,1189,-1,1259,1189,1260,-1,1260,1189,1190,-1,1260,1190,1261,-1,1261,1190,1191,-1,1261,1191,1262,-1,1262,1191,1192,-1,1262,1192,1263,-1,1263,1192,1193,-1,1263,1193,1264,-1,1264,1193,1194,-1,1264,1194,1265,-1,1265,1194,1015,-1,1265,1015,1266,-1,1266,1015,1014,-1,1266,1014,1267,-1,1267,1014,1195,-1,1267,1195,1268,-1,1268,1195,1198,-1,1268,1198,1269,-1,1269,1198,1199,-1,1269,1199,1270,-1,1270,1199,1012,-1,1270,1012,1271,-1,1271,1012,1011,-1,1271,1011,1272,-1,1272,1011,1200,-1,1272,1200,1273,-1,1273,1200,1206,-1,1274,1275,1276,-1,1275,1277,1278,-1,1277,1279,1280,-1,1279,1281,1282,-1,1281,1283,1284,-1,1211,1285,1210,-1,1210,1285,1286,-1,1210,1286,1209,-1,1209,1286,1284,-1,1209,1284,1208,-1,1208,1284,1283,-1,1208,1283,1207,-1,1211,1212,1285,-1,1285,1212,1213,-1,1285,1213,1287,-1,1287,1213,1214,-1,1287,1214,1288,-1,1288,1214,1215,-1,1288,1215,1289,-1,1289,1215,1216,-1,1216,1217,1289,-1,1289,1217,1218,-1,1289,1218,1290,-1,1290,1218,1219,-1,1290,1219,1291,-1,1291,1219,1220,-1,1291,1220,1292,-1,1292,1220,1221,-1,1292,1221,1293,-1,1293,1221,1222,-1,1222,1223,1293,-1,1293,1223,1224,-1,1293,1224,1294,-1,1294,1224,1225,-1,1294,1225,1295,-1,1295,1225,1226,-1,1295,1226,1296,-1,1296,1226,1227,-1,1227,1228,1296,-1,1296,1228,1229,-1,1296,1229,1297,-1,1297,1229,1230,-1,1297,1230,1298,-1,1298,1230,1231,-1,1298,1231,1299,-1,1299,1231,1232,-1,1299,1232,1300,-1,1300,1232,1233,-1,1233,1234,1300,-1,1300,1234,1235,-1,1300,1235,1301,-1,1301,1235,1236,-1,1301,1236,1302,-1,1302,1236,1237,-1,1302,1237,1303,-1,1303,1237,1238,-1,1238,1239,1303,-1,1303,1239,1240,-1,1303,1240,1304,-1,1304,1240,1241,-1,1304,1241,1305,-1,1305,1241,1242,-1,1305,1242,1306,-1,1306,1242,1243,-1,1306,1243,1307,-1,1307,1243,1244,-1,1244,1245,1307,-1,1307,1245,1246,-1,1307,1246,1308,-1,1308,1246,1247,-1,1308,1247,1309,-1,1309,1247,1248,-1,1309,1248,1310,-1,1310,1248,1249,-1,1249,1250,1310,-1,1310,1250,1251,-1,1310,1251,1311,-1,1311,1251,1252,-1,1311,1252,1312,-1,1312,1252,1253,-1,1312,1253,1313,-1,1313,1253,1254,-1,1313,1254,1314,-1,1314,1254,1255,-1,1255,1256,1314,-1,1314,1256,1257,-1,1314,1257,1315,-1,1315,1257,1258,-1,1315,1258,1316,-1,1316,1258,1259,-1,1316,1259,1317,-1,1317,1259,1260,-1,1260,1261,1317,-1,1317,1261,1262,-1,1317,1262,1318,-1,1318,1262,1263,-1,1318,1263,1319,-1,1319,1263,1264,-1,1319,1264,1320,-1,1320,1264,1265,-1,1320,1265,1321,-1,1321,1265,1266,-1,1266,1267,1321,-1,1321,1267,1268,-1,1321,1268,1322,-1,1322,1268,1269,-1,1322,1269,1323,-1,1323,1269,1270,-1,1323,1270,1324,-1,1324,1270,1271,-1,1271,1272,1324,-1,1324,1272,1273,-1,1324,1273,1325,-1,1281,1284,1282,-1,1282,1284,1286,-1,1282,1286,1326,-1,1326,1286,1285,-1,1326,1285,1327,-1,1327,1285,1287,-1,1327,1287,1328,-1,1328,1287,1288,-1,1328,1288,1329,-1,1329,1288,1289,-1,1329,1289,1330,-1,1330,1289,1290,-1,1330,1290,1331,-1,1331,1290,1291,-1,1331,1291,1332,-1,1332,1291,1292,-1,1332,1292,1333,-1,1333,1292,1293,-1,1333,1293,1334,-1,1334,1293,1294,-1,1334,1294,1335,-1,1335,1294,1295,-1,1335,1295,1336,-1,1336,1295,1296,-1,1336,1296,1337,-1,1337,1296,1297,-1,1337,1297,1338,-1,1338,1297,1298,-1,1338,1298,1339,-1,1339,1298,1299,-1,1339,1299,1340,-1,1340,1299,1300,-1,1340,1300,1341,-1,1341,1300,1301,-1,1341,1301,1342,-1,1342,1301,1302,-1,1342,1302,1343,-1,1343,1302,1303,-1,1343,1303,1344,-1,1344,1303,1304,-1,1344,1304,1345,-1,1345,1304,1305,-1,1345,1305,1346,-1,1346,1305,1306,-1,1346,1306,1347,-1,1347,1306,1307,-1,1347,1307,1348,-1,1348,1307,1308,-1,1348,1308,1349,-1,1349,1308,1309,-1,1349,1309,1350,-1,1350,1309,1310,-1,1350,1310,1351,-1,1351,1310,1311,-1,1351,1311,1352,-1,1352,1311,1312,-1,1352,1312,1353,-1,1353,1312,1313,-1,1353,1313,1354,-1,1354,1313,1314,-1,1354,1314,1355,-1,1355,1314,1315,-1,1355,1315,1356,-1,1356,1315,1316,-1,1356,1316,1357,-1,1357,1316,1317,-1,1357,1317,1358,-1,1358,1317,1318,-1,1358,1318,1359,-1,1359,1318,1319,-1,1359,1319,1360,-1,1360,1319,1320,-1,1360,1320,1361,-1,1361,1320,1321,-1,1361,1321,1362,-1,1362,1321,1322,-1,1362,1322,1363,-1,1363,1322,1323,-1,1363,1323,1364,-1,1364,1323,1324,-1,1364,1324,1365,-1,1365,1324,1325,-1,1365,1325,1366,-1,1279,1282,1280,-1,1280,1282,1326,-1,1280,1326,1367,-1,1367,1326,1327,-1,1367,1327,1368,-1,1368,1327,1328,-1,1368,1328,1369,-1,1369,1328,1329,-1,1369,1329,1370,-1,1370,1329,1330,-1,1370,1330,1371,-1,1371,1330,1331,-1,1371,1331,1372,-1,1372,1331,1332,-1,1372,1332,1373,-1,1373,1332,1333,-1,1373,1333,1374,-1,1374,1333,1334,-1,1374,1334,1375,-1,1375,1334,1335,-1,1375,1335,1376,-1,1376,1335,1336,-1,1376,1336,1377,-1,1377,1336,1337,-1,1377,1337,1378,-1,1378,1337,1338,-1,1378,1338,1379,-1,1379,1338,1339,-1,1379,1339,1380,-1,1380,1339,1340,-1,1380,1340,1381,-1,1381,1340,1341,-1,1381,1341,1382,-1,1382,1341,1342,-1,1382,1342,1383,-1,1383,1342,1343,-1,1383,1343,1384,-1,1384,1343,1344,-1,1384,1344,1385,-1,1385,1344,1345,-1,1385,1345,1386,-1,1386,1345,1346,-1,1386,1346,1387,-1,1387,1346,1347,-1,1387,1347,1388,-1,1388,1347,1348,-1,1388,1348,1389,-1,1389,1348,1349,-1,1389,1349,1390,-1,1390,1349,1350,-1,1390,1350,1391,-1,1391,1350,1351,-1,1391,1351,1392,-1,1392,1351,1352,-1,1392,1352,1393,-1,1393,1352,1353,-1,1393,1353,1394,-1,1394,1353,1354,-1,1394,1354,1395,-1,1395,1354,1355,-1,1395,1355,1396,-1,1396,1355,1356,-1,1396,1356,1397,-1,1397,1356,1357,-1,1397,1357,1398,-1,1398,1357,1358,-1,1398,1358,1399,-1,1399,1358,1359,-1,1399,1359,1400,-1,1400,1359,1360,-1,1400,1360,1401,-1,1401,1360,1361,-1,1401,1361,1402,-1,1402,1361,1362,-1,1402,1362,1403,-1,1403,1362,1363,-1,1403,1363,1404,-1,1404,1363,1364,-1,1404,1364,1405,-1,1405,1364,1365,-1,1405,1365,1406,-1,1406,1365,1366,-1,1406,1366,1407,-1,1277,1280,1278,-1,1278,1280,1367,-1,1278,1367,1408,-1,1408,1367,1368,-1,1408,1368,1409,-1,1409,1368,1369,-1,1409,1369,1410,-1,1410,1369,1370,-1,1410,1370,1411,-1,1411,1370,1371,-1,1411,1371,1412,-1,1412,1371,1372,-1,1412,1372,1413,-1,1413,1372,1373,-1,1413,1373,1414,-1,1414,1373,1374,-1,1414,1374,1415,-1,1415,1374,1375,-1,1415,1375,1416,-1,1416,1375,1376,-1,1416,1376,1417,-1,1417,1376,1377,-1,1417,1377,1418,-1,1418,1377,1378,-1,1418,1378,1419,-1,1419,1378,1379,-1,1419,1379,1420,-1,1420,1379,1380,-1,1420,1380,1421,-1,1421,1380,1381,-1,1421,1381,1422,-1,1422,1381,1382,-1,1422,1382,1423,-1,1423,1382,1383,-1,1423,1383,1424,-1,1424,1383,1384,-1,1424,1384,1425,-1,1425,1384,1385,-1,1425,1385,1426,-1,1426,1385,1386,-1,1426,1386,1427,-1,1427,1386,1387,-1,1427,1387,1428,-1,1428,1387,1388,-1,1428,1388,1429,-1,1429,1388,1389,-1,1429,1389,1430,-1,1430,1389,1390,-1,1430,1390,1431,-1,1431,1390,1391,-1,1431,1391,1432,-1,1432,1391,1392,-1,1432,1392,1433,-1,1433,1392,1393,-1,1433,1393,1434,-1,1434,1393,1394,-1,1434,1394,1435,-1,1435,1394,1395,-1,1435,1395,1436,-1,1436,1395,1396,-1,1436,1396,1437,-1,1437,1396,1397,-1,1437,1397,1438,-1,1438,1397,1398,-1,1438,1398,1439,-1,1439,1398,1399,-1,1439,1399,1440,-1,1440,1399,1400,-1,1440,1400,1441,-1,1441,1400,1401,-1,1441,1401,1442,-1,1442,1401,1402,-1,1442,1402,1443,-1,1443,1402,1403,-1,1443,1403,1444,-1,1444,1403,1404,-1,1444,1404,1445,-1,1445,1404,1405,-1,1445,1405,1446,-1,1446,1405,1406,-1,1446,1406,1447,-1,1447,1406,1407,-1,1447,1407,1448,-1,1275,1278,1276,-1,1276,1278,1408,-1,1276,1408,1449,-1,1449,1408,1409,-1,1449,1409,1450,-1,1450,1409,1410,-1,1450,1410,1451,-1,1451,1410,1411,-1,1451,1411,1452,-1,1452,1411,1412,-1,1452,1412,1453,-1,1453,1412,1413,-1,1453,1413,1454,-1,1454,1413,1414,-1,1454,1414,1455,-1,1455,1414,1415,-1,1455,1415,1456,-1,1456,1415,1416,-1,1456,1416,1457,-1,1457,1416,1417,-1,1457,1417,1458,-1,1458,1417,1418,-1,1458,1418,1459,-1,1459,1418,1419,-1,1459,1419,1460,-1,1460,1419,1420,-1,1460,1420,1461,-1,1461,1420,1421,-1,1461,1421,1462,-1,1462,1421,1422,-1,1462,1422,1463,-1,1463,1422,1423,-1,1463,1423,1464,-1,1464,1423,1424,-1,1464,1424,1465,-1,1465,1424,1425,-1,1465,1425,1466,-1,1466,1425,1426,-1,1466,1426,1467,-1,1467,1426,1427,-1,1467,1427,1468,-1,1468,1427,1428,-1,1468,1428,1469,-1,1469,1428,1429,-1,1469,1429,1470,-1,1470,1429,1430,-1,1470,1430,1471,-1,1471,1430,1431,-1,1471,1431,1472,-1,1472,1431,1432,-1,1472,1432,1473,-1,1473,1432,1433,-1,1473,1433,1474,-1,1474,1433,1434,-1,1474,1434,1475,-1,1475,1434,1435,-1,1475,1435,1476,-1,1476,1435,1436,-1,1476,1436,1477,-1,1477,1436,1437,-1,1477,1437,1478,-1,1478,1437,1438,-1,1478,1438,1479,-1,1479,1438,1439,-1,1479,1439,1480,-1,1480,1439,1440,-1,1480,1440,1481,-1,1481,1440,1441,-1,1481,1441,1482,-1,1482,1441,1442,-1,1482,1442,1483,-1,1483,1442,1443,-1,1483,1443,1484,-1,1484,1443,1444,-1,1484,1444,1485,-1,1485,1444,1445,-1,1485,1445,1486,-1,1486,1445,1446,-1,1486,1446,1487,-1,1487,1446,1447,-1,1487,1447,1488,-1,1488,1447,1448,-1,1488,1448,1489,-1,1274,1276,1490,-1,1490,1276,1449,-1,1490,1449,1491,-1,1491,1449,1450,-1,1491,1450,1492,-1,1492,1450,1451,-1,1492,1451,1493,-1,1493,1451,1452,-1,1493,1452,1494,-1,1494,1452,1453,-1,1494,1453,1495,-1,1495,1453,1454,-1,1495,1454,1496,-1,1496,1454,1455,-1,1496,1455,1497,-1,1497,1455,1456,-1,1497,1456,1498,-1,1498,1456,1457,-1,1498,1457,1499,-1,1499,1457,1458,-1,1499,1458,1500,-1,1500,1458,1459,-1,1500,1459,1501,-1,1501,1459,1460,-1,1501,1460,1502,-1,1502,1460,1461,-1,1502,1461,1503,-1,1503,1461,1462,-1,1503,1462,1504,-1,1504,1462,1463,-1,1504,1463,1505,-1,1505,1463,1464,-1,1505,1464,1506,-1,1506,1464,1465,-1,1506,1465,1507,-1,1507,1465,1466,-1,1507,1466,1508,-1,1508,1466,1467,-1,1508,1467,1509,-1,1509,1467,1468,-1,1509,1468,1510,-1,1510,1468,1469,-1,1510,1469,1511,-1,1511,1469,1470,-1,1511,1470,1512,-1,1512,1470,1471,-1,1512,1471,1513,-1,1513,1471,1472,-1,1513,1472,1514,-1,1514,1472,1473,-1,1514,1473,1515,-1,1515,1473,1474,-1,1515,1474,1516,-1,1516,1474,1475,-1,1516,1475,1517,-1,1517,1475,1476,-1,1517,1476,1518,-1,1518,1476,1477,-1,1518,1477,1519,-1,1519,1477,1478,-1,1519,1478,1520,-1,1520,1478,1479,-1,1520,1479,1521,-1,1521,1479,1480,-1,1521,1480,1522,-1,1522,1480,1481,-1,1522,1481,1523,-1,1523,1481,1482,-1,1523,1482,1524,-1,1524,1482,1483,-1,1524,1483,1525,-1,1525,1483,1484,-1,1525,1484,1526,-1,1526,1484,1485,-1,1526,1485,1527,-1,1527,1485,1486,-1,1527,1486,1528,-1,1528,1486,1487,-1,1528,1487,1529,-1,1529,1487,1488,-1,1529,1488,1530,-1,1530,1488,1489,-1,1530,1489,1531,-1,1532,1533,1522,-1,1531,1534,1530,-1,1530,1534,1535,-1,1536,1510,1537,-1,1537,1510,1511,-1,1537,1511,1538,-1,1539,1508,1536,-1,1536,1508,1509,-1,1536,1509,1510,-1,1540,1505,1541,-1,1541,1505,1506,-1,1541,1506,1539,-1,1539,1506,1507,-1,1539,1507,1508,-1,1542,1527,1543,-1,1543,1527,1528,-1,1543,1528,1535,-1,1535,1528,1529,-1,1535,1529,1530,-1,1522,1523,1532,-1,1532,1523,1524,-1,1532,1524,1544,-1,1544,1524,1525,-1,1544,1525,1542,-1,1542,1525,1526,-1,1542,1526,1527,-1,1545,1519,1546,-1,1546,1519,1520,-1,1546,1520,1533,-1,1533,1520,1521,-1,1533,1521,1522,-1,1547,1516,1548,-1,1548,1516,1517,-1,1548,1517,1545,-1,1545,1517,1518,-1,1545,1518,1519,-1,1511,1512,1538,-1,1538,1512,1513,-1,1538,1513,1549,-1,1549,1513,1514,-1,1549,1514,1547,-1,1547,1514,1515,-1,1547,1515,1516,-1,1550,1502,1551,-1,1551,1502,1503,-1,1551,1503,1540,-1,1540,1503,1504,-1,1540,1504,1505,-1,1552,1553,1274,-1,1554,1499,1555,-1,1555,1499,1500,-1,1555,1500,1550,-1,1550,1500,1501,-1,1550,1501,1502,-1,1274,1490,1552,-1,1552,1490,1491,-1,1552,1491,1556,-1,1556,1491,1492,-1,1556,1492,1557,-1,1558,1497,1554,-1,1554,1497,1498,-1,1554,1498,1499,-1,1492,1493,1557,-1,1557,1493,1494,-1,1557,1494,1559,-1,1559,1494,1495,-1,1559,1495,1558,-1,1558,1495,1496,-1,1558,1496,1497,-1,
        ]
    }
}
Shape{
    appearance Appearance {
        material  Material 	{
            diffuseColor 1.0 1.0 1.0
            specularColor 0.8784313725490196 0.8784313725490196 0.8784313725490196
            ambientIntensity 1.0
            transparency 0.0
            shininess 0.5
        }
    }
    geometry IndexedFaceSet {
        ccw TRUE
        solid FALSE
        coord DEF co Coordinate {
            point [
                0.8221 -1.388 9.7638, 0.8221 -1.3881 9.7638, 0.788 -1.4077 9.7638, 0.8213 -1.3939 9.7638, 0.819 -1.3993 9.7638, 0.8153 -1.404 9.7638, 0.8106 -1.4076 9.7638, 0.8052 -1.4098 9.7638, 0.7994 -1.4107 9.7638, 0.7935 -1.4099 9.7638, 0.788 -1.4078 9.7638, -1.6162 -0.0197 9.7638, -1.6206 -0.0166 9.7638, -1.6161 -0.0197 9.7638, -1.6241 -0.0126 9.7638, -1.6266 -0.0079 9.7638, -1.6278 -0.0027 9.7638, -1.6278 0.0027 9.7638, -1.6266 0.0079 9.7638, -1.6162 0.0197 9.7638, -1.6161 0.0197 9.7638, -1.6206 0.0166 9.7638, -1.6241 0.0126 9.7638, -1.6162 0.0197 9.7244, -1.6206 0.0166 9.7244, -1.6241 0.0126 9.7244, -1.6266 0.0079 9.7244, -1.6278 0.0027 9.7244, -1.6278 -0.0027 9.7244, -1.6266 -0.0079 9.7244, -1.6241 -0.0126 9.7244, -1.6206 -0.0166 9.7244, -1.6162 -0.0197 9.7244, -0.0134 0.0197 9.7244, -0.0134 0.0197 9.7638, 0.788 1.4077 9.7638, 0.788 1.4078 9.7244, 0.788 1.4078 9.7638, 0.8221 1.3881 9.7244, 0.8221 1.3881 9.7638, 0.8232 1.393 9.7244, 0.8232 1.393 9.7638, 0.8229 1.398 9.7244, 0.8229 1.398 9.7638, 0.8215 1.4028 9.7244, 0.8215 1.4028 9.7638, 0.8189 1.4071 9.7244, 0.8189 1.4071 9.7638, 0.8153 1.4106 9.7244, 0.8153 1.4106 9.7638, 0.811 1.4131 9.7244, 0.811 1.4131 9.7638, 0.8061 1.4145 9.7244, 0.8061 1.4145 9.7638, 0.8011 1.4146 9.7244, 0.8011 1.4146 9.7638, 0.7962 1.4134 9.7244, 0.7962 1.4134 9.7638, 0.7918 1.4111 9.7244, 0.7918 1.4111 9.7638, 0.8221 1.388 9.7638, 0.0207 -0.0 9.7244, 0.0207 -0.0 9.7638, 0.8221 -1.3881 9.7244, 0.788 -1.4078 9.7244, 0.7935 -1.4099 9.7244, 0.7994 -1.4107 9.7244, 0.8052 -1.4098 9.7244, 0.8106 -1.4076 9.7244, 0.8153 -1.404 9.7244, 0.819 -1.3993 9.7244, 0.8213 -1.3939 9.7244, -0.0134 -0.0197 9.7244, -0.0134 -0.0197 9.7638
            ]
        }
        coordIndex [
            0,1,2,-1,2,1,3,-1,2,3,4,-1,4,5,2,-1,2,5,6,-1,2,6,7,-1,7,8,2,-1,2,8,9,-1,2,9,10,-1,11,12,13,-1,13,12,14,-1,13,14,15,-1,15,16,13,-1,13,16,17,-1,13,17,18,-1,19,20,21,-1,21,20,13,-1,21,13,22,-1,22,13,18,-1,23,19,24,-1,24,19,21,-1,24,21,25,-1,25,21,22,-1,25,22,26,-1,26,22,18,-1,26,18,27,-1,27,18,17,-1,27,17,28,-1,28,17,16,-1,28,16,29,-1,29,16,15,-1,29,15,30,-1,30,15,14,-1,30,14,31,-1,31,14,12,-1,31,12,32,-1,32,12,11,-1,19,23,20,-1,20,23,33,-1,20,33,34,-1,34,33,35,-1,35,33,36,-1,35,36,37,-1,38,39,40,-1,40,39,41,-1,40,41,42,-1,42,41,43,-1,42,43,44,-1,44,43,45,-1,44,45,46,-1,46,45,47,-1,46,47,48,-1,48,47,49,-1,48,49,50,-1,50,49,51,-1,50,51,52,-1,52,51,53,-1,52,53,54,-1,54,53,55,-1,54,55,56,-1,56,55,57,-1,56,57,58,-1,58,57,59,-1,58,59,36,-1,36,59,37,-1,39,38,60,-1,60,38,61,-1,60,61,62,-1,62,61,0,-1,0,61,63,-1,0,63,1,-1,64,10,65,-1,65,10,9,-1,65,9,66,-1,66,9,8,-1,66,8,67,-1,67,8,7,-1,67,7,68,-1,68,7,6,-1,68,6,69,-1,69,6,5,-1,69,5,70,-1,70,5,4,-1,70,4,71,-1,71,4,3,-1,71,3,63,-1,63,3,1,-1,10,64,2,-1,2,64,72,-1,2,72,73,-1,73,72,13,-1,13,72,32,-1,13,32,11,-1,71,63,61,-1,31,32,72,-1,58,36,33,-1,61,27,28,-1,24,25,61,-1,61,25,26,-1,61,26,27,-1,28,29,61,-1,61,29,30,-1,61,30,31,-1,65,66,61,-1,61,66,67,-1,61,67,68,-1,31,72,61,-1,61,72,64,-1,61,64,65,-1,68,69,61,-1,61,69,70,-1,61,70,71,-1,61,38,48,-1,38,40,48,-1,48,40,42,-1,48,42,46,-1,46,42,44,-1,50,52,48,-1,48,52,54,-1,48,54,56,-1,56,58,48,-1,48,58,33,-1,48,33,61,-1,61,33,23,-1,61,23,24,-1,35,55,53,-1,39,60,41,-1,41,60,35,-1,37,59,35,-1,35,59,57,-1,35,57,55,-1,53,51,35,-1,35,51,49,-1,35,49,47,-1,47,45,35,-1,35,45,43,-1,35,43,41,-1,
        ]
    }
}
Shape{
    appearance Appearance {
        material  Material 	{
            diffuseColor 0.7686274509803922 0.7686274509803922 0.7686274509803922
            specularColor 0.615686274509804 0.615686274509804 0.615686274509804
            ambientIntensity 0.7686
            transparency 0.0
            shininess 0.5
        }
    }
    geometry IndexedFaceSet {
        ccw TRUE
        solid FALSE
        coord DEF co Coordinate {
            point [
                -1.0886 0.0591 -1.378, -1.0698 0.0835 0.0, -1.0698 0.0835 -1.378, -1.0453 0.1023 0.0, -1.0453 0.1023 -1.378, -1.0168 0.1141 0.0, -1.0168 0.1141 -1.378, -0.9863 0.1181 0.0, -0.9863 0.1181 -1.378, -0.9557 0.1141 0.0, -0.9557 0.1141 -1.378, -0.9272 0.1023 0.0, -0.9272 0.1023 -1.378, -0.9028 0.0835 0.0, -0.9028 0.0835 -1.378, -0.884 0.0591 0.0, -0.884 0.0591 -1.378, -0.8813 0.0525 0.0, -0.8722 0.0306 -1.378, -0.8722 0.0306 0.0, -0.8682 0.0 0.0, -0.8682 0.0 -1.378, -0.8722 -0.0306 0.0, -0.8722 -0.0306 -1.378, -0.884 -0.0591 0.0, -0.884 -0.0591 -1.378, -0.9028 -0.0835 0.0, -0.9028 -0.0835 -1.378, -0.9272 -0.1023 0.0, -0.9272 -0.1023 -1.378, -0.9557 -0.1141 0.0, -0.9557 -0.1141 -1.378, -0.9863 -0.1181 0.0, -0.9863 -0.1181 -1.378, -1.0168 -0.1141 0.0, -1.0168 -0.1141 -1.378, -1.0453 -0.1023 0.0, -1.0453 -0.1023 -1.378, -1.0698 -0.0835 0.0, -1.0698 -0.0835 -1.378, -1.0886 -0.0591 0.0, -1.0886 -0.0591 -1.378, -1.1004 -0.0306 0.0, -1.1004 -0.0306 -1.378, -1.1044 0.0 0.0, -1.1044 0.0 -1.378, -1.1004 0.0306 0.0, -1.1004 0.0306 -1.378, -1.0913 0.0525 0.0, -1.0886 0.0591 0.0, -0.9863 0.0 -1.378, 0.8799 0.0591 -1.378, 0.8987 0.0835 0.0, 0.8987 0.0835 -1.378, 0.9232 0.1023 0.0, 0.9232 0.1023 -1.378, 0.9517 0.1141 0.0, 0.9517 0.1141 -1.378, 0.9822 0.1181 0.0, 0.9822 0.1181 -1.378, 1.0128 0.1141 0.0, 1.0128 0.1141 -1.378, 1.0413 0.1023 0.0, 1.0413 0.1023 -1.378, 1.0657 0.0835 0.0, 1.0657 0.0835 -1.378, 1.0845 0.0591 0.0, 1.0845 0.0591 -1.378, 1.0872 0.0525 0.0, 1.0963 0.0306 -1.378, 1.0963 0.0306 0.0, 1.1003 0.0 0.0, 1.1003 0.0 -1.378, 1.0963 -0.0306 0.0, 1.0963 -0.0306 -1.378, 1.0845 -0.0591 0.0, 1.0845 -0.0591 -1.378, 1.0657 -0.0835 0.0, 1.0657 -0.0835 -1.378, 1.0413 -0.1023 0.0, 1.0413 -0.1023 -1.378, 1.0128 -0.1141 0.0, 1.0128 -0.1141 -1.378, 0.9822 -0.1181 0.0, 0.9822 -0.1181 -1.378, 0.9517 -0.1141 0.0, 0.9517 -0.1141 -1.378, 0.9232 -0.1023 0.0, 0.9232 -0.1023 -1.378, 0.8987 -0.0835 0.0, 0.8987 -0.0835 -1.378, 0.8799 -0.0591 0.0, 0.8799 -0.0591 -1.378, 0.8681 -0.0306 0.0, 0.8681 -0.0306 -1.378, 0.8641 0.0 0.0, 0.8641 0.0 -1.378, 0.8681 0.0306 0.0, 0.8681 0.0306 -1.378, 0.8772 0.0525 0.0, 0.8799 0.0591 0.0, 0.9822 0.0 -1.378
            ]
        }
        coordIndex [
            0,1,2,-1,2,1,3,-1,2,3,4,-1,4,3,5,-1,4,5,6,-1,6,5,7,-1,6,7,8,-1,8,7,9,-1,8,9,10,-1,10,9,11,-1,10,11,12,-1,12,11,13,-1,12,13,14,-1,14,13,15,-1,14,15,16,-1,16,15,17,-1,16,17,18,-1,17,19,18,-1,18,19,20,-1,18,20,21,-1,21,20,22,-1,21,22,23,-1,23,22,24,-1,23,24,25,-1,25,24,26,-1,25,26,27,-1,27,26,28,-1,27,28,29,-1,29,28,30,-1,29,30,31,-1,31,30,32,-1,31,32,33,-1,33,32,34,-1,33,34,35,-1,35,34,36,-1,35,36,37,-1,37,36,38,-1,37,38,39,-1,39,38,40,-1,39,40,41,-1,41,40,42,-1,41,42,43,-1,43,42,44,-1,43,44,45,-1,45,44,46,-1,45,46,47,-1,47,46,48,-1,47,48,0,-1,0,48,49,-1,0,49,1,-1,16,18,50,-1,50,18,21,-1,50,21,23,-1,10,12,50,-1,50,12,14,-1,50,14,16,-1,4,6,50,-1,50,6,8,-1,50,8,10,-1,47,0,50,-1,50,0,2,-1,50,2,4,-1,41,43,50,-1,50,43,45,-1,50,45,47,-1,35,37,50,-1,50,37,39,-1,50,39,41,-1,29,31,50,-1,50,31,33,-1,50,33,35,-1,23,25,50,-1,50,25,27,-1,50,27,29,-1,51,52,53,-1,53,52,54,-1,53,54,55,-1,55,54,56,-1,55,56,57,-1,57,56,58,-1,57,58,59,-1,59,58,60,-1,59,60,61,-1,61,60,62,-1,61,62,63,-1,63,62,64,-1,63,64,65,-1,65,64,66,-1,65,66,67,-1,67,66,68,-1,67,68,69,-1,68,70,69,-1,69,70,71,-1,69,71,72,-1,72,71,73,-1,72,73,74,-1,74,73,75,-1,74,75,76,-1,76,75,77,-1,76,77,78,-1,78,77,79,-1,78,79,80,-1,80,79,81,-1,80,81,82,-1,82,81,83,-1,82,83,84,-1,84,83,85,-1,84,85,86,-1,86,85,87,-1,86,87,88,-1,88,87,89,-1,88,89,90,-1,90,89,91,-1,90,91,92,-1,92,91,93,-1,92,93,94,-1,94,93,95,-1,94,95,96,-1,96,95,97,-1,96,97,98,-1,98,97,99,-1,98,99,51,-1,51,99,100,-1,51,100,52,-1,67,69,101,-1,101,69,72,-1,101,72,74,-1,61,63,101,-1,101,63,65,-1,101,65,67,-1,55,57,101,-1,101,57,59,-1,101,59,61,-1,98,51,101,-1,101,51,53,-1,101,53,55,-1,92,94,101,-1,101,94,96,-1,101,96,98,-1,86,88,101,-1,101,88,90,-1,101,90,92,-1,80,82,101,-1,101,82,84,-1,101,84,86,-1,74,76,101,-1,101,76,78,-1,101,78,80,-1,
        ]
    }
}
Shape{
    appearance Appearance {
        material  Material 	{
            diffuseColor 0.14901960784313725 0.14901960784313725 0.14901960784313725
            specularColor 0.07450980392156863 0.07450980392156863 0.07450980392156863
            ambientIntensity 0.149
            transparency 0.0
            shininess 0.5
        }
    }
    geometry IndexedFaceSet {
        ccw TRUE
        solid FALSE
        coord DEF co Coordinate {
            point [
                0.1328 0.5211 0.0039, -0.1822 0.644 0.0039, 0.1328 0.5211 0.0, -0.1822 0.644 0.0, -0.1822 0.5979 0.0039, -0.1822 0.5979 0.0, -0.0938 0.5661 0.0039, -0.0938 0.5661 0.0, -0.0938 0.436 0.0039, -0.0938 0.436 0.0, -0.1822 0.4059 0.0039, -0.1822 0.4059 0.0, -0.1822 0.3598 0.0039, -0.1822 0.3598 0.0, 0.1328 0.4789 0.0039, 0.1328 0.4789 0.0, -0.0592 0.4466 0.0039, -0.0592 0.5519 0.0039, 0.0723 0.4936 0.0039, 0.0832 0.4965 0.0039, 0.0944 0.4986 0.0039, 0.0944 0.4996 0.0039, 0.0833 0.5017 0.0039, 0.0723 0.5045 0.0039, -0.0592 0.4466 0.0, -0.0592 0.5519 0.0, 0.0723 0.4936 0.0, 0.0832 0.4965 0.0, 0.0944 0.4986 0.0, 0.0944 0.4996 0.0, 0.0833 0.5017 0.0, 0.0723 0.5045 0.0, -0.1822 0.1689 0.0039, -0.1822 0.0832 0.0039, -0.1822 0.1689 0.0, -0.1822 0.0832 0.0, 0.1328 0.0832 0.0039, 0.1328 0.0832 0.0, 0.1328 0.1721 0.0039, 0.1328 0.1721 0.0, 0.115 0.2545 0.0, 0.092 0.2888 0.0039, 0.092 0.2888 0.0, 0.0918 0.2891 0.0039, 0.0918 0.2891 0.0, 0.067 0.3114 0.0039, 0.067 0.3114 0.0, 0.0395 0.3261 0.0039, 0.0395 0.3261 0.0, 0.0082 0.3346 0.0039, 0.0082 0.3346 0.0, -0.0207 0.3367 0.0039, -0.0207 0.3367 0.0, 0.1245 0.2274 0.0, 0.1279 0.2176 0.0039, 0.115 0.2545 0.0039, 0.1279 0.2176 0.0, -0.1786 0.2088 0.0, -0.1786 0.2088 0.0039, -0.1729 0.2274 0.0, -0.1675 0.245 0.0039, -0.1675 0.245 0.0, -0.1483 0.2777 0.0, -0.1483 0.2777 0.0039, -0.1235 0.3034 0.0, -0.1235 0.3034 0.0039, -0.0957 0.3211 0.0, -0.0957 0.3211 0.0039, -0.0629 0.3323 0.0, -0.0629 0.3323 0.0039, 0.0541 0.2736 0.0039, 0.0703 0.2583 0.0039, 0.0852 0.2353 0.0039, 0.0943 0.2092 0.0039, 0.0982 0.1719 0.0039, 0.0982 0.1255 0.0039, -0.1476 0.1255 0.0039, -0.1476 0.1702 0.0039, -0.1445 0.2035 0.0039, -0.1362 0.23 0.0039, -0.1234 0.2515 0.0039, -0.1058 0.2693 0.0039, -0.0843 0.2823 0.0039, -0.0593 0.2907 0.0039, -0.0216 0.2945 0.0039, 0.0097 0.2918 0.0039, 0.0347 0.2845 0.0039, 0.0982 0.1719 0.0, 0.0982 0.1255 0.0, 0.0943 0.2092 0.0, 0.0852 0.2353 0.0, 0.0703 0.2583 0.0, 0.0541 0.2736 0.0, 0.0347 0.2845 0.0, 0.0097 0.2918 0.0, -0.0216 0.2945 0.0, -0.0593 0.2907 0.0, -0.0843 0.2823 0.0, -0.1058 0.2693 0.0, -0.1234 0.2515 0.0, -0.1362 0.23 0.0, -0.1445 0.2035 0.0, -0.1476 0.1702 0.0, -0.1476 0.1255 0.0, -0.1476 0.0218 0.0039, -0.1822 0.0218 0.0039, -0.1476 0.0218 0.0, -0.1822 0.0218 0.0, -0.1822 -0.1327 0.0, -0.1822 -0.1472 0.0039, -0.1822 -0.1472 0.0, 0.1328 -0.1472 0.0039, 0.1328 -0.1472 0.0, 0.1328 -0.1327 0.0, 0.1328 0.0141 0.0039, 0.1328 0.0141 0.0, 0.0982 0.0141 0.0039, 0.0982 0.0141 0.0, 0.0982 -0.105 0.0039, 0.0982 -0.105 0.0, -0.0055 -0.105 0.0039, -0.0055 -0.105 0.0, -0.0055 0.0064 0.0039, -0.0055 0.0064 0.0, -0.04 0.0064 0.0039, -0.04 0.0064 0.0, -0.04 -0.105 0.0039, -0.04 -0.105 0.0, -0.1476 -0.105 0.0039, -0.1476 -0.105 0.0, -0.1313 -0.2087 0.0039, -0.1658 -0.2087 0.0039, -0.1313 -0.2087 0.0, -0.1658 -0.2087 0.0, -0.1796 -0.2422 0.0039, -0.186 -0.2953 0.0039, -0.186 -0.2953 0.0, -0.1858 -0.2867 0.0, -0.1858 -0.2867 0.0039, -0.1841 -0.2741 0.0, -0.1796 -0.2422 0.0, -0.1841 -0.3139 0.0, -0.182 -0.3341 0.0039, -0.182 -0.3341 0.0, -0.1715 -0.3645 0.0039, -0.1715 -0.3645 0.0, -0.1555 -0.3897 0.0039, -0.1555 -0.3897 0.0, -0.1314 -0.4128 0.0039, -0.1314 -0.4128 0.0, -0.1019 -0.4298 0.0039, -0.1019 -0.4298 0.0, -0.0682 -0.4397 0.0039, -0.0682 -0.4397 0.0, -0.0306 -0.443 0.0039, -0.0306 -0.443 0.0, 0.1366 -0.2828 0.0039, 0.1366 -0.2828 0.0, 0.1342 -0.3139 0.0039, 0.1347 -0.3068 0.0, 0.1342 -0.3139 0.0, 0.1241 -0.349 0.0, 0.1241 -0.349 0.0039, 0.107 -0.3789 0.0, 0.107 -0.3789 0.0039, 0.0797 -0.4075 0.0, 0.0797 -0.4075 0.0039, 0.0499 -0.4263 0.0, 0.0499 -0.4263 0.0039, 0.0142 -0.4384 0.0, 0.0142 -0.4384 0.0039, 0.1347 -0.255 0.0, 0.134 -0.2451 0.0039, 0.134 -0.2451 0.0, 0.1242 -0.2087 0.0039, 0.1242 -0.2087 0.0, 0.0819 -0.2087 0.0039, 0.0819 -0.2087 0.0, 0.1021 -0.2824 0.0039, 0.1021 -0.2824 0.0, 0.0971 -0.2442 0.0, 0.0971 -0.2442 0.0039, -0.028 -0.4007 0.0039, -0.028 -0.4007 0.0, -0.0035 -0.3992 0.0, -0.0035 -0.3992 0.0039, 0.0302 -0.3908 0.0, 0.0302 -0.3908 0.0039, 0.0545 -0.3778 0.0, 0.0545 -0.3778 0.0039, 0.0755 -0.3588 0.0, 0.0755 -0.3588 0.0039, 0.0901 -0.337 0.0, 0.0901 -0.337 0.0039, 0.0986 -0.3134 0.0, 0.0986 -0.3134 0.0039, -0.1514 -0.2895 0.0039, -0.1514 -0.2895 0.0, -0.1481 -0.3189 0.0, -0.1481 -0.3189 0.0039, -0.1397 -0.3418 0.0, -0.1397 -0.3418 0.0039, -0.1267 -0.3612 0.0, -0.1267 -0.3612 0.0039, -0.1111 -0.376 0.0, -0.1111 -0.376 0.0039, -0.0892 -0.389 0.0, -0.0892 -0.389 0.0039, -0.0621 -0.3975 0.0, -0.0621 -0.3975 0.0039, -0.1344 -0.2143 0.0, -0.1344 -0.2143 0.0039, -0.1468 -0.2477 0.0, -0.1468 -0.2477 0.0039, -0.1476 -0.4699 0.0039, -0.1822 -0.4699 0.0039, -0.1476 -0.4699 0.0, -0.1822 -0.4699 0.0, -0.1822 -0.6312 0.0039, -0.1822 -0.6312 0.0, 0.1328 -0.6312 0.0039, 0.1328 -0.6312 0.0, 0.1328 -0.5889 0.0039, 0.1328 -0.5889 0.0, -0.1476 -0.5889 0.0039, -0.1476 -0.5889 0.0
            ]
        }
        coordIndex [
            0,1,2,-1,2,1,3,-1,1,4,3,-1,3,4,5,-1,4,6,5,-1,5,6,7,-1,6,8,7,-1,7,8,9,-1,8,10,9,-1,9,10,11,-1,10,12,11,-1,11,12,13,-1,12,14,13,-1,13,14,15,-1,14,0,15,-1,15,0,2,-1,16,8,17,-1,17,8,6,-1,18,14,16,-1,16,14,12,-1,16,12,8,-1,8,12,10,-1,18,19,14,-1,14,19,20,-1,14,20,0,-1,0,20,21,-1,0,21,22,-1,22,23,0,-1,0,23,17,-1,0,17,1,-1,1,17,6,-1,1,6,4,-1,16,17,24,-1,24,17,25,-1,18,16,26,-1,26,16,24,-1,18,26,27,-1,18,27,19,-1,19,27,28,-1,19,28,20,-1,21,20,29,-1,29,20,28,-1,21,29,30,-1,21,30,22,-1,22,30,31,-1,22,31,23,-1,17,23,25,-1,25,23,31,-1,32,33,34,-1,34,33,35,-1,33,36,35,-1,35,36,37,-1,36,38,37,-1,37,38,39,-1,40,41,42,-1,42,41,43,-1,42,43,44,-1,44,43,45,-1,44,45,46,-1,46,45,47,-1,46,47,48,-1,48,47,49,-1,48,49,50,-1,50,49,51,-1,50,51,52,-1,53,54,40,-1,40,54,55,-1,40,55,41,-1,53,56,54,-1,54,56,39,-1,54,39,38,-1,32,34,57,-1,32,57,58,-1,58,57,59,-1,58,59,60,-1,59,61,60,-1,60,61,62,-1,60,62,63,-1,63,62,64,-1,63,64,65,-1,65,64,66,-1,65,66,67,-1,67,66,68,-1,67,68,69,-1,69,68,52,-1,69,52,51,-1,47,45,70,-1,70,45,43,-1,70,43,71,-1,71,43,41,-1,71,41,72,-1,72,41,55,-1,72,55,73,-1,73,55,54,-1,73,54,74,-1,74,54,38,-1,74,38,75,-1,75,38,36,-1,75,36,76,-1,76,36,33,-1,76,33,77,-1,77,33,32,-1,77,32,78,-1,78,32,58,-1,78,58,79,-1,79,58,60,-1,79,60,80,-1,80,60,63,-1,80,63,81,-1,81,63,65,-1,81,65,82,-1,82,65,67,-1,82,67,83,-1,83,67,69,-1,83,69,84,-1,84,69,51,-1,84,51,85,-1,85,51,49,-1,85,49,86,-1,86,49,47,-1,86,47,70,-1,74,75,87,-1,87,75,88,-1,74,87,89,-1,74,89,73,-1,73,89,90,-1,73,90,72,-1,72,90,91,-1,72,91,71,-1,71,91,92,-1,71,92,70,-1,70,92,93,-1,70,93,86,-1,86,93,94,-1,86,94,85,-1,85,94,95,-1,85,95,84,-1,84,95,96,-1,84,96,83,-1,83,96,97,-1,83,97,82,-1,82,97,98,-1,82,98,81,-1,81,98,99,-1,81,99,80,-1,80,99,100,-1,80,100,79,-1,79,100,101,-1,79,101,78,-1,78,101,102,-1,78,102,77,-1,76,77,103,-1,103,77,102,-1,75,76,88,-1,88,76,103,-1,104,105,106,-1,106,105,107,-1,107,105,108,-1,108,105,109,-1,108,109,110,-1,109,111,110,-1,110,111,112,-1,112,111,113,-1,113,111,114,-1,113,114,115,-1,114,116,115,-1,115,116,117,-1,116,118,117,-1,117,118,119,-1,118,120,119,-1,119,120,121,-1,120,122,121,-1,121,122,123,-1,122,124,123,-1,123,124,125,-1,124,126,125,-1,125,126,127,-1,126,128,127,-1,127,128,129,-1,128,104,129,-1,129,104,106,-1,109,105,104,-1,104,128,109,-1,109,128,126,-1,109,126,111,-1,116,114,118,-1,118,114,111,-1,118,111,120,-1,120,111,126,-1,120,126,122,-1,122,126,124,-1,130,131,132,-1,132,131,133,-1,133,131,134,-1,135,136,137,-1,135,137,138,-1,138,137,139,-1,138,139,134,-1,134,139,140,-1,134,140,133,-1,136,135,141,-1,141,135,142,-1,141,142,143,-1,143,142,144,-1,143,144,145,-1,145,144,146,-1,145,146,147,-1,147,146,148,-1,147,148,149,-1,149,148,150,-1,149,150,151,-1,151,150,152,-1,151,152,153,-1,153,152,154,-1,153,154,155,-1,156,157,158,-1,158,157,159,-1,159,160,158,-1,158,160,161,-1,158,161,162,-1,162,161,163,-1,162,163,164,-1,164,163,165,-1,164,165,166,-1,166,165,167,-1,166,167,168,-1,168,167,169,-1,168,169,170,-1,170,169,155,-1,170,155,154,-1,157,156,171,-1,171,156,172,-1,171,172,173,-1,173,172,174,-1,173,174,175,-1,174,176,175,-1,175,176,177,-1,178,179,180,-1,178,180,181,-1,181,180,177,-1,181,177,176,-1,182,183,184,-1,182,184,185,-1,185,184,186,-1,185,186,187,-1,187,186,188,-1,187,188,189,-1,189,188,190,-1,189,190,191,-1,191,190,192,-1,191,192,193,-1,193,192,194,-1,193,194,195,-1,195,194,179,-1,195,179,178,-1,196,197,198,-1,196,198,199,-1,199,198,200,-1,199,200,201,-1,201,200,202,-1,201,202,203,-1,203,202,204,-1,203,204,205,-1,205,204,206,-1,205,206,207,-1,207,206,208,-1,207,208,209,-1,209,208,183,-1,209,183,182,-1,130,132,210,-1,130,210,211,-1,211,210,212,-1,211,212,213,-1,213,212,197,-1,213,197,196,-1,199,135,196,-1,196,135,138,-1,196,138,213,-1,213,138,134,-1,213,134,211,-1,211,134,131,-1,211,131,130,-1,176,174,181,-1,181,174,172,-1,181,172,178,-1,178,172,156,-1,178,156,195,-1,195,156,158,-1,195,158,193,-1,193,158,162,-1,193,162,191,-1,191,162,164,-1,191,164,189,-1,189,164,166,-1,189,166,187,-1,187,166,168,-1,187,168,185,-1,185,168,170,-1,185,170,182,-1,182,170,154,-1,182,154,209,-1,209,154,152,-1,209,152,207,-1,207,152,150,-1,207,150,205,-1,205,150,148,-1,205,148,203,-1,203,148,146,-1,203,146,201,-1,201,146,144,-1,201,144,199,-1,199,144,142,-1,199,142,135,-1,214,215,216,-1,216,215,217,-1,215,218,217,-1,217,218,219,-1,218,220,219,-1,219,220,221,-1,220,222,221,-1,221,222,223,-1,222,224,223,-1,223,224,225,-1,224,214,225,-1,225,214,216,-1,222,220,224,-1,224,220,218,-1,224,218,214,-1,214,218,215,-1,
        ]
    }
}
Shape{
    appearance Appearance {
        material  Material 	{
            diffuseColor 1.0 1.0 1.0
            specularColor 0.8784313725490196 0.8784313725490196 0.8784313725490196
            ambientIntensity 1.0
            transparency 0.0
            shininess 0.5
        }
    }
    geometry IndexedFaceSet {
        ccw TRUE
        solid FALSE
        coord DEF co Coordinate {
            point [
                -0.0592 0.4466 0.0, -0.0592 0.5519 0.0, 0.0723 0.4936 0.0, 0.0723 0.5045 0.0, 0.0832 0.4965 0.0, 0.0833 0.5017 0.0, 0.0944 0.4986 0.0, 0.0944 0.4996 0.0, 0.0982 0.1255 0.0, -0.1476 0.1255 0.0, 0.0982 0.1719 0.0, -0.1476 0.1702 0.0, -0.0593 0.2907 0.0, -0.0216 0.2945 0.0, 0.0097 0.2918 0.0, 0.0347 0.2845 0.0, 0.0943 0.2092 0.0, -0.1445 0.2035 0.0, -0.1362 0.23 0.0, -0.1234 0.2515 0.0, 0.0541 0.2736 0.0, 0.0703 0.2583 0.0, 0.0852 0.2353 0.0, -0.1058 0.2693 0.0, -0.0843 0.2823 0.0
            ]
        }
        coordIndex [
            0,1,2,-1,2,1,3,-1,2,3,4,-1,4,3,5,-1,4,5,6,-1,6,5,7,-1,8,9,10,-1,10,9,11,-1,12,13,10,-1,13,14,10,-1,10,14,15,-1,10,15,16,-1,11,17,10,-1,10,17,18,-1,10,18,19,-1,20,21,15,-1,15,21,22,-1,15,22,16,-1,19,23,10,-1,10,23,24,-1,10,24,12,-1,
        ]
    }
}