#VRML V2.0 utf8
# 3D model generated by easyeda2kicad.py (https://github.com/uPesy/easyeda2kicad.py)

Shape{
    appearance Appearance {
        material  Material 	{
            diffuseColor 0.14901960784313725 0.14901960784313725 0.14901960784313725
            specularColor 0.07450980392156863 0.07450980392156863 0.07450980392156863
            ambientIntensity 0.149
            transparency 0.0
            shininess 0.5
        }
    }
    geometry IndexedFaceSet {
        ccw TRUE
        solid FALSE
        coord DEF co Coordinate {
            point [
                -4.002 -1.804 0.0, -3.9856 -1.834 0.0, -3.9961 -1.8509 0.0, -4.002 -2.0866 0.0, -4.0 -2.0664 0.0, -3.8425 -2.0664 0.0, -3.8576 -1.8677 0.0, -3.8549 -1.8833 0.0, -3.987 -1.9011 0.0, -3.8425 -2.0523 0.0, -3.6969 -1.804 0.0, -3.6969 -2.0866 0.0, -3.9616 -1.8325 0.0, -3.971 -1.8201 0.0, -3.8714 -1.8201 0.0, -3.8454 -1.8528 0.0, -3.8556 -1.8354 0.0, -4.0012 -1.9132 0.0, -3.994 -1.9321 0.0, -4.0 -1.9917 0.0, -3.8686 -1.8223 0.0, -4.002 -1.9063 0.0, -3.8546 -1.8897 0.0, -3.8569 -1.9083 0.0, -3.8632 -1.9244 0.0, -3.8809 -1.8325 0.0, -3.8684 -1.8455 0.0, -3.9704 -1.8412 0.0, -3.8604 -1.8596 0.0, -3.98 -1.8551 0.0, -3.9857 -1.8703 0.0, -3.8733 -1.9389 0.0, -3.8847 -1.9486 0.0, -3.8987 -1.9557 0.0, -3.9388 -1.9573 0.0, -3.9519 -1.9524 0.0, -3.9214 -1.9594 0.0, -3.9641 -1.944 0.0, -3.9747 -1.9324 0.0, -3.9879 -1.8887 0.0, -3.9138 -1.959 0.0, -3.9829 -1.9171 0.0, -3.9838 -1.9917 0.0, -3.9411 -1.9713 0.0, -3.9838 -2.0523 0.0, -3.9203 -1.9736 0.0, -3.8988 -1.9709 0.0, -3.8821 -1.9645 0.0, -3.9831 -1.9473 0.0, -3.9765 -1.9536 0.0, -3.9593 -1.965 0.0, -3.8392 -1.9014 0.0, -3.8385 -1.8888 0.0, -3.8412 -1.8654 0.0, -3.8666 -1.9537 0.0, -3.8523 -1.9373 0.0, -3.8438 -1.9206 0.0, -4.004 -1.8863 0.0, -4.3031 -1.804 0.0, -4.002 -1.8703 0.0, -4.0015 -1.8664 0.0, -4.3031 -2.0866 0.0, -4.004 -1.8886 0.0, -4.0 -1.6707 0.0, -3.8425 -1.699 0.0, -3.8587 -1.699 0.0, -3.9233 -1.699 0.0, -3.9233 -1.7737 0.0, -3.9838 -1.7737 0.0, -3.8587 -1.7737 0.0, -3.9071 -1.7737 0.0, -3.9071 -1.699 0.0, -3.9838 -1.699 0.0, -3.8435 -1.6137 0.0, -3.8425 -1.6389 0.0, -3.8425 -1.6707 0.0, -3.9619 -1.5499 0.0, -3.9781 -1.5606 0.0, -4.0 -1.5213 0.0, -3.9881 -1.5719 0.0, -3.9948 -1.5851 0.0, -3.8425 -1.7878 0.0, -4.0 -1.7878 0.0, -4.0 -1.699 0.0, -3.8425 -1.4466 0.0, -3.8482 -1.5889 0.0, -3.8562 -1.573 0.0, -4.0 -1.5059 0.0, -3.6969 -1.1024 0.0, -3.8425 -1.4446 0.0, -4.002 -1.1024 0.0, -4.0 -1.3719 0.0, -4.0 -1.3873 0.0, -4.0 -1.6219 0.0, -3.9991 -1.605 0.0, -3.8664 -1.5613 0.0, -3.8808 -1.5513 0.0, -3.8974 -1.5447 0.0, -3.9166 -1.5417 0.0, -3.9232 -1.5415 0.0, -3.9443 -1.5437 0.0, -4.3031 -1.1024 0.0, -3.9495 -1.4819 0.0, -3.9495 -1.4105 0.0, -8.313 -2.0866 0.0118, -8.313 -2.0866 0.1791, -8.4524 -2.0866 0.1791, -6.874 -2.0866 0.3583, -7.126 -2.0866 0.3583, -7.4524 -2.0866 0.1791, -5.874 -2.0866 0.3583, -6.126 -2.0866 0.3583, -6.4524 -2.0866 0.1791, -4.874 -2.0866 0.3583, -5.126 -2.0866 0.3583, -5.4524 -2.0866 0.1791, -3.5476 -2.0866 0.1791, -3.874 -2.0866 0.3583, -4.126 -2.0866 0.3583, -4.4524 -2.0866 0.1791, -2.874 -2.0866 0.3583, -3.126 -2.0866 0.3583, -3.4524 -2.0866 0.1791, 0.126 -2.0866 0.3583, -0.126 -2.0866 0.3583, -0.4524 -2.0866 0.1791, 1.126 -2.0866 0.3583, 0.874 -2.0866 0.3583, 0.5476 -2.0866 0.1791, 2.126 -2.0866 0.3583, 1.874 -2.0866 0.3583, 1.5476 -2.0866 0.1791, 3.126 -2.0866 0.3583, 2.874 -2.0866 0.3583, 2.5476 -2.0866 0.1791, 4.126 -2.0866 0.3583, 3.874 -2.0866 0.3583, 3.5476 -2.0866 0.1791, 5.126 -2.0866 0.3583, 4.874 -2.0866 0.3583, 4.5476 -2.0866 0.1791, 6.126 -2.0866 0.3583, 5.874 -2.0866 0.3583, 5.5476 -2.0866 0.1791, 8.126 -2.0866 0.3583, 7.874 -2.0866 0.3583, 7.5476 -2.0866 0.1791, -2.126 -2.0866 1.6102, -2.5 -2.0866 1.7323, -2.126 -2.0866 1.3583, -2.5 -2.0866 0.9843, -1.874 -2.0866 1.3583, -1.874 -2.0866 1.6102, -1.6969 -2.0866 1.9685, -2.3031 -2.0866 1.9685, -1.5 -2.0866 1.7323, -1.126 -2.0866 1.3583, -1.3031 -2.0866 1.9685, -1.126 -2.0866 1.6102, -0.6969 -2.0866 1.9685, -0.874 -2.0866 1.6102, -0.5 -2.0866 1.7323, -0.5 -2.0866 0.9843, -0.874 -2.0866 1.3583, -0.126 -2.0866 1.6102, 0.126 -2.0866 1.6102, 0.3031 -2.0866 1.9685, -0.3031 -2.0866 1.9685, -0.126 -2.0866 1.3583, 0.126 -2.0866 1.3583, 0.5 -2.0866 0.9843, 0.5 -2.0866 1.7323, 0.874 -2.0866 1.6102, 1.126 -2.0866 1.6102, 1.3031 -2.0866 1.9685, 0.6969 -2.0866 1.9685, 0.874 -2.0866 1.3583, 1.126 -2.0866 1.3583, 1.5 -2.0866 0.9843, 1.5 -2.0866 1.7323, 1.874 -2.0866 1.6102, 2.126 -2.0866 1.6102, 2.3031 -2.0866 1.9685, 1.6969 -2.0866 1.9685, 1.874 -2.0866 1.3583, 2.126 -2.0866 1.3583, 2.5 -2.0866 0.9843, 2.5 -2.0866 1.7323, 2.874 -2.0866 1.6102, 3.126 -2.0866 1.6102, 3.3031 -2.0866 1.9685, 2.6969 -2.0866 1.9685, 2.874 -2.0866 1.3583, 3.126 -2.0866 1.3583, 3.5 -2.0866 0.9843, 3.5 -2.0866 1.7323, 3.874 -2.0866 1.6102, 4.126 -2.0866 1.6102, 4.3031 -2.0866 1.9685, 3.6969 -2.0866 1.9685, 3.874 -2.0866 1.3583, 4.126 -2.0866 1.3583, 4.5 -2.0866 0.9843, 4.5 -2.0866 1.7323, 4.874 -2.0866 1.6102, 5.126 -2.0866 1.6102, 5.3031 -2.0866 1.9685, 4.6969 -2.0866 1.9685, 4.874 -2.0866 1.3583, 5.126 -2.0866 1.3583, 5.5 -2.0866 0.9843, 5.5 -2.0866 1.7323, 5.874 -2.0866 1.6102, 6.126 -2.0866 1.6102, 6.3031 -2.0866 1.9685, 5.6969 -2.0866 1.9685, 5.874 -2.0866 1.3583, 6.126 -2.0866 1.3583, 6.5 -2.0866 0.9843, 6.5 -2.0866 1.7323, 8.126 -2.0866 1.6102, 8.126 -2.0866 1.3583, 8.5 -2.0866 0.9843, 7.874 -2.0866 1.3583, 7.126 -2.0866 1.6102, 7.126 -2.0866 1.3583, 8.5 -2.0866 1.7323, 8.3031 -2.0866 1.9685, 7.874 -2.0866 1.6102, 7.6968 -2.0866 1.9685, 7.5 -2.0866 1.7323, 7.3031 -2.0866 1.9685, 6.874 -2.0866 1.6102, 6.874 -2.0866 1.3583, 6.6969 -2.0866 1.9685, 7.126 -2.0866 0.3583, 6.874 -2.0866 0.3583, 6.5476 -2.0866 0.1791, 7.5 -2.0866 0.2362, 7.126 -2.0866 0.6102, 7.4524 -2.0866 0.1791, 6.874 -2.0866 0.6102, 6.5 -2.0866 0.2362, 7.874 -2.0866 0.6102, 8.126 -2.0866 0.6102, 8.5 -2.0866 0.2362, 8.4524 -2.0866 0.1791, 7.6968 -2.0866 0.0, 8.3031 -2.0866 0.0, 6.6969 -2.0866 0.0, 7.3031 -2.0866 0.0, 5.5 -2.0866 0.2362, 5.874 -2.0866 0.6102, 6.126 -2.0866 0.6102, 6.4524 -2.0866 0.1791, 5.6969 -2.0866 0.0, 6.3031 -2.0866 0.0, 4.5 -2.0866 0.2362, 4.874 -2.0866 0.6102, 5.126 -2.0866 0.6102, 5.4524 -2.0866 0.1791, 4.6969 -2.0866 0.0, 5.3031 -2.0866 0.0, 3.5 -2.0866 0.2362, 3.874 -2.0866 0.6102, 4.126 -2.0866 0.6102, 4.4524 -2.0866 0.1791, 3.6969 -2.0866 0.0, 4.3031 -2.0866 0.0, 2.5 -2.0866 0.2362, 2.874 -2.0866 0.6102, 3.126 -2.0866 0.6102, 3.4524 -2.0866 0.1791, 2.6969 -2.0866 0.0, 3.3031 -2.0866 0.0, 1.5 -2.0866 0.2362, 1.874 -2.0866 0.6102, 2.126 -2.0866 0.6102, 2.4524 -2.0866 0.1791, 1.6969 -2.0866 0.0, 2.3031 -2.0866 0.0, 0.5 -2.0866 0.2362, 0.874 -2.0866 0.6102, 1.126 -2.0866 0.6102, 1.4524 -2.0866 0.1791, 0.6969 -2.0866 0.0, 1.3031 -2.0866 0.0, -0.5 -2.0866 0.2362, -0.126 -2.0866 0.6102, 0.126 -2.0866 0.6102, 0.4524 -2.0866 0.1791, -0.3031 -2.0866 0.0, 0.3031 -2.0866 0.0, -1.874 -2.0866 0.3583, -2.126 -2.0866 0.3583, -2.4524 -2.0866 0.1791, -1.126 -2.0866 0.6102, -1.5 -2.0866 0.2362, -1.126 -2.0866 0.3583, -1.4524 -2.0866 0.1791, -0.874 -2.0866 0.3583, -2.126 -2.0866 0.6102, -2.5 -2.0866 0.2362, -1.874 -2.0866 0.6102, -1.5476 -2.0866 0.1791, -0.874 -2.0866 0.6102, -0.5476 -2.0866 0.1791, -1.3031 -2.0866 0.0, -0.6969 -2.0866 0.0, -2.3031 -2.0866 0.0, -1.6969 -2.0866 0.0, -3.5 -2.0866 0.2362, -3.5 -2.0866 0.9843, -3.126 -2.0866 0.6102, -2.874 -2.0866 0.6102, -2.5476 -2.0866 0.1791, -3.3031 -2.0866 0.0, -2.6969 -2.0866 0.0, -3.874 -2.0866 0.6102, -4.126 -2.0866 0.6102, -4.5 -2.0866 0.9843, -4.5 -2.0866 0.2362, -5.5 -2.0866 0.2362, -5.5 -2.0866 0.9843, -5.126 -2.0866 0.6102, -4.874 -2.0866 0.6102, -4.5476 -2.0866 0.1791, -5.3031 -2.0866 0.0, -4.6969 -2.0866 0.0, -6.5 -2.0866 0.2362, -6.5 -2.0866 0.9843, -6.126 -2.0866 0.6102, -5.874 -2.0866 0.6102, -5.5476 -2.0866 0.1791, -6.3031 -2.0866 0.0, -5.6969 -2.0866 0.0, -7.5 -2.0866 0.2362, -7.5 -2.0866 0.9843, -7.126 -2.0866 0.6102, -6.874 -2.0866 0.6102, -6.5476 -2.0866 0.1791, -7.3031 -2.0866 0.0, -6.6969 -2.0866 0.0, -8.126 -2.0866 0.3583, -8.126 -2.0866 0.6102, -8.313 -2.0866 0.9843, -7.874 -2.0866 0.6102, -7.874 -2.0866 0.3583, -7.5476 -2.0866 0.1791, -8.3031 -2.0866 0.0, -7.6968 -2.0866 0.0, -8.5 -2.0866 0.2362, -8.313 -2.0866 1.9567, -8.5 -2.0866 1.7323, -8.5 -2.0866 0.9843, -7.5 -2.0866 1.7323, -7.6968 -2.0866 1.9685, -7.874 -2.0866 1.6102, -8.3031 -2.0866 1.9685, -8.126 -2.0866 1.6102, -8.126 -2.0866 1.3583, -7.874 -2.0866 1.3583, -7.126 -2.0866 1.6102, -6.874 -2.0866 1.6102, -6.6969 -2.0866 1.9685, -7.3031 -2.0866 1.9685, -7.126 -2.0866 1.3583, -6.874 -2.0866 1.3583, -6.5 -2.0866 1.7323, -6.126 -2.0866 1.6102, -5.874 -2.0866 1.6102, -5.6969 -2.0866 1.9685, -6.3031 -2.0866 1.9685, -6.126 -2.0866 1.3583, -5.874 -2.0866 1.3583, -5.5 -2.0866 1.7323, -5.126 -2.0866 1.6102, -4.874 -2.0866 1.6102, -4.6969 -2.0866 1.9685, -5.3031 -2.0866 1.9685, -5.126 -2.0866 1.3583, -4.874 -2.0866 1.3583, -4.5 -2.0866 1.7323, -4.126 -2.0866 1.6102, -3.874 -2.0866 1.6102, -3.6969 -2.0866 1.9685, -4.3031 -2.0866 1.9685, -4.126 -2.0866 1.3583, -3.874 -2.0866 1.3583, -3.5 -2.0866 1.7323, -3.126 -2.0866 1.6102, -2.874 -2.0866 1.6102, -2.6969 -2.0866 1.9685, -3.3031 -2.0866 1.9685, -3.126 -2.0866 1.3583, -2.874 -2.0866 1.3583, -3.4344 -1.3386 1.811, -2.5656 -1.3386 1.811, -3.5 -1.3386 1.7323, -2.5 -1.3386 1.7323, -2.5 -1.3386 1.7106, -4.4344 -1.3386 1.811, -3.5656 -1.3386 1.811, -4.5 -1.3386 1.7323, -5.4344 -1.3386 1.811, -4.5656 -1.3386 1.811, -5.5 -1.3386 1.7323, -6.4344 -1.3386 1.811, -5.5656 -1.3386 1.811, -6.5 -1.3386 1.7323, -7.4344 -1.3386 1.811, -6.5656 -1.3386 1.811, -7.5 -1.3386 1.7323, -3.5 -1.3386 1.7106, -4.5 -1.3386 1.7106, -5.5 -1.3386 1.7106, -6.5 -1.3386 1.7106, -7.5 -1.3386 1.7106, -8.313 -1.3386 1.7106, -7.5656 -1.3386 1.811, -8.5 -1.3386 1.7106, -8.5 -1.3386 1.7323, -8.313 -1.3386 1.811, -8.4344 -1.3386 1.811, -7.874 -1.3386 0.3583, -7.5656 -1.3386 0.1575, -8.126 -1.3386 0.3583, -8.313 -1.3386 0.1575, -8.126 -1.3386 0.6102, -8.313 -1.3386 0.9843, -7.874 -1.3386 0.6102, -7.5 -1.3386 0.9843, -7.5 -1.3386 0.2362, -7.126 -1.3386 0.3583, -6.874 -1.3386 0.3583, -6.5656 -1.3386 0.1575, -7.4344 -1.3386 0.1575, -7.126 -1.3386 0.6102, -6.874 -1.3386 0.6102, -6.5 -1.3386 0.9843, -6.5 -1.3386 0.2362, -6.126 -1.3386 0.3583, -5.874 -1.3386 0.3583, -5.5656 -1.3386 0.1575, -6.4344 -1.3386 0.1575, -6.126 -1.3386 0.6102, -5.874 -1.3386 0.6102, -5.5 -1.3386 0.9843, -5.5 -1.3386 0.2362, -5.126 -1.3386 0.3583, -4.874 -1.3386 0.3583, -4.5656 -1.3386 0.1575, -5.4344 -1.3386 0.1575, -5.126 -1.3386 0.6102, -4.874 -1.3386 0.6102, -4.5 -1.3386 0.9843, -4.5 -1.3386 0.2362, -4.126 -1.3386 0.3583, -3.874 -1.3386 0.3583, -3.5656 -1.3386 0.1575, -4.4344 -1.3386 0.1575, -4.126 -1.3386 0.6102, -3.874 -1.3386 0.6102, -3.5 -1.3386 0.9843, -3.5 -1.3386 0.2362, -3.126 -1.3386 0.3583, -2.874 -1.3386 0.3583, -2.5656 -1.3386 0.1575, -3.4344 -1.3386 0.1575, -3.126 -1.3386 0.6102, -2.874 -1.3386 0.6102, -2.5 -1.3386 0.9843, -2.5 -1.3386 0.2362, -2.126 -1.3386 0.3583, -1.874 -1.3386 0.3583, -1.5656 -1.3386 0.1575, -1.5 -1.3386 0.2362, -0.874 -1.3386 0.3583, -0.874 -1.3386 0.6102, -0.5 -1.3386 0.9843, -2.4344 -1.3386 0.1575, -2.126 -1.3386 0.6102, -1.874 -1.3386 0.6102, -1.126 -1.3386 0.6102, -0.5 -1.3386 0.2362, -0.5656 -1.3386 0.1575, -1.126 -1.3386 0.3583, -1.4344 -1.3386 0.1575, -0.126 -1.3386 0.3583, 0.126 -1.3386 0.3583, 0.4344 -1.3386 0.1575, -0.4344 -1.3386 0.1575, -0.126 -1.3386 0.6102, 0.126 -1.3386 0.6102, 0.5 -1.3386 0.9843, 0.5 -1.3386 0.2362, 0.874 -1.3386 0.3583, 1.126 -1.3386 0.3583, 1.4344 -1.3386 0.1575, 0.5656 -1.3386 0.1575, 0.874 -1.3386 0.6102, 1.126 -1.3386 0.6102, 1.5 -1.3386 0.9843, 1.5 -1.3386 0.2362, 1.874 -1.3386 0.3583, 2.126 -1.3386 0.3583, 2.4344 -1.3386 0.1575, 1.5656 -1.3386 0.1575, 1.874 -1.3386 0.6102, 2.126 -1.3386 0.6102, 2.5 -1.3386 0.9843, 2.5 -1.3386 0.2362, 2.874 -1.3386 0.3583, 3.126 -1.3386 0.3583, 3.4344 -1.3386 0.1575, 2.5656 -1.3386 0.1575, 2.874 -1.3386 0.6102, 3.126 -1.3386 0.6102, 3.5 -1.3386 0.9843, 3.5 -1.3386 0.2362, 3.874 -1.3386 0.3583, 4.126 -1.3386 0.3583, 4.4344 -1.3386 0.1575, 3.5656 -1.3386 0.1575, 3.874 -1.3386 0.6102, 4.126 -1.3386 0.6102, 4.5 -1.3386 0.9843, 4.5 -1.3386 0.2362, 4.874 -1.3386 0.3583, 5.126 -1.3386 0.3583, 5.4344 -1.3386 0.1575, 4.5656 -1.3386 0.1575, 4.874 -1.3386 0.6102, 5.126 -1.3386 0.6102, 5.5 -1.3386 0.9843, 5.5 -1.3386 0.2362, 5.874 -1.3386 0.3583, 6.126 -1.3386 0.3583, 6.4344 -1.3386 0.1575, 5.5656 -1.3386 0.1575, 5.874 -1.3386 0.6102, 6.126 -1.3386 0.6102, 6.5 -1.3386 0.9843, 6.5 -1.3386 0.2362, 6.874 -1.3386 0.3583, 7.126 -1.3386 0.3583, 7.4344 -1.3386 0.1575, 7.5 -1.3386 0.2362, 8.126 -1.3386 0.3583, 8.126 -1.3386 0.6102, 8.5 -1.3386 0.9843, 6.5656 -1.3386 0.1575, 6.874 -1.3386 0.6102, 7.126 -1.3386 0.6102, 7.874 -1.3386 0.6102, 8.5 -1.3386 0.2362, 8.4344 -1.3386 0.1575, 7.874 -1.3386 0.3583, 7.5656 -1.3386 0.1575, 7.5656 -1.3386 1.811, 8.4344 -1.3386 1.811, 7.5 -1.3386 1.7323, 8.5 -1.3386 1.7323, 8.5 -1.3386 1.7106, 5.5 -1.3386 1.7323, 5.5656 -1.3386 1.811, 6.4344 -1.3386 1.811, 4.5 -1.3386 1.7323, 4.5656 -1.3386 1.811, 5.4344 -1.3386 1.811, 3.5656 -1.3386 1.811, 4.4344 -1.3386 1.811, 3.5 -1.3386 1.7323, 2.5656 -1.3386 1.811, 3.4344 -1.3386 1.811, 2.5 -1.3386 1.7323, 1.5656 -1.3386 1.811, 2.4344 -1.3386 1.811, 1.5 -1.3386 1.7323, 0.5656 -1.3386 1.811, 1.4344 -1.3386 1.811, 0.5 -1.3386 1.7323, -1.4344 -1.3386 1.811, -0.5656 -1.3386 1.811, -1.5 -1.3386 1.7323, -0.5 -1.3386 1.7323, -0.5 -1.3386 1.7106, 0.5 -1.3386 1.7106, -0.4344 -1.3386 1.811, 0.4344 -1.3386 1.811, 1.5 -1.3386 1.7106, 2.5 -1.3386 1.7106, -8.5 -1.3386 0.9843, -8.5 -1.3386 0.2362, -8.4344 -1.3386 0.1575, -7.874 -1.3386 1.6102, -7.874 -1.3386 1.3583, -8.126 -1.3386 1.3583, -8.126 -1.3386 1.6102, -6.874 -1.3386 1.6102, -6.874 -1.3386 1.3583, -7.126 -1.3386 1.3583, -7.126 -1.3386 1.6102, -5.874 -1.3386 1.6102, -5.874 -1.3386 1.3583, -6.126 -1.3386 1.3583, -6.126 -1.3386 1.6102, -4.874 -1.3386 1.6102, -4.874 -1.3386 1.3583, -5.126 -1.3386 1.3583, -5.126 -1.3386 1.6102, -3.874 -1.3386 1.6102, -3.874 -1.3386 1.3583, -4.126 -1.3386 1.3583, -4.126 -1.3386 1.6102, -2.874 -1.3386 1.6102, -2.874 -1.3386 1.3583, -3.126 -1.3386 1.3583, -3.126 -1.3386 1.6102, -0.874 -1.3386 1.6102, -0.874 -1.3386 1.3583, -1.126 -1.3386 1.3583, -2.4344 -1.3386 1.811, -1.5656 -1.3386 1.811, -1.126 -1.3386 1.6102, -1.874 -1.3386 1.3583, -1.874 -1.3386 1.6102, -2.126 -1.3386 1.6102, -2.126 -1.3386 1.3583, 0.126 -1.3386 1.6102, 0.126 -1.3386 1.3583, -0.126 -1.3386 1.3583, -0.126 -1.3386 1.6102, 1.126 -1.3386 1.6102, 1.126 -1.3386 1.3583, 0.874 -1.3386 1.3583, 0.874 -1.3386 1.6102, 2.126 -1.3386 1.6102, 2.126 -1.3386 1.3583, 1.874 -1.3386 1.3583, 1.874 -1.3386 1.6102, 4.5 -1.3386 1.7106, 3.5 -1.3386 1.7106, 2.874 -1.3386 1.6102, 2.874 -1.3386 1.3583, 3.126 -1.3386 1.3583, 3.126 -1.3386 1.6102, 4.126 -1.3386 1.6102, 4.126 -1.3386 1.3583, 3.874 -1.3386 1.3583, 3.874 -1.3386 1.6102, 6.5 -1.3386 1.7323, 5.5 -1.3386 1.7106, 4.874 -1.3386 1.6102, 4.874 -1.3386 1.3583, 5.126 -1.3386 1.3583, 5.126 -1.3386 1.6102, 6.5 -1.3386 1.7106, 5.874 -1.3386 1.6102, 5.874 -1.3386 1.3583, 6.126 -1.3386 1.3583, 6.126 -1.3386 1.6102, 8.126 -1.3386 1.6102, 8.126 -1.3386 1.3583, 7.874 -1.3386 1.3583, 6.5656 -1.3386 1.811, 7.4344 -1.3386 1.811, 7.874 -1.3386 1.6102, 7.126 -1.3386 1.3583, 7.126 -1.3386 1.6102, 6.874 -1.3386 1.6102, 6.874 -1.3386 1.3583, -1.6969 -1.1024 0.0, -2.3031 -1.1024 0.0, -1.5656 -1.1024 0.1575, -2.4344 -1.1024 0.1575, -2.6969 -1.1024 0.0, -3.3031 -1.1024 0.0, -2.5656 -1.1024 0.1575, -3.4344 -1.1024 0.1575, 0.3031 -1.1024 0.0, -0.3031 -1.1024 0.0, 0.4344 -1.1024 0.1575, -0.4344 -1.1024 0.1575, -1.4344 -1.1024 0.1575, -0.5656 -1.1024 0.1575, -1.3031 -1.1024 0.0, -0.6969 -1.1024 0.0, -5.6969 -1.1024 0.0, -6.3031 -1.1024 0.0, -5.5656 -1.1024 0.1575, -6.4344 -1.1024 0.1575, -6.6969 -1.1024 0.0, -7.3031 -1.1024 0.0, -6.5656 -1.1024 0.1575, -7.4344 -1.1024 0.1575, -3.5656 -1.1024 0.1575, -4.4344 -1.1024 0.1575, -5.4344 -1.1024 0.1575, -4.5656 -1.1024 0.1575, -5.3031 -1.1024 0.0, -4.6969 -1.1024 0.0, 6.3031 -1.1024 0.0, 5.6969 -1.1024 0.0, 6.4344 -1.1024 0.1575, 5.5656 -1.1024 0.1575, 5.3031 -1.1024 0.0, 4.6969 -1.1024 0.0, 5.4344 -1.1024 0.1575, 4.5656 -1.1024 0.1575, 6.5656 -1.1024 0.1575, 7.4344 -1.1024 0.1575, 6.6969 -1.1024 0.0, 7.3031 -1.1024 0.0, 2.3031 -1.1024 0.0, 1.6969 -1.1024 0.0, 2.4344 -1.1024 0.1575, 1.5656 -1.1024 0.1575, 0.5656 -1.1024 0.1575, 1.4344 -1.1024 0.1575, 0.6969 -1.1024 0.0, 1.3031 -1.1024 0.0, 4.3031 -1.1024 0.0, 3.6969 -1.1024 0.0, 4.4344 -1.1024 0.1575, 3.5656 -1.1024 0.1575, 2.5656 -1.1024 0.1575, 3.4344 -1.1024 0.1575, 2.6969 -1.1024 0.0, 3.3031 -1.1024 0.0, -1.5656 -1.1024 1.811, -2.4344 -1.1024 1.811, -1.6969 -1.1024 1.9685, -2.3031 -1.1024 1.9685, -2.5656 -1.1024 1.811, -3.4344 -1.1024 1.811, -2.6969 -1.1024 1.9685, -3.3031 -1.1024 1.9685, 0.4344 -1.1024 1.811, -0.4344 -1.1024 1.811, 0.3031 -1.1024 1.9685, -0.3031 -1.1024 1.9685, -1.3031 -1.1024 1.9685, -0.6969 -1.1024 1.9685, -1.4344 -1.1024 1.811, -0.5656 -1.1024 1.811, -5.5656 -1.1024 1.811, -6.4344 -1.1024 1.811, -5.6969 -1.1024 1.9685, -6.3031 -1.1024 1.9685, -6.5656 -1.1024 1.811, -7.4344 -1.1024 1.811, -6.6969 -1.1024 1.9685, -7.3031 -1.1024 1.9685, -3.5656 -1.1024 1.811, -4.4344 -1.1024 1.811, -3.6969 -1.1024 1.9685, -4.3031 -1.1024 1.9685, -5.3031 -1.1024 1.9685, -4.6969 -1.1024 1.9685, -5.4344 -1.1024 1.811, -4.5656 -1.1024 1.811, 6.4344 -1.1024 1.811, 5.5656 -1.1024 1.811, 6.3031 -1.1024 1.9685, 5.6969 -1.1024 1.9685, 5.4344 -1.1024 1.811, 4.5656 -1.1024 1.811, 5.3031 -1.1024 1.9685, 4.6969 -1.1024 1.9685, 6.6969 -1.1024 1.9685, 7.3031 -1.1024 1.9685, 6.5656 -1.1024 1.811, 7.4344 -1.1024 1.811, 2.4344 -1.1024 1.811, 1.5656 -1.1024 1.811, 2.3031 -1.1024 1.9685, 1.6969 -1.1024 1.9685, 0.6969 -1.1024 1.9685, 1.3031 -1.1024 1.9685, 0.5656 -1.1024 1.811, 1.4344 -1.1024 1.811, 4.4344 -1.1024 1.811, 3.5656 -1.1024 1.811, 4.3031 -1.1024 1.9685, 3.6969 -1.1024 1.9685, 2.6969 -1.1024 1.9685, 3.3031 -1.1024 1.9685, 2.5656 -1.1024 1.811, 3.4344 -1.1024 1.811, 8.3031 -1.1024 0.0, 7.6968 -1.1024 0.0, 8.4344 -1.1024 0.1575, 7.5656 -1.1024 0.1575, -7.5656 -1.1024 1.811, -8.4344 -1.1024 1.811, -7.6968 -1.1024 1.9685, -8.3031 -1.1024 1.9685, -8.4344 -1.1024 0.1575, -7.5656 -1.1024 0.1575, -8.3031 -1.1024 0.0, -7.6968 -1.1024 0.0, 8.4344 -1.1024 1.811, 7.5656 -1.1024 1.811, 8.3031 -1.1024 1.9685, 7.6968 -1.1024 1.9685
            ]
        }
        coordIndex [
            0,1,2,-1,3,4,5,-1,6,7,8,-1,9,10,5,-1,5,10,11,-1,5,11,3,-1,12,13,14,-1,15,16,10,-1,17,18,19,-1,16,20,10,-1,10,20,14,-1,10,14,0,-1,0,14,13,-1,0,13,1,-1,4,3,19,-1,19,3,21,-1,19,21,17,-1,7,22,8,-1,8,22,23,-1,8,23,24,-1,14,25,12,-1,12,25,26,-1,12,26,27,-1,27,26,28,-1,27,28,29,-1,29,28,30,-1,24,31,8,-1,8,31,32,-1,8,32,33,-1,34,35,36,-1,36,35,37,-1,36,37,38,-1,6,8,28,-1,28,8,39,-1,28,39,30,-1,33,40,8,-1,8,40,36,-1,8,36,41,-1,41,36,38,-1,42,43,44,-1,44,43,45,-1,44,45,9,-1,9,45,46,-1,9,46,47,-1,18,48,19,-1,19,48,49,-1,19,49,42,-1,42,49,50,-1,42,50,43,-1,51,52,10,-1,10,52,53,-1,10,53,15,-1,47,54,9,-1,9,54,55,-1,9,55,10,-1,10,55,56,-1,10,56,51,-1,57,58,59,-1,59,58,0,-1,59,0,60,-1,60,0,2,-1,3,61,21,-1,21,61,58,-1,21,58,62,-1,62,58,57,-1,63,64,65,-1,66,67,68,-1,69,70,65,-1,65,70,71,-1,65,71,63,-1,63,71,66,-1,63,66,72,-1,72,66,68,-1,73,10,74,-1,74,10,75,-1,76,77,78,-1,78,77,79,-1,78,79,80,-1,63,75,64,-1,64,75,10,-1,64,10,81,-1,81,10,0,-1,81,0,82,-1,82,0,83,-1,84,85,86,-1,87,78,0,-1,73,85,10,-1,10,85,84,-1,10,84,88,-1,88,84,89,-1,88,89,90,-1,90,89,91,-1,90,91,92,-1,72,83,63,-1,63,83,0,-1,63,0,93,-1,93,0,78,-1,93,78,94,-1,94,78,80,-1,86,95,84,-1,84,95,96,-1,84,96,97,-1,97,98,84,-1,84,98,99,-1,84,99,78,-1,78,99,100,-1,78,100,76,-1,58,101,0,-1,0,101,90,-1,0,90,87,-1,87,90,92,-1,87,92,102,-1,102,92,103,-1,104,105,106,-1,107,108,109,-1,110,111,112,-1,113,114,115,-1,3,11,116,-1,117,118,119,-1,120,121,122,-1,123,124,125,-1,126,127,128,-1,129,130,131,-1,132,133,134,-1,135,136,137,-1,138,139,140,-1,141,142,143,-1,144,145,146,-1,147,148,149,-1,149,148,150,-1,149,150,151,-1,152,153,147,-1,147,153,154,-1,147,154,148,-1,155,156,157,-1,157,156,158,-1,157,158,159,-1,159,158,160,-1,159,160,161,-1,161,160,162,-1,162,160,163,-1,162,163,156,-1,164,165,166,-1,166,167,164,-1,164,167,161,-1,164,161,168,-1,168,161,162,-1,168,162,169,-1,169,162,170,-1,169,170,165,-1,165,170,171,-1,165,171,166,-1,172,173,174,-1,174,175,172,-1,172,175,171,-1,172,171,176,-1,176,171,170,-1,176,170,177,-1,177,170,178,-1,177,178,173,-1,173,178,179,-1,173,179,174,-1,180,181,182,-1,182,183,180,-1,180,183,179,-1,180,179,184,-1,184,179,178,-1,184,178,185,-1,185,178,186,-1,185,186,181,-1,181,186,187,-1,181,187,182,-1,188,189,190,-1,190,191,188,-1,188,191,187,-1,188,187,192,-1,192,187,186,-1,192,186,193,-1,193,186,194,-1,193,194,189,-1,189,194,195,-1,189,195,190,-1,196,197,198,-1,198,199,196,-1,196,199,195,-1,196,195,200,-1,200,195,194,-1,200,194,201,-1,201,194,202,-1,201,202,197,-1,197,202,203,-1,197,203,198,-1,204,205,206,-1,206,207,204,-1,204,207,203,-1,204,203,208,-1,208,203,202,-1,208,202,209,-1,209,202,210,-1,209,210,205,-1,205,210,211,-1,205,211,206,-1,212,213,214,-1,214,215,212,-1,212,215,211,-1,212,211,216,-1,216,211,210,-1,216,210,217,-1,217,210,218,-1,217,218,213,-1,213,218,219,-1,213,219,214,-1,220,221,222,-1,223,224,225,-1,222,226,220,-1,220,226,227,-1,220,227,228,-1,228,227,229,-1,228,229,223,-1,223,229,230,-1,223,230,224,-1,224,230,231,-1,224,231,232,-1,221,223,222,-1,222,223,225,-1,222,225,218,-1,218,225,233,-1,218,233,219,-1,219,233,232,-1,219,232,234,-1,234,232,231,-1,235,236,237,-1,238,239,240,-1,240,239,235,-1,241,218,236,-1,236,218,242,-1,236,242,237,-1,146,145,238,-1,238,145,243,-1,238,243,239,-1,241,239,218,-1,218,239,243,-1,218,243,222,-1,222,243,244,-1,222,244,245,-1,245,244,144,-1,245,144,246,-1,144,146,246,-1,246,146,247,-1,246,247,248,-1,235,237,240,-1,240,237,249,-1,240,249,250,-1,143,142,251,-1,251,142,210,-1,210,142,252,-1,210,252,218,-1,218,252,253,-1,218,253,242,-1,242,253,141,-1,242,141,254,-1,141,143,254,-1,254,143,255,-1,254,255,256,-1,140,139,257,-1,257,139,202,-1,202,139,258,-1,202,258,210,-1,210,258,259,-1,210,259,251,-1,251,259,138,-1,251,138,260,-1,138,140,260,-1,260,140,261,-1,260,261,262,-1,137,136,263,-1,263,136,194,-1,194,136,264,-1,194,264,202,-1,202,264,265,-1,202,265,257,-1,257,265,135,-1,257,135,266,-1,135,137,266,-1,266,137,267,-1,266,267,268,-1,134,133,269,-1,269,133,186,-1,186,133,270,-1,186,270,194,-1,194,270,271,-1,194,271,263,-1,263,271,132,-1,263,132,272,-1,132,134,272,-1,272,134,273,-1,272,273,274,-1,131,130,275,-1,275,130,178,-1,178,130,276,-1,178,276,186,-1,186,276,277,-1,186,277,269,-1,269,277,129,-1,269,129,278,-1,129,131,278,-1,278,131,279,-1,278,279,280,-1,128,127,281,-1,281,127,170,-1,170,127,282,-1,170,282,178,-1,178,282,283,-1,178,283,275,-1,275,283,126,-1,275,126,284,-1,126,128,284,-1,284,128,285,-1,284,285,286,-1,125,124,287,-1,287,124,162,-1,162,124,288,-1,162,288,170,-1,170,288,289,-1,170,289,281,-1,281,289,123,-1,281,123,290,-1,123,125,290,-1,290,125,291,-1,290,291,292,-1,293,294,295,-1,296,297,298,-1,298,297,299,-1,298,299,300,-1,301,150,294,-1,294,150,302,-1,294,302,295,-1,301,303,150,-1,150,303,162,-1,150,162,151,-1,151,162,156,-1,151,156,152,-1,152,156,155,-1,152,155,153,-1,303,293,304,-1,304,297,303,-1,303,297,296,-1,303,296,162,-1,162,296,305,-1,162,305,287,-1,287,305,300,-1,287,300,306,-1,300,299,306,-1,306,299,307,-1,306,307,308,-1,293,295,304,-1,304,295,309,-1,304,309,310,-1,122,121,311,-1,311,121,312,-1,312,121,313,-1,312,313,150,-1,150,313,314,-1,150,314,302,-1,302,314,120,-1,302,120,315,-1,120,122,315,-1,315,122,316,-1,315,316,317,-1,61,3,119,-1,119,3,116,-1,119,116,117,-1,117,116,311,-1,117,311,318,-1,318,311,312,-1,318,312,319,-1,319,312,320,-1,319,320,118,-1,118,320,321,-1,118,321,119,-1,115,114,322,-1,322,114,323,-1,323,114,324,-1,323,324,320,-1,320,324,325,-1,320,325,321,-1,321,325,113,-1,321,113,326,-1,113,115,326,-1,326,115,327,-1,326,327,328,-1,112,111,329,-1,329,111,330,-1,330,111,331,-1,330,331,323,-1,323,331,332,-1,323,332,322,-1,322,332,110,-1,322,110,333,-1,110,112,333,-1,333,112,334,-1,333,334,335,-1,109,108,336,-1,336,108,337,-1,337,108,338,-1,337,338,330,-1,330,338,339,-1,330,339,329,-1,329,339,107,-1,329,107,340,-1,107,109,340,-1,340,109,341,-1,340,341,342,-1,343,344,345,-1,345,344,337,-1,337,344,346,-1,337,346,336,-1,336,346,347,-1,336,347,348,-1,349,350,104,-1,104,350,348,-1,104,348,105,-1,105,348,347,-1,105,347,343,-1,343,345,105,-1,105,345,351,-1,105,351,106,-1,352,353,345,-1,345,353,354,-1,345,354,351,-1,355,356,357,-1,357,356,358,-1,357,358,359,-1,359,358,352,-1,359,352,360,-1,360,352,345,-1,360,345,361,-1,361,345,337,-1,361,337,357,-1,357,337,355,-1,362,363,364,-1,364,365,362,-1,362,365,355,-1,362,355,366,-1,366,355,337,-1,366,337,367,-1,367,337,330,-1,367,330,363,-1,363,330,368,-1,363,368,364,-1,369,370,371,-1,371,372,369,-1,369,372,368,-1,369,368,373,-1,373,368,330,-1,373,330,374,-1,374,330,323,-1,374,323,370,-1,370,323,375,-1,370,375,371,-1,376,377,378,-1,378,379,376,-1,376,379,375,-1,376,375,380,-1,380,375,323,-1,380,323,381,-1,381,323,320,-1,381,320,377,-1,377,320,382,-1,377,382,378,-1,383,384,385,-1,385,386,383,-1,383,386,382,-1,383,382,387,-1,387,382,320,-1,387,320,388,-1,388,320,312,-1,388,312,384,-1,384,312,389,-1,384,389,385,-1,390,391,392,-1,392,393,390,-1,390,393,389,-1,390,389,394,-1,394,389,312,-1,394,312,395,-1,395,312,150,-1,395,150,391,-1,391,150,148,-1,391,148,392,-1,396,397,398,-1,398,397,399,-1,398,399,400,-1,401,402,403,-1,403,402,398,-1,404,405,406,-1,406,405,403,-1,407,408,409,-1,409,408,406,-1,410,411,412,-1,412,411,409,-1,400,413,398,-1,398,413,414,-1,398,414,403,-1,403,414,415,-1,403,415,406,-1,406,415,416,-1,406,416,409,-1,409,416,417,-1,409,417,412,-1,412,417,418,-1,412,418,419,-1,418,420,421,-1,419,418,422,-1,422,418,421,-1,422,421,423,-1,424,425,426,-1,426,425,427,-1,426,427,428,-1,428,427,429,-1,428,429,430,-1,430,429,431,-1,430,431,424,-1,424,431,432,-1,424,432,425,-1,433,434,435,-1,435,436,433,-1,433,436,432,-1,433,432,437,-1,437,432,431,-1,437,431,438,-1,438,431,439,-1,438,439,434,-1,434,439,440,-1,434,440,435,-1,441,442,443,-1,443,444,441,-1,441,444,440,-1,441,440,445,-1,445,440,439,-1,445,439,446,-1,446,439,447,-1,446,447,442,-1,442,447,448,-1,442,448,443,-1,449,450,451,-1,451,452,449,-1,449,452,448,-1,449,448,453,-1,453,448,447,-1,453,447,454,-1,454,447,455,-1,454,455,450,-1,450,455,456,-1,450,456,451,-1,457,458,459,-1,459,460,457,-1,457,460,456,-1,457,456,461,-1,461,456,455,-1,461,455,462,-1,462,455,463,-1,462,463,458,-1,458,463,464,-1,458,464,459,-1,465,466,467,-1,467,468,465,-1,465,468,464,-1,465,464,469,-1,469,464,463,-1,469,463,470,-1,470,463,471,-1,470,471,466,-1,466,471,472,-1,466,472,467,-1,473,474,475,-1,475,474,476,-1,477,478,479,-1,475,480,473,-1,473,480,472,-1,473,472,481,-1,481,472,471,-1,481,471,482,-1,482,471,483,-1,479,484,477,-1,477,484,485,-1,477,485,486,-1,486,485,487,-1,486,487,483,-1,483,487,476,-1,483,476,482,-1,482,476,474,-1,488,489,490,-1,490,491,488,-1,488,491,484,-1,488,484,492,-1,492,484,479,-1,492,479,493,-1,493,479,494,-1,493,494,489,-1,489,494,495,-1,489,495,490,-1,496,497,498,-1,498,499,496,-1,496,499,495,-1,496,495,500,-1,500,495,494,-1,500,494,501,-1,501,494,502,-1,501,502,497,-1,497,502,503,-1,497,503,498,-1,504,505,506,-1,506,507,504,-1,504,507,503,-1,504,503,508,-1,508,503,502,-1,508,502,509,-1,509,502,510,-1,509,510,505,-1,505,510,511,-1,505,511,506,-1,512,513,514,-1,514,515,512,-1,512,515,511,-1,512,511,516,-1,516,511,510,-1,516,510,517,-1,517,510,518,-1,517,518,513,-1,513,518,519,-1,513,519,514,-1,520,521,522,-1,522,523,520,-1,520,523,519,-1,520,519,524,-1,524,519,518,-1,524,518,525,-1,525,518,526,-1,525,526,521,-1,521,526,527,-1,521,527,522,-1,528,529,530,-1,530,531,528,-1,528,531,527,-1,528,527,532,-1,532,527,526,-1,532,526,533,-1,533,526,534,-1,533,534,529,-1,529,534,535,-1,529,535,530,-1,536,537,538,-1,538,539,536,-1,536,539,535,-1,536,535,540,-1,540,535,534,-1,540,534,541,-1,541,534,542,-1,541,542,537,-1,537,542,543,-1,537,543,538,-1,544,545,546,-1,546,545,547,-1,548,549,550,-1,546,551,544,-1,544,551,543,-1,544,543,552,-1,552,543,542,-1,552,542,553,-1,553,542,554,-1,550,555,548,-1,548,555,556,-1,548,556,557,-1,557,556,558,-1,557,558,554,-1,554,558,547,-1,554,547,553,-1,553,547,545,-1,559,560,561,-1,561,560,562,-1,561,562,563,-1,564,565,566,-1,567,568,569,-1,570,571,572,-1,572,571,567,-1,573,574,575,-1,575,574,572,-1,576,577,578,-1,578,577,575,-1,579,580,581,-1,581,580,578,-1,582,583,584,-1,584,583,585,-1,584,585,586,-1,586,585,587,-1,588,589,585,-1,585,589,581,-1,585,581,587,-1,587,581,578,-1,587,578,590,-1,590,578,575,-1,590,575,591,-1,591,575,572,-1,420,418,592,-1,592,418,429,-1,592,429,593,-1,593,429,427,-1,593,427,594,-1,595,417,596,-1,596,417,431,-1,596,431,597,-1,597,431,429,-1,597,429,598,-1,598,429,418,-1,598,418,595,-1,595,418,417,-1,599,416,600,-1,600,416,439,-1,600,439,601,-1,601,439,431,-1,601,431,602,-1,602,431,417,-1,602,417,599,-1,599,417,416,-1,603,415,604,-1,604,415,447,-1,604,447,605,-1,605,447,439,-1,605,439,606,-1,606,439,416,-1,606,416,603,-1,603,416,415,-1,607,414,608,-1,608,414,455,-1,608,455,609,-1,609,455,447,-1,609,447,610,-1,610,447,415,-1,610,415,607,-1,607,415,414,-1,611,413,612,-1,612,413,463,-1,612,463,613,-1,613,463,455,-1,613,455,614,-1,614,455,414,-1,614,414,611,-1,611,414,413,-1,615,400,616,-1,616,400,471,-1,616,471,617,-1,617,471,463,-1,617,463,618,-1,618,463,413,-1,618,413,615,-1,615,413,400,-1,619,586,620,-1,620,586,479,-1,620,479,621,-1,622,623,399,-1,399,623,584,-1,399,584,400,-1,400,584,586,-1,400,586,624,-1,624,586,619,-1,478,483,479,-1,479,483,471,-1,479,471,621,-1,621,471,625,-1,621,625,624,-1,624,625,626,-1,624,626,400,-1,400,626,627,-1,400,627,471,-1,471,627,628,-1,471,628,625,-1,629,587,630,-1,630,587,494,-1,630,494,631,-1,631,494,479,-1,631,479,632,-1,632,479,586,-1,632,586,629,-1,629,586,587,-1,633,590,634,-1,634,590,502,-1,634,502,635,-1,635,502,494,-1,635,494,636,-1,636,494,587,-1,636,587,633,-1,633,587,590,-1,637,591,638,-1,638,591,510,-1,638,510,639,-1,639,510,502,-1,639,502,640,-1,640,502,590,-1,640,590,637,-1,637,590,591,-1,569,564,567,-1,567,564,641,-1,567,641,572,-1,572,641,642,-1,572,642,591,-1,591,642,643,-1,591,643,510,-1,510,643,644,-1,510,644,518,-1,518,644,645,-1,518,645,642,-1,642,645,646,-1,642,646,643,-1,647,641,648,-1,648,641,526,-1,648,526,649,-1,649,526,518,-1,649,518,650,-1,650,518,642,-1,650,642,647,-1,647,642,641,-1,566,651,564,-1,564,651,652,-1,564,652,641,-1,641,652,653,-1,641,653,526,-1,526,653,654,-1,526,654,534,-1,534,654,655,-1,534,655,652,-1,652,655,656,-1,652,656,653,-1,651,657,652,-1,652,657,658,-1,652,658,534,-1,534,658,659,-1,534,659,542,-1,542,659,660,-1,542,660,657,-1,657,660,661,-1,657,661,658,-1,662,563,663,-1,663,563,550,-1,663,550,664,-1,665,666,651,-1,651,666,561,-1,651,561,657,-1,657,561,563,-1,657,563,667,-1,667,563,662,-1,549,554,550,-1,550,554,542,-1,550,542,664,-1,664,542,668,-1,664,668,667,-1,667,668,669,-1,667,669,657,-1,657,669,670,-1,657,670,542,-1,542,670,671,-1,542,671,668,-1,672,673,674,-1,674,673,675,-1,676,677,678,-1,678,677,679,-1,680,681,682,-1,682,681,683,-1,684,685,686,-1,686,685,687,-1,688,689,690,-1,690,689,691,-1,692,693,694,-1,694,693,695,-1,696,88,697,-1,697,88,90,-1,697,90,101,-1,698,699,700,-1,700,699,701,-1,702,703,704,-1,704,703,705,-1,706,707,708,-1,708,707,709,-1,710,711,712,-1,712,711,713,-1,714,715,716,-1,716,715,717,-1,718,719,720,-1,720,719,721,-1,722,723,724,-1,724,723,725,-1,726,727,728,-1,728,727,729,-1,310,309,672,-1,672,309,673,-1,317,316,676,-1,676,316,677,-1,292,291,680,-1,680,291,681,-1,686,687,307,-1,307,687,308,-1,335,334,688,-1,688,334,689,-1,342,341,692,-1,692,341,693,-1,700,701,327,-1,327,701,328,-1,256,255,702,-1,702,255,703,-1,262,261,706,-1,706,261,707,-1,712,713,249,-1,249,713,250,-1,280,279,714,-1,714,279,715,-1,720,721,285,-1,285,721,286,-1,268,267,722,-1,722,267,723,-1,728,729,273,-1,273,729,274,-1,674,675,475,-1,475,675,480,-1,678,679,467,-1,467,679,468,-1,682,683,490,-1,490,683,491,-1,487,485,684,-1,684,485,685,-1,690,691,443,-1,443,691,444,-1,694,695,435,-1,435,695,436,-1,696,697,459,-1,459,697,460,-1,452,451,698,-1,698,451,699,-1,704,705,538,-1,538,705,539,-1,708,709,530,-1,530,709,531,-1,551,546,710,-1,710,546,711,-1,716,717,506,-1,506,717,507,-1,499,498,718,-1,718,498,719,-1,724,725,522,-1,522,725,523,-1,515,514,726,-1,726,514,727,-1,730,731,732,-1,732,731,733,-1,734,735,736,-1,736,735,737,-1,738,739,740,-1,740,739,741,-1,742,743,744,-1,744,743,745,-1,746,747,748,-1,748,747,749,-1,750,751,752,-1,752,751,753,-1,754,755,756,-1,756,755,757,-1,758,759,760,-1,760,759,761,-1,762,763,764,-1,764,763,765,-1,766,767,768,-1,768,767,769,-1,770,771,772,-1,772,771,773,-1,774,775,776,-1,776,775,777,-1,778,779,780,-1,780,779,781,-1,782,783,784,-1,784,783,785,-1,786,787,788,-1,788,787,789,-1,733,154,732,-1,732,154,153,-1,737,393,736,-1,736,393,392,-1,741,167,740,-1,740,167,166,-1,159,743,157,-1,157,743,742,-1,749,372,748,-1,748,372,371,-1,753,365,752,-1,752,365,364,-1,757,386,756,-1,756,386,385,-1,378,759,379,-1,379,759,758,-1,765,215,764,-1,764,215,214,-1,769,207,768,-1,768,207,206,-1,231,771,234,-1,234,771,770,-1,777,183,776,-1,776,183,182,-1,174,779,175,-1,175,779,778,-1,785,199,784,-1,784,199,198,-1,190,787,191,-1,191,787,786,-1,623,622,730,-1,730,622,731,-1,397,396,734,-1,734,396,735,-1,589,588,738,-1,738,588,739,-1,744,745,582,-1,582,745,583,-1,408,407,746,-1,746,407,747,-1,411,410,750,-1,750,410,751,-1,402,401,754,-1,754,401,755,-1,760,761,404,-1,404,761,405,-1,566,565,762,-1,762,565,763,-1,569,568,766,-1,766,568,767,-1,772,773,665,-1,665,773,666,-1,577,576,774,-1,774,576,775,-1,780,781,579,-1,579,781,580,-1,571,570,782,-1,782,570,783,-1,788,789,573,-1,573,789,574,-1,790,791,792,-1,792,791,793,-1,794,795,796,-1,796,795,797,-1,797,358,796,-1,796,358,356,-1,248,247,790,-1,790,247,791,-1,792,793,556,-1,556,793,558,-1,419,423,794,-1,794,423,795,-1,798,799,800,-1,800,799,801,-1,245,555,222,-1,222,555,550,-1,222,550,226,-1,226,550,563,-1,226,563,562,-1,802,803,804,-1,804,803,805,-1,351,353,593,-1,593,353,421,-1,805,229,804,-1,804,229,227,-1,800,801,349,-1,349,801,350,-1,594,425,798,-1,798,425,799,-1,560,559,802,-1,802,559,803,-1,797,795,423,-1,421,353,423,-1,423,353,358,-1,423,358,797,-1,794,796,419,-1,419,796,356,-1,419,356,412,-1,412,356,355,-1,350,801,425,-1,425,801,799,-1,350,425,348,-1,348,425,432,-1,348,432,336,-1,798,800,594,-1,594,800,349,-1,594,349,593,-1,593,349,351,-1,
        ]
    }
}
Shape{
    appearance Appearance {
        material  Material 	{
            diffuseColor 0.7529411764705882 0.7529411764705882 0.7529411764705882
            specularColor 0.3764705882352941 0.3764705882352941 0.3764705882352941
            ambientIntensity 0.7529
            transparency 0.0
            shininess 0.5
        }
    }
    geometry IndexedFaceSet {
        ccw TRUE
        solid FALSE
        coord DEF co Coordinate {
            point [
                -8.126 -0.4488 0.6102, -7.874 -0.4488 0.6102, -7.874 -0.4187 0.6042, -8.126 -0.4187 0.6042, -7.874 -0.3931 0.5872, -8.126 -0.3931 0.5872, -7.874 -0.3761 0.5616, -8.126 -0.3761 0.5616, -7.874 -0.3701 0.5315, -8.126 -0.3701 0.5315, -8.126 -0.3701 -1.1024, -7.874 -0.3701 -1.1024, -8.126 -0.4488 -1.1811, -7.874 -0.4488 -1.1811, -8.126 -0.5433 -1.1811, -7.874 -0.5433 -1.1811, -8.126 -0.622 -1.1024, -7.874 -0.622 -1.1024, -8.126 -0.622 0.2795, -7.874 -0.622 0.2795, -8.126 -0.628 0.3097, -7.874 -0.628 0.3097, -8.126 -0.6451 0.3352, -7.874 -0.6451 0.3352, -8.126 -0.6707 0.3523, -7.874 -0.6707 0.3523, -8.126 -0.7008 0.3583, -7.874 -0.7008 0.3583, -7.874 -1.3386 0.6102, -7.874 -1.3386 0.3583, -8.126 -1.3386 0.3583, -8.126 -1.3386 0.6102, -7.874 -2.0866 0.3583, -7.874 -4.3701 0.3583, -8.126 -2.0866 0.3583, -8.126 -4.3701 0.3583, -8.126 -2.0866 0.6102, -8.126 -4.3701 0.6102, -7.874 -2.0866 0.6102, -7.874 -4.3701 0.6102, -8.126 -4.4488 0.437, -8.126 -4.4488 0.5315, -7.874 -4.4488 0.5315, -7.874 -4.4488 0.437, -8.126 0.5512 1.6102, -7.874 0.5512 1.6102, -7.874 0.5813 1.6042, -8.126 0.5813 1.6042, -7.874 0.6069 1.5872, -8.126 0.6069 1.5872, -7.874 0.6239 1.5616, -8.126 0.6239 1.5616, -7.874 0.6299 1.5315, -8.126 0.6299 1.5315, -8.126 0.6299 -1.1024, -7.874 0.6299 -1.1024, -8.126 0.5512 -1.1811, -7.874 0.5512 -1.1811, -8.126 0.4567 -1.1811, -7.874 0.4567 -1.1811, -8.126 0.378 -1.1024, -7.874 0.378 -1.1024, -8.126 0.378 1.2795, -7.874 0.378 1.2795, -8.126 0.372 1.3097, -7.874 0.372 1.3097, -8.126 0.3549 1.3352, -7.874 0.3549 1.3352, -8.126 0.3293 1.3523, -7.874 0.3293 1.3523, -8.126 0.2992 1.3583, -7.874 0.2992 1.3583, -7.874 -1.3386 1.6102, -7.874 -1.3386 1.3583, -8.126 -1.3386 1.3583, -8.126 -1.3386 1.6102, -7.874 -2.0866 1.3583, -7.874 -4.3701 1.3583, -8.126 -2.0866 1.3583, -8.126 -4.3701 1.3583, -8.126 -2.0866 1.6102, -8.126 -4.3701 1.6102, -7.874 -2.0866 1.6102, -7.874 -4.3701 1.6102, -8.126 -4.4488 1.437, -8.126 -4.4488 1.5315, -7.874 -4.4488 1.5315, -7.874 -4.4488 1.437
            ]
        }
        coordIndex [
            0,1,2,-1,0,2,3,-1,3,2,4,-1,3,4,5,-1,5,4,6,-1,5,6,7,-1,7,6,8,-1,7,8,9,-1,10,9,11,-1,11,9,8,-1,12,10,13,-1,13,10,11,-1,14,12,15,-1,15,12,13,-1,16,14,17,-1,17,14,15,-1,18,16,19,-1,19,16,17,-1,18,19,20,-1,20,19,21,-1,20,21,22,-1,22,21,23,-1,22,23,24,-1,24,23,25,-1,24,25,26,-1,26,25,27,-1,1,28,29,-1,29,27,1,-1,1,27,25,-1,1,25,2,-1,2,25,23,-1,15,13,17,-1,17,13,11,-1,17,11,19,-1,19,11,8,-1,19,8,21,-1,21,8,6,-1,21,6,23,-1,23,6,4,-1,23,4,2,-1,22,7,20,-1,20,7,9,-1,20,9,18,-1,30,31,26,-1,26,31,0,-1,26,0,24,-1,24,0,3,-1,24,3,22,-1,22,3,5,-1,22,5,7,-1,14,16,12,-1,12,16,18,-1,12,18,10,-1,10,18,9,-1,28,1,31,-1,31,1,0,-1,30,26,29,-1,29,26,27,-1,32,33,34,-1,34,33,35,-1,36,37,38,-1,38,37,39,-1,40,41,35,-1,35,41,37,-1,35,37,34,-1,34,37,36,-1,42,43,39,-1,39,43,33,-1,39,33,38,-1,38,33,32,-1,40,35,43,-1,43,35,33,-1,41,40,42,-1,42,40,43,-1,37,41,39,-1,39,41,42,-1,44,45,46,-1,44,46,47,-1,47,46,48,-1,47,48,49,-1,49,48,50,-1,49,50,51,-1,51,50,52,-1,51,52,53,-1,54,53,55,-1,55,53,52,-1,56,54,57,-1,57,54,55,-1,58,56,59,-1,59,56,57,-1,60,58,61,-1,61,58,59,-1,62,60,63,-1,63,60,61,-1,62,63,64,-1,64,63,65,-1,64,65,66,-1,66,65,67,-1,66,67,68,-1,68,67,69,-1,68,69,70,-1,70,69,71,-1,45,72,73,-1,59,57,61,-1,61,57,55,-1,61,55,63,-1,63,55,52,-1,63,52,65,-1,65,52,50,-1,65,50,67,-1,73,71,45,-1,45,71,69,-1,45,69,46,-1,46,69,67,-1,46,67,48,-1,48,67,50,-1,56,58,54,-1,54,58,60,-1,54,60,53,-1,74,75,70,-1,70,75,44,-1,70,44,68,-1,68,44,47,-1,68,47,66,-1,60,62,53,-1,53,62,64,-1,53,64,51,-1,51,64,66,-1,51,66,49,-1,49,66,47,-1,72,45,75,-1,75,45,44,-1,74,70,73,-1,73,70,71,-1,76,77,78,-1,78,77,79,-1,80,81,82,-1,82,81,83,-1,84,85,79,-1,79,85,81,-1,79,81,78,-1,78,81,80,-1,86,87,83,-1,83,87,77,-1,83,77,82,-1,82,77,76,-1,84,79,87,-1,87,79,77,-1,85,84,86,-1,86,84,87,-1,81,85,83,-1,83,85,86,-1,
        ]
    }
}
Shape{
    appearance Appearance {
        material  Material 	{
            diffuseColor 0.14901960784313725 0.14901960784313725 0.14901960784313725
            specularColor 0.07450980392156863 0.07450980392156863 0.07450980392156863
            ambientIntensity 0.149
            transparency 0.0
            shininess 0.5
        }
    }
    geometry IndexedFaceSet {
        ccw TRUE
        solid FALSE
        coord DEF co Coordinate {
            point [
                -7.4344 -1.3386 0.1575, -7.4344 -1.1024 0.1575, -7.3031 -1.1024 0.0, -7.5 -2.0866 0.2362, -7.5 -1.3386 0.2362, -7.4524 -2.0866 0.1791, -7.3031 -2.0866 0.0, -7.3031 -1.1024 1.9685, -7.4344 -1.1024 1.811, -7.4344 -1.3386 1.811, -7.5 -1.3386 1.7323, -7.5 -2.0866 1.7323, -7.3031 -2.0866 1.9685, 3.4344 -1.1024 1.811, 3.3031 -1.1024 1.9685, 3.4344 -1.3386 1.811, 3.3031 -2.0866 1.9685, 3.5 -1.3386 1.7323, 3.5 -2.0866 1.7323, 3.6969 -1.1024 1.9685, 3.5656 -1.1024 1.811, 3.5656 -1.3386 1.811, 3.6969 -2.0866 1.9685, 4.4344 -1.1024 1.811, 4.3031 -1.1024 1.9685, 4.4344 -1.3386 1.811, 4.3031 -2.0866 1.9685, 4.5 -1.3386 1.7323, 4.5 -2.0866 1.7323, 4.6969 -1.1024 1.9685, 4.5656 -1.1024 1.811, 4.5656 -1.3386 1.811, 4.6969 -2.0866 1.9685, 1.4344 -1.1024 1.811, 1.3031 -1.1024 1.9685, 1.4344 -1.3386 1.811, 1.3031 -2.0866 1.9685, 1.5 -1.3386 1.7323, 1.5 -2.0866 1.7323, 1.6969 -1.1024 1.9685, 1.5656 -1.1024 1.811, 1.5656 -1.3386 1.811, 1.6969 -2.0866 1.9685, 2.4344 -1.1024 1.811, 2.3031 -1.1024 1.9685, 2.4344 -1.3386 1.811, 2.3031 -2.0866 1.9685, 2.5 -1.3386 1.7323, 2.5 -2.0866 1.7323, 2.6969 -1.1024 1.9685, 2.5656 -1.1024 1.811, 2.5656 -1.3386 1.811, 2.6969 -2.0866 1.9685, 7.4344 -1.1024 1.811, 7.3031 -1.1024 1.9685, 7.4344 -1.3386 1.811, 7.3031 -2.0866 1.9685, 7.5 -1.3386 1.7323, 7.5 -2.0866 1.7323, 7.6968 -1.1024 1.9685, 7.5656 -1.1024 1.811, 7.5656 -1.3386 1.811, 7.6968 -2.0866 1.9685, 8.4344 -1.1024 1.811, 8.3031 -1.1024 1.9685, 8.4344 -1.3386 1.811, 8.3031 -2.0866 1.9685, 8.5 -1.3386 1.7323, 8.5 -2.0866 1.7323, 5.4344 -1.1024 1.811, 5.3031 -1.1024 1.9685, 5.4344 -1.3386 1.811, 5.3031 -2.0866 1.9685, 5.5 -1.3386 1.7323, 5.5 -2.0866 1.7323, 5.6969 -1.1024 1.9685, 5.5656 -1.1024 1.811, 5.5656 -1.3386 1.811, 5.6969 -2.0866 1.9685, 6.4344 -1.1024 1.811, 6.3031 -1.1024 1.9685, 6.4344 -1.3386 1.811, 6.3031 -2.0866 1.9685, 6.5 -1.3386 1.7323, 6.5 -2.0866 1.7323, 6.6969 -1.1024 1.9685, 6.5656 -1.1024 1.811, 6.5656 -1.3386 1.811, 6.6969 -2.0866 1.9685, -4.5656 -1.1024 1.811, -4.6969 -1.1024 1.9685, -4.5656 -1.3386 1.811, -4.6969 -2.0866 1.9685, -4.5 -1.3386 1.7323, -4.5 -2.0866 1.7323, -4.3031 -1.1024 1.9685, -4.4344 -1.1024 1.811, -4.4344 -1.3386 1.811, -4.3031 -2.0866 1.9685, -3.5656 -1.1024 1.811, -3.6969 -1.1024 1.9685, -3.5656 -1.3386 1.811, -3.6969 -2.0866 1.9685, -3.5 -1.3386 1.7323, -3.5 -2.0866 1.7323, -3.3031 -1.1024 1.9685, -3.4344 -1.1024 1.811, -3.4344 -1.3386 1.811, -3.3031 -2.0866 1.9685, -6.5656 -1.1024 1.811, -6.6969 -1.1024 1.9685, -6.5656 -1.3386 1.811, -6.6969 -2.0866 1.9685, -6.5 -1.3386 1.7323, -6.5 -2.0866 1.7323, -6.3031 -1.1024 1.9685, -6.4344 -1.1024 1.811, -6.4344 -1.3386 1.811, -6.3031 -2.0866 1.9685, -5.5656 -1.1024 1.811, -5.6969 -1.1024 1.9685, -5.5656 -1.3386 1.811, -5.6969 -2.0866 1.9685, -5.5 -1.3386 1.7323, -5.5 -2.0866 1.7323, -5.3031 -1.1024 1.9685, -5.4344 -1.1024 1.811, -5.4344 -1.3386 1.811, -5.3031 -2.0866 1.9685, -0.5656 -1.1024 1.811, -0.6969 -1.1024 1.9685, -0.5656 -1.3386 1.811, -0.6969 -2.0866 1.9685, -0.5 -1.3386 1.7323, -0.5 -2.0866 1.7323, -0.3031 -1.1024 1.9685, -0.4344 -1.1024 1.811, -0.4344 -1.3386 1.811, -0.3031 -2.0866 1.9685, 0.4344 -1.1024 1.811, 0.3031 -1.1024 1.9685, 0.4344 -1.3386 1.811, 0.3031 -2.0866 1.9685, 0.5 -1.3386 1.7323, 0.5 -2.0866 1.7323, 0.6969 -1.1024 1.9685, 0.5656 -1.1024 1.811, 0.5656 -1.3386 1.811, 0.6969 -2.0866 1.9685, -2.5656 -1.1024 1.811, -2.6969 -1.1024 1.9685, -2.5656 -1.3386 1.811, -2.6969 -2.0866 1.9685, -2.5 -1.3386 1.7323, -2.5 -2.0866 1.7323, -2.3031 -1.1024 1.9685, -2.4344 -1.1024 1.811, -2.4344 -1.3386 1.811, -2.3031 -2.0866 1.9685, -1.5656 -1.1024 1.811, -1.6969 -1.1024 1.9685, -1.5656 -1.3386 1.811, -1.6969 -2.0866 1.9685, -1.5 -1.3386 1.7323, -1.5 -2.0866 1.7323, -1.3031 -1.1024 1.9685, -1.4344 -1.1024 1.811, -1.4344 -1.3386 1.811, -1.3031 -2.0866 1.9685, 8.3031 -2.0866 0.0, 8.3031 -1.1024 0.0, 8.4344 -1.3386 0.1575, 8.4344 -1.1024 0.1575, 8.4524 -2.0866 0.1791, 8.5 -1.3386 0.2362, 8.5 -2.0866 0.2362, 3.3031 -2.0866 0.0, 3.3031 -1.1024 0.0, 3.4344 -1.3386 0.1575, 3.4344 -1.1024 0.1575, 3.4524 -2.0866 0.1791, 3.5 -1.3386 0.2362, 3.5 -2.0866 0.2362, 3.5656 -1.3386 0.1575, 3.5656 -1.1024 0.1575, 3.6969 -1.1024 0.0, 3.5476 -2.0866 0.1791, 3.6969 -2.0866 0.0, 4.3031 -2.0866 0.0, 4.3031 -1.1024 0.0, 4.4344 -1.3386 0.1575, 4.4344 -1.1024 0.1575, 4.4524 -2.0866 0.1791, 4.5 -1.3386 0.2362, 4.5 -2.0866 0.2362, 4.5656 -1.3386 0.1575, 4.5656 -1.1024 0.1575, 4.6969 -1.1024 0.0, 4.5476 -2.0866 0.1791, 4.6969 -2.0866 0.0, 1.3031 -2.0866 0.0, 1.3031 -1.1024 0.0, 1.4344 -1.3386 0.1575, 1.4344 -1.1024 0.1575, 1.4524 -2.0866 0.1791, 1.5 -1.3386 0.2362, 1.5 -2.0866 0.2362, 1.5656 -1.3386 0.1575, 1.5656 -1.1024 0.1575, 1.6969 -1.1024 0.0, 1.5476 -2.0866 0.1791, 1.6969 -2.0866 0.0, 2.3031 -2.0866 0.0, 2.3031 -1.1024 0.0, 2.4344 -1.3386 0.1575, 2.4344 -1.1024 0.1575, 2.4524 -2.0866 0.1791, 2.5 -1.3386 0.2362, 2.5 -2.0866 0.2362, 2.5656 -1.3386 0.1575, 2.5656 -1.1024 0.1575, 2.6969 -1.1024 0.0, 2.5476 -2.0866 0.1791, 2.6969 -2.0866 0.0, 7.3031 -2.0866 0.0, 7.3031 -1.1024 0.0, 7.4344 -1.3386 0.1575, 7.4344 -1.1024 0.1575, 7.4524 -2.0866 0.1791, 7.5 -1.3386 0.2362, 7.5 -2.0866 0.2362, 7.5656 -1.3386 0.1575, 7.5656 -1.1024 0.1575, 7.6968 -1.1024 0.0, 7.5476 -2.0866 0.1791, 7.6968 -2.0866 0.0, 5.3031 -2.0866 0.0, 5.3031 -1.1024 0.0, 5.4344 -1.3386 0.1575, 5.4344 -1.1024 0.1575, 5.4524 -2.0866 0.1791, 5.5 -1.3386 0.2362, 5.5 -2.0866 0.2362, 5.5656 -1.3386 0.1575, 5.5656 -1.1024 0.1575, 5.6969 -1.1024 0.0, 5.5476 -2.0866 0.1791, 5.6969 -2.0866 0.0, 6.3031 -2.0866 0.0, 6.3031 -1.1024 0.0, 6.4344 -1.3386 0.1575, 6.4344 -1.1024 0.1575, 6.4524 -2.0866 0.1791, 6.5 -1.3386 0.2362, 6.5 -2.0866 0.2362, 6.5656 -1.3386 0.1575, 6.5656 -1.1024 0.1575, 6.6969 -1.1024 0.0, 6.5476 -2.0866 0.1791, 6.6969 -2.0866 0.0, -4.6969 -2.0866 0.0, -4.6969 -1.1024 0.0, -4.5656 -1.3386 0.1575, -4.5656 -1.1024 0.1575, -4.5476 -2.0866 0.1791, -4.5 -1.3386 0.2362, -4.5 -2.0866 0.2362, -4.4344 -1.1024 0.1575, -4.3031 -1.1024 0.0, -4.4344 -1.3386 0.1575, -4.3031 -1.804 0.0, -4.4524 -2.0866 0.1791, -4.3031 -2.0866 0.0, -3.6969 -1.1024 0.0, -3.5656 -1.1024 0.1575, -3.6969 -1.804 0.0, -3.5656 -1.3386 0.1575, -3.6969 -2.0866 0.0, -3.5476 -2.0866 0.1791, -3.5 -2.0866 0.2362, -3.5 -1.3386 0.2362, -3.4344 -1.3386 0.1575, -3.4344 -1.1024 0.1575, -3.3031 -1.1024 0.0, -3.4524 -2.0866 0.1791, -3.3031 -2.0866 0.0, -6.6969 -2.0866 0.0, -6.6969 -1.1024 0.0, -6.5656 -1.3386 0.1575, -6.5656 -1.1024 0.1575, -6.5476 -2.0866 0.1791, -6.5 -1.3386 0.2362, -6.5 -2.0866 0.2362, -6.4344 -1.3386 0.1575, -6.4344 -1.1024 0.1575, -6.3031 -1.1024 0.0, -6.4524 -2.0866 0.1791, -6.3031 -2.0866 0.0, -5.6969 -2.0866 0.0, -5.6969 -1.1024 0.0, -5.5656 -1.3386 0.1575, -5.5656 -1.1024 0.1575, -5.5476 -2.0866 0.1791, -5.5 -1.3386 0.2362, -5.5 -2.0866 0.2362, -5.4344 -1.3386 0.1575, -5.4344 -1.1024 0.1575, -5.3031 -1.1024 0.0, -5.4524 -2.0866 0.1791, -5.3031 -2.0866 0.0, -0.6969 -2.0866 0.0, -0.6969 -1.1024 0.0, -0.5656 -1.3386 0.1575, -0.5656 -1.1024 0.1575, -0.5476 -2.0866 0.1791, -0.5 -1.3386 0.2362, -0.5 -2.0866 0.2362, -0.4344 -1.3386 0.1575, -0.4344 -1.1024 0.1575, -0.3031 -1.1024 0.0, -0.4524 -2.0866 0.1791, -0.3031 -2.0866 0.0, 0.3031 -2.0866 0.0, 0.3031 -1.1024 0.0, 0.4344 -1.3386 0.1575, 0.4344 -1.1024 0.1575, 0.4524 -2.0866 0.1791, 0.5 -1.3386 0.2362, 0.5 -2.0866 0.2362, 0.5656 -1.3386 0.1575, 0.5656 -1.1024 0.1575, 0.6969 -1.1024 0.0, 0.5476 -2.0866 0.1791, 0.6969 -2.0866 0.0, -2.6969 -2.0866 0.0, -2.6969 -1.1024 0.0, -2.5656 -1.3386 0.1575, -2.5656 -1.1024 0.1575, -2.5476 -2.0866 0.1791, -2.5 -1.3386 0.2362, -2.5 -2.0866 0.2362, -2.4344 -1.3386 0.1575, -2.4344 -1.1024 0.1575, -2.3031 -1.1024 0.0, -2.4524 -2.0866 0.1791, -2.3031 -2.0866 0.0, -1.6969 -2.0866 0.0, -1.6969 -1.1024 0.0, -1.5656 -1.3386 0.1575, -1.5656 -1.1024 0.1575, -1.5476 -2.0866 0.1791, -1.5 -1.3386 0.2362, -1.5 -2.0866 0.2362, -1.4344 -1.3386 0.1575, -1.4344 -1.1024 0.1575, -1.3031 -1.1024 0.0, -1.4524 -2.0866 0.1791, -1.3031 -2.0866 0.0
            ]
        }
        coordIndex [
            0,1,2,-1,3,4,5,-1,5,4,0,-1,5,0,6,-1,6,0,2,-1,7,8,9,-1,10,11,9,-1,9,11,12,-1,9,12,7,-1,13,14,15,-1,15,14,16,-1,15,16,17,-1,17,16,18,-1,19,20,21,-1,17,18,21,-1,21,18,22,-1,21,22,19,-1,23,24,25,-1,25,24,26,-1,25,26,27,-1,27,26,28,-1,29,30,31,-1,27,28,31,-1,31,28,32,-1,31,32,29,-1,33,34,35,-1,35,34,36,-1,35,36,37,-1,37,36,38,-1,39,40,41,-1,37,38,41,-1,41,38,42,-1,41,42,39,-1,43,44,45,-1,45,44,46,-1,45,46,47,-1,47,46,48,-1,49,50,51,-1,47,48,51,-1,51,48,52,-1,51,52,49,-1,53,54,55,-1,55,54,56,-1,55,56,57,-1,57,56,58,-1,59,60,61,-1,57,58,61,-1,61,58,62,-1,61,62,59,-1,63,64,65,-1,65,64,66,-1,65,66,67,-1,67,66,68,-1,69,70,71,-1,71,70,72,-1,71,72,73,-1,73,72,74,-1,75,76,77,-1,73,74,77,-1,77,74,78,-1,77,78,75,-1,79,80,81,-1,81,80,82,-1,81,82,83,-1,83,82,84,-1,85,86,87,-1,83,84,87,-1,87,84,88,-1,87,88,85,-1,89,90,91,-1,91,90,92,-1,91,92,93,-1,93,92,94,-1,95,96,97,-1,93,94,97,-1,97,94,98,-1,97,98,95,-1,99,100,101,-1,101,100,102,-1,101,102,103,-1,103,102,104,-1,105,106,107,-1,103,104,107,-1,107,104,108,-1,107,108,105,-1,109,110,111,-1,111,110,112,-1,111,112,113,-1,113,112,114,-1,115,116,117,-1,113,114,117,-1,117,114,118,-1,117,118,115,-1,119,120,121,-1,121,120,122,-1,121,122,123,-1,123,122,124,-1,125,126,127,-1,123,124,127,-1,127,124,128,-1,127,128,125,-1,129,130,131,-1,131,130,132,-1,131,132,133,-1,133,132,134,-1,135,136,137,-1,133,134,137,-1,137,134,138,-1,137,138,135,-1,139,140,141,-1,141,140,142,-1,141,142,143,-1,143,142,144,-1,145,146,147,-1,143,144,147,-1,147,144,148,-1,147,148,145,-1,149,150,151,-1,151,150,152,-1,151,152,153,-1,153,152,154,-1,155,156,157,-1,153,154,157,-1,157,154,158,-1,157,158,155,-1,159,160,161,-1,161,160,162,-1,161,162,163,-1,163,162,164,-1,165,166,167,-1,163,164,167,-1,167,164,168,-1,167,168,165,-1,169,170,171,-1,171,170,172,-1,169,171,173,-1,173,171,174,-1,173,174,175,-1,176,177,178,-1,178,177,179,-1,176,178,180,-1,180,178,181,-1,180,181,182,-1,183,184,185,-1,182,181,186,-1,186,181,183,-1,186,183,187,-1,187,183,185,-1,188,189,190,-1,190,189,191,-1,188,190,192,-1,192,190,193,-1,192,193,194,-1,195,196,197,-1,194,193,198,-1,198,193,195,-1,198,195,199,-1,199,195,197,-1,200,201,202,-1,202,201,203,-1,200,202,204,-1,204,202,205,-1,204,205,206,-1,207,208,209,-1,206,205,210,-1,210,205,207,-1,210,207,211,-1,211,207,209,-1,212,213,214,-1,214,213,215,-1,212,214,216,-1,216,214,217,-1,216,217,218,-1,219,220,221,-1,218,217,222,-1,222,217,219,-1,222,219,223,-1,223,219,221,-1,224,225,226,-1,226,225,227,-1,224,226,228,-1,228,226,229,-1,228,229,230,-1,231,232,233,-1,230,229,234,-1,234,229,231,-1,234,231,235,-1,235,231,233,-1,236,237,238,-1,238,237,239,-1,236,238,240,-1,240,238,241,-1,240,241,242,-1,243,244,245,-1,242,241,246,-1,246,241,243,-1,246,243,247,-1,247,243,245,-1,248,249,250,-1,250,249,251,-1,248,250,252,-1,252,250,253,-1,252,253,254,-1,255,256,257,-1,254,253,258,-1,258,253,255,-1,258,255,259,-1,259,255,257,-1,260,261,262,-1,262,261,263,-1,260,262,264,-1,264,262,265,-1,264,265,266,-1,267,268,269,-1,269,268,270,-1,266,265,271,-1,271,265,269,-1,271,269,272,-1,272,269,270,-1,273,274,275,-1,275,274,276,-1,277,275,278,-1,278,275,276,-1,278,276,279,-1,279,276,280,-1,281,282,283,-1,279,280,284,-1,284,280,281,-1,284,281,285,-1,285,281,283,-1,286,287,288,-1,288,287,289,-1,286,288,290,-1,290,288,291,-1,290,291,292,-1,293,294,295,-1,292,291,296,-1,296,291,293,-1,296,293,297,-1,297,293,295,-1,298,299,300,-1,300,299,301,-1,298,300,302,-1,302,300,303,-1,302,303,304,-1,305,306,307,-1,304,303,308,-1,308,303,305,-1,308,305,309,-1,309,305,307,-1,310,311,312,-1,312,311,313,-1,310,312,314,-1,314,312,315,-1,314,315,316,-1,317,318,319,-1,316,315,320,-1,320,315,317,-1,320,317,321,-1,321,317,319,-1,322,323,324,-1,324,323,325,-1,322,324,326,-1,326,324,327,-1,326,327,328,-1,329,330,331,-1,328,327,332,-1,332,327,329,-1,332,329,333,-1,333,329,331,-1,334,335,336,-1,336,335,337,-1,334,336,338,-1,338,336,339,-1,338,339,340,-1,341,342,343,-1,340,339,344,-1,344,339,341,-1,344,341,345,-1,345,341,343,-1,346,347,348,-1,348,347,349,-1,346,348,350,-1,350,348,351,-1,350,351,352,-1,353,354,355,-1,352,351,356,-1,356,351,353,-1,356,353,357,-1,357,353,355,-1,
        ]
    }
}
Shape{
    appearance Appearance {
        material  Material 	{
            diffuseColor 0.7529411764705882 0.7529411764705882 0.7529411764705882
            specularColor 0.3764705882352941 0.3764705882352941 0.3764705882352941
            ambientIntensity 0.7529
            transparency 0.0
            shininess 0.5
        }
    }
    geometry IndexedFaceSet {
        ccw TRUE
        solid FALSE
        coord DEF co Coordinate {
            point [
                -7.126 -0.4488 0.6102, -6.874 -0.4488 0.6102, -6.874 -0.4313 0.6083, -7.126 -0.4313 0.6083, -6.874 -0.4147 0.6024, -7.126 -0.4147 0.6024, -6.874 -0.3997 0.5931, -7.126 -0.3997 0.5931, -6.874 -0.3873 0.5806, -7.126 -0.3873 0.5806, -6.874 -0.3779 0.5657, -7.126 -0.3779 0.5657, -6.874 -0.3721 0.549, -7.126 -0.3721 0.549, -6.874 -0.3701 0.5315, -7.126 -0.3701 0.5315, -7.126 -0.3701 -1.1024, -6.874 -0.3701 -1.1024, -7.126 -0.4488 -1.1811, -6.874 -0.4488 -1.1811, -7.126 -0.5433 -1.1811, -6.874 -0.5433 -1.1811, -7.126 -0.622 -1.1024, -6.874 -0.622 -1.1024, -7.126 -0.622 0.2795, -6.874 -0.622 0.2795, -7.126 -0.624 0.2971, -6.874 -0.624 0.2971, -7.126 -0.6298 0.3137, -6.874 -0.6298 0.3137, -7.126 -0.6392 0.3286, -6.874 -0.6392 0.3286, -7.126 -0.6517 0.3411, -6.874 -0.6517 0.3411, -7.126 -0.6666 0.3505, -6.874 -0.6666 0.3505, -7.126 -0.6833 0.3563, -6.874 -0.6833 0.3563, -7.126 -0.7008 0.3583, -6.874 -0.7008 0.3583, -6.874 -1.3386 0.6102, -6.874 -1.3386 0.3583, -7.126 -1.3386 0.3583, -7.126 -1.3386 0.6102, -6.874 -2.0866 0.3583, -6.874 -4.3701 0.3583, -7.126 -2.0866 0.3583, -7.126 -4.3701 0.3583, -7.126 -2.0866 0.6102, -7.126 -4.3701 0.6102, -6.874 -2.0866 0.6102, -6.874 -4.3701 0.6102, -7.126 -4.4488 0.437, -7.126 -4.4488 0.5315, -6.874 -4.4488 0.5315, -6.874 -4.4488 0.437, -7.126 0.5512 1.6102, -6.874 0.5512 1.6102, -6.874 0.5687 1.6083, -7.126 0.5687 1.6083, -6.874 0.5853 1.6024, -7.126 0.5853 1.6024, -6.874 0.6003 1.5931, -7.126 0.6003 1.5931, -6.874 0.6127 1.5806, -7.126 0.6127 1.5806, -6.874 0.6221 1.5657, -7.126 0.6221 1.5657, -6.874 0.6279 1.549, -7.126 0.6279 1.549, -6.874 0.6299 1.5315, -7.126 0.6299 1.5315, -7.126 0.6299 -1.1024, -6.874 0.6299 -1.1024, -7.126 0.5512 -1.1811, -6.874 0.5512 -1.1811, -7.126 0.4567 -1.1811, -6.874 0.4567 -1.1811, -7.126 0.378 -1.1024, -6.874 0.378 -1.1024, -7.126 0.378 1.2795, -6.874 0.378 1.2795, -7.126 0.376 1.2971, -6.874 0.376 1.2971, -7.126 0.3702 1.3137, -6.874 0.3702 1.3137, -7.126 0.3608 1.3286, -6.874 0.3608 1.3286, -7.126 0.3483 1.3411, -6.874 0.3483 1.3411, -7.126 0.3334 1.3505, -6.874 0.3334 1.3505, -7.126 0.3167 1.3563, -6.874 0.3167 1.3563, -7.126 0.2992 1.3583, -6.874 0.2992 1.3583, -6.874 -1.3386 1.6102, -6.874 -1.3386 1.3583, -7.126 -1.3386 1.3583, -7.126 -1.3386 1.6102, -6.874 -2.0866 1.3583, -6.874 -4.3701 1.3583, -7.126 -2.0866 1.3583, -7.126 -4.3701 1.3583, -7.126 -2.0866 1.6102, -7.126 -4.3701 1.6102, -6.874 -2.0866 1.6102, -6.874 -4.3701 1.6102, -7.126 -4.4488 1.437, -7.126 -4.4488 1.5315, -6.874 -4.4488 1.5315, -6.874 -4.4488 1.437, -6.126 -0.4488 0.6102, -5.874 -0.4488 0.6102, -5.874 -0.4313 0.6083, -6.126 -0.4313 0.6083, -5.874 -0.4147 0.6024, -6.126 -0.4147 0.6024, -5.874 -0.3997 0.5931, -6.126 -0.3997 0.5931, -5.874 -0.3873 0.5806, -6.126 -0.3873 0.5806, -5.874 -0.3779 0.5657, -6.126 -0.3779 0.5657, -5.874 -0.3721 0.549, -6.126 -0.3721 0.549, -5.874 -0.3701 0.5315, -6.126 -0.3701 0.5315, -6.126 -0.3701 -1.1024, -5.874 -0.3701 -1.1024, -6.126 -0.4488 -1.1811, -5.874 -0.4488 -1.1811, -6.126 -0.5433 -1.1811, -5.874 -0.5433 -1.1811, -6.126 -0.622 -1.1024, -5.874 -0.622 -1.1024, -6.126 -0.622 0.2795, -5.874 -0.622 0.2795, -6.126 -0.624 0.2971, -5.874 -0.624 0.2971, -6.126 -0.6298 0.3137, -5.874 -0.6298 0.3137, -6.126 -0.6392 0.3286, -5.874 -0.6392 0.3286, -6.126 -0.6517 0.3411, -5.874 -0.6517 0.3411, -6.126 -0.6666 0.3505, -5.874 -0.6666 0.3505, -6.126 -0.6833 0.3563, -5.874 -0.6833 0.3563, -6.126 -0.7008 0.3583, -5.874 -0.7008 0.3583, -5.874 -1.3386 0.6102, -5.874 -1.3386 0.3583, -6.126 -1.3386 0.3583, -6.126 -1.3386 0.6102, -5.874 -2.0866 0.3583, -5.874 -4.3701 0.3583, -6.126 -2.0866 0.3583, -6.126 -4.3701 0.3583, -6.126 -2.0866 0.6102, -6.126 -4.3701 0.6102, -5.874 -2.0866 0.6102, -5.874 -4.3701 0.6102, -6.126 -4.4488 0.437, -6.126 -4.4488 0.5315, -5.874 -4.4488 0.5315, -5.874 -4.4488 0.437, -6.126 0.5512 1.6102, -5.874 0.5512 1.6102, -5.874 0.5687 1.6083, -6.126 0.5687 1.6083, -5.874 0.5853 1.6024, -6.126 0.5853 1.6024, -5.874 0.6003 1.5931, -6.126 0.6003 1.5931, -5.874 0.6127 1.5806, -6.126 0.6127 1.5806, -5.874 0.6221 1.5657, -6.126 0.6221 1.5657, -5.874 0.6279 1.549, -6.126 0.6279 1.549, -5.874 0.6299 1.5315, -6.126 0.6299 1.5315, -6.126 0.6299 -1.1024, -5.874 0.6299 -1.1024, -6.126 0.5512 -1.1811, -5.874 0.5512 -1.1811, -6.126 0.4567 -1.1811, -5.874 0.4567 -1.1811, -6.126 0.378 -1.1024, -5.874 0.378 -1.1024, -6.126 0.378 1.2795, -5.874 0.378 1.2795, -6.126 0.376 1.2971, -5.874 0.376 1.2971, -6.126 0.3702 1.3137, -5.874 0.3702 1.3137, -6.126 0.3608 1.3286, -5.874 0.3608 1.3286, -6.126 0.3483 1.3411, -5.874 0.3483 1.3411, -6.126 0.3334 1.3505, -5.874 0.3334 1.3505, -6.126 0.3167 1.3563, -5.874 0.3167 1.3563, -6.126 0.2992 1.3583, -5.874 0.2992 1.3583, -5.874 -1.3386 1.6102, -5.874 -1.3386 1.3583, -6.126 -1.3386 1.3583, -6.126 -1.3386 1.6102, -5.874 -2.0866 1.3583, -5.874 -4.3701 1.3583, -6.126 -2.0866 1.3583, -6.126 -4.3701 1.3583, -6.126 -2.0866 1.6102, -6.126 -4.3701 1.6102, -5.874 -2.0866 1.6102, -5.874 -4.3701 1.6102, -6.126 -4.4488 1.437, -6.126 -4.4488 1.5315, -5.874 -4.4488 1.5315, -5.874 -4.4488 1.437, -5.126 -0.4488 0.6102, -4.874 -0.4488 0.6102, -4.874 -0.4313 0.6083, -5.126 -0.4313 0.6083, -4.874 -0.4147 0.6024, -5.126 -0.4147 0.6024, -4.874 -0.3997 0.5931, -5.126 -0.3997 0.5931, -4.874 -0.3873 0.5806, -5.126 -0.3873 0.5806, -4.874 -0.3779 0.5657, -5.126 -0.3779 0.5657, -4.874 -0.3721 0.549, -5.126 -0.3721 0.549, -4.874 -0.3701 0.5315, -5.126 -0.3701 0.5315, -5.126 -0.3701 -1.1024, -4.874 -0.3701 -1.1024, -5.126 -0.4488 -1.1811, -4.874 -0.4488 -1.1811, -5.126 -0.5433 -1.1811, -4.874 -0.5433 -1.1811, -5.126 -0.622 -1.1024, -4.874 -0.622 -1.1024, -5.126 -0.622 0.2795, -4.874 -0.622 0.2795, -5.126 -0.624 0.2971, -4.874 -0.624 0.2971, -5.126 -0.6298 0.3137, -4.874 -0.6298 0.3137, -5.126 -0.6392 0.3286, -4.874 -0.6392 0.3286, -5.126 -0.6517 0.3411, -4.874 -0.6517 0.3411, -5.126 -0.6666 0.3505, -4.874 -0.6666 0.3505, -5.126 -0.6833 0.3563, -4.874 -0.6833 0.3563, -5.126 -0.7008 0.3583, -4.874 -0.7008 0.3583, -4.874 -1.3386 0.6102, -4.874 -1.3386 0.3583, -5.126 -1.3386 0.3583, -5.126 -1.3386 0.6102, -4.874 -2.0866 0.3583, -4.874 -4.3701 0.3583, -5.126 -2.0866 0.3583, -5.126 -4.3701 0.3583, -5.126 -2.0866 0.6102, -5.126 -4.3701 0.6102, -4.874 -2.0866 0.6102, -4.874 -4.3701 0.6102, -5.126 -4.4488 0.437, -5.126 -4.4488 0.5315, -4.874 -4.4488 0.5315, -4.874 -4.4488 0.437, -5.126 0.5512 1.6102, -4.874 0.5512 1.6102, -4.874 0.5687 1.6083, -5.126 0.5687 1.6083, -4.874 0.5853 1.6024, -5.126 0.5853 1.6024, -4.874 0.6003 1.5931, -5.126 0.6003 1.5931, -4.874 0.6127 1.5806, -5.126 0.6127 1.5806, -4.874 0.6221 1.5657, -5.126 0.6221 1.5657, -4.874 0.6279 1.549, -5.126 0.6279 1.549, -4.874 0.6299 1.5315, -5.126 0.6299 1.5315, -5.126 0.6299 -1.1024, -4.874 0.6299 -1.1024, -5.126 0.5512 -1.1811, -4.874 0.5512 -1.1811, -5.126 0.4567 -1.1811, -4.874 0.4567 -1.1811, -5.126 0.378 -1.1024, -4.874 0.378 -1.1024, -5.126 0.378 1.2795, -4.874 0.378 1.2795, -5.126 0.376 1.2971, -4.874 0.376 1.2971, -5.126 0.3702 1.3137, -4.874 0.3702 1.3137, -5.126 0.3608 1.3286, -4.874 0.3608 1.3286, -5.126 0.3483 1.3411, -4.874 0.3483 1.3411, -5.126 0.3334 1.3505, -4.874 0.3334 1.3505, -5.126 0.3167 1.3563, -4.874 0.3167 1.3563, -5.126 0.2992 1.3583, -4.874 0.2992 1.3583, -4.874 -1.3386 1.6102, -4.874 -1.3386 1.3583, -5.126 -1.3386 1.3583, -5.126 -1.3386 1.6102, -4.874 -2.0866 1.3583, -4.874 -4.3701 1.3583, -5.126 -2.0866 1.3583, -5.126 -4.3701 1.3583, -5.126 -2.0866 1.6102, -5.126 -4.3701 1.6102, -4.874 -2.0866 1.6102, -4.874 -4.3701 1.6102, -5.126 -4.4488 1.437, -5.126 -4.4488 1.5315, -4.874 -4.4488 1.5315, -4.874 -4.4488 1.437, -4.126 -0.4488 0.6102, -3.874 -0.4488 0.6102, -3.874 -0.4313 0.6083, -4.126 -0.4313 0.6083, -3.874 -0.4147 0.6024, -4.126 -0.4147 0.6024, -3.874 -0.3997 0.5931, -4.126 -0.3997 0.5931, -3.874 -0.3873 0.5806, -4.126 -0.3873 0.5806, -3.874 -0.3779 0.5657, -4.126 -0.3779 0.5657, -3.874 -0.3721 0.549, -4.126 -0.3721 0.549, -3.874 -0.3701 0.5315, -4.126 -0.3701 0.5315, -4.126 -0.3701 -1.1024, -3.874 -0.3701 -1.1024, -4.126 -0.4488 -1.1811, -3.874 -0.4488 -1.1811, -4.126 -0.5433 -1.1811, -3.874 -0.5433 -1.1811, -4.126 -0.622 -1.1024, -3.874 -0.622 -1.1024, -4.126 -0.622 0.2795, -3.874 -0.622 0.2795, -4.126 -0.624 0.2971, -3.874 -0.624 0.2971, -4.126 -0.6298 0.3137, -3.874 -0.6298 0.3137, -4.126 -0.6392 0.3286, -3.874 -0.6392 0.3286, -4.126 -0.6517 0.3411, -3.874 -0.6517 0.3411, -4.126 -0.6666 0.3505, -3.874 -0.6666 0.3505, -4.126 -0.6833 0.3563, -3.874 -0.6833 0.3563, -4.126 -0.7008 0.3583, -3.874 -0.7008 0.3583, -3.874 -1.3386 0.6102, -3.874 -1.3386 0.3583, -4.126 -1.3386 0.3583, -4.126 -1.3386 0.6102, -3.874 -2.0866 0.3583, -3.874 -4.3701 0.3583, -4.126 -2.0866 0.3583, -4.126 -4.3701 0.3583, -4.126 -2.0866 0.6102, -4.126 -4.3701 0.6102, -3.874 -2.0866 0.6102, -3.874 -4.3701 0.6102, -4.126 -4.4488 0.437, -4.126 -4.4488 0.5315, -3.874 -4.4488 0.5315, -3.874 -4.4488 0.437, -4.126 0.5512 1.6102, -3.874 0.5512 1.6102, -3.874 0.5687 1.6083, -4.126 0.5687 1.6083, -3.874 0.5853 1.6024, -4.126 0.5853 1.6024, -3.874 0.6003 1.5931, -4.126 0.6003 1.5931, -3.874 0.6127 1.5806, -4.126 0.6127 1.5806, -3.874 0.6221 1.5657, -4.126 0.6221 1.5657, -3.874 0.6279 1.549, -4.126 0.6279 1.549, -3.874 0.6299 1.5315, -4.126 0.6299 1.5315, -4.126 0.6299 -1.1024, -3.874 0.6299 -1.1024, -4.126 0.5512 -1.1811, -3.874 0.5512 -1.1811, -4.126 0.4567 -1.1811, -3.874 0.4567 -1.1811, -4.126 0.378 -1.1024, -3.874 0.378 -1.1024, -4.126 0.378 1.2795, -3.874 0.378 1.2795, -4.126 0.376 1.2971, -3.874 0.376 1.2971, -4.126 0.3702 1.3137, -3.874 0.3702 1.3137, -4.126 0.3608 1.3286, -3.874 0.3608 1.3286, -4.126 0.3483 1.3411, -3.874 0.3483 1.3411, -4.126 0.3334 1.3505, -3.874 0.3334 1.3505, -4.126 0.3167 1.3563, -3.874 0.3167 1.3563, -4.126 0.2992 1.3583, -3.874 0.2992 1.3583, -3.874 -1.3386 1.6102, -3.874 -1.3386 1.3583, -4.126 -1.3386 1.3583, -4.126 -1.3386 1.6102, -3.874 -2.0866 1.3583, -3.874 -4.3701 1.3583, -4.126 -2.0866 1.3583, -4.126 -4.3701 1.3583, -4.126 -2.0866 1.6102, -4.126 -4.3701 1.6102, -3.874 -2.0866 1.6102, -3.874 -4.3701 1.6102, -4.126 -4.4488 1.437, -4.126 -4.4488 1.5315, -3.874 -4.4488 1.5315, -3.874 -4.4488 1.437, -3.126 -0.4488 0.6102, -2.874 -0.4488 0.6102, -2.874 -0.4313 0.6083, -3.126 -0.4313 0.6083, -2.874 -0.4147 0.6024, -3.126 -0.4147 0.6024, -2.874 -0.3997 0.5931, -3.126 -0.3997 0.5931, -2.874 -0.3873 0.5806, -3.126 -0.3873 0.5806, -2.874 -0.3779 0.5657, -3.126 -0.3779 0.5657, -2.874 -0.3721 0.549, -3.126 -0.3721 0.549, -2.874 -0.3701 0.5315, -3.126 -0.3701 0.5315, -3.126 -0.3701 -1.1024, -2.874 -0.3701 -1.1024, -3.126 -0.4488 -1.1811, -2.874 -0.4488 -1.1811, -3.126 -0.5433 -1.1811, -2.874 -0.5433 -1.1811, -3.126 -0.622 -1.1024, -2.874 -0.622 -1.1024, -3.126 -0.622 0.2795, -2.874 -0.622 0.2795, -3.126 -0.624 0.2971, -2.874 -0.624 0.2971, -3.126 -0.6298 0.3137, -2.874 -0.6298 0.3137, -3.126 -0.6392 0.3286, -2.874 -0.6392 0.3286, -3.126 -0.6517 0.3411, -2.874 -0.6517 0.3411, -3.126 -0.6666 0.3505, -2.874 -0.6666 0.3505, -3.126 -0.6833 0.3563, -2.874 -0.6833 0.3563, -3.126 -0.7008 0.3583, -2.874 -0.7008 0.3583, -2.874 -1.3386 0.6102, -2.874 -1.3386 0.3583, -3.126 -1.3386 0.3583, -3.126 -1.3386 0.6102, -2.874 -2.0866 0.3583, -2.874 -4.3701 0.3583, -3.126 -2.0866 0.3583, -3.126 -4.3701 0.3583, -3.126 -2.0866 0.6102, -3.126 -4.3701 0.6102, -2.874 -2.0866 0.6102, -2.874 -4.3701 0.6102, -3.126 -4.4488 0.437, -3.126 -4.4488 0.5315, -2.874 -4.4488 0.5315, -2.874 -4.4488 0.437, -3.126 0.5512 1.6102, -2.874 0.5512 1.6102, -2.874 0.5687 1.6083, -3.126 0.5687 1.6083, -2.874 0.5853 1.6024, -3.126 0.5853 1.6024, -2.874 0.6003 1.5931, -3.126 0.6003 1.5931, -2.874 0.6127 1.5806, -3.126 0.6127 1.5806, -2.874 0.6221 1.5657, -3.126 0.6221 1.5657, -2.874 0.6279 1.549, -3.126 0.6279 1.549, -2.874 0.6299 1.5315, -3.126 0.6299 1.5315, -3.126 0.6299 -1.1024, -2.874 0.6299 -1.1024, -3.126 0.5512 -1.1811, -2.874 0.5512 -1.1811, -3.126 0.4567 -1.1811, -2.874 0.4567 -1.1811, -3.126 0.378 -1.1024, -2.874 0.378 -1.1024, -3.126 0.378 1.2795, -2.874 0.378 1.2795, -3.126 0.376 1.2971, -2.874 0.376 1.2971, -3.126 0.3702 1.3137, -2.874 0.3702 1.3137, -3.126 0.3608 1.3286, -2.874 0.3608 1.3286, -3.126 0.3483 1.3411, -2.874 0.3483 1.3411, -3.126 0.3334 1.3505, -2.874 0.3334 1.3505, -3.126 0.3167 1.3563, -2.874 0.3167 1.3563, -3.126 0.2992 1.3583, -2.874 0.2992 1.3583, -2.874 -1.3386 1.6102, -2.874 -1.3386 1.3583, -3.126 -1.3386 1.3583, -3.126 -1.3386 1.6102, -2.874 -2.0866 1.3583, -2.874 -4.3701 1.3583, -3.126 -2.0866 1.3583, -3.126 -4.3701 1.3583, -3.126 -2.0866 1.6102, -3.126 -4.3701 1.6102, -2.874 -2.0866 1.6102, -2.874 -4.3701 1.6102, -3.126 -4.4488 1.437, -3.126 -4.4488 1.5315, -2.874 -4.4488 1.5315, -2.874 -4.4488 1.437, -2.126 -0.4488 0.6102, -1.874 -0.4488 0.6102, -1.874 -0.4313 0.6083, -2.126 -0.4313 0.6083, -1.874 -0.4147 0.6024, -2.126 -0.4147 0.6024, -1.874 -0.3997 0.5931, -2.126 -0.3997 0.5931, -1.874 -0.3873 0.5806, -2.126 -0.3873 0.5806, -1.874 -0.3779 0.5657, -2.126 -0.3779 0.5657, -1.874 -0.3721 0.549, -2.126 -0.3721 0.549, -1.874 -0.3701 0.5315, -2.126 -0.3701 0.5315, -2.126 -0.3701 -1.1024, -1.874 -0.3701 -1.1024, -2.126 -0.4488 -1.1811, -1.874 -0.4488 -1.1811, -2.126 -0.5433 -1.1811, -1.874 -0.5433 -1.1811, -2.126 -0.622 -1.1024, -1.874 -0.622 -1.1024, -2.126 -0.622 0.2795, -1.874 -0.622 0.2795, -2.126 -0.624 0.2971, -1.874 -0.624 0.2971, -2.126 -0.6298 0.3137, -1.874 -0.6298 0.3137, -2.126 -0.6392 0.3286, -1.874 -0.6392 0.3286, -2.126 -0.6517 0.3411, -1.874 -0.6517 0.3411, -2.126 -0.6666 0.3505, -1.874 -0.6666 0.3505, -2.126 -0.6833 0.3563, -1.874 -0.6833 0.3563, -2.126 -0.7008 0.3583, -1.874 -0.7008 0.3583, -1.874 -1.3386 0.6102, -1.874 -1.3386 0.3583, -2.126 -1.3386 0.3583, -2.126 -1.3386 0.6102, -1.874 -2.0866 0.3583, -1.874 -4.3701 0.3583, -2.126 -2.0866 0.3583, -2.126 -4.3701 0.3583, -2.126 -2.0866 0.6102, -2.126 -4.3701 0.6102, -1.874 -2.0866 0.6102, -1.874 -4.3701 0.6102, -2.126 -4.4488 0.437, -2.126 -4.4488 0.5315, -1.874 -4.4488 0.5315, -1.874 -4.4488 0.437, -2.126 0.5512 1.6102, -1.874 0.5512 1.6102, -1.874 0.5687 1.6083, -2.126 0.5687 1.6083, -1.874 0.5853 1.6024, -2.126 0.5853 1.6024, -1.874 0.6003 1.5931, -2.126 0.6003 1.5931, -1.874 0.6127 1.5806, -2.126 0.6127 1.5806, -1.874 0.6221 1.5657, -2.126 0.6221 1.5657, -1.874 0.6279 1.549, -2.126 0.6279 1.549, -1.874 0.6299 1.5315, -2.126 0.6299 1.5315, -2.126 0.6299 -1.1024, -1.874 0.6299 -1.1024, -2.126 0.5512 -1.1811, -1.874 0.5512 -1.1811, -2.126 0.4567 -1.1811, -1.874 0.4567 -1.1811, -2.126 0.378 -1.1024, -1.874 0.378 -1.1024, -2.126 0.378 1.2795, -1.874 0.378 1.2795, -2.126 0.376 1.2971, -1.874 0.376 1.2971, -2.126 0.3702 1.3137, -1.874 0.3702 1.3137, -2.126 0.3608 1.3286, -1.874 0.3608 1.3286, -2.126 0.3483 1.3411, -1.874 0.3483 1.3411, -2.126 0.3334 1.3505, -1.874 0.3334 1.3505, -2.126 0.3167 1.3563, -1.874 0.3167 1.3563, -2.126 0.2992 1.3583, -1.874 0.2992 1.3583, -1.874 -1.3386 1.6102, -1.874 -1.3386 1.3583, -2.126 -1.3386 1.3583, -2.126 -1.3386 1.6102, -1.874 -2.0866 1.3583, -1.874 -4.3701 1.3583, -2.126 -2.0866 1.3583, -2.126 -4.3701 1.3583, -2.126 -2.0866 1.6102, -2.126 -4.3701 1.6102, -1.874 -2.0866 1.6102, -1.874 -4.3701 1.6102, -2.126 -4.4488 1.437, -2.126 -4.4488 1.5315, -1.874 -4.4488 1.5315, -1.874 -4.4488 1.437, -1.126 -0.4488 0.6102, -0.874 -0.4488 0.6102, -0.874 -0.4313 0.6083, -1.126 -0.4313 0.6083, -0.874 -0.4147 0.6024, -1.126 -0.4147 0.6024, -0.874 -0.3997 0.5931, -1.126 -0.3997 0.5931, -0.874 -0.3873 0.5806, -1.126 -0.3873 0.5806, -0.874 -0.3779 0.5657, -1.126 -0.3779 0.5657, -0.874 -0.3721 0.549, -1.126 -0.3721 0.549, -0.874 -0.3701 0.5315, -1.126 -0.3701 0.5315, -1.126 -0.3701 -1.1024, -0.874 -0.3701 -1.1024, -1.126 -0.4488 -1.1811, -0.874 -0.4488 -1.1811, -1.126 -0.5433 -1.1811, -0.874 -0.5433 -1.1811, -1.126 -0.622 -1.1024, -0.874 -0.622 -1.1024, -1.126 -0.622 0.2795, -0.874 -0.622 0.2795, -1.126 -0.624 0.2971, -0.874 -0.624 0.2971, -1.126 -0.6298 0.3137, -0.874 -0.6298 0.3137, -1.126 -0.6392 0.3286, -0.874 -0.6392 0.3286, -1.126 -0.6517 0.3411, -0.874 -0.6517 0.3411, -1.126 -0.6666 0.3505, -0.874 -0.6666 0.3505, -1.126 -0.6833 0.3563, -0.874 -0.6833 0.3563, -1.126 -0.7008 0.3583, -0.874 -0.7008 0.3583, -0.874 -1.3386 0.6102, -0.874 -1.3386 0.3583, -1.126 -1.3386 0.3583, -1.126 -1.3386 0.6102, -0.874 -2.0866 0.3583, -0.874 -4.3701 0.3583, -1.126 -2.0866 0.3583, -1.126 -4.3701 0.3583, -1.126 -2.0866 0.6102, -1.126 -4.3701 0.6102, -0.874 -2.0866 0.6102, -0.874 -4.3701 0.6102, -1.126 -4.4488 0.437, -1.126 -4.4488 0.5315, -0.874 -4.4488 0.5315, -0.874 -4.4488 0.437, -1.126 0.5512 1.6102, -0.874 0.5512 1.6102, -0.874 0.5687 1.6083, -1.126 0.5687 1.6083, -0.874 0.5853 1.6024, -1.126 0.5853 1.6024, -0.874 0.6003 1.5931, -1.126 0.6003 1.5931, -0.874 0.6127 1.5806, -1.126 0.6127 1.5806, -0.874 0.6221 1.5657, -1.126 0.6221 1.5657, -0.874 0.6279 1.549, -1.126 0.6279 1.549, -0.874 0.6299 1.5315, -1.126 0.6299 1.5315, -1.126 0.6299 -1.1024, -0.874 0.6299 -1.1024, -1.126 0.5512 -1.1811, -0.874 0.5512 -1.1811, -1.126 0.4567 -1.1811, -0.874 0.4567 -1.1811, -1.126 0.378 -1.1024, -0.874 0.378 -1.1024, -1.126 0.378 1.2795, -0.874 0.378 1.2795, -1.126 0.376 1.2971, -0.874 0.376 1.2971, -1.126 0.3702 1.3137, -0.874 0.3702 1.3137, -1.126 0.3608 1.3286, -0.874 0.3608 1.3286, -1.126 0.3483 1.3411, -0.874 0.3483 1.3411, -1.126 0.3334 1.3505, -0.874 0.3334 1.3505, -1.126 0.3167 1.3563, -0.874 0.3167 1.3563, -1.126 0.2992 1.3583, -0.874 0.2992 1.3583, -0.874 -1.3386 1.6102, -0.874 -1.3386 1.3583, -1.126 -1.3386 1.3583, -1.126 -1.3386 1.6102, -0.874 -2.0866 1.3583, -0.874 -4.3701 1.3583, -1.126 -2.0866 1.3583, -1.126 -4.3701 1.3583, -1.126 -2.0866 1.6102, -1.126 -4.3701 1.6102, -0.874 -2.0866 1.6102, -0.874 -4.3701 1.6102, -1.126 -4.4488 1.437, -1.126 -4.4488 1.5315, -0.874 -4.4488 1.5315, -0.874 -4.4488 1.437, -0.126 -0.4488 0.6102, 0.126 -0.4488 0.6102, 0.126 -0.4313 0.6083, -0.126 -0.4313 0.6083, 0.126 -0.4147 0.6024, -0.126 -0.4147 0.6024, 0.126 -0.3997 0.5931, -0.126 -0.3997 0.5931, 0.126 -0.3873 0.5806, -0.126 -0.3873 0.5806, 0.126 -0.3779 0.5657, -0.126 -0.3779 0.5657, 0.126 -0.3721 0.549, -0.126 -0.3721 0.549, 0.126 -0.3701 0.5315, -0.126 -0.3701 0.5315, -0.126 -0.3701 -1.1024, 0.126 -0.3701 -1.1024, -0.126 -0.4488 -1.1811, 0.126 -0.4488 -1.1811, -0.126 -0.5433 -1.1811, 0.126 -0.5433 -1.1811, -0.126 -0.622 -1.1024, 0.126 -0.622 -1.1024, -0.126 -0.622 0.2795, 0.126 -0.622 0.2795, -0.126 -0.624 0.2971, 0.126 -0.624 0.2971, -0.126 -0.6298 0.3137, 0.126 -0.6298 0.3137, -0.126 -0.6392 0.3286, 0.126 -0.6392 0.3286, -0.126 -0.6517 0.3411, 0.126 -0.6517 0.3411, -0.126 -0.6666 0.3505, 0.126 -0.6666 0.3505, -0.126 -0.6833 0.3563, 0.126 -0.6833 0.3563, -0.126 -0.7008 0.3583, 0.126 -0.7008 0.3583, 0.126 -1.3386 0.6102, 0.126 -1.3386 0.3583, -0.126 -1.3386 0.3583, -0.126 -1.3386 0.6102, 0.126 -2.0866 0.3583, 0.126 -4.3701 0.3583, -0.126 -2.0866 0.3583, -0.126 -4.3701 0.3583, -0.126 -2.0866 0.6102, -0.126 -4.3701 0.6102, 0.126 -2.0866 0.6102, 0.126 -4.3701 0.6102, -0.126 -4.4488 0.437, -0.126 -4.4488 0.5315, 0.126 -4.4488 0.5315, 0.126 -4.4488 0.437, -0.126 0.5512 1.6102, 0.126 0.5512 1.6102, 0.126 0.5687 1.6083, -0.126 0.5687 1.6083, 0.126 0.5853 1.6024, -0.126 0.5853 1.6024, 0.126 0.6003 1.5931, -0.126 0.6003 1.5931, 0.126 0.6127 1.5806, -0.126 0.6127 1.5806, 0.126 0.6221 1.5657, -0.126 0.6221 1.5657, 0.126 0.6279 1.549, -0.126 0.6279 1.549, 0.126 0.6299 1.5315, -0.126 0.6299 1.5315, -0.126 0.6299 -1.1024, 0.126 0.6299 -1.1024, -0.126 0.5512 -1.1811, 0.126 0.5512 -1.1811, -0.126 0.4567 -1.1811, 0.126 0.4567 -1.1811, -0.126 0.378 -1.1024, 0.126 0.378 -1.1024, -0.126 0.378 1.2795, 0.126 0.378 1.2795, -0.126 0.376 1.2971, 0.126 0.376 1.2971, -0.126 0.3702 1.3137, 0.126 0.3702 1.3137, -0.126 0.3608 1.3286, 0.126 0.3608 1.3286, -0.126 0.3483 1.3411, 0.126 0.3483 1.3411, -0.126 0.3334 1.3505, 0.126 0.3334 1.3505, -0.126 0.3167 1.3563, 0.126 0.3167 1.3563, -0.126 0.2992 1.3583, 0.126 0.2992 1.3583, 0.126 -1.3386 1.6102, 0.126 -1.3386 1.3583, -0.126 -1.3386 1.3583, -0.126 -1.3386 1.6102, 0.126 -2.0866 1.3583, 0.126 -4.3701 1.3583, -0.126 -2.0866 1.3583, -0.126 -4.3701 1.3583, -0.126 -2.0866 1.6102, -0.126 -4.3701 1.6102, 0.126 -2.0866 1.6102, 0.126 -4.3701 1.6102, -0.126 -4.4488 1.437, -0.126 -4.4488 1.5315, 0.126 -4.4488 1.5315, 0.126 -4.4488 1.437, 0.874 -0.4488 0.6102, 1.126 -0.4488 0.6102, 1.126 -0.4313 0.6083, 0.874 -0.4313 0.6083, 1.126 -0.4147 0.6024, 0.874 -0.4147 0.6024, 1.126 -0.3997 0.5931, 0.874 -0.3997 0.5931, 1.126 -0.3873 0.5806, 0.874 -0.3873 0.5806, 1.126 -0.3779 0.5657, 0.874 -0.3779 0.5657, 1.126 -0.3721 0.549, 0.874 -0.3721 0.549, 1.126 -0.3701 0.5315, 0.874 -0.3701 0.5315, 0.874 -0.3701 -1.1024, 1.126 -0.3701 -1.1024, 0.874 -0.4488 -1.1811, 1.126 -0.4488 -1.1811, 0.874 -0.5433 -1.1811, 1.126 -0.5433 -1.1811, 0.874 -0.622 -1.1024, 1.126 -0.622 -1.1024, 0.874 -0.622 0.2795, 1.126 -0.622 0.2795, 0.874 -0.624 0.2971, 1.126 -0.624 0.2971, 0.874 -0.6298 0.3137, 1.126 -0.6298 0.3137, 0.874 -0.6392 0.3286, 1.126 -0.6392 0.3286, 0.874 -0.6517 0.3411, 1.126 -0.6517 0.3411, 0.874 -0.6666 0.3505, 1.126 -0.6666 0.3505, 0.874 -0.6833 0.3563, 1.126 -0.6833 0.3563, 0.874 -0.7008 0.3583, 1.126 -0.7008 0.3583, 1.126 -1.3386 0.6102, 1.126 -1.3386 0.3583, 0.874 -1.3386 0.3583, 0.874 -1.3386 0.6102, 1.126 -2.0866 0.3583, 1.126 -4.3701 0.3583, 0.874 -2.0866 0.3583, 0.874 -4.3701 0.3583, 0.874 -2.0866 0.6102, 0.874 -4.3701 0.6102, 1.126 -2.0866 0.6102, 1.126 -4.3701 0.6102, 0.874 -4.4488 0.437, 0.874 -4.4488 0.5315, 1.126 -4.4488 0.5315, 1.126 -4.4488 0.437, 0.874 0.5512 1.6102, 1.126 0.5512 1.6102, 1.126 0.5687 1.6083, 0.874 0.5687 1.6083, 1.126 0.5853 1.6024, 0.874 0.5853 1.6024, 1.126 0.6003 1.5931, 0.874 0.6003 1.5931, 1.126 0.6127 1.5806, 0.874 0.6127 1.5806, 1.126 0.6221 1.5657, 0.874 0.6221 1.5657, 1.126 0.6279 1.549, 0.874 0.6279 1.549, 1.126 0.6299 1.5315, 0.874 0.6299 1.5315, 0.874 0.6299 -1.1024, 1.126 0.6299 -1.1024, 0.874 0.5512 -1.1811, 1.126 0.5512 -1.1811, 0.874 0.4567 -1.1811, 1.126 0.4567 -1.1811, 0.874 0.378 -1.1024, 1.126 0.378 -1.1024, 0.874 0.378 1.2795, 1.126 0.378 1.2795, 0.874 0.376 1.2971, 1.126 0.376 1.2971, 0.874 0.3702 1.3137, 1.126 0.3702 1.3137, 0.874 0.3608 1.3286, 1.126 0.3608 1.3286, 0.874 0.3483 1.3411, 1.126 0.3483 1.3411, 0.874 0.3334 1.3505, 1.126 0.3334 1.3505, 0.874 0.3167 1.3563, 1.126 0.3167 1.3563, 0.874 0.2992 1.3583, 1.126 0.2992 1.3583, 1.126 -1.3386 1.6102, 1.126 -1.3386 1.3583, 0.874 -1.3386 1.3583, 0.874 -1.3386 1.6102, 1.126 -2.0866 1.3583, 1.126 -4.3701 1.3583, 0.874 -2.0866 1.3583, 0.874 -4.3701 1.3583, 0.874 -2.0866 1.6102, 0.874 -4.3701 1.6102, 1.126 -2.0866 1.6102, 1.126 -4.3701 1.6102, 0.874 -4.4488 1.437, 0.874 -4.4488 1.5315, 1.126 -4.4488 1.5315, 1.126 -4.4488 1.437, 1.874 -0.4488 0.6102, 2.126 -0.4488 0.6102, 2.126 -0.4313 0.6083, 1.874 -0.4313 0.6083, 2.126 -0.4147 0.6024, 1.874 -0.4147 0.6024, 2.126 -0.3997 0.5931, 1.874 -0.3997 0.5931, 2.126 -0.3873 0.5806, 1.874 -0.3873 0.5806, 2.126 -0.3779 0.5657, 1.874 -0.3779 0.5657, 2.126 -0.3721 0.549, 1.874 -0.3721 0.549, 2.126 -0.3701 0.5315, 1.874 -0.3701 0.5315, 1.874 -0.3701 -1.1024, 2.126 -0.3701 -1.1024, 1.874 -0.4488 -1.1811, 2.126 -0.4488 -1.1811, 1.874 -0.5433 -1.1811, 2.126 -0.5433 -1.1811, 1.874 -0.622 -1.1024, 2.126 -0.622 -1.1024, 1.874 -0.622 0.2795, 2.126 -0.622 0.2795, 1.874 -0.624 0.2971, 2.126 -0.624 0.2971, 1.874 -0.6298 0.3137, 2.126 -0.6298 0.3137, 1.874 -0.6392 0.3286, 2.126 -0.6392 0.3286, 1.874 -0.6517 0.3411, 2.126 -0.6517 0.3411, 1.874 -0.6666 0.3505, 2.126 -0.6666 0.3505, 1.874 -0.6833 0.3563, 2.126 -0.6833 0.3563, 1.874 -0.7008 0.3583, 2.126 -0.7008 0.3583, 2.126 -1.3386 0.6102, 2.126 -1.3386 0.3583, 1.874 -1.3386 0.3583, 1.874 -1.3386 0.6102, 2.126 -2.0866 0.3583, 2.126 -4.3701 0.3583, 1.874 -2.0866 0.3583, 1.874 -4.3701 0.3583, 1.874 -2.0866 0.6102, 1.874 -4.3701 0.6102, 2.126 -2.0866 0.6102, 2.126 -4.3701 0.6102, 1.874 -4.4488 0.437, 1.874 -4.4488 0.5315, 2.126 -4.4488 0.5315, 2.126 -4.4488 0.437, 1.874 0.5512 1.6102, 2.126 0.5512 1.6102, 2.126 0.5687 1.6083, 1.874 0.5687 1.6083, 2.126 0.5853 1.6024, 1.874 0.5853 1.6024, 2.126 0.6003 1.5931, 1.874 0.6003 1.5931, 2.126 0.6127 1.5806, 1.874 0.6127 1.5806, 2.126 0.6221 1.5657, 1.874 0.6221 1.5657, 2.126 0.6279 1.549, 1.874 0.6279 1.549, 2.126 0.6299 1.5315, 1.874 0.6299 1.5315, 1.874 0.6299 -1.1024, 2.126 0.6299 -1.1024, 1.874 0.5512 -1.1811, 2.126 0.5512 -1.1811, 1.874 0.4567 -1.1811, 2.126 0.4567 -1.1811, 1.874 0.378 -1.1024, 2.126 0.378 -1.1024, 1.874 0.378 1.2795, 2.126 0.378 1.2795, 1.874 0.376 1.2971, 2.126 0.376 1.2971, 1.874 0.3702 1.3137, 2.126 0.3702 1.3137, 1.874 0.3608 1.3286, 2.126 0.3608 1.3286, 1.874 0.3483 1.3411, 2.126 0.3483 1.3411, 1.874 0.3334 1.3505, 2.126 0.3334 1.3505, 1.874 0.3167 1.3563, 2.126 0.3167 1.3563, 1.874 0.2992 1.3583, 2.126 0.2992 1.3583, 2.126 -1.3386 1.6102, 2.126 -1.3386 1.3583, 1.874 -1.3386 1.3583, 1.874 -1.3386 1.6102, 2.126 -2.0866 1.3583, 2.126 -4.3701 1.3583, 1.874 -2.0866 1.3583, 1.874 -4.3701 1.3583, 1.874 -2.0866 1.6102, 1.874 -4.3701 1.6102, 2.126 -2.0866 1.6102, 2.126 -4.3701 1.6102, 1.874 -4.4488 1.437, 1.874 -4.4488 1.5315, 2.126 -4.4488 1.5315, 2.126 -4.4488 1.437, 2.874 -0.4488 0.6102, 3.126 -0.4488 0.6102, 3.126 -0.4313 0.6083, 2.874 -0.4313 0.6083, 3.126 -0.4147 0.6024, 2.874 -0.4147 0.6024, 3.126 -0.3997 0.5931, 2.874 -0.3997 0.5931, 3.126 -0.3873 0.5806, 2.874 -0.3873 0.5806, 3.126 -0.3779 0.5657, 2.874 -0.3779 0.5657, 3.126 -0.3721 0.549, 2.874 -0.3721 0.549, 3.126 -0.3701 0.5315, 2.874 -0.3701 0.5315, 2.874 -0.3701 -1.1024, 3.126 -0.3701 -1.1024, 2.874 -0.4488 -1.1811, 3.126 -0.4488 -1.1811, 2.874 -0.5433 -1.1811, 3.126 -0.5433 -1.1811, 2.874 -0.622 -1.1024, 3.126 -0.622 -1.1024, 2.874 -0.622 0.2795, 3.126 -0.622 0.2795, 2.874 -0.624 0.2971, 3.126 -0.624 0.2971, 2.874 -0.6298 0.3137, 3.126 -0.6298 0.3137, 2.874 -0.6392 0.3286, 3.126 -0.6392 0.3286, 2.874 -0.6517 0.3411, 3.126 -0.6517 0.3411, 2.874 -0.6666 0.3505, 3.126 -0.6666 0.3505, 2.874 -0.6833 0.3563, 3.126 -0.6833 0.3563, 2.874 -0.7008 0.3583, 3.126 -0.7008 0.3583, 3.126 -1.3386 0.6102, 3.126 -1.3386 0.3583, 2.874 -1.3386 0.3583, 2.874 -1.3386 0.6102, 3.126 -2.0866 0.3583, 3.126 -4.3701 0.3583, 2.874 -2.0866 0.3583, 2.874 -4.3701 0.3583, 2.874 -2.0866 0.6102, 2.874 -4.3701 0.6102, 3.126 -2.0866 0.6102, 3.126 -4.3701 0.6102, 2.874 -4.4488 0.437, 2.874 -4.4488 0.5315, 3.126 -4.4488 0.5315, 3.126 -4.4488 0.437, 2.874 0.5512 1.6102, 3.126 0.5512 1.6102, 3.126 0.5687 1.6083, 2.874 0.5687 1.6083, 3.126 0.5853 1.6024, 2.874 0.5853 1.6024, 3.126 0.6003 1.5931, 2.874 0.6003 1.5931, 3.126 0.6127 1.5806, 2.874 0.6127 1.5806, 3.126 0.6221 1.5657, 2.874 0.6221 1.5657, 3.126 0.6279 1.549, 2.874 0.6279 1.549, 3.126 0.6299 1.5315, 2.874 0.6299 1.5315, 2.874 0.6299 -1.1024, 3.126 0.6299 -1.1024, 2.874 0.5512 -1.1811, 3.126 0.5512 -1.1811, 2.874 0.4567 -1.1811, 3.126 0.4567 -1.1811, 2.874 0.378 -1.1024, 3.126 0.378 -1.1024, 2.874 0.378 1.2795, 3.126 0.378 1.2795, 2.874 0.376 1.2971, 3.126 0.376 1.2971, 2.874 0.3702 1.3137, 3.126 0.3702 1.3137, 2.874 0.3608 1.3286, 3.126 0.3608 1.3286, 2.874 0.3483 1.3411, 3.126 0.3483 1.3411, 2.874 0.3334 1.3505, 3.126 0.3334 1.3505, 2.874 0.3167 1.3563, 3.126 0.3167 1.3563, 2.874 0.2992 1.3583, 3.126 0.2992 1.3583, 3.126 -1.3386 1.6102, 3.126 -1.3386 1.3583, 2.874 -1.3386 1.3583, 2.874 -1.3386 1.6102, 3.126 -2.0866 1.3583, 3.126 -4.3701 1.3583, 2.874 -2.0866 1.3583, 2.874 -4.3701 1.3583, 2.874 -2.0866 1.6102, 2.874 -4.3701 1.6102, 3.126 -2.0866 1.6102, 3.126 -4.3701 1.6102, 2.874 -4.4488 1.437, 2.874 -4.4488 1.5315, 3.126 -4.4488 1.5315, 3.126 -4.4488 1.437, 3.874 -0.4488 0.6102, 4.126 -0.4488 0.6102, 4.126 -0.4313 0.6083, 3.874 -0.4313 0.6083, 4.126 -0.4147 0.6024, 3.874 -0.4147 0.6024, 4.126 -0.3997 0.5931, 3.874 -0.3997 0.5931, 4.126 -0.3873 0.5806, 3.874 -0.3873 0.5806, 4.126 -0.3779 0.5657, 3.874 -0.3779 0.5657, 4.126 -0.3721 0.549, 3.874 -0.3721 0.549, 4.126 -0.3701 0.5315, 3.874 -0.3701 0.5315, 3.874 -0.3701 -1.1024, 4.126 -0.3701 -1.1024, 3.874 -0.4488 -1.1811, 4.126 -0.4488 -1.1811, 3.874 -0.5433 -1.1811, 4.126 -0.5433 -1.1811, 3.874 -0.622 -1.1024, 4.126 -0.622 -1.1024, 3.874 -0.622 0.2795, 4.126 -0.622 0.2795, 3.874 -0.624 0.2971, 4.126 -0.624 0.2971, 3.874 -0.6298 0.3137, 4.126 -0.6298 0.3137, 3.874 -0.6392 0.3286, 4.126 -0.6392 0.3286, 3.874 -0.6517 0.3411, 4.126 -0.6517 0.3411, 3.874 -0.6666 0.3505, 4.126 -0.6666 0.3505, 3.874 -0.6833 0.3563, 4.126 -0.6833 0.3563, 3.874 -0.7008 0.3583, 4.126 -0.7008 0.3583, 4.126 -1.3386 0.6102, 4.126 -1.3386 0.3583, 3.874 -1.3386 0.3583, 3.874 -1.3386 0.6102, 4.126 -2.0866 0.3583, 4.126 -4.3701 0.3583, 3.874 -2.0866 0.3583, 3.874 -4.3701 0.3583, 3.874 -2.0866 0.6102, 3.874 -4.3701 0.6102, 4.126 -2.0866 0.6102, 4.126 -4.3701 0.6102, 3.874 -4.4488 0.437, 3.874 -4.4488 0.5315, 4.126 -4.4488 0.5315, 4.126 -4.4488 0.437, 3.874 0.5512 1.6102, 4.126 0.5512 1.6102, 4.126 0.5687 1.6083, 3.874 0.5687 1.6083, 4.126 0.5853 1.6024, 3.874 0.5853 1.6024, 4.126 0.6003 1.5931, 3.874 0.6003 1.5931, 4.126 0.6127 1.5806, 3.874 0.6127 1.5806, 4.126 0.6221 1.5657, 3.874 0.6221 1.5657, 4.126 0.6279 1.549, 3.874 0.6279 1.549, 4.126 0.6299 1.5315, 3.874 0.6299 1.5315, 3.874 0.6299 -1.1024, 4.126 0.6299 -1.1024, 3.874 0.5512 -1.1811, 4.126 0.5512 -1.1811, 3.874 0.4567 -1.1811, 4.126 0.4567 -1.1811, 3.874 0.378 -1.1024, 4.126 0.378 -1.1024, 3.874 0.378 1.2795, 4.126 0.378 1.2795, 3.874 0.376 1.2971, 4.126 0.376 1.2971, 3.874 0.3702 1.3137, 4.126 0.3702 1.3137, 3.874 0.3608 1.3286, 4.126 0.3608 1.3286, 3.874 0.3483 1.3411, 4.126 0.3483 1.3411, 3.874 0.3334 1.3505, 4.126 0.3334 1.3505, 3.874 0.3167 1.3563, 4.126 0.3167 1.3563, 3.874 0.2992 1.3583, 4.126 0.2992 1.3583, 4.126 -1.3386 1.6102, 4.126 -1.3386 1.3583, 3.874 -1.3386 1.3583, 3.874 -1.3386 1.6102, 4.126 -2.0866 1.3583, 4.126 -4.3701 1.3583, 3.874 -2.0866 1.3583, 3.874 -4.3701 1.3583, 3.874 -2.0866 1.6102, 3.874 -4.3701 1.6102, 4.126 -2.0866 1.6102, 4.126 -4.3701 1.6102, 3.874 -4.4488 1.437, 3.874 -4.4488 1.5315, 4.126 -4.4488 1.5315, 4.126 -4.4488 1.437, 4.874 -0.4488 0.6102, 5.126 -0.4488 0.6102, 5.126 -0.4313 0.6083, 4.874 -0.4313 0.6083, 5.126 -0.4147 0.6024, 4.874 -0.4147 0.6024, 5.126 -0.3997 0.5931, 4.874 -0.3997 0.5931, 5.126 -0.3873 0.5806, 4.874 -0.3873 0.5806, 5.126 -0.3779 0.5657, 4.874 -0.3779 0.5657, 5.126 -0.3721 0.549, 4.874 -0.3721 0.549, 5.126 -0.3701 0.5315, 4.874 -0.3701 0.5315, 4.874 -0.3701 -1.1024, 5.126 -0.3701 -1.1024, 4.874 -0.4488 -1.1811, 5.126 -0.4488 -1.1811, 4.874 -0.5433 -1.1811, 5.126 -0.5433 -1.1811, 4.874 -0.622 -1.1024, 5.126 -0.622 -1.1024, 4.874 -0.622 0.2795, 5.126 -0.622 0.2795, 4.874 -0.624 0.2971, 5.126 -0.624 0.2971, 4.874 -0.6298 0.3137, 5.126 -0.6298 0.3137, 4.874 -0.6392 0.3286, 5.126 -0.6392 0.3286, 4.874 -0.6517 0.3411, 5.126 -0.6517 0.3411, 4.874 -0.6666 0.3505, 5.126 -0.6666 0.3505, 4.874 -0.6833 0.3563, 5.126 -0.6833 0.3563, 4.874 -0.7008 0.3583, 5.126 -0.7008 0.3583, 5.126 -1.3386 0.6102, 5.126 -1.3386 0.3583, 4.874 -1.3386 0.3583, 4.874 -1.3386 0.6102, 5.126 -2.0866 0.3583, 5.126 -4.3701 0.3583, 4.874 -2.0866 0.3583, 4.874 -4.3701 0.3583, 4.874 -2.0866 0.6102, 4.874 -4.3701 0.6102, 5.126 -2.0866 0.6102, 5.126 -4.3701 0.6102, 4.874 -4.4488 0.437, 4.874 -4.4488 0.5315, 5.126 -4.4488 0.5315, 5.126 -4.4488 0.437, 4.874 0.5512 1.6102, 5.126 0.5512 1.6102, 5.126 0.5687 1.6083, 4.874 0.5687 1.6083, 5.126 0.5853 1.6024, 4.874 0.5853 1.6024, 5.126 0.6003 1.5931, 4.874 0.6003 1.5931, 5.126 0.6127 1.5806, 4.874 0.6127 1.5806, 5.126 0.6221 1.5657, 4.874 0.6221 1.5657, 5.126 0.6279 1.549, 4.874 0.6279 1.549, 5.126 0.6299 1.5315, 4.874 0.6299 1.5315, 4.874 0.6299 -1.1024, 5.126 0.6299 -1.1024, 4.874 0.5512 -1.1811, 5.126 0.5512 -1.1811, 4.874 0.4567 -1.1811, 5.126 0.4567 -1.1811, 4.874 0.378 -1.1024, 5.126 0.378 -1.1024, 4.874 0.378 1.2795, 5.126 0.378 1.2795, 4.874 0.376 1.2971, 5.126 0.376 1.2971, 4.874 0.3702 1.3137, 5.126 0.3702 1.3137, 4.874 0.3608 1.3286, 5.126 0.3608 1.3286, 4.874 0.3483 1.3411, 5.126 0.3483 1.3411, 4.874 0.3334 1.3505, 5.126 0.3334 1.3505, 4.874 0.3167 1.3563, 5.126 0.3167 1.3563, 4.874 0.2992 1.3583, 5.126 0.2992 1.3583, 5.126 -1.3386 1.6102, 5.126 -1.3386 1.3583, 4.874 -1.3386 1.3583, 4.874 -1.3386 1.6102, 5.126 -2.0866 1.3583, 5.126 -4.3701 1.3583, 4.874 -2.0866 1.3583, 4.874 -4.3701 1.3583, 4.874 -2.0866 1.6102, 4.874 -4.3701 1.6102, 5.126 -2.0866 1.6102, 5.126 -4.3701 1.6102, 4.874 -4.4488 1.437, 4.874 -4.4488 1.5315, 5.126 -4.4488 1.5315, 5.126 -4.4488 1.437, 5.874 -0.4488 0.6102, 6.126 -0.4488 0.6102, 6.126 -0.4313 0.6083, 5.874 -0.4313 0.6083, 6.126 -0.4147 0.6024, 5.874 -0.4147 0.6024, 6.126 -0.3997 0.5931, 5.874 -0.3997 0.5931, 6.126 -0.3873 0.5806, 5.874 -0.3873 0.5806, 6.126 -0.3779 0.5657, 5.874 -0.3779 0.5657, 6.126 -0.3721 0.549, 5.874 -0.3721 0.549, 6.126 -0.3701 0.5315, 5.874 -0.3701 0.5315, 5.874 -0.3701 -1.1024, 6.126 -0.3701 -1.1024, 5.874 -0.4488 -1.1811, 6.126 -0.4488 -1.1811, 5.874 -0.5433 -1.1811, 6.126 -0.5433 -1.1811, 5.874 -0.622 -1.1024, 6.126 -0.622 -1.1024, 5.874 -0.622 0.2795, 6.126 -0.622 0.2795, 5.874 -0.624 0.2971, 6.126 -0.624 0.2971, 5.874 -0.6298 0.3137, 6.126 -0.6298 0.3137, 5.874 -0.6392 0.3286, 6.126 -0.6392 0.3286, 5.874 -0.6517 0.3411, 6.126 -0.6517 0.3411, 5.874 -0.6666 0.3505, 6.126 -0.6666 0.3505, 5.874 -0.6833 0.3563, 6.126 -0.6833 0.3563, 5.874 -0.7008 0.3583, 6.126 -0.7008 0.3583, 6.126 -1.3386 0.6102, 6.126 -1.3386 0.3583, 5.874 -1.3386 0.3583, 5.874 -1.3386 0.6102, 6.126 -2.0866 0.3583, 6.126 -4.3701 0.3583, 5.874 -2.0866 0.3583, 5.874 -4.3701 0.3583, 5.874 -2.0866 0.6102, 5.874 -4.3701 0.6102, 6.126 -2.0866 0.6102, 6.126 -4.3701 0.6102, 5.874 -4.4488 0.437, 5.874 -4.4488 0.5315, 6.126 -4.4488 0.5315, 6.126 -4.4488 0.437, 5.874 0.5512 1.6102, 6.126 0.5512 1.6102, 6.126 0.5687 1.6083, 5.874 0.5687 1.6083, 6.126 0.5853 1.6024, 5.874 0.5853 1.6024, 6.126 0.6003 1.5931, 5.874 0.6003 1.5931, 6.126 0.6127 1.5806, 5.874 0.6127 1.5806, 6.126 0.6221 1.5657, 5.874 0.6221 1.5657, 6.126 0.6279 1.549, 5.874 0.6279 1.549, 6.126 0.6299 1.5315, 5.874 0.6299 1.5315, 5.874 0.6299 -1.1024, 6.126 0.6299 -1.1024, 5.874 0.5512 -1.1811, 6.126 0.5512 -1.1811, 5.874 0.4567 -1.1811, 6.126 0.4567 -1.1811, 5.874 0.378 -1.1024, 6.126 0.378 -1.1024, 5.874 0.378 1.2795, 6.126 0.378 1.2795, 5.874 0.376 1.2971, 6.126 0.376 1.2971, 5.874 0.3702 1.3137, 6.126 0.3702 1.3137, 5.874 0.3608 1.3286, 6.126 0.3608 1.3286, 5.874 0.3483 1.3411, 6.126 0.3483 1.3411, 5.874 0.3334 1.3505, 6.126 0.3334 1.3505, 5.874 0.3167 1.3563, 6.126 0.3167 1.3563, 5.874 0.2992 1.3583, 6.126 0.2992 1.3583, 6.126 -1.3386 1.6102, 6.126 -1.3386 1.3583, 5.874 -1.3386 1.3583, 5.874 -1.3386 1.6102, 6.126 -2.0866 1.3583, 6.126 -4.3701 1.3583, 5.874 -2.0866 1.3583, 5.874 -4.3701 1.3583, 5.874 -2.0866 1.6102, 5.874 -4.3701 1.6102, 6.126 -2.0866 1.6102, 6.126 -4.3701 1.6102, 5.874 -4.4488 1.437, 5.874 -4.4488 1.5315, 6.126 -4.4488 1.5315, 6.126 -4.4488 1.437, 6.874 -0.4488 0.6102, 7.126 -0.4488 0.6102, 7.126 -0.4313 0.6083, 6.874 -0.4313 0.6083, 7.126 -0.4147 0.6024, 6.874 -0.4147 0.6024, 7.126 -0.3997 0.5931, 6.874 -0.3997 0.5931, 7.126 -0.3873 0.5806, 6.874 -0.3873 0.5806, 7.126 -0.3779 0.5657, 6.874 -0.3779 0.5657, 7.126 -0.3721 0.549, 6.874 -0.3721 0.549, 7.126 -0.3701 0.5315, 6.874 -0.3701 0.5315, 6.874 -0.3701 -1.1024, 7.126 -0.3701 -1.1024, 6.874 -0.4488 -1.1811, 7.126 -0.4488 -1.1811, 6.874 -0.5433 -1.1811, 7.126 -0.5433 -1.1811, 6.874 -0.622 -1.1024, 7.126 -0.622 -1.1024, 6.874 -0.622 0.2795, 7.126 -0.622 0.2795, 6.874 -0.624 0.2971, 7.126 -0.624 0.2971, 6.874 -0.6298 0.3137, 7.126 -0.6298 0.3137, 6.874 -0.6392 0.3286, 7.126 -0.6392 0.3286, 6.874 -0.6517 0.3411, 7.126 -0.6517 0.3411, 6.874 -0.6666 0.3505, 7.126 -0.6666 0.3505, 6.874 -0.6833 0.3563, 7.126 -0.6833 0.3563, 6.874 -0.7008 0.3583, 7.126 -0.7008 0.3583, 7.126 -1.3386 0.6102, 7.126 -1.3386 0.3583, 6.874 -1.3386 0.3583, 6.874 -1.3386 0.6102, 7.126 -2.0866 0.3583, 7.126 -4.3701 0.3583, 6.874 -2.0866 0.3583, 6.874 -4.3701 0.3583, 6.874 -2.0866 0.6102, 6.874 -4.3701 0.6102, 7.126 -2.0866 0.6102, 7.126 -4.3701 0.6102, 6.874 -4.4488 0.437, 6.874 -4.4488 0.5315, 7.126 -4.4488 0.5315, 7.126 -4.4488 0.437, 6.874 0.5512 1.6102, 7.126 0.5512 1.6102, 7.126 0.5687 1.6083, 6.874 0.5687 1.6083, 7.126 0.5853 1.6024, 6.874 0.5853 1.6024, 7.126 0.6003 1.5931, 6.874 0.6003 1.5931, 7.126 0.6127 1.5806, 6.874 0.6127 1.5806, 7.126 0.6221 1.5657, 6.874 0.6221 1.5657, 7.126 0.6279 1.549, 6.874 0.6279 1.549, 7.126 0.6299 1.5315, 6.874 0.6299 1.5315, 6.874 0.6299 -1.1024, 7.126 0.6299 -1.1024, 6.874 0.5512 -1.1811, 7.126 0.5512 -1.1811, 6.874 0.4567 -1.1811, 7.126 0.4567 -1.1811, 6.874 0.378 -1.1024, 7.126 0.378 -1.1024, 6.874 0.378 1.2795, 7.126 0.378 1.2795, 6.874 0.376 1.2971, 7.126 0.376 1.2971, 6.874 0.3702 1.3137, 7.126 0.3702 1.3137, 6.874 0.3608 1.3286, 7.126 0.3608 1.3286, 6.874 0.3483 1.3411, 7.126 0.3483 1.3411, 6.874 0.3334 1.3505, 7.126 0.3334 1.3505, 6.874 0.3167 1.3563, 7.126 0.3167 1.3563, 6.874 0.2992 1.3583, 7.126 0.2992 1.3583, 7.126 -1.3386 1.6102, 7.126 -1.3386 1.3583, 6.874 -1.3386 1.3583, 6.874 -1.3386 1.6102, 7.126 -2.0866 1.3583, 7.126 -4.3701 1.3583, 6.874 -2.0866 1.3583, 6.874 -4.3701 1.3583, 6.874 -2.0866 1.6102, 6.874 -4.3701 1.6102, 7.126 -2.0866 1.6102, 7.126 -4.3701 1.6102, 6.874 -4.4488 1.437, 6.874 -4.4488 1.5315, 7.126 -4.4488 1.5315, 7.126 -4.4488 1.437, 7.874 -0.4488 0.6102, 8.126 -0.4488 0.6102, 8.126 -0.4313 0.6083, 7.874 -0.4313 0.6083, 8.126 -0.4147 0.6024, 7.874 -0.4147 0.6024, 8.126 -0.3997 0.5931, 7.874 -0.3997 0.5931, 8.126 -0.3873 0.5806, 7.874 -0.3873 0.5806, 8.126 -0.3779 0.5657, 7.874 -0.3779 0.5657, 8.126 -0.3721 0.549, 7.874 -0.3721 0.549, 8.126 -0.3701 0.5315, 7.874 -0.3701 0.5315, 7.874 -0.3701 -1.1024, 8.126 -0.3701 -1.1024, 7.874 -0.4488 -1.1811, 8.126 -0.4488 -1.1811, 7.874 -0.5433 -1.1811, 8.126 -0.5433 -1.1811, 7.874 -0.622 -1.1024, 8.126 -0.622 -1.1024, 7.874 -0.622 0.2795, 8.126 -0.622 0.2795, 7.874 -0.624 0.2971, 8.126 -0.624 0.2971, 7.874 -0.6298 0.3137, 8.126 -0.6298 0.3137, 7.874 -0.6392 0.3286, 8.126 -0.6392 0.3286, 7.874 -0.6517 0.3411, 8.126 -0.6517 0.3411, 7.874 -0.6666 0.3505, 8.126 -0.6666 0.3505, 7.874 -0.6833 0.3563, 8.126 -0.6833 0.3563, 7.874 -0.7008 0.3583, 8.126 -0.7008 0.3583, 8.126 -1.3386 0.6102, 8.126 -1.3386 0.3583, 7.874 -1.3386 0.3583, 7.874 -1.3386 0.6102, 8.126 -2.0866 0.3583, 8.126 -4.3701 0.3583, 7.874 -2.0866 0.3583, 7.874 -4.3701 0.3583, 7.874 -2.0866 0.6102, 7.874 -4.3701 0.6102, 8.126 -2.0866 0.6102, 8.126 -4.3701 0.6102, 7.874 -4.4488 0.437, 7.874 -4.4488 0.5315, 8.126 -4.4488 0.5315, 8.126 -4.4488 0.437, 7.874 0.5512 1.6102, 8.126 0.5512 1.6102, 8.126 0.5687 1.6083, 7.874 0.5687 1.6083, 8.126 0.5853 1.6024, 7.874 0.5853 1.6024, 8.126 0.6003 1.5931, 7.874 0.6003 1.5931, 8.126 0.6127 1.5806, 7.874 0.6127 1.5806, 8.126 0.6221 1.5657, 7.874 0.6221 1.5657, 8.126 0.6279 1.549, 7.874 0.6279 1.549, 8.126 0.6299 1.5315, 7.874 0.6299 1.5315, 7.874 0.6299 -1.1024, 8.126 0.6299 -1.1024, 7.874 0.5512 -1.1811, 8.126 0.5512 -1.1811, 7.874 0.4567 -1.1811, 8.126 0.4567 -1.1811, 7.874 0.378 -1.1024, 8.126 0.378 -1.1024, 7.874 0.378 1.2795, 8.126 0.378 1.2795, 7.874 0.376 1.2971, 8.126 0.376 1.2971, 7.874 0.3702 1.3137, 8.126 0.3702 1.3137, 7.874 0.3608 1.3286, 8.126 0.3608 1.3286, 7.874 0.3483 1.3411, 8.126 0.3483 1.3411, 7.874 0.3334 1.3505, 8.126 0.3334 1.3505, 7.874 0.3167 1.3563, 8.126 0.3167 1.3563, 7.874 0.2992 1.3583, 8.126 0.2992 1.3583, 8.126 -1.3386 1.6102, 8.126 -1.3386 1.3583, 7.874 -1.3386 1.3583, 7.874 -1.3386 1.6102, 8.126 -2.0866 1.3583, 8.126 -4.3701 1.3583, 7.874 -2.0866 1.3583, 7.874 -4.3701 1.3583, 7.874 -2.0866 1.6102, 7.874 -4.3701 1.6102, 8.126 -2.0866 1.6102, 8.126 -4.3701 1.6102, 7.874 -4.4488 1.437, 7.874 -4.4488 1.5315, 8.126 -4.4488 1.5315, 8.126 -4.4488 1.437, -3.8425 -1.4466 0.0394, -3.8425 -1.4446 0.0394, -3.8425 -1.4466 0.0, -3.8425 -1.4446 0.0, -4.0 -1.3719 0.0394, -4.0 -1.3719 0.0, -4.0 -1.3873 0.0394, -4.0 -1.3873 0.0, -3.9495 -1.4105 0.0394, -3.9495 -1.4105 0.0, -3.9495 -1.4819 0.0394, -3.9495 -1.4819 0.0, -4.0 -1.5059 0.0394, -4.0 -1.5059 0.0, -4.0 -1.5213 0.0394, -4.0 -1.5213 0.0, -3.9334 -1.4743 0.0394, -3.8732 -1.4457 0.0394, -3.9334 -1.418 0.0394, -3.9334 -1.418 0.0, -3.8732 -1.4457 0.0, -3.9334 -1.4743 0.0, -4.0 -1.6219 0.0394, -4.0 -1.6707 0.0394, -4.0 -1.6219 0.0, -4.0 -1.6707 0.0, -3.8425 -1.6707 0.0394, -3.8425 -1.6707 0.0, -3.8425 -1.6389 0.0394, -3.8425 -1.6389 0.0, -3.8482 -1.5889 0.0394, -3.8482 -1.5889 0.0, -3.8435 -1.6137 0.0, -3.8435 -1.6137 0.0394, -3.9232 -1.5415 0.0394, -3.9232 -1.5415 0.0, -3.9166 -1.5417 0.0, -3.9166 -1.5417 0.0394, -3.8974 -1.5447 0.0, -3.8974 -1.5447 0.0394, -3.8808 -1.5513 0.0, -3.8808 -1.5513 0.0394, -3.8664 -1.5613 0.0, -3.8664 -1.5613 0.0394, -3.8562 -1.573 0.0, -3.8562 -1.573 0.0394, -3.9991 -1.605 0.0, -3.9991 -1.605 0.0394, -3.9948 -1.5851 0.0, -3.9948 -1.5851 0.0394, -3.9881 -1.5719 0.0, -3.9881 -1.5719 0.0394, -3.9781 -1.5606 0.0, -3.9781 -1.5606 0.0394, -3.9619 -1.5499 0.0, -3.9619 -1.5499 0.0394, -3.9443 -1.5437 0.0, -3.9443 -1.5437 0.0394, -3.8594 -1.6212 0.0394, -3.8631 -1.5971 0.0394, -3.8657 -1.59 0.0394, -3.8725 -1.5783 0.0394, -3.8814 -1.5692 0.0394, -3.893 -1.5619 0.0394, -3.9065 -1.5573 0.0394, -3.9232 -1.5556 0.0394, -3.9272 -1.5557 0.0394, -3.9438 -1.5584 0.0394, -3.9559 -1.5636 0.0394, -3.9664 -1.5715 0.0394, -3.974 -1.5809 0.0394, -3.9798 -1.5935 0.0394, -3.9832 -1.6158 0.0394, -3.9838 -1.6385 0.0394, -3.9838 -1.6566 0.0394, -3.8587 -1.6566 0.0394, -3.8587 -1.6455 0.0394, -3.8587 -1.6566 0.0, -3.9838 -1.6566 0.0, -3.8587 -1.6455 0.0, -3.8594 -1.6212 0.0, -3.8631 -1.5971 0.0, -3.8657 -1.59 0.0, -3.8725 -1.5783 0.0, -3.8814 -1.5692 0.0, -3.893 -1.5619 0.0, -3.9065 -1.5573 0.0, -3.9232 -1.5556 0.0, -3.9272 -1.5557 0.0, -3.9438 -1.5584 0.0, -3.9559 -1.5636 0.0, -3.9664 -1.5715 0.0, -3.974 -1.5809 0.0, -3.9798 -1.5935 0.0, -3.9832 -1.6158 0.0, -3.9838 -1.6385 0.0, -4.0 -1.7878 0.0394, -3.8425 -1.7878 0.0394, -4.0 -1.7878 0.0, -3.8425 -1.7878 0.0, -3.8425 -1.699 0.0394, -3.8425 -1.699 0.0, -3.8587 -1.699 0.0394, -3.8587 -1.699 0.0, -3.8587 -1.7737 0.0394, -3.8587 -1.7737 0.0, -3.9071 -1.7737 0.0394, -3.9071 -1.7737 0.0, -3.9071 -1.699 0.0394, -3.9071 -1.699 0.0, -3.9233 -1.699 0.0394, -3.9233 -1.699 0.0, -3.9233 -1.7737 0.0394, -3.9233 -1.7737 0.0, -3.9838 -1.7737 0.0394, -3.9838 -1.7737 0.0, -3.9838 -1.699 0.0394, -3.9838 -1.699 0.0, -4.0 -1.699 0.0394, -4.0 -1.699 0.0, -3.8714 -1.8201 0.0394, -3.8714 -1.8201 0.0, -3.8686 -1.8223 0.0, -3.8686 -1.8223 0.0394, -3.8556 -1.8354 0.0, -3.8556 -1.8354 0.0394, -3.8454 -1.8528 0.0, -3.8454 -1.8528 0.0394, -3.8412 -1.8654 0.0, -3.8412 -1.8654 0.0394, -3.8385 -1.8888 0.0, -3.8385 -1.8888 0.0394, -3.8809 -1.8325 0.0394, -3.8809 -1.8325 0.0, -3.8546 -1.8897 0.0394, -3.8546 -1.8897 0.0, -3.8549 -1.8833 0.0, -3.8549 -1.8833 0.0394, -3.8576 -1.8677 0.0, -3.8576 -1.8677 0.0394, -3.8604 -1.8596 0.0, -3.8604 -1.8596 0.0394, -3.8684 -1.8455 0.0, -3.8684 -1.8455 0.0394, -3.9214 -1.9594 0.0394, -3.9214 -1.9594 0.0, -3.9138 -1.959 0.0, -3.9138 -1.959 0.0394, -3.8987 -1.9557 0.0, -3.8987 -1.9557 0.0394, -3.8847 -1.9486 0.0, -3.8847 -1.9486 0.0394, -3.8733 -1.9389 0.0, -3.8733 -1.9389 0.0394, -3.8632 -1.9244 0.0, -3.8632 -1.9244 0.0394, -3.8569 -1.9083 0.0, -3.8569 -1.9083 0.0394, -3.9879 -1.8887 0.0394, -3.9879 -1.8887 0.0, -3.987 -1.9011 0.0, -3.987 -1.9011 0.0394, -3.9829 -1.9171 0.0, -3.9829 -1.9171 0.0394, -3.9747 -1.9324 0.0, -3.9747 -1.9324 0.0394, -3.9641 -1.944 0.0, -3.9641 -1.944 0.0394, -3.9519 -1.9524 0.0, -3.9519 -1.9524 0.0394, -3.9388 -1.9573 0.0, -3.9388 -1.9573 0.0394, -3.9616 -1.8325 0.0394, -3.9616 -1.8325 0.0, -3.9704 -1.8412 0.0, -3.9704 -1.8412 0.0394, -3.98 -1.8551 0.0, -3.98 -1.8551 0.0394, -3.9857 -1.8703 0.0, -3.9857 -1.8703 0.0394, -3.971 -1.8201 0.0394, -3.971 -1.8201 0.0, -4.004 -1.8886 0.0394, -4.004 -1.8886 0.0, -4.004 -1.8863 0.0, -4.004 -1.8863 0.0394, -4.002 -1.8703 0.0, -4.0015 -1.8664 0.0394, -4.0015 -1.8664 0.0, -3.9961 -1.8509 0.0, -3.9961 -1.8509 0.0394, -3.9856 -1.834 0.0, -3.9856 -1.834 0.0394, -4.002 -1.9063 0.0, -4.0012 -1.9132 0.0394, -4.0012 -1.9132 0.0, -3.994 -1.9321 0.0394, -3.994 -1.9321 0.0, -3.9831 -1.9473 0.0394, -3.9831 -1.9473 0.0, -3.9765 -1.9536 0.0394, -3.9765 -1.9536 0.0, -3.9203 -1.9736 0.0394, -3.9203 -1.9736 0.0, -3.9411 -1.9713 0.0, -3.9411 -1.9713 0.0394, -3.9593 -1.965 0.0, -3.9593 -1.965 0.0394, -3.8392 -1.9014 0.0, -3.8392 -1.9014 0.0394, -3.8438 -1.9206 0.0, -3.8438 -1.9206 0.0394, -3.8523 -1.9373 0.0, -3.8523 -1.9373 0.0394, -3.8666 -1.9537 0.0, -3.8666 -1.9537 0.0394, -3.8821 -1.9645 0.0, -3.8821 -1.9645 0.0394, -3.8988 -1.9709 0.0, -3.8988 -1.9709 0.0394, -4.0 -2.0664 0.0394, -3.8425 -2.0664 0.0394, -4.0 -2.0664 0.0, -3.8425 -2.0664 0.0, -3.8425 -2.0523 0.0394, -3.8425 -2.0523 0.0, -3.9838 -2.0523 0.0394, -3.9838 -2.0523 0.0, -3.9838 -1.9917 0.0394, -3.9838 -1.9917 0.0, -4.0 -1.9917 0.0394, -4.0 -1.9917 0.0
            ]
        }
        coordIndex [
            0,1,2,-1,0,2,3,-1,3,2,4,-1,3,4,5,-1,5,4,6,-1,5,6,7,-1,7,6,8,-1,7,8,9,-1,9,8,10,-1,9,10,11,-1,11,10,12,-1,11,12,13,-1,13,12,14,-1,13,14,15,-1,16,15,17,-1,17,15,14,-1,18,16,19,-1,19,16,17,-1,20,18,21,-1,21,18,19,-1,22,20,23,-1,23,20,21,-1,24,22,25,-1,25,22,23,-1,24,25,26,-1,26,25,27,-1,26,27,28,-1,28,27,29,-1,28,29,30,-1,30,29,31,-1,30,31,32,-1,32,31,33,-1,32,33,34,-1,34,33,35,-1,34,35,36,-1,36,35,37,-1,36,37,38,-1,38,37,39,-1,31,29,14,-1,40,41,1,-1,1,41,39,-1,14,12,31,-1,31,12,10,-1,31,10,33,-1,33,10,8,-1,33,8,6,-1,39,37,1,-1,1,37,35,-1,1,35,2,-1,2,35,33,-1,2,33,4,-1,4,33,6,-1,21,19,23,-1,23,19,17,-1,23,17,25,-1,25,17,14,-1,25,14,27,-1,27,14,29,-1,5,7,32,-1,42,43,38,-1,38,43,0,-1,38,0,36,-1,36,0,34,-1,20,22,18,-1,18,22,24,-1,18,24,16,-1,16,24,15,-1,34,0,32,-1,32,0,3,-1,32,3,5,-1,24,26,15,-1,15,26,28,-1,15,28,13,-1,13,28,30,-1,13,30,11,-1,11,30,32,-1,11,32,9,-1,9,32,7,-1,40,1,43,-1,43,1,0,-1,42,38,41,-1,41,38,39,-1,44,45,46,-1,46,45,47,-1,48,49,50,-1,50,49,51,-1,52,53,47,-1,47,53,49,-1,47,49,46,-1,46,49,48,-1,54,55,51,-1,51,55,45,-1,51,45,50,-1,50,45,44,-1,52,47,55,-1,55,47,45,-1,53,52,54,-1,54,52,55,-1,49,53,51,-1,51,53,54,-1,56,57,58,-1,56,58,59,-1,59,58,60,-1,59,60,61,-1,61,60,62,-1,61,62,63,-1,63,62,64,-1,63,64,65,-1,65,64,66,-1,65,66,67,-1,67,66,68,-1,67,68,69,-1,69,68,70,-1,69,70,71,-1,72,71,73,-1,73,71,70,-1,74,72,75,-1,75,72,73,-1,76,74,77,-1,77,74,75,-1,78,76,79,-1,79,76,77,-1,80,78,81,-1,81,78,79,-1,80,81,82,-1,82,81,83,-1,82,83,84,-1,84,83,85,-1,84,85,86,-1,86,85,87,-1,86,87,88,-1,88,87,89,-1,88,89,90,-1,90,89,91,-1,90,91,92,-1,92,91,93,-1,92,93,94,-1,94,93,95,-1,87,85,70,-1,96,97,57,-1,57,97,95,-1,70,68,87,-1,87,68,66,-1,87,66,89,-1,89,66,64,-1,89,64,62,-1,85,83,70,-1,70,83,81,-1,70,81,73,-1,73,81,79,-1,73,79,75,-1,75,79,77,-1,95,93,57,-1,57,93,91,-1,57,91,58,-1,58,91,89,-1,58,89,60,-1,60,89,62,-1,88,90,56,-1,98,99,94,-1,94,99,56,-1,94,56,92,-1,92,56,90,-1,74,76,72,-1,72,76,78,-1,72,78,71,-1,71,78,80,-1,56,59,88,-1,88,59,61,-1,88,61,86,-1,86,61,63,-1,86,63,65,-1,80,82,71,-1,71,82,84,-1,71,84,69,-1,69,84,86,-1,69,86,67,-1,67,86,65,-1,96,57,99,-1,99,57,56,-1,98,94,97,-1,97,94,95,-1,100,101,102,-1,102,101,103,-1,104,105,106,-1,106,105,107,-1,108,109,103,-1,103,109,105,-1,103,105,102,-1,102,105,104,-1,110,111,107,-1,107,111,101,-1,107,101,106,-1,106,101,100,-1,108,103,111,-1,111,103,101,-1,109,108,110,-1,110,108,111,-1,105,109,107,-1,107,109,110,-1,112,113,114,-1,112,114,115,-1,115,114,116,-1,115,116,117,-1,117,116,118,-1,117,118,119,-1,119,118,120,-1,119,120,121,-1,121,120,122,-1,121,122,123,-1,123,122,124,-1,123,124,125,-1,125,124,126,-1,125,126,127,-1,128,127,129,-1,129,127,126,-1,130,128,131,-1,131,128,129,-1,132,130,133,-1,133,130,131,-1,134,132,135,-1,135,132,133,-1,136,134,137,-1,137,134,135,-1,136,137,138,-1,138,137,139,-1,138,139,140,-1,140,139,141,-1,140,141,142,-1,142,141,143,-1,142,143,144,-1,144,143,145,-1,144,145,146,-1,146,145,147,-1,146,147,148,-1,148,147,149,-1,148,149,150,-1,150,149,151,-1,143,141,126,-1,152,153,113,-1,113,153,151,-1,126,124,143,-1,143,124,122,-1,143,122,145,-1,145,122,120,-1,145,120,118,-1,151,149,113,-1,113,149,147,-1,113,147,114,-1,114,147,145,-1,114,145,116,-1,116,145,118,-1,133,131,135,-1,135,131,129,-1,135,129,137,-1,137,129,126,-1,137,126,139,-1,139,126,141,-1,117,119,144,-1,154,155,150,-1,150,155,112,-1,150,112,148,-1,148,112,146,-1,132,134,130,-1,130,134,136,-1,130,136,128,-1,128,136,127,-1,146,112,144,-1,144,112,115,-1,144,115,117,-1,136,138,127,-1,127,138,140,-1,127,140,125,-1,125,140,142,-1,125,142,123,-1,123,142,144,-1,123,144,121,-1,121,144,119,-1,152,113,155,-1,155,113,112,-1,154,150,153,-1,153,150,151,-1,156,157,158,-1,158,157,159,-1,160,161,162,-1,162,161,163,-1,164,165,159,-1,159,165,161,-1,159,161,158,-1,158,161,160,-1,166,167,163,-1,163,167,157,-1,163,157,162,-1,162,157,156,-1,164,159,167,-1,167,159,157,-1,165,164,166,-1,166,164,167,-1,161,165,163,-1,163,165,166,-1,168,169,170,-1,168,170,171,-1,171,170,172,-1,171,172,173,-1,173,172,174,-1,173,174,175,-1,175,174,176,-1,175,176,177,-1,177,176,178,-1,177,178,179,-1,179,178,180,-1,179,180,181,-1,181,180,182,-1,181,182,183,-1,184,183,185,-1,185,183,182,-1,186,184,187,-1,187,184,185,-1,188,186,189,-1,189,186,187,-1,190,188,191,-1,191,188,189,-1,192,190,193,-1,193,190,191,-1,192,193,194,-1,194,193,195,-1,194,195,196,-1,196,195,197,-1,196,197,198,-1,198,197,199,-1,198,199,200,-1,200,199,201,-1,200,201,202,-1,202,201,203,-1,202,203,204,-1,204,203,205,-1,204,205,206,-1,206,205,207,-1,199,197,182,-1,208,209,169,-1,169,209,207,-1,182,180,199,-1,199,180,178,-1,199,178,201,-1,201,178,176,-1,201,176,174,-1,197,195,182,-1,182,195,193,-1,182,193,185,-1,185,193,191,-1,185,191,187,-1,187,191,189,-1,207,205,169,-1,169,205,203,-1,169,203,170,-1,170,203,201,-1,170,201,172,-1,172,201,174,-1,200,202,168,-1,210,211,206,-1,206,211,168,-1,206,168,204,-1,204,168,202,-1,186,188,184,-1,184,188,190,-1,184,190,183,-1,183,190,192,-1,168,171,200,-1,200,171,173,-1,200,173,198,-1,198,173,175,-1,198,175,177,-1,192,194,183,-1,183,194,196,-1,183,196,181,-1,181,196,198,-1,181,198,179,-1,179,198,177,-1,208,169,211,-1,211,169,168,-1,210,206,209,-1,209,206,207,-1,212,213,214,-1,214,213,215,-1,216,217,218,-1,218,217,219,-1,220,221,215,-1,215,221,217,-1,215,217,214,-1,214,217,216,-1,222,223,219,-1,219,223,213,-1,219,213,218,-1,218,213,212,-1,220,215,223,-1,223,215,213,-1,221,220,222,-1,222,220,223,-1,217,221,219,-1,219,221,222,-1,224,225,226,-1,224,226,227,-1,227,226,228,-1,227,228,229,-1,229,228,230,-1,229,230,231,-1,231,230,232,-1,231,232,233,-1,233,232,234,-1,233,234,235,-1,235,234,236,-1,235,236,237,-1,237,236,238,-1,237,238,239,-1,240,239,241,-1,241,239,238,-1,242,240,243,-1,243,240,241,-1,244,242,245,-1,245,242,243,-1,246,244,247,-1,247,244,245,-1,248,246,249,-1,249,246,247,-1,248,249,250,-1,250,249,251,-1,250,251,252,-1,252,251,253,-1,252,253,254,-1,254,253,255,-1,254,255,256,-1,256,255,257,-1,256,257,258,-1,258,257,259,-1,258,259,260,-1,260,259,261,-1,260,261,262,-1,262,261,263,-1,255,253,238,-1,264,265,225,-1,225,265,263,-1,238,236,255,-1,255,236,234,-1,255,234,257,-1,257,234,232,-1,257,232,230,-1,263,261,225,-1,225,261,259,-1,225,259,226,-1,226,259,257,-1,226,257,228,-1,228,257,230,-1,245,243,247,-1,247,243,241,-1,247,241,249,-1,249,241,238,-1,249,238,251,-1,251,238,253,-1,229,231,256,-1,266,267,262,-1,262,267,224,-1,262,224,260,-1,260,224,258,-1,244,246,242,-1,242,246,248,-1,242,248,240,-1,240,248,239,-1,258,224,256,-1,256,224,227,-1,256,227,229,-1,248,250,239,-1,239,250,252,-1,239,252,237,-1,237,252,254,-1,237,254,235,-1,235,254,256,-1,235,256,233,-1,233,256,231,-1,264,225,267,-1,267,225,224,-1,266,262,265,-1,265,262,263,-1,268,269,270,-1,270,269,271,-1,272,273,274,-1,274,273,275,-1,276,277,271,-1,271,277,273,-1,271,273,270,-1,270,273,272,-1,278,279,275,-1,275,279,269,-1,275,269,274,-1,274,269,268,-1,276,271,279,-1,279,271,269,-1,277,276,278,-1,278,276,279,-1,273,277,275,-1,275,277,278,-1,280,281,282,-1,280,282,283,-1,283,282,284,-1,283,284,285,-1,285,284,286,-1,285,286,287,-1,287,286,288,-1,287,288,289,-1,289,288,290,-1,289,290,291,-1,291,290,292,-1,291,292,293,-1,293,292,294,-1,293,294,295,-1,296,295,297,-1,297,295,294,-1,298,296,299,-1,299,296,297,-1,300,298,301,-1,301,298,299,-1,302,300,303,-1,303,300,301,-1,304,302,305,-1,305,302,303,-1,304,305,306,-1,306,305,307,-1,306,307,308,-1,308,307,309,-1,308,309,310,-1,310,309,311,-1,310,311,312,-1,312,311,313,-1,312,313,314,-1,314,313,315,-1,314,315,316,-1,316,315,317,-1,316,317,318,-1,318,317,319,-1,311,309,294,-1,320,321,281,-1,281,321,319,-1,294,292,311,-1,311,292,290,-1,311,290,313,-1,313,290,288,-1,313,288,286,-1,309,307,294,-1,294,307,305,-1,294,305,297,-1,297,305,303,-1,297,303,299,-1,299,303,301,-1,319,317,281,-1,281,317,315,-1,281,315,282,-1,282,315,313,-1,282,313,284,-1,284,313,286,-1,312,314,280,-1,322,323,318,-1,318,323,280,-1,318,280,316,-1,316,280,314,-1,298,300,296,-1,296,300,302,-1,296,302,295,-1,295,302,304,-1,280,283,312,-1,312,283,285,-1,312,285,310,-1,310,285,287,-1,310,287,289,-1,304,306,295,-1,295,306,308,-1,295,308,293,-1,293,308,310,-1,293,310,291,-1,291,310,289,-1,320,281,323,-1,323,281,280,-1,322,318,321,-1,321,318,319,-1,324,325,326,-1,326,325,327,-1,328,329,330,-1,330,329,331,-1,332,333,327,-1,327,333,329,-1,327,329,326,-1,326,329,328,-1,334,335,331,-1,331,335,325,-1,331,325,330,-1,330,325,324,-1,332,327,335,-1,335,327,325,-1,333,332,334,-1,334,332,335,-1,329,333,331,-1,331,333,334,-1,336,337,338,-1,336,338,339,-1,339,338,340,-1,339,340,341,-1,341,340,342,-1,341,342,343,-1,343,342,344,-1,343,344,345,-1,345,344,346,-1,345,346,347,-1,347,346,348,-1,347,348,349,-1,349,348,350,-1,349,350,351,-1,352,351,353,-1,353,351,350,-1,354,352,355,-1,355,352,353,-1,356,354,357,-1,357,354,355,-1,358,356,359,-1,359,356,357,-1,360,358,361,-1,361,358,359,-1,360,361,362,-1,362,361,363,-1,362,363,364,-1,364,363,365,-1,364,365,366,-1,366,365,367,-1,366,367,368,-1,368,367,369,-1,368,369,370,-1,370,369,371,-1,370,371,372,-1,372,371,373,-1,372,373,374,-1,374,373,375,-1,367,365,350,-1,376,377,337,-1,337,377,375,-1,350,348,367,-1,367,348,346,-1,367,346,369,-1,369,346,344,-1,369,344,342,-1,375,373,337,-1,337,373,371,-1,337,371,338,-1,338,371,369,-1,338,369,340,-1,340,369,342,-1,357,355,359,-1,359,355,353,-1,359,353,361,-1,361,353,350,-1,361,350,363,-1,363,350,365,-1,341,343,368,-1,378,379,374,-1,374,379,336,-1,374,336,372,-1,372,336,370,-1,356,358,354,-1,354,358,360,-1,354,360,352,-1,352,360,351,-1,370,336,368,-1,368,336,339,-1,368,339,341,-1,360,362,351,-1,351,362,364,-1,351,364,349,-1,349,364,366,-1,349,366,347,-1,347,366,368,-1,347,368,345,-1,345,368,343,-1,376,337,379,-1,379,337,336,-1,378,374,377,-1,377,374,375,-1,380,381,382,-1,382,381,383,-1,384,385,386,-1,386,385,387,-1,388,389,383,-1,383,389,385,-1,383,385,382,-1,382,385,384,-1,390,391,387,-1,387,391,381,-1,387,381,386,-1,386,381,380,-1,388,383,391,-1,391,383,381,-1,389,388,390,-1,390,388,391,-1,385,389,387,-1,387,389,390,-1,392,393,394,-1,392,394,395,-1,395,394,396,-1,395,396,397,-1,397,396,398,-1,397,398,399,-1,399,398,400,-1,399,400,401,-1,401,400,402,-1,401,402,403,-1,403,402,404,-1,403,404,405,-1,405,404,406,-1,405,406,407,-1,408,407,409,-1,409,407,406,-1,410,408,411,-1,411,408,409,-1,412,410,413,-1,413,410,411,-1,414,412,415,-1,415,412,413,-1,416,414,417,-1,417,414,415,-1,416,417,418,-1,418,417,419,-1,418,419,420,-1,420,419,421,-1,420,421,422,-1,422,421,423,-1,422,423,424,-1,424,423,425,-1,424,425,426,-1,426,425,427,-1,426,427,428,-1,428,427,429,-1,428,429,430,-1,430,429,431,-1,423,421,406,-1,432,433,393,-1,393,433,431,-1,406,404,423,-1,423,404,402,-1,423,402,425,-1,425,402,400,-1,425,400,398,-1,421,419,406,-1,406,419,417,-1,406,417,409,-1,409,417,415,-1,409,415,411,-1,411,415,413,-1,431,429,393,-1,393,429,427,-1,393,427,394,-1,394,427,425,-1,394,425,396,-1,396,425,398,-1,424,426,392,-1,434,435,430,-1,430,435,392,-1,430,392,428,-1,428,392,426,-1,410,412,408,-1,408,412,414,-1,408,414,407,-1,407,414,416,-1,392,395,424,-1,424,395,397,-1,424,397,422,-1,422,397,399,-1,422,399,401,-1,416,418,407,-1,407,418,420,-1,407,420,405,-1,405,420,422,-1,405,422,403,-1,403,422,401,-1,432,393,435,-1,435,393,392,-1,434,430,433,-1,433,430,431,-1,436,437,438,-1,438,437,439,-1,440,441,442,-1,442,441,443,-1,444,445,439,-1,439,445,441,-1,439,441,438,-1,438,441,440,-1,446,447,443,-1,443,447,437,-1,443,437,442,-1,442,437,436,-1,444,439,447,-1,447,439,437,-1,445,444,446,-1,446,444,447,-1,441,445,443,-1,443,445,446,-1,448,449,450,-1,448,450,451,-1,451,450,452,-1,451,452,453,-1,453,452,454,-1,453,454,455,-1,455,454,456,-1,455,456,457,-1,457,456,458,-1,457,458,459,-1,459,458,460,-1,459,460,461,-1,461,460,462,-1,461,462,463,-1,464,463,465,-1,465,463,462,-1,466,464,467,-1,467,464,465,-1,468,466,469,-1,469,466,467,-1,470,468,471,-1,471,468,469,-1,472,470,473,-1,473,470,471,-1,472,473,474,-1,474,473,475,-1,474,475,476,-1,476,475,477,-1,476,477,478,-1,478,477,479,-1,478,479,480,-1,480,479,481,-1,480,481,482,-1,482,481,483,-1,482,483,484,-1,484,483,485,-1,484,485,486,-1,486,485,487,-1,479,477,462,-1,488,489,449,-1,449,489,487,-1,462,460,479,-1,479,460,458,-1,479,458,481,-1,481,458,456,-1,481,456,454,-1,487,485,449,-1,449,485,483,-1,449,483,450,-1,450,483,481,-1,450,481,452,-1,452,481,454,-1,469,467,471,-1,471,467,465,-1,471,465,473,-1,473,465,462,-1,473,462,475,-1,475,462,477,-1,453,455,480,-1,490,491,486,-1,486,491,448,-1,486,448,484,-1,484,448,482,-1,468,470,466,-1,466,470,472,-1,466,472,464,-1,464,472,463,-1,482,448,480,-1,480,448,451,-1,480,451,453,-1,472,474,463,-1,463,474,476,-1,463,476,461,-1,461,476,478,-1,461,478,459,-1,459,478,480,-1,459,480,457,-1,457,480,455,-1,488,449,491,-1,491,449,448,-1,490,486,489,-1,489,486,487,-1,492,493,494,-1,494,493,495,-1,496,497,498,-1,498,497,499,-1,500,501,495,-1,495,501,497,-1,495,497,494,-1,494,497,496,-1,502,503,499,-1,499,503,493,-1,499,493,498,-1,498,493,492,-1,500,495,503,-1,503,495,493,-1,501,500,502,-1,502,500,503,-1,497,501,499,-1,499,501,502,-1,504,505,506,-1,504,506,507,-1,507,506,508,-1,507,508,509,-1,509,508,510,-1,509,510,511,-1,511,510,512,-1,511,512,513,-1,513,512,514,-1,513,514,515,-1,515,514,516,-1,515,516,517,-1,517,516,518,-1,517,518,519,-1,520,519,521,-1,521,519,518,-1,522,520,523,-1,523,520,521,-1,524,522,525,-1,525,522,523,-1,526,524,527,-1,527,524,525,-1,528,526,529,-1,529,526,527,-1,528,529,530,-1,530,529,531,-1,530,531,532,-1,532,531,533,-1,532,533,534,-1,534,533,535,-1,534,535,536,-1,536,535,537,-1,536,537,538,-1,538,537,539,-1,538,539,540,-1,540,539,541,-1,540,541,542,-1,542,541,543,-1,535,533,518,-1,544,545,505,-1,505,545,543,-1,518,516,535,-1,535,516,514,-1,535,514,537,-1,537,514,512,-1,537,512,510,-1,533,531,518,-1,518,531,529,-1,518,529,521,-1,521,529,527,-1,521,527,523,-1,523,527,525,-1,543,541,505,-1,505,541,539,-1,505,539,506,-1,506,539,537,-1,506,537,508,-1,508,537,510,-1,536,538,504,-1,546,547,542,-1,542,547,504,-1,542,504,540,-1,540,504,538,-1,522,524,520,-1,520,524,526,-1,520,526,519,-1,519,526,528,-1,504,507,536,-1,536,507,509,-1,536,509,534,-1,534,509,511,-1,534,511,513,-1,528,530,519,-1,519,530,532,-1,519,532,517,-1,517,532,534,-1,517,534,515,-1,515,534,513,-1,544,505,547,-1,547,505,504,-1,546,542,545,-1,545,542,543,-1,548,549,550,-1,550,549,551,-1,552,553,554,-1,554,553,555,-1,556,557,551,-1,551,557,553,-1,551,553,550,-1,550,553,552,-1,558,559,555,-1,555,559,549,-1,555,549,554,-1,554,549,548,-1,556,551,559,-1,559,551,549,-1,557,556,558,-1,558,556,559,-1,553,557,555,-1,555,557,558,-1,560,561,562,-1,560,562,563,-1,563,562,564,-1,563,564,565,-1,565,564,566,-1,565,566,567,-1,567,566,568,-1,567,568,569,-1,569,568,570,-1,569,570,571,-1,571,570,572,-1,571,572,573,-1,573,572,574,-1,573,574,575,-1,576,575,577,-1,577,575,574,-1,578,576,579,-1,579,576,577,-1,580,578,581,-1,581,578,579,-1,582,580,583,-1,583,580,581,-1,584,582,585,-1,585,582,583,-1,584,585,586,-1,586,585,587,-1,586,587,588,-1,588,587,589,-1,588,589,590,-1,590,589,591,-1,590,591,592,-1,592,591,593,-1,592,593,594,-1,594,593,595,-1,594,595,596,-1,596,595,597,-1,596,597,598,-1,598,597,599,-1,591,589,574,-1,600,601,561,-1,561,601,599,-1,574,572,591,-1,591,572,570,-1,591,570,593,-1,593,570,568,-1,593,568,566,-1,599,597,561,-1,561,597,595,-1,561,595,562,-1,562,595,593,-1,562,593,564,-1,564,593,566,-1,581,579,583,-1,583,579,577,-1,583,577,585,-1,585,577,574,-1,585,574,587,-1,587,574,589,-1,565,567,592,-1,602,603,598,-1,598,603,560,-1,598,560,596,-1,596,560,594,-1,580,582,578,-1,578,582,584,-1,578,584,576,-1,576,584,575,-1,594,560,592,-1,592,560,563,-1,592,563,565,-1,584,586,575,-1,575,586,588,-1,575,588,573,-1,573,588,590,-1,573,590,571,-1,571,590,592,-1,571,592,569,-1,569,592,567,-1,600,561,603,-1,603,561,560,-1,602,598,601,-1,601,598,599,-1,604,605,606,-1,606,605,607,-1,608,609,610,-1,610,609,611,-1,612,613,607,-1,607,613,609,-1,607,609,606,-1,606,609,608,-1,614,615,611,-1,611,615,605,-1,611,605,610,-1,610,605,604,-1,612,607,615,-1,615,607,605,-1,613,612,614,-1,614,612,615,-1,609,613,611,-1,611,613,614,-1,616,617,618,-1,616,618,619,-1,619,618,620,-1,619,620,621,-1,621,620,622,-1,621,622,623,-1,623,622,624,-1,623,624,625,-1,625,624,626,-1,625,626,627,-1,627,626,628,-1,627,628,629,-1,629,628,630,-1,629,630,631,-1,632,631,633,-1,633,631,630,-1,634,632,635,-1,635,632,633,-1,636,634,637,-1,637,634,635,-1,638,636,639,-1,639,636,637,-1,640,638,641,-1,641,638,639,-1,640,641,642,-1,642,641,643,-1,642,643,644,-1,644,643,645,-1,644,645,646,-1,646,645,647,-1,646,647,648,-1,648,647,649,-1,648,649,650,-1,650,649,651,-1,650,651,652,-1,652,651,653,-1,652,653,654,-1,654,653,655,-1,647,645,630,-1,656,657,617,-1,617,657,655,-1,630,628,647,-1,647,628,626,-1,647,626,649,-1,649,626,624,-1,649,624,622,-1,645,643,630,-1,630,643,641,-1,630,641,633,-1,633,641,639,-1,633,639,635,-1,635,639,637,-1,655,653,617,-1,617,653,651,-1,617,651,618,-1,618,651,649,-1,618,649,620,-1,620,649,622,-1,648,650,616,-1,658,659,654,-1,654,659,616,-1,654,616,652,-1,652,616,650,-1,634,636,632,-1,632,636,638,-1,632,638,631,-1,631,638,640,-1,616,619,648,-1,648,619,621,-1,648,621,646,-1,646,621,623,-1,646,623,625,-1,640,642,631,-1,631,642,644,-1,631,644,629,-1,629,644,646,-1,629,646,627,-1,627,646,625,-1,656,617,659,-1,659,617,616,-1,658,654,657,-1,657,654,655,-1,660,661,662,-1,662,661,663,-1,664,665,666,-1,666,665,667,-1,668,669,663,-1,663,669,665,-1,663,665,662,-1,662,665,664,-1,670,671,667,-1,667,671,661,-1,667,661,666,-1,666,661,660,-1,668,663,671,-1,671,663,661,-1,669,668,670,-1,670,668,671,-1,665,669,667,-1,667,669,670,-1,672,673,674,-1,672,674,675,-1,675,674,676,-1,675,676,677,-1,677,676,678,-1,677,678,679,-1,679,678,680,-1,679,680,681,-1,681,680,682,-1,681,682,683,-1,683,682,684,-1,683,684,685,-1,685,684,686,-1,685,686,687,-1,688,687,689,-1,689,687,686,-1,690,688,691,-1,691,688,689,-1,692,690,693,-1,693,690,691,-1,694,692,695,-1,695,692,693,-1,696,694,697,-1,697,694,695,-1,696,697,698,-1,698,697,699,-1,698,699,700,-1,700,699,701,-1,700,701,702,-1,702,701,703,-1,702,703,704,-1,704,703,705,-1,704,705,706,-1,706,705,707,-1,706,707,708,-1,708,707,709,-1,708,709,710,-1,710,709,711,-1,703,701,686,-1,712,713,673,-1,673,713,711,-1,686,684,703,-1,703,684,682,-1,703,682,705,-1,705,682,680,-1,705,680,678,-1,711,709,673,-1,673,709,707,-1,673,707,674,-1,674,707,705,-1,674,705,676,-1,676,705,678,-1,693,691,695,-1,695,691,689,-1,695,689,697,-1,697,689,686,-1,697,686,699,-1,699,686,701,-1,677,679,704,-1,714,715,710,-1,710,715,672,-1,710,672,708,-1,708,672,706,-1,692,694,690,-1,690,694,696,-1,690,696,688,-1,688,696,687,-1,706,672,704,-1,704,672,675,-1,704,675,677,-1,696,698,687,-1,687,698,700,-1,687,700,685,-1,685,700,702,-1,685,702,683,-1,683,702,704,-1,683,704,681,-1,681,704,679,-1,712,673,715,-1,715,673,672,-1,714,710,713,-1,713,710,711,-1,716,717,718,-1,718,717,719,-1,720,721,722,-1,722,721,723,-1,724,725,719,-1,719,725,721,-1,719,721,718,-1,718,721,720,-1,726,727,723,-1,723,727,717,-1,723,717,722,-1,722,717,716,-1,724,719,727,-1,727,719,717,-1,725,724,726,-1,726,724,727,-1,721,725,723,-1,723,725,726,-1,728,729,730,-1,728,730,731,-1,731,730,732,-1,731,732,733,-1,733,732,734,-1,733,734,735,-1,735,734,736,-1,735,736,737,-1,737,736,738,-1,737,738,739,-1,739,738,740,-1,739,740,741,-1,741,740,742,-1,741,742,743,-1,744,743,745,-1,745,743,742,-1,746,744,747,-1,747,744,745,-1,748,746,749,-1,749,746,747,-1,750,748,751,-1,751,748,749,-1,752,750,753,-1,753,750,751,-1,752,753,754,-1,754,753,755,-1,754,755,756,-1,756,755,757,-1,756,757,758,-1,758,757,759,-1,758,759,760,-1,760,759,761,-1,760,761,762,-1,762,761,763,-1,762,763,764,-1,764,763,765,-1,764,765,766,-1,766,765,767,-1,759,757,742,-1,768,769,729,-1,729,769,767,-1,742,740,759,-1,759,740,738,-1,759,738,761,-1,761,738,736,-1,761,736,734,-1,757,755,742,-1,742,755,753,-1,742,753,745,-1,745,753,751,-1,745,751,747,-1,747,751,749,-1,767,765,729,-1,729,765,763,-1,729,763,730,-1,730,763,761,-1,730,761,732,-1,732,761,734,-1,760,762,728,-1,770,771,766,-1,766,771,728,-1,766,728,764,-1,764,728,762,-1,746,748,744,-1,744,748,750,-1,744,750,743,-1,743,750,752,-1,728,731,760,-1,760,731,733,-1,760,733,758,-1,758,733,735,-1,758,735,737,-1,752,754,743,-1,743,754,756,-1,743,756,741,-1,741,756,758,-1,741,758,739,-1,739,758,737,-1,768,729,771,-1,771,729,728,-1,770,766,769,-1,769,766,767,-1,772,773,774,-1,774,773,775,-1,776,777,778,-1,778,777,779,-1,780,781,775,-1,775,781,777,-1,775,777,774,-1,774,777,776,-1,782,783,779,-1,779,783,773,-1,779,773,778,-1,778,773,772,-1,780,775,783,-1,783,775,773,-1,781,780,782,-1,782,780,783,-1,777,781,779,-1,779,781,782,-1,784,785,786,-1,784,786,787,-1,787,786,788,-1,787,788,789,-1,789,788,790,-1,789,790,791,-1,791,790,792,-1,791,792,793,-1,793,792,794,-1,793,794,795,-1,795,794,796,-1,795,796,797,-1,797,796,798,-1,797,798,799,-1,800,799,801,-1,801,799,798,-1,802,800,803,-1,803,800,801,-1,804,802,805,-1,805,802,803,-1,806,804,807,-1,807,804,805,-1,808,806,809,-1,809,806,807,-1,808,809,810,-1,810,809,811,-1,810,811,812,-1,812,811,813,-1,812,813,814,-1,814,813,815,-1,814,815,816,-1,816,815,817,-1,816,817,818,-1,818,817,819,-1,818,819,820,-1,820,819,821,-1,820,821,822,-1,822,821,823,-1,815,813,798,-1,824,825,785,-1,785,825,823,-1,798,796,815,-1,815,796,794,-1,815,794,817,-1,817,794,792,-1,817,792,790,-1,823,821,785,-1,785,821,819,-1,785,819,786,-1,786,819,817,-1,786,817,788,-1,788,817,790,-1,805,803,807,-1,807,803,801,-1,807,801,809,-1,809,801,798,-1,809,798,811,-1,811,798,813,-1,789,791,816,-1,826,827,822,-1,822,827,784,-1,822,784,820,-1,820,784,818,-1,804,806,802,-1,802,806,808,-1,802,808,800,-1,800,808,799,-1,818,784,816,-1,816,784,787,-1,816,787,789,-1,808,810,799,-1,799,810,812,-1,799,812,797,-1,797,812,814,-1,797,814,795,-1,795,814,816,-1,795,816,793,-1,793,816,791,-1,824,785,827,-1,827,785,784,-1,826,822,825,-1,825,822,823,-1,828,829,830,-1,830,829,831,-1,832,833,834,-1,834,833,835,-1,836,837,831,-1,831,837,833,-1,831,833,830,-1,830,833,832,-1,838,839,835,-1,835,839,829,-1,835,829,834,-1,834,829,828,-1,836,831,839,-1,839,831,829,-1,837,836,838,-1,838,836,839,-1,833,837,835,-1,835,837,838,-1,840,841,842,-1,840,842,843,-1,843,842,844,-1,843,844,845,-1,845,844,846,-1,845,846,847,-1,847,846,848,-1,847,848,849,-1,849,848,850,-1,849,850,851,-1,851,850,852,-1,851,852,853,-1,853,852,854,-1,853,854,855,-1,856,855,857,-1,857,855,854,-1,858,856,859,-1,859,856,857,-1,860,858,861,-1,861,858,859,-1,862,860,863,-1,863,860,861,-1,864,862,865,-1,865,862,863,-1,864,865,866,-1,866,865,867,-1,866,867,868,-1,868,867,869,-1,868,869,870,-1,870,869,871,-1,870,871,872,-1,872,871,873,-1,872,873,874,-1,874,873,875,-1,874,875,876,-1,876,875,877,-1,876,877,878,-1,878,877,879,-1,871,869,854,-1,880,881,841,-1,841,881,879,-1,854,852,871,-1,871,852,850,-1,871,850,873,-1,873,850,848,-1,873,848,846,-1,869,867,854,-1,854,867,865,-1,854,865,857,-1,857,865,863,-1,857,863,859,-1,859,863,861,-1,879,877,841,-1,841,877,875,-1,841,875,842,-1,842,875,873,-1,842,873,844,-1,844,873,846,-1,872,874,840,-1,882,883,878,-1,878,883,840,-1,878,840,876,-1,876,840,874,-1,858,860,856,-1,856,860,862,-1,856,862,855,-1,855,862,864,-1,840,843,872,-1,872,843,845,-1,872,845,870,-1,870,845,847,-1,870,847,849,-1,864,866,855,-1,855,866,868,-1,855,868,853,-1,853,868,870,-1,853,870,851,-1,851,870,849,-1,880,841,883,-1,883,841,840,-1,882,878,881,-1,881,878,879,-1,884,885,886,-1,886,885,887,-1,888,889,890,-1,890,889,891,-1,892,893,887,-1,887,893,889,-1,887,889,886,-1,886,889,888,-1,894,895,891,-1,891,895,885,-1,891,885,890,-1,890,885,884,-1,892,887,895,-1,895,887,885,-1,893,892,894,-1,894,892,895,-1,889,893,891,-1,891,893,894,-1,896,897,898,-1,896,898,899,-1,899,898,900,-1,899,900,901,-1,901,900,902,-1,901,902,903,-1,903,902,904,-1,903,904,905,-1,905,904,906,-1,905,906,907,-1,907,906,908,-1,907,908,909,-1,909,908,910,-1,909,910,911,-1,912,911,913,-1,913,911,910,-1,914,912,915,-1,915,912,913,-1,916,914,917,-1,917,914,915,-1,918,916,919,-1,919,916,917,-1,920,918,921,-1,921,918,919,-1,920,921,922,-1,922,921,923,-1,922,923,924,-1,924,923,925,-1,924,925,926,-1,926,925,927,-1,926,927,928,-1,928,927,929,-1,928,929,930,-1,930,929,931,-1,930,931,932,-1,932,931,933,-1,932,933,934,-1,934,933,935,-1,927,925,910,-1,936,937,897,-1,897,937,935,-1,910,908,927,-1,927,908,906,-1,927,906,929,-1,929,906,904,-1,929,904,902,-1,935,933,897,-1,897,933,931,-1,897,931,898,-1,898,931,929,-1,898,929,900,-1,900,929,902,-1,917,915,919,-1,919,915,913,-1,919,913,921,-1,921,913,910,-1,921,910,923,-1,923,910,925,-1,901,903,928,-1,938,939,934,-1,934,939,896,-1,934,896,932,-1,932,896,930,-1,916,918,914,-1,914,918,920,-1,914,920,912,-1,912,920,911,-1,930,896,928,-1,928,896,899,-1,928,899,901,-1,920,922,911,-1,911,922,924,-1,911,924,909,-1,909,924,926,-1,909,926,907,-1,907,926,928,-1,907,928,905,-1,905,928,903,-1,936,897,939,-1,939,897,896,-1,938,934,937,-1,937,934,935,-1,940,941,942,-1,942,941,943,-1,944,945,946,-1,946,945,947,-1,948,949,943,-1,943,949,945,-1,943,945,942,-1,942,945,944,-1,950,951,947,-1,947,951,941,-1,947,941,946,-1,946,941,940,-1,948,943,951,-1,951,943,941,-1,949,948,950,-1,950,948,951,-1,945,949,947,-1,947,949,950,-1,952,953,954,-1,952,954,955,-1,955,954,956,-1,955,956,957,-1,957,956,958,-1,957,958,959,-1,959,958,960,-1,959,960,961,-1,961,960,962,-1,961,962,963,-1,963,962,964,-1,963,964,965,-1,965,964,966,-1,965,966,967,-1,968,967,969,-1,969,967,966,-1,970,968,971,-1,971,968,969,-1,972,970,973,-1,973,970,971,-1,974,972,975,-1,975,972,973,-1,976,974,977,-1,977,974,975,-1,976,977,978,-1,978,977,979,-1,978,979,980,-1,980,979,981,-1,980,981,982,-1,982,981,983,-1,982,983,984,-1,984,983,985,-1,984,985,986,-1,986,985,987,-1,986,987,988,-1,988,987,989,-1,988,989,990,-1,990,989,991,-1,983,981,966,-1,992,993,953,-1,953,993,991,-1,966,964,983,-1,983,964,962,-1,983,962,985,-1,985,962,960,-1,985,960,958,-1,981,979,966,-1,966,979,977,-1,966,977,969,-1,969,977,975,-1,969,975,971,-1,971,975,973,-1,991,989,953,-1,953,989,987,-1,953,987,954,-1,954,987,985,-1,954,985,956,-1,956,985,958,-1,984,986,952,-1,994,995,990,-1,990,995,952,-1,990,952,988,-1,988,952,986,-1,970,972,968,-1,968,972,974,-1,968,974,967,-1,967,974,976,-1,952,955,984,-1,984,955,957,-1,984,957,982,-1,982,957,959,-1,982,959,961,-1,976,978,967,-1,967,978,980,-1,967,980,965,-1,965,980,982,-1,965,982,963,-1,963,982,961,-1,992,953,995,-1,995,953,952,-1,994,990,993,-1,993,990,991,-1,996,997,998,-1,998,997,999,-1,1000,1001,1002,-1,1002,1001,1003,-1,1004,1005,999,-1,999,1005,1001,-1,999,1001,998,-1,998,1001,1000,-1,1006,1007,1003,-1,1003,1007,997,-1,1003,997,1002,-1,1002,997,996,-1,1004,999,1007,-1,1007,999,997,-1,1005,1004,1006,-1,1006,1004,1007,-1,1001,1005,1003,-1,1003,1005,1006,-1,1008,1009,1010,-1,1008,1010,1011,-1,1011,1010,1012,-1,1011,1012,1013,-1,1013,1012,1014,-1,1013,1014,1015,-1,1015,1014,1016,-1,1015,1016,1017,-1,1017,1016,1018,-1,1017,1018,1019,-1,1019,1018,1020,-1,1019,1020,1021,-1,1021,1020,1022,-1,1021,1022,1023,-1,1024,1023,1025,-1,1025,1023,1022,-1,1026,1024,1027,-1,1027,1024,1025,-1,1028,1026,1029,-1,1029,1026,1027,-1,1030,1028,1031,-1,1031,1028,1029,-1,1032,1030,1033,-1,1033,1030,1031,-1,1032,1033,1034,-1,1034,1033,1035,-1,1034,1035,1036,-1,1036,1035,1037,-1,1036,1037,1038,-1,1038,1037,1039,-1,1038,1039,1040,-1,1040,1039,1041,-1,1040,1041,1042,-1,1042,1041,1043,-1,1042,1043,1044,-1,1044,1043,1045,-1,1044,1045,1046,-1,1046,1045,1047,-1,1039,1037,1022,-1,1048,1049,1009,-1,1009,1049,1047,-1,1022,1020,1039,-1,1039,1020,1018,-1,1039,1018,1041,-1,1041,1018,1016,-1,1041,1016,1014,-1,1047,1045,1009,-1,1009,1045,1043,-1,1009,1043,1010,-1,1010,1043,1041,-1,1010,1041,1012,-1,1012,1041,1014,-1,1029,1027,1031,-1,1031,1027,1025,-1,1031,1025,1033,-1,1033,1025,1022,-1,1033,1022,1035,-1,1035,1022,1037,-1,1013,1015,1040,-1,1050,1051,1046,-1,1046,1051,1008,-1,1046,1008,1044,-1,1044,1008,1042,-1,1028,1030,1026,-1,1026,1030,1032,-1,1026,1032,1024,-1,1024,1032,1023,-1,1042,1008,1040,-1,1040,1008,1011,-1,1040,1011,1013,-1,1032,1034,1023,-1,1023,1034,1036,-1,1023,1036,1021,-1,1021,1036,1038,-1,1021,1038,1019,-1,1019,1038,1040,-1,1019,1040,1017,-1,1017,1040,1015,-1,1048,1009,1051,-1,1051,1009,1008,-1,1050,1046,1049,-1,1049,1046,1047,-1,1052,1053,1054,-1,1054,1053,1055,-1,1056,1057,1058,-1,1058,1057,1059,-1,1060,1061,1055,-1,1055,1061,1057,-1,1055,1057,1054,-1,1054,1057,1056,-1,1062,1063,1059,-1,1059,1063,1053,-1,1059,1053,1058,-1,1058,1053,1052,-1,1060,1055,1063,-1,1063,1055,1053,-1,1061,1060,1062,-1,1062,1060,1063,-1,1057,1061,1059,-1,1059,1061,1062,-1,1064,1065,1066,-1,1064,1066,1067,-1,1067,1066,1068,-1,1067,1068,1069,-1,1069,1068,1070,-1,1069,1070,1071,-1,1071,1070,1072,-1,1071,1072,1073,-1,1073,1072,1074,-1,1073,1074,1075,-1,1075,1074,1076,-1,1075,1076,1077,-1,1077,1076,1078,-1,1077,1078,1079,-1,1080,1079,1081,-1,1081,1079,1078,-1,1082,1080,1083,-1,1083,1080,1081,-1,1084,1082,1085,-1,1085,1082,1083,-1,1086,1084,1087,-1,1087,1084,1085,-1,1088,1086,1089,-1,1089,1086,1087,-1,1088,1089,1090,-1,1090,1089,1091,-1,1090,1091,1092,-1,1092,1091,1093,-1,1092,1093,1094,-1,1094,1093,1095,-1,1094,1095,1096,-1,1096,1095,1097,-1,1096,1097,1098,-1,1098,1097,1099,-1,1098,1099,1100,-1,1100,1099,1101,-1,1100,1101,1102,-1,1102,1101,1103,-1,1095,1093,1078,-1,1104,1105,1065,-1,1065,1105,1103,-1,1078,1076,1095,-1,1095,1076,1074,-1,1095,1074,1097,-1,1097,1074,1072,-1,1097,1072,1070,-1,1093,1091,1078,-1,1078,1091,1089,-1,1078,1089,1081,-1,1081,1089,1087,-1,1081,1087,1083,-1,1083,1087,1085,-1,1103,1101,1065,-1,1065,1101,1099,-1,1065,1099,1066,-1,1066,1099,1097,-1,1066,1097,1068,-1,1068,1097,1070,-1,1096,1098,1064,-1,1106,1107,1102,-1,1102,1107,1064,-1,1102,1064,1100,-1,1100,1064,1098,-1,1082,1084,1080,-1,1080,1084,1086,-1,1080,1086,1079,-1,1079,1086,1088,-1,1064,1067,1096,-1,1096,1067,1069,-1,1096,1069,1094,-1,1094,1069,1071,-1,1094,1071,1073,-1,1088,1090,1079,-1,1079,1090,1092,-1,1079,1092,1077,-1,1077,1092,1094,-1,1077,1094,1075,-1,1075,1094,1073,-1,1104,1065,1107,-1,1107,1065,1064,-1,1106,1102,1105,-1,1105,1102,1103,-1,1108,1109,1110,-1,1110,1109,1111,-1,1112,1113,1114,-1,1114,1113,1115,-1,1116,1117,1111,-1,1111,1117,1113,-1,1111,1113,1110,-1,1110,1113,1112,-1,1118,1119,1115,-1,1115,1119,1109,-1,1115,1109,1114,-1,1114,1109,1108,-1,1116,1111,1119,-1,1119,1111,1109,-1,1117,1116,1118,-1,1118,1116,1119,-1,1113,1117,1115,-1,1115,1117,1118,-1,1120,1121,1122,-1,1120,1122,1123,-1,1123,1122,1124,-1,1123,1124,1125,-1,1125,1124,1126,-1,1125,1126,1127,-1,1127,1126,1128,-1,1127,1128,1129,-1,1129,1128,1130,-1,1129,1130,1131,-1,1131,1130,1132,-1,1131,1132,1133,-1,1133,1132,1134,-1,1133,1134,1135,-1,1136,1135,1137,-1,1137,1135,1134,-1,1138,1136,1139,-1,1139,1136,1137,-1,1140,1138,1141,-1,1141,1138,1139,-1,1142,1140,1143,-1,1143,1140,1141,-1,1144,1142,1145,-1,1145,1142,1143,-1,1144,1145,1146,-1,1146,1145,1147,-1,1146,1147,1148,-1,1148,1147,1149,-1,1148,1149,1150,-1,1150,1149,1151,-1,1150,1151,1152,-1,1152,1151,1153,-1,1152,1153,1154,-1,1154,1153,1155,-1,1154,1155,1156,-1,1156,1155,1157,-1,1156,1157,1158,-1,1158,1157,1159,-1,1151,1149,1134,-1,1160,1161,1121,-1,1121,1161,1159,-1,1134,1132,1151,-1,1151,1132,1130,-1,1151,1130,1153,-1,1153,1130,1128,-1,1153,1128,1126,-1,1159,1157,1121,-1,1121,1157,1155,-1,1121,1155,1122,-1,1122,1155,1153,-1,1122,1153,1124,-1,1124,1153,1126,-1,1141,1139,1143,-1,1143,1139,1137,-1,1143,1137,1145,-1,1145,1137,1134,-1,1145,1134,1147,-1,1147,1134,1149,-1,1125,1127,1152,-1,1162,1163,1158,-1,1158,1163,1120,-1,1158,1120,1156,-1,1156,1120,1154,-1,1140,1142,1138,-1,1138,1142,1144,-1,1138,1144,1136,-1,1136,1144,1135,-1,1154,1120,1152,-1,1152,1120,1123,-1,1152,1123,1125,-1,1144,1146,1135,-1,1135,1146,1148,-1,1135,1148,1133,-1,1133,1148,1150,-1,1133,1150,1131,-1,1131,1150,1152,-1,1131,1152,1129,-1,1129,1152,1127,-1,1160,1121,1163,-1,1163,1121,1120,-1,1162,1158,1161,-1,1161,1158,1159,-1,1164,1165,1166,-1,1166,1165,1167,-1,1168,1169,1170,-1,1170,1169,1171,-1,1172,1173,1167,-1,1167,1173,1169,-1,1167,1169,1166,-1,1166,1169,1168,-1,1174,1175,1171,-1,1171,1175,1165,-1,1171,1165,1170,-1,1170,1165,1164,-1,1172,1167,1175,-1,1175,1167,1165,-1,1173,1172,1174,-1,1174,1172,1175,-1,1169,1173,1171,-1,1171,1173,1174,-1,1176,1177,1178,-1,1176,1178,1179,-1,1179,1178,1180,-1,1179,1180,1181,-1,1181,1180,1182,-1,1181,1182,1183,-1,1183,1182,1184,-1,1183,1184,1185,-1,1185,1184,1186,-1,1185,1186,1187,-1,1187,1186,1188,-1,1187,1188,1189,-1,1189,1188,1190,-1,1189,1190,1191,-1,1192,1191,1193,-1,1193,1191,1190,-1,1194,1192,1195,-1,1195,1192,1193,-1,1196,1194,1197,-1,1197,1194,1195,-1,1198,1196,1199,-1,1199,1196,1197,-1,1200,1198,1201,-1,1201,1198,1199,-1,1200,1201,1202,-1,1202,1201,1203,-1,1202,1203,1204,-1,1204,1203,1205,-1,1204,1205,1206,-1,1206,1205,1207,-1,1206,1207,1208,-1,1208,1207,1209,-1,1208,1209,1210,-1,1210,1209,1211,-1,1210,1211,1212,-1,1212,1211,1213,-1,1212,1213,1214,-1,1214,1213,1215,-1,1207,1205,1190,-1,1216,1217,1177,-1,1177,1217,1215,-1,1190,1188,1207,-1,1207,1188,1186,-1,1207,1186,1209,-1,1209,1186,1184,-1,1209,1184,1182,-1,1205,1203,1190,-1,1190,1203,1201,-1,1190,1201,1193,-1,1193,1201,1199,-1,1193,1199,1195,-1,1195,1199,1197,-1,1215,1213,1177,-1,1177,1213,1211,-1,1177,1211,1178,-1,1178,1211,1209,-1,1178,1209,1180,-1,1180,1209,1182,-1,1208,1210,1176,-1,1218,1219,1214,-1,1214,1219,1176,-1,1214,1176,1212,-1,1212,1176,1210,-1,1194,1196,1192,-1,1192,1196,1198,-1,1192,1198,1191,-1,1191,1198,1200,-1,1176,1179,1208,-1,1208,1179,1181,-1,1208,1181,1206,-1,1206,1181,1183,-1,1206,1183,1185,-1,1200,1202,1191,-1,1191,1202,1204,-1,1191,1204,1189,-1,1189,1204,1206,-1,1189,1206,1187,-1,1187,1206,1185,-1,1216,1177,1219,-1,1219,1177,1176,-1,1218,1214,1217,-1,1217,1214,1215,-1,1220,1221,1222,-1,1222,1221,1223,-1,1224,1225,1226,-1,1226,1225,1227,-1,1228,1229,1223,-1,1223,1229,1225,-1,1223,1225,1222,-1,1222,1225,1224,-1,1230,1231,1227,-1,1227,1231,1221,-1,1227,1221,1226,-1,1226,1221,1220,-1,1228,1223,1231,-1,1231,1223,1221,-1,1229,1228,1230,-1,1230,1228,1231,-1,1225,1229,1227,-1,1227,1229,1230,-1,1232,1233,1234,-1,1232,1234,1235,-1,1235,1234,1236,-1,1235,1236,1237,-1,1237,1236,1238,-1,1237,1238,1239,-1,1239,1238,1240,-1,1239,1240,1241,-1,1241,1240,1242,-1,1241,1242,1243,-1,1243,1242,1244,-1,1243,1244,1245,-1,1245,1244,1246,-1,1245,1246,1247,-1,1248,1247,1249,-1,1249,1247,1246,-1,1250,1248,1251,-1,1251,1248,1249,-1,1252,1250,1253,-1,1253,1250,1251,-1,1254,1252,1255,-1,1255,1252,1253,-1,1256,1254,1257,-1,1257,1254,1255,-1,1256,1257,1258,-1,1258,1257,1259,-1,1258,1259,1260,-1,1260,1259,1261,-1,1260,1261,1262,-1,1262,1261,1263,-1,1262,1263,1264,-1,1264,1263,1265,-1,1264,1265,1266,-1,1266,1265,1267,-1,1266,1267,1268,-1,1268,1267,1269,-1,1268,1269,1270,-1,1270,1269,1271,-1,1263,1261,1246,-1,1272,1273,1233,-1,1233,1273,1271,-1,1246,1244,1263,-1,1263,1244,1242,-1,1263,1242,1265,-1,1265,1242,1240,-1,1265,1240,1238,-1,1271,1269,1233,-1,1233,1269,1267,-1,1233,1267,1234,-1,1234,1267,1265,-1,1234,1265,1236,-1,1236,1265,1238,-1,1253,1251,1255,-1,1255,1251,1249,-1,1255,1249,1257,-1,1257,1249,1246,-1,1257,1246,1259,-1,1259,1246,1261,-1,1237,1239,1264,-1,1274,1275,1270,-1,1270,1275,1232,-1,1270,1232,1268,-1,1268,1232,1266,-1,1252,1254,1250,-1,1250,1254,1256,-1,1250,1256,1248,-1,1248,1256,1247,-1,1266,1232,1264,-1,1264,1232,1235,-1,1264,1235,1237,-1,1256,1258,1247,-1,1247,1258,1260,-1,1247,1260,1245,-1,1245,1260,1262,-1,1245,1262,1243,-1,1243,1262,1264,-1,1243,1264,1241,-1,1241,1264,1239,-1,1272,1233,1275,-1,1275,1233,1232,-1,1274,1270,1273,-1,1273,1270,1271,-1,1276,1277,1278,-1,1278,1277,1279,-1,1280,1281,1282,-1,1282,1281,1283,-1,1284,1285,1279,-1,1279,1285,1281,-1,1279,1281,1278,-1,1278,1281,1280,-1,1286,1287,1283,-1,1283,1287,1277,-1,1283,1277,1282,-1,1282,1277,1276,-1,1284,1279,1287,-1,1287,1279,1277,-1,1285,1284,1286,-1,1286,1284,1287,-1,1281,1285,1283,-1,1283,1285,1286,-1,1288,1289,1290,-1,1288,1290,1291,-1,1291,1290,1292,-1,1291,1292,1293,-1,1293,1292,1294,-1,1293,1294,1295,-1,1295,1294,1296,-1,1295,1296,1297,-1,1297,1296,1298,-1,1297,1298,1299,-1,1299,1298,1300,-1,1299,1300,1301,-1,1301,1300,1302,-1,1301,1302,1303,-1,1304,1303,1305,-1,1305,1303,1302,-1,1306,1304,1307,-1,1307,1304,1305,-1,1308,1306,1309,-1,1309,1306,1307,-1,1310,1308,1311,-1,1311,1308,1309,-1,1312,1310,1313,-1,1313,1310,1311,-1,1312,1313,1314,-1,1314,1313,1315,-1,1314,1315,1316,-1,1316,1315,1317,-1,1316,1317,1318,-1,1318,1317,1319,-1,1318,1319,1320,-1,1320,1319,1321,-1,1320,1321,1322,-1,1322,1321,1323,-1,1322,1323,1324,-1,1324,1323,1325,-1,1324,1325,1326,-1,1326,1325,1327,-1,1319,1317,1302,-1,1328,1329,1289,-1,1289,1329,1327,-1,1302,1300,1319,-1,1319,1300,1298,-1,1319,1298,1321,-1,1321,1298,1296,-1,1321,1296,1294,-1,1317,1315,1302,-1,1302,1315,1313,-1,1302,1313,1305,-1,1305,1313,1311,-1,1305,1311,1307,-1,1307,1311,1309,-1,1327,1325,1289,-1,1289,1325,1323,-1,1289,1323,1290,-1,1290,1323,1321,-1,1290,1321,1292,-1,1292,1321,1294,-1,1320,1322,1288,-1,1330,1331,1326,-1,1326,1331,1288,-1,1326,1288,1324,-1,1324,1288,1322,-1,1306,1308,1304,-1,1304,1308,1310,-1,1304,1310,1303,-1,1303,1310,1312,-1,1288,1291,1320,-1,1320,1291,1293,-1,1320,1293,1318,-1,1318,1293,1295,-1,1318,1295,1297,-1,1312,1314,1303,-1,1303,1314,1316,-1,1303,1316,1301,-1,1301,1316,1318,-1,1301,1318,1299,-1,1299,1318,1297,-1,1328,1289,1331,-1,1331,1289,1288,-1,1330,1326,1329,-1,1329,1326,1327,-1,1332,1333,1334,-1,1334,1333,1335,-1,1336,1337,1338,-1,1338,1337,1339,-1,1340,1341,1335,-1,1335,1341,1337,-1,1335,1337,1334,-1,1334,1337,1336,-1,1342,1343,1339,-1,1339,1343,1333,-1,1339,1333,1338,-1,1338,1333,1332,-1,1340,1335,1343,-1,1343,1335,1333,-1,1341,1340,1342,-1,1342,1340,1343,-1,1337,1341,1339,-1,1339,1341,1342,-1,1344,1345,1346,-1,1344,1346,1347,-1,1347,1346,1348,-1,1347,1348,1349,-1,1349,1348,1350,-1,1349,1350,1351,-1,1351,1350,1352,-1,1351,1352,1353,-1,1353,1352,1354,-1,1353,1354,1355,-1,1355,1354,1356,-1,1355,1356,1357,-1,1357,1356,1358,-1,1357,1358,1359,-1,1360,1359,1361,-1,1361,1359,1358,-1,1362,1360,1363,-1,1363,1360,1361,-1,1364,1362,1365,-1,1365,1362,1363,-1,1366,1364,1367,-1,1367,1364,1365,-1,1368,1366,1369,-1,1369,1366,1367,-1,1368,1369,1370,-1,1370,1369,1371,-1,1370,1371,1372,-1,1372,1371,1373,-1,1372,1373,1374,-1,1374,1373,1375,-1,1374,1375,1376,-1,1376,1375,1377,-1,1376,1377,1378,-1,1378,1377,1379,-1,1378,1379,1380,-1,1380,1379,1381,-1,1380,1381,1382,-1,1382,1381,1383,-1,1375,1373,1358,-1,1384,1385,1345,-1,1345,1385,1383,-1,1358,1356,1375,-1,1375,1356,1354,-1,1375,1354,1377,-1,1377,1354,1352,-1,1377,1352,1350,-1,1383,1381,1345,-1,1345,1381,1379,-1,1345,1379,1346,-1,1346,1379,1377,-1,1346,1377,1348,-1,1348,1377,1350,-1,1365,1363,1367,-1,1367,1363,1361,-1,1367,1361,1369,-1,1369,1361,1358,-1,1369,1358,1371,-1,1371,1358,1373,-1,1349,1351,1376,-1,1386,1387,1382,-1,1382,1387,1344,-1,1382,1344,1380,-1,1380,1344,1378,-1,1364,1366,1362,-1,1362,1366,1368,-1,1362,1368,1360,-1,1360,1368,1359,-1,1378,1344,1376,-1,1376,1344,1347,-1,1376,1347,1349,-1,1368,1370,1359,-1,1359,1370,1372,-1,1359,1372,1357,-1,1357,1372,1374,-1,1357,1374,1355,-1,1355,1374,1376,-1,1355,1376,1353,-1,1353,1376,1351,-1,1384,1345,1387,-1,1387,1345,1344,-1,1386,1382,1385,-1,1385,1382,1383,-1,1388,1389,1390,-1,1390,1389,1391,-1,1392,1393,1394,-1,1394,1393,1395,-1,1396,1397,1391,-1,1391,1397,1393,-1,1391,1393,1390,-1,1390,1393,1392,-1,1398,1399,1395,-1,1395,1399,1389,-1,1395,1389,1394,-1,1394,1389,1388,-1,1396,1391,1399,-1,1399,1391,1389,-1,1397,1396,1398,-1,1398,1396,1399,-1,1393,1397,1395,-1,1395,1397,1398,-1,1400,1401,1402,-1,1400,1402,1403,-1,1403,1402,1404,-1,1403,1404,1405,-1,1405,1404,1406,-1,1405,1406,1407,-1,1407,1406,1408,-1,1407,1408,1409,-1,1409,1408,1410,-1,1409,1410,1411,-1,1411,1410,1412,-1,1411,1412,1413,-1,1413,1412,1414,-1,1413,1414,1415,-1,1416,1415,1417,-1,1417,1415,1414,-1,1418,1416,1419,-1,1419,1416,1417,-1,1420,1418,1421,-1,1421,1418,1419,-1,1422,1420,1423,-1,1423,1420,1421,-1,1424,1422,1425,-1,1425,1422,1423,-1,1424,1425,1426,-1,1426,1425,1427,-1,1426,1427,1428,-1,1428,1427,1429,-1,1428,1429,1430,-1,1430,1429,1431,-1,1430,1431,1432,-1,1432,1431,1433,-1,1432,1433,1434,-1,1434,1433,1435,-1,1434,1435,1436,-1,1436,1435,1437,-1,1436,1437,1438,-1,1438,1437,1439,-1,1431,1429,1414,-1,1440,1441,1401,-1,1401,1441,1439,-1,1414,1412,1431,-1,1431,1412,1410,-1,1431,1410,1433,-1,1433,1410,1408,-1,1433,1408,1406,-1,1429,1427,1414,-1,1414,1427,1425,-1,1414,1425,1417,-1,1417,1425,1423,-1,1417,1423,1419,-1,1419,1423,1421,-1,1439,1437,1401,-1,1401,1437,1435,-1,1401,1435,1402,-1,1402,1435,1433,-1,1402,1433,1404,-1,1404,1433,1406,-1,1432,1434,1400,-1,1442,1443,1438,-1,1438,1443,1400,-1,1438,1400,1436,-1,1436,1400,1434,-1,1418,1420,1416,-1,1416,1420,1422,-1,1416,1422,1415,-1,1415,1422,1424,-1,1400,1403,1432,-1,1432,1403,1405,-1,1432,1405,1430,-1,1430,1405,1407,-1,1430,1407,1409,-1,1424,1426,1415,-1,1415,1426,1428,-1,1415,1428,1413,-1,1413,1428,1430,-1,1413,1430,1411,-1,1411,1430,1409,-1,1440,1401,1443,-1,1443,1401,1400,-1,1442,1438,1441,-1,1441,1438,1439,-1,1444,1445,1446,-1,1446,1445,1447,-1,1448,1449,1450,-1,1450,1449,1451,-1,1452,1453,1447,-1,1447,1453,1449,-1,1447,1449,1446,-1,1446,1449,1448,-1,1454,1455,1451,-1,1451,1455,1445,-1,1451,1445,1450,-1,1450,1445,1444,-1,1452,1447,1455,-1,1455,1447,1445,-1,1453,1452,1454,-1,1454,1452,1455,-1,1449,1453,1451,-1,1451,1453,1454,-1,1456,1457,1458,-1,1456,1458,1459,-1,1459,1458,1460,-1,1459,1460,1461,-1,1461,1460,1462,-1,1461,1462,1463,-1,1463,1462,1464,-1,1463,1464,1465,-1,1465,1464,1466,-1,1465,1466,1467,-1,1467,1466,1468,-1,1467,1468,1469,-1,1469,1468,1470,-1,1469,1470,1471,-1,1472,1471,1473,-1,1473,1471,1470,-1,1474,1472,1475,-1,1475,1472,1473,-1,1476,1474,1477,-1,1477,1474,1475,-1,1478,1476,1479,-1,1479,1476,1477,-1,1480,1478,1481,-1,1481,1478,1479,-1,1480,1481,1482,-1,1482,1481,1483,-1,1482,1483,1484,-1,1484,1483,1485,-1,1484,1485,1486,-1,1486,1485,1487,-1,1486,1487,1488,-1,1488,1487,1489,-1,1488,1489,1490,-1,1490,1489,1491,-1,1490,1491,1492,-1,1492,1491,1493,-1,1492,1493,1494,-1,1494,1493,1495,-1,1487,1485,1470,-1,1496,1497,1457,-1,1457,1497,1495,-1,1470,1468,1487,-1,1487,1468,1466,-1,1487,1466,1489,-1,1489,1466,1464,-1,1489,1464,1462,-1,1495,1493,1457,-1,1457,1493,1491,-1,1457,1491,1458,-1,1458,1491,1489,-1,1458,1489,1460,-1,1460,1489,1462,-1,1477,1475,1479,-1,1479,1475,1473,-1,1479,1473,1481,-1,1481,1473,1470,-1,1481,1470,1483,-1,1483,1470,1485,-1,1461,1463,1488,-1,1498,1499,1494,-1,1494,1499,1456,-1,1494,1456,1492,-1,1492,1456,1490,-1,1476,1478,1474,-1,1474,1478,1480,-1,1474,1480,1472,-1,1472,1480,1471,-1,1490,1456,1488,-1,1488,1456,1459,-1,1488,1459,1461,-1,1480,1482,1471,-1,1471,1482,1484,-1,1471,1484,1469,-1,1469,1484,1486,-1,1469,1486,1467,-1,1467,1486,1488,-1,1467,1488,1465,-1,1465,1488,1463,-1,1496,1457,1499,-1,1499,1457,1456,-1,1498,1494,1497,-1,1497,1494,1495,-1,1500,1501,1502,-1,1502,1501,1503,-1,1504,1505,1506,-1,1506,1505,1507,-1,1508,1509,1503,-1,1503,1509,1505,-1,1503,1505,1502,-1,1502,1505,1504,-1,1510,1511,1507,-1,1507,1511,1501,-1,1507,1501,1506,-1,1506,1501,1500,-1,1508,1503,1511,-1,1511,1503,1501,-1,1509,1508,1510,-1,1510,1508,1511,-1,1505,1509,1507,-1,1507,1509,1510,-1,1512,1513,1514,-1,1512,1514,1515,-1,1515,1514,1516,-1,1515,1516,1517,-1,1517,1516,1518,-1,1517,1518,1519,-1,1519,1518,1520,-1,1519,1520,1521,-1,1521,1520,1522,-1,1521,1522,1523,-1,1523,1522,1524,-1,1523,1524,1525,-1,1525,1524,1526,-1,1525,1526,1527,-1,1528,1527,1529,-1,1529,1527,1526,-1,1530,1528,1531,-1,1531,1528,1529,-1,1532,1530,1533,-1,1533,1530,1531,-1,1534,1532,1535,-1,1535,1532,1533,-1,1536,1534,1537,-1,1537,1534,1535,-1,1536,1537,1538,-1,1538,1537,1539,-1,1538,1539,1540,-1,1540,1539,1541,-1,1540,1541,1542,-1,1542,1541,1543,-1,1542,1543,1544,-1,1544,1543,1545,-1,1544,1545,1546,-1,1546,1545,1547,-1,1546,1547,1548,-1,1548,1547,1549,-1,1548,1549,1550,-1,1550,1549,1551,-1,1543,1541,1526,-1,1552,1553,1513,-1,1513,1553,1551,-1,1526,1524,1543,-1,1543,1524,1522,-1,1543,1522,1545,-1,1545,1522,1520,-1,1545,1520,1518,-1,1541,1539,1526,-1,1526,1539,1537,-1,1526,1537,1529,-1,1529,1537,1535,-1,1529,1535,1531,-1,1531,1535,1533,-1,1551,1549,1513,-1,1513,1549,1547,-1,1513,1547,1514,-1,1514,1547,1545,-1,1514,1545,1516,-1,1516,1545,1518,-1,1544,1546,1512,-1,1554,1555,1550,-1,1550,1555,1512,-1,1550,1512,1548,-1,1548,1512,1546,-1,1530,1532,1528,-1,1528,1532,1534,-1,1528,1534,1527,-1,1527,1534,1536,-1,1512,1515,1544,-1,1544,1515,1517,-1,1544,1517,1542,-1,1542,1517,1519,-1,1542,1519,1521,-1,1536,1538,1527,-1,1527,1538,1540,-1,1527,1540,1525,-1,1525,1540,1542,-1,1525,1542,1523,-1,1523,1542,1521,-1,1552,1513,1555,-1,1555,1513,1512,-1,1554,1550,1553,-1,1553,1550,1551,-1,1556,1557,1558,-1,1558,1557,1559,-1,1560,1561,1562,-1,1562,1561,1563,-1,1564,1565,1559,-1,1559,1565,1561,-1,1559,1561,1558,-1,1558,1561,1560,-1,1566,1567,1563,-1,1563,1567,1557,-1,1563,1557,1562,-1,1562,1557,1556,-1,1564,1559,1567,-1,1567,1559,1557,-1,1565,1564,1566,-1,1566,1564,1567,-1,1561,1565,1563,-1,1563,1565,1566,-1,1568,1569,1570,-1,1568,1570,1571,-1,1571,1570,1572,-1,1571,1572,1573,-1,1573,1572,1574,-1,1573,1574,1575,-1,1575,1574,1576,-1,1575,1576,1577,-1,1577,1576,1578,-1,1577,1578,1579,-1,1579,1578,1580,-1,1579,1580,1581,-1,1581,1580,1582,-1,1581,1582,1583,-1,1584,1583,1585,-1,1585,1583,1582,-1,1586,1584,1587,-1,1587,1584,1585,-1,1588,1586,1589,-1,1589,1586,1587,-1,1590,1588,1591,-1,1591,1588,1589,-1,1592,1590,1593,-1,1593,1590,1591,-1,1592,1593,1594,-1,1594,1593,1595,-1,1594,1595,1596,-1,1596,1595,1597,-1,1596,1597,1598,-1,1598,1597,1599,-1,1598,1599,1600,-1,1600,1599,1601,-1,1600,1601,1602,-1,1602,1601,1603,-1,1602,1603,1604,-1,1604,1603,1605,-1,1604,1605,1606,-1,1606,1605,1607,-1,1599,1597,1582,-1,1608,1609,1569,-1,1569,1609,1607,-1,1582,1580,1599,-1,1599,1580,1578,-1,1599,1578,1601,-1,1601,1578,1576,-1,1601,1576,1574,-1,1607,1605,1569,-1,1569,1605,1603,-1,1569,1603,1570,-1,1570,1603,1601,-1,1570,1601,1572,-1,1572,1601,1574,-1,1589,1587,1591,-1,1591,1587,1585,-1,1591,1585,1593,-1,1593,1585,1582,-1,1593,1582,1595,-1,1595,1582,1597,-1,1573,1575,1600,-1,1610,1611,1606,-1,1606,1611,1568,-1,1606,1568,1604,-1,1604,1568,1602,-1,1588,1590,1586,-1,1586,1590,1592,-1,1586,1592,1584,-1,1584,1592,1583,-1,1602,1568,1600,-1,1600,1568,1571,-1,1600,1571,1573,-1,1592,1594,1583,-1,1583,1594,1596,-1,1583,1596,1581,-1,1581,1596,1598,-1,1581,1598,1579,-1,1579,1598,1600,-1,1579,1600,1577,-1,1577,1600,1575,-1,1608,1569,1611,-1,1611,1569,1568,-1,1610,1606,1609,-1,1609,1606,1607,-1,1612,1613,1614,-1,1614,1613,1615,-1,1616,1617,1618,-1,1618,1617,1619,-1,1620,1621,1615,-1,1615,1621,1617,-1,1615,1617,1614,-1,1614,1617,1616,-1,1622,1623,1619,-1,1619,1623,1613,-1,1619,1613,1618,-1,1618,1613,1612,-1,1620,1615,1623,-1,1623,1615,1613,-1,1621,1620,1622,-1,1622,1620,1623,-1,1617,1621,1619,-1,1619,1621,1622,-1,1624,1625,1626,-1,1624,1626,1627,-1,1627,1626,1628,-1,1627,1628,1629,-1,1629,1628,1630,-1,1629,1630,1631,-1,1631,1630,1632,-1,1631,1632,1633,-1,1633,1632,1634,-1,1633,1634,1635,-1,1635,1634,1636,-1,1635,1636,1637,-1,1637,1636,1638,-1,1637,1638,1639,-1,1640,1639,1641,-1,1641,1639,1638,-1,1642,1640,1643,-1,1643,1640,1641,-1,1644,1642,1645,-1,1645,1642,1643,-1,1646,1644,1647,-1,1647,1644,1645,-1,1648,1646,1649,-1,1649,1646,1647,-1,1648,1649,1650,-1,1650,1649,1651,-1,1650,1651,1652,-1,1652,1651,1653,-1,1652,1653,1654,-1,1654,1653,1655,-1,1654,1655,1656,-1,1656,1655,1657,-1,1656,1657,1658,-1,1658,1657,1659,-1,1658,1659,1660,-1,1660,1659,1661,-1,1660,1661,1662,-1,1662,1661,1663,-1,1655,1653,1638,-1,1664,1665,1625,-1,1625,1665,1663,-1,1638,1636,1655,-1,1655,1636,1634,-1,1655,1634,1657,-1,1657,1634,1632,-1,1657,1632,1630,-1,1653,1651,1638,-1,1638,1651,1649,-1,1638,1649,1641,-1,1641,1649,1647,-1,1641,1647,1643,-1,1643,1647,1645,-1,1663,1661,1625,-1,1625,1661,1659,-1,1625,1659,1626,-1,1626,1659,1657,-1,1626,1657,1628,-1,1628,1657,1630,-1,1656,1658,1624,-1,1666,1667,1662,-1,1662,1667,1624,-1,1662,1624,1660,-1,1660,1624,1658,-1,1642,1644,1640,-1,1640,1644,1646,-1,1640,1646,1639,-1,1639,1646,1648,-1,1624,1627,1656,-1,1656,1627,1629,-1,1656,1629,1654,-1,1654,1629,1631,-1,1654,1631,1633,-1,1648,1650,1639,-1,1639,1650,1652,-1,1639,1652,1637,-1,1637,1652,1654,-1,1637,1654,1635,-1,1635,1654,1633,-1,1664,1625,1667,-1,1667,1625,1624,-1,1666,1662,1665,-1,1665,1662,1663,-1,1668,1669,1670,-1,1670,1669,1671,-1,1672,1673,1674,-1,1674,1673,1675,-1,1676,1677,1671,-1,1671,1677,1673,-1,1671,1673,1670,-1,1670,1673,1672,-1,1678,1679,1675,-1,1675,1679,1669,-1,1675,1669,1674,-1,1674,1669,1668,-1,1676,1671,1679,-1,1679,1671,1669,-1,1677,1676,1678,-1,1678,1676,1679,-1,1673,1677,1675,-1,1675,1677,1678,-1,1680,1681,1682,-1,1680,1682,1683,-1,1683,1682,1684,-1,1683,1684,1685,-1,1685,1684,1686,-1,1685,1686,1687,-1,1687,1686,1688,-1,1687,1688,1689,-1,1689,1688,1690,-1,1689,1690,1691,-1,1691,1690,1692,-1,1691,1692,1693,-1,1693,1692,1694,-1,1693,1694,1695,-1,1696,1695,1697,-1,1697,1695,1694,-1,1698,1696,1699,-1,1699,1696,1697,-1,1700,1698,1701,-1,1701,1698,1699,-1,1702,1700,1703,-1,1703,1700,1701,-1,1704,1702,1705,-1,1705,1702,1703,-1,1704,1705,1706,-1,1706,1705,1707,-1,1706,1707,1708,-1,1708,1707,1709,-1,1708,1709,1710,-1,1710,1709,1711,-1,1710,1711,1712,-1,1712,1711,1713,-1,1712,1713,1714,-1,1714,1713,1715,-1,1714,1715,1716,-1,1716,1715,1717,-1,1716,1717,1718,-1,1718,1717,1719,-1,1711,1709,1694,-1,1720,1721,1681,-1,1681,1721,1719,-1,1694,1692,1711,-1,1711,1692,1690,-1,1711,1690,1713,-1,1713,1690,1688,-1,1713,1688,1686,-1,1719,1717,1681,-1,1681,1717,1715,-1,1681,1715,1682,-1,1682,1715,1713,-1,1682,1713,1684,-1,1684,1713,1686,-1,1701,1699,1703,-1,1703,1699,1697,-1,1703,1697,1705,-1,1705,1697,1694,-1,1705,1694,1707,-1,1707,1694,1709,-1,1685,1687,1712,-1,1722,1723,1718,-1,1718,1723,1680,-1,1718,1680,1716,-1,1716,1680,1714,-1,1700,1702,1698,-1,1698,1702,1704,-1,1698,1704,1696,-1,1696,1704,1695,-1,1714,1680,1712,-1,1712,1680,1683,-1,1712,1683,1685,-1,1704,1706,1695,-1,1695,1706,1708,-1,1695,1708,1693,-1,1693,1708,1710,-1,1693,1710,1691,-1,1691,1710,1712,-1,1691,1712,1689,-1,1689,1712,1687,-1,1720,1681,1723,-1,1723,1681,1680,-1,1722,1718,1721,-1,1721,1718,1719,-1,1724,1725,1726,-1,1726,1725,1727,-1,1728,1729,1730,-1,1730,1729,1731,-1,1732,1733,1727,-1,1727,1733,1729,-1,1727,1729,1726,-1,1726,1729,1728,-1,1734,1735,1731,-1,1731,1735,1725,-1,1731,1725,1730,-1,1730,1725,1724,-1,1732,1727,1735,-1,1735,1727,1725,-1,1733,1732,1734,-1,1734,1732,1735,-1,1729,1733,1731,-1,1731,1733,1734,-1,1736,1737,1738,-1,1736,1738,1739,-1,1739,1738,1740,-1,1739,1740,1741,-1,1741,1740,1742,-1,1741,1742,1743,-1,1743,1742,1744,-1,1743,1744,1745,-1,1745,1744,1746,-1,1745,1746,1747,-1,1747,1746,1748,-1,1747,1748,1749,-1,1749,1748,1750,-1,1749,1750,1751,-1,1752,1751,1753,-1,1753,1751,1750,-1,1754,1752,1755,-1,1755,1752,1753,-1,1756,1754,1757,-1,1757,1754,1755,-1,1758,1756,1759,-1,1759,1756,1757,-1,1760,1758,1761,-1,1761,1758,1759,-1,1760,1761,1762,-1,1762,1761,1763,-1,1762,1763,1764,-1,1764,1763,1765,-1,1764,1765,1766,-1,1766,1765,1767,-1,1766,1767,1768,-1,1768,1767,1769,-1,1768,1769,1770,-1,1770,1769,1771,-1,1770,1771,1772,-1,1772,1771,1773,-1,1772,1773,1774,-1,1774,1773,1775,-1,1767,1765,1750,-1,1776,1777,1737,-1,1737,1777,1775,-1,1750,1748,1767,-1,1767,1748,1746,-1,1767,1746,1769,-1,1769,1746,1744,-1,1769,1744,1742,-1,1765,1763,1750,-1,1750,1763,1761,-1,1750,1761,1753,-1,1753,1761,1759,-1,1753,1759,1755,-1,1755,1759,1757,-1,1775,1773,1737,-1,1737,1773,1771,-1,1737,1771,1738,-1,1738,1771,1769,-1,1738,1769,1740,-1,1740,1769,1742,-1,1768,1770,1736,-1,1778,1779,1774,-1,1774,1779,1736,-1,1774,1736,1772,-1,1772,1736,1770,-1,1754,1756,1752,-1,1752,1756,1758,-1,1752,1758,1751,-1,1751,1758,1760,-1,1736,1739,1768,-1,1768,1739,1741,-1,1768,1741,1766,-1,1766,1741,1743,-1,1766,1743,1745,-1,1760,1762,1751,-1,1751,1762,1764,-1,1751,1764,1749,-1,1749,1764,1766,-1,1749,1766,1747,-1,1747,1766,1745,-1,1776,1737,1779,-1,1779,1737,1736,-1,1778,1774,1777,-1,1777,1774,1775,-1,1780,1781,1782,-1,1782,1781,1783,-1,1784,1785,1786,-1,1786,1785,1787,-1,1788,1789,1783,-1,1783,1789,1785,-1,1783,1785,1782,-1,1782,1785,1784,-1,1790,1791,1787,-1,1787,1791,1781,-1,1787,1781,1786,-1,1786,1781,1780,-1,1788,1783,1791,-1,1791,1783,1781,-1,1789,1788,1790,-1,1790,1788,1791,-1,1785,1789,1787,-1,1787,1789,1790,-1,1792,1793,1794,-1,1794,1793,1795,-1,1793,1796,1795,-1,1795,1796,1797,-1,1796,1798,1797,-1,1797,1798,1799,-1,1798,1800,1799,-1,1799,1800,1801,-1,1800,1802,1801,-1,1801,1802,1803,-1,1802,1804,1803,-1,1803,1804,1805,-1,1804,1806,1805,-1,1805,1806,1807,-1,1806,1792,1807,-1,1807,1792,1794,-1,1793,1792,1808,-1,1808,1809,1793,-1,1793,1809,1810,-1,1793,1810,1796,-1,1806,1804,1802,-1,1798,1796,1800,-1,1800,1796,1810,-1,1800,1810,1802,-1,1802,1810,1808,-1,1802,1808,1806,-1,1806,1808,1792,-1,1810,1809,1811,-1,1811,1809,1812,-1,1808,1810,1813,-1,1813,1810,1811,-1,1809,1808,1812,-1,1812,1808,1813,-1,1814,1815,1816,-1,1816,1815,1817,-1,1815,1818,1817,-1,1817,1818,1819,-1,1818,1820,1819,-1,1819,1820,1821,-1,1822,1823,1824,-1,1822,1824,1825,-1,1825,1824,1821,-1,1825,1821,1820,-1,1826,1827,1828,-1,1826,1828,1829,-1,1829,1828,1830,-1,1829,1830,1831,-1,1831,1830,1832,-1,1831,1832,1833,-1,1833,1832,1834,-1,1833,1834,1835,-1,1835,1834,1836,-1,1835,1836,1837,-1,1837,1836,1823,-1,1837,1823,1822,-1,1814,1816,1838,-1,1814,1838,1839,-1,1839,1838,1840,-1,1839,1840,1841,-1,1841,1840,1842,-1,1841,1842,1843,-1,1843,1842,1844,-1,1843,1844,1845,-1,1845,1844,1846,-1,1845,1846,1847,-1,1847,1846,1848,-1,1847,1848,1849,-1,1849,1848,1827,-1,1849,1827,1826,-1,1850,1851,1822,-1,1822,1851,1852,-1,1822,1852,1837,-1,1837,1852,1853,-1,1837,1853,1835,-1,1835,1853,1854,-1,1835,1854,1833,-1,1833,1854,1855,-1,1833,1855,1831,-1,1831,1855,1856,-1,1831,1856,1829,-1,1829,1856,1857,-1,1829,1857,1826,-1,1826,1857,1858,-1,1826,1858,1849,-1,1849,1858,1859,-1,1849,1859,1847,-1,1847,1859,1860,-1,1847,1860,1845,-1,1845,1860,1861,-1,1845,1861,1843,-1,1843,1861,1862,-1,1843,1862,1841,-1,1841,1862,1863,-1,1841,1863,1839,-1,1839,1863,1864,-1,1839,1864,1814,-1,1814,1864,1865,-1,1814,1865,1815,-1,1815,1865,1866,-1,1815,1866,1818,-1,1818,1866,1867,-1,1818,1867,1820,-1,1820,1867,1868,-1,1820,1868,1825,-1,1825,1868,1850,-1,1825,1850,1822,-1,1867,1866,1869,-1,1869,1866,1870,-1,1868,1867,1871,-1,1871,1867,1869,-1,1868,1871,1872,-1,1868,1872,1850,-1,1850,1872,1873,-1,1850,1873,1851,-1,1851,1873,1874,-1,1851,1874,1852,-1,1852,1874,1875,-1,1852,1875,1853,-1,1853,1875,1876,-1,1853,1876,1854,-1,1854,1876,1877,-1,1854,1877,1855,-1,1855,1877,1878,-1,1855,1878,1856,-1,1856,1878,1879,-1,1856,1879,1857,-1,1857,1879,1880,-1,1857,1880,1858,-1,1858,1880,1881,-1,1858,1881,1859,-1,1859,1881,1882,-1,1859,1882,1860,-1,1860,1882,1883,-1,1860,1883,1861,-1,1861,1883,1884,-1,1861,1884,1862,-1,1862,1884,1885,-1,1862,1885,1863,-1,1863,1885,1886,-1,1863,1886,1864,-1,1864,1886,1887,-1,1864,1887,1865,-1,1866,1865,1870,-1,1870,1865,1887,-1,1888,1889,1890,-1,1890,1889,1891,-1,1889,1892,1891,-1,1891,1892,1893,-1,1892,1894,1893,-1,1893,1894,1895,-1,1894,1896,1895,-1,1895,1896,1897,-1,1896,1898,1897,-1,1897,1898,1899,-1,1898,1900,1899,-1,1899,1900,1901,-1,1900,1902,1901,-1,1901,1902,1903,-1,1902,1904,1903,-1,1903,1904,1905,-1,1904,1906,1905,-1,1905,1906,1907,-1,1906,1908,1907,-1,1907,1908,1909,-1,1908,1910,1909,-1,1909,1910,1911,-1,1910,1888,1911,-1,1911,1888,1890,-1,1888,1910,1908,-1,1908,1906,1888,-1,1888,1906,1904,-1,1888,1904,1889,-1,1894,1892,1896,-1,1896,1892,1889,-1,1896,1889,1898,-1,1898,1889,1904,-1,1898,1904,1900,-1,1900,1904,1902,-1,1912,1913,1914,-1,1912,1914,1915,-1,1915,1914,1916,-1,1915,1916,1917,-1,1917,1916,1918,-1,1917,1918,1919,-1,1919,1918,1920,-1,1919,1920,1921,-1,1921,1920,1922,-1,1921,1922,1923,-1,1912,1924,1913,-1,1913,1924,1925,-1,1926,1927,1928,-1,1926,1928,1929,-1,1929,1928,1930,-1,1929,1930,1931,-1,1931,1930,1932,-1,1931,1932,1933,-1,1933,1932,1934,-1,1933,1934,1935,-1,1935,1934,1925,-1,1935,1925,1924,-1,1936,1937,1938,-1,1936,1938,1939,-1,1939,1938,1940,-1,1939,1940,1941,-1,1941,1940,1942,-1,1941,1942,1943,-1,1943,1942,1944,-1,1943,1944,1945,-1,1945,1944,1946,-1,1945,1946,1947,-1,1947,1946,1948,-1,1947,1948,1949,-1,1949,1948,1927,-1,1949,1927,1926,-1,1950,1951,1952,-1,1950,1952,1953,-1,1953,1952,1954,-1,1953,1954,1955,-1,1955,1954,1956,-1,1955,1956,1957,-1,1957,1956,1958,-1,1957,1958,1959,-1,1959,1958,1960,-1,1959,1960,1961,-1,1961,1960,1962,-1,1961,1962,1963,-1,1963,1962,1937,-1,1963,1937,1936,-1,1964,1965,1966,-1,1964,1966,1967,-1,1967,1966,1968,-1,1967,1968,1969,-1,1969,1968,1970,-1,1969,1970,1971,-1,1971,1970,1951,-1,1971,1951,1950,-1,1964,1972,1965,-1,1965,1972,1973,-1,1974,1975,1976,-1,1974,1976,1977,-1,1977,1976,1978,-1,1977,1978,1979,-1,1978,1980,1979,-1,1979,1980,1981,-1,1979,1981,1982,-1,1982,1981,1983,-1,1982,1983,1984,-1,1984,1983,1973,-1,1984,1973,1972,-1,1975,1974,1985,-1,1985,1974,1986,-1,1985,1986,1987,-1,1987,1986,1988,-1,1987,1988,1989,-1,1989,1988,1990,-1,1989,1990,1991,-1,1991,1990,1992,-1,1991,1992,1993,-1,1994,1995,1996,-1,1994,1996,1997,-1,1997,1996,1998,-1,1997,1998,1999,-1,1999,1998,1993,-1,1999,1993,1992,-1,1923,1922,2000,-1,1923,2000,2001,-1,2001,2000,2002,-1,2001,2002,2003,-1,2003,2002,2004,-1,2003,2004,2005,-1,2005,2004,2006,-1,2005,2006,2007,-1,2007,2006,2008,-1,2007,2008,2009,-1,2009,2008,2010,-1,2009,2010,2011,-1,2011,2010,1995,-1,2011,1995,1994,-1,1924,1912,1915,-1,1972,1964,1984,-1,1984,1964,1967,-1,1984,1967,1982,-1,1982,1967,1969,-1,1982,1969,1979,-1,1979,1969,1971,-1,1979,1971,1977,-1,1977,1971,1950,-1,1924,1915,1935,-1,1935,1915,1917,-1,1935,1917,1933,-1,1933,1917,1919,-1,1933,1919,1931,-1,1931,1919,1921,-1,1931,1921,1929,-1,1929,1921,1923,-1,1929,1923,1926,-1,1926,1923,2001,-1,1926,2001,1949,-1,1949,2001,2003,-1,1949,2003,1947,-1,1947,2003,2005,-1,1947,2005,1945,-1,1945,2005,2007,-1,1945,2007,1943,-1,1943,2007,2009,-1,1943,2009,1941,-1,1941,2009,2011,-1,1941,2011,1939,-1,1939,2011,1994,-1,1939,1994,1936,-1,1936,1994,1963,-1,1963,1994,1997,-1,1963,1997,1961,-1,1961,1997,1999,-1,1961,1999,1959,-1,1959,1999,1992,-1,1959,1992,1957,-1,1957,1992,1990,-1,1957,1990,1955,-1,1955,1990,1988,-1,1955,1988,1953,-1,1953,1988,1986,-1,1953,1986,1950,-1,1950,1986,1974,-1,1950,1974,1977,-1,2012,2013,2014,-1,2014,2013,2015,-1,2013,2016,2015,-1,2015,2016,2017,-1,2016,2018,2017,-1,2017,2018,2019,-1,2018,2020,2019,-1,2019,2020,2021,-1,2020,2022,2021,-1,2021,2022,2023,-1,2022,2012,2023,-1,2023,2012,2014,-1,2016,2013,2018,-1,2018,2013,2012,-1,2018,2012,2020,-1,2020,2012,2022,-1,
        ]
    }
}
Shape{
    appearance Appearance {
        material  Material 	{
            diffuseColor 0.14901960784313725 0.14901960784313725 0.14901960784313725
            specularColor 0.07450980392156863 0.07450980392156863 0.07450980392156863
            ambientIntensity 0.149
            transparency 0.0
            shininess 0.5
        }
    }
    geometry IndexedFaceSet {
        ccw TRUE
        solid FALSE
        coord DEF co Coordinate {
            point [
                -3.8732 -1.4457 0.0, -3.9334 -1.4743 0.0, -3.9334 -1.418 0.0, -3.8587 -1.6566 0.0, -3.9838 -1.6566 0.0, -3.8587 -1.6455 0.0, -3.9838 -1.6385 0.0, -3.8594 -1.6212 0.0, -3.9832 -1.6158 0.0, -3.8631 -1.5971 0.0, -3.9559 -1.5636 0.0, -3.9438 -1.5584 0.0, -3.9272 -1.5557 0.0, -3.9232 -1.5556 0.0, -3.9798 -1.5935 0.0, -3.974 -1.5809 0.0, -3.9664 -1.5715 0.0, -3.9065 -1.5573 0.0, -3.893 -1.5619 0.0, -3.8814 -1.5692 0.0, -3.8725 -1.5783 0.0, -3.8657 -1.59 0.0
            ]
        }
        coordIndex [
            0,1,2,-1,3,4,5,-1,5,4,6,-1,5,6,7,-1,7,6,8,-1,7,8,9,-1,10,11,8,-1,8,11,12,-1,8,12,13,-1,14,15,8,-1,8,15,16,-1,8,16,10,-1,13,17,8,-1,8,17,18,-1,8,18,19,-1,19,20,8,-1,8,20,21,-1,8,21,9,-1,
        ]
    }
}