#VRML V2.0 utf8
# 3D model generated by easyeda2kicad.py (https://github.com/uPesy/easyeda2kicad.py)

Shape{
    appearance Appearance {
        material  Material 	{
            diffuseColor 0.14901960784313725 0.14901960784313725 0.14901960784313725
            specularColor 0.07450980392156863 0.07450980392156863 0.07450980392156863
            ambientIntensity 0.149
            transparency 0.0
            shininess 0.5
        }
    }
    geometry IndexedFaceSet {
        ccw TRUE
        solid FALSE
        coord DEF co Coordinate {
            point [
                -2.502 -1.804 0.0, -2.4856 -1.834 0.0, -2.4961 -1.8509 0.0, -2.502 -2.0866 0.0, -2.5 -2.0664 0.0, -2.3425 -2.0664 0.0, -2.3576 -1.8677 0.0, -2.3549 -1.8833 0.0, -2.487 -1.9011 0.0, -2.3425 -2.0523 0.0, -2.1969 -1.804 0.0, -2.1969 -2.0866 0.0, -2.4616 -1.8325 0.0, -2.471 -1.8201 0.0, -2.3714 -1.8201 0.0, -2.3454 -1.8528 0.0, -2.3556 -1.8354 0.0, -2.5012 -1.9132 0.0, -2.494 -1.9321 0.0, -2.5 -1.9917 0.0, -2.3686 -1.8223 0.0, -2.502 -1.9063 0.0, -2.3546 -1.8897 0.0, -2.3569 -1.9083 0.0, -2.3632 -1.9244 0.0, -2.3809 -1.8325 0.0, -2.3684 -1.8455 0.0, -2.4704 -1.8412 0.0, -2.3604 -1.8596 0.0, -2.48 -1.8551 0.0, -2.4857 -1.8703 0.0, -2.3733 -1.9389 0.0, -2.3847 -1.9486 0.0, -2.3987 -1.9557 0.0, -2.4388 -1.9573 0.0, -2.4519 -1.9524 0.0, -2.4214 -1.9594 0.0, -2.4641 -1.944 0.0, -2.4747 -1.9324 0.0, -2.4879 -1.8887 0.0, -2.4138 -1.959 0.0, -2.4829 -1.9171 0.0, -2.4838 -1.9917 0.0, -2.4411 -1.9713 0.0, -2.4838 -2.0523 0.0, -2.4203 -1.9736 0.0, -2.3988 -1.9709 0.0, -2.3821 -1.9645 0.0, -2.4831 -1.9473 0.0, -2.4765 -1.9536 0.0, -2.4593 -1.965 0.0, -2.3392 -1.9014 0.0, -2.3385 -1.8888 0.0, -2.3412 -1.8654 0.0, -2.3666 -1.9537 0.0, -2.3523 -1.9373 0.0, -2.3438 -1.9206 0.0, -2.504 -1.8863 0.0, -2.8031 -1.804 0.0, -2.502 -1.8703 0.0, -2.5015 -1.8664 0.0, -2.8031 -2.0866 0.0, -2.504 -1.8886 0.0, -2.4781 -1.5606 0.0, -2.4881 -1.5719 0.0, -2.5 -1.5213 0.0, -2.3587 -1.7737 0.0, -2.4071 -1.7737 0.0, -2.3587 -1.699 0.0, -2.4071 -1.699 0.0, -2.3435 -1.6137 0.0, -2.3425 -1.6389 0.0, -2.3425 -1.6707 0.0, -2.4619 -1.5499 0.0, -2.3425 -1.7878 0.0, -2.3425 -1.699 0.0, -2.5 -1.6707 0.0, -2.4233 -1.699 0.0, -2.3425 -1.4466 0.0, -2.3482 -1.5889 0.0, -2.3562 -1.573 0.0, -2.4948 -1.5851 0.0, -2.4991 -1.605 0.0, -2.5 -1.6219 0.0, -2.4233 -1.7737 0.0, -2.4838 -1.7737 0.0, -2.4838 -1.699 0.0, -2.5 -1.699 0.0, -2.5 -1.7878 0.0, -2.3664 -1.5613 0.0, -2.3808 -1.5513 0.0, -2.3974 -1.5447 0.0, -2.1969 -1.1024 0.0, -2.3425 -1.4446 0.0, -2.502 -1.1024 0.0, -2.5 -1.3719 0.0, -2.5 -1.3873 0.0, -2.5 -1.5059 0.0, -2.4166 -1.5417 0.0, -2.4232 -1.5415 0.0, -2.4443 -1.5437 0.0, -2.8031 -1.1024 0.0, -2.4495 -1.4819 0.0, -2.4495 -1.4105 0.0, -6.813 -2.0866 0.0118, -6.813 -2.0866 0.1791, -6.9524 -2.0866 0.1791, -5.374 -2.0866 0.3583, -5.626 -2.0866 0.3583, -5.9524 -2.0866 0.1791, -4.374 -2.0866 0.3583, -4.626 -2.0866 0.3583, -4.9524 -2.0866 0.1791, -3.374 -2.0866 0.3583, -3.626 -2.0866 0.3583, -3.9524 -2.0866 0.1791, -2.0476 -2.0866 0.1791, -2.374 -2.0866 0.3583, -2.626 -2.0866 0.3583, -2.9524 -2.0866 0.1791, 0.626 -2.0866 0.3583, 0.374 -2.0866 0.3583, 0.0476 -2.0866 0.1791, 1.626 -2.0866 0.3583, 1.374 -2.0866 0.3583, 1.0476 -2.0866 0.1791, 2.626 -2.0866 0.3583, 2.374 -2.0866 0.3583, 2.0476 -2.0866 0.1791, 3.626 -2.0866 0.3583, 3.374 -2.0866 0.3583, 3.0476 -2.0866 0.1791, 4.626 -2.0866 0.3583, 4.374 -2.0866 0.3583, 4.0476 -2.0866 0.1791, 5.626 -2.0866 0.3583, 5.374 -2.0866 0.3583, 5.0476 -2.0866 0.1791, 6.626 -2.0866 0.3583, 6.374 -2.0866 0.3583, 6.0476 -2.0866 0.1791, 0.374 -2.0866 1.6102, 0.626 -2.0866 1.6102, 0.8031 -2.0866 1.9685, 0.1969 -2.0866 1.9685, 0.0 -2.0866 1.7323, 0.374 -2.0866 1.3583, 0.0 -2.0866 0.9843, 0.626 -2.0866 1.3583, 1.0 -2.0866 0.9843, 1.0 -2.0866 1.7323, 1.374 -2.0866 1.6102, 1.626 -2.0866 1.6102, 1.8031 -2.0866 1.9685, 1.1969 -2.0866 1.9685, 1.374 -2.0866 1.3583, 1.626 -2.0866 1.3583, 2.0 -2.0866 0.9843, 2.0 -2.0866 1.7323, 2.374 -2.0866 1.6102, 2.626 -2.0866 1.6102, 2.8031 -2.0866 1.9685, 2.1969 -2.0866 1.9685, 2.374 -2.0866 1.3583, 2.626 -2.0866 1.3583, 3.0 -2.0866 0.9843, 3.0 -2.0866 1.7323, 3.374 -2.0866 1.6102, 3.626 -2.0866 1.6102, 3.8031 -2.0866 1.9685, 3.1969 -2.0866 1.9685, 3.374 -2.0866 1.3583, 3.626 -2.0866 1.3583, 4.0 -2.0866 0.9843, 4.0 -2.0866 1.7323, 4.374 -2.0866 1.6102, 4.626 -2.0866 1.6102, 4.8031 -2.0866 1.9685, 4.1969 -2.0866 1.9685, 4.374 -2.0866 1.3583, 4.626 -2.0866 1.3583, 5.0 -2.0866 0.9843, 5.0 -2.0866 1.7323, 5.374 -2.0866 1.6102, 5.626 -2.0866 1.6102, 5.8031 -2.0866 1.9685, 5.1969 -2.0866 1.9685, 5.374 -2.0866 1.3583, 5.626 -2.0866 1.3583, 6.0 -2.0866 0.9843, 6.0 -2.0866 1.7323, 6.374 -2.0866 1.6102, 6.626 -2.0866 1.6102, 6.8031 -2.0866 1.9685, 6.1969 -2.0866 1.9685, 6.374 -2.0866 1.3583, 6.626 -2.0866 1.3583, 7.0 -2.0866 0.9843, 7.0 -2.0866 1.7323, 6.0 -2.0866 0.2362, 6.374 -2.0866 0.6102, 6.626 -2.0866 0.6102, 7.0 -2.0866 0.2362, 6.9524 -2.0866 0.1791, 6.1969 -2.0866 0.0, 6.8031 -2.0866 0.0, 5.0 -2.0866 0.2362, 5.374 -2.0866 0.6102, 5.626 -2.0866 0.6102, 5.9524 -2.0866 0.1791, 5.1969 -2.0866 0.0, 5.8031 -2.0866 0.0, 4.0 -2.0866 0.2362, 4.374 -2.0866 0.6102, 4.626 -2.0866 0.6102, 4.9524 -2.0866 0.1791, 4.1969 -2.0866 0.0, 4.8031 -2.0866 0.0, 3.0 -2.0866 0.2362, 3.374 -2.0866 0.6102, 3.626 -2.0866 0.6102, 3.9524 -2.0866 0.1791, 3.1969 -2.0866 0.0, 3.8031 -2.0866 0.0, 2.0 -2.0866 0.2362, 2.374 -2.0866 0.6102, 2.626 -2.0866 0.6102, 2.9524 -2.0866 0.1791, 2.1969 -2.0866 0.0, 2.8031 -2.0866 0.0, 1.0 -2.0866 0.2362, 1.374 -2.0866 0.6102, 1.626 -2.0866 0.6102, 1.9524 -2.0866 0.1791, 1.1969 -2.0866 0.0, 1.8031 -2.0866 0.0, 0.0 -2.0866 0.2362, 0.374 -2.0866 0.6102, 0.626 -2.0866 0.6102, 0.9524 -2.0866 0.1791, 0.1969 -2.0866 0.0, 0.8031 -2.0866 0.0, -1.374 -2.0866 0.3583, -1.626 -2.0866 0.3583, -1.9524 -2.0866 0.1791, -1.374 -2.0866 0.6102, -1.0476 -2.0866 0.1791, -2.0 -2.0866 0.2362, -0.626 -2.0866 0.6102, -0.374 -2.0866 0.6102, -2.0 -2.0866 0.9843, -1.626 -2.0866 0.6102, -1.0 -2.0866 0.2362, -0.626 -2.0866 0.3583, -0.9524 -2.0866 0.1791, -0.374 -2.0866 0.3583, -0.0476 -2.0866 0.1791, -0.8031 -2.0866 0.0, -0.1969 -2.0866 0.0, -1.8031 -2.0866 0.0, -1.1969 -2.0866 0.0, -2.374 -2.0866 0.6102, -2.626 -2.0866 0.6102, -3.0 -2.0866 0.9843, -3.0 -2.0866 0.2362, -4.0 -2.0866 0.2362, -4.0 -2.0866 0.9843, -3.626 -2.0866 0.6102, -3.374 -2.0866 0.6102, -3.0476 -2.0866 0.1791, -3.8031 -2.0866 0.0, -3.1969 -2.0866 0.0, -5.0 -2.0866 0.2362, -5.0 -2.0866 0.9843, -4.626 -2.0866 0.6102, -4.374 -2.0866 0.6102, -4.0476 -2.0866 0.1791, -4.8031 -2.0866 0.0, -4.1969 -2.0866 0.0, -6.0 -2.0866 0.2362, -6.0 -2.0866 0.9843, -5.626 -2.0866 0.6102, -5.374 -2.0866 0.6102, -5.0476 -2.0866 0.1791, -5.8031 -2.0866 0.0, -5.1969 -2.0866 0.0, -6.626 -2.0866 0.3583, -6.626 -2.0866 0.6102, -6.813 -2.0866 0.9843, -6.374 -2.0866 0.6102, -6.374 -2.0866 0.3583, -6.0476 -2.0866 0.1791, -6.8031 -2.0866 0.0, -6.1969 -2.0866 0.0, -7.0 -2.0866 0.2362, -6.813 -2.0866 1.9567, -7.0 -2.0866 1.7323, -7.0 -2.0866 0.9843, -6.0 -2.0866 1.7323, -6.1969 -2.0866 1.9685, -6.374 -2.0866 1.6102, -6.8031 -2.0866 1.9685, -6.626 -2.0866 1.6102, -6.626 -2.0866 1.3583, -6.374 -2.0866 1.3583, -5.626 -2.0866 1.6102, -5.374 -2.0866 1.6102, -5.1969 -2.0866 1.9685, -5.8031 -2.0866 1.9685, -5.626 -2.0866 1.3583, -5.374 -2.0866 1.3583, -5.0 -2.0866 1.7323, -4.626 -2.0866 1.6102, -4.374 -2.0866 1.6102, -4.1969 -2.0866 1.9685, -4.8031 -2.0866 1.9685, -4.626 -2.0866 1.3583, -4.374 -2.0866 1.3583, -4.0 -2.0866 1.7323, -3.626 -2.0866 1.6102, -3.374 -2.0866 1.6102, -3.1969 -2.0866 1.9685, -3.8031 -2.0866 1.9685, -3.626 -2.0866 1.3583, -3.374 -2.0866 1.3583, -3.0 -2.0866 1.7323, -2.626 -2.0866 1.6102, -2.374 -2.0866 1.6102, -2.1969 -2.0866 1.9685, -2.0 -2.0866 1.7323, -2.8031 -2.0866 1.9685, -2.626 -2.0866 1.3583, -2.374 -2.0866 1.3583, -1.374 -2.0866 1.3583, -1.626 -2.0866 1.3583, -1.626 -2.0866 1.6102, -1.374 -2.0866 1.6102, -1.1969 -2.0866 1.9685, -1.8031 -2.0866 1.9685, -1.0 -2.0866 1.7323, -0.626 -2.0866 1.3583, -0.8031 -2.0866 1.9685, -0.626 -2.0866 1.6102, -0.1969 -2.0866 1.9685, -0.374 -2.0866 1.6102, -0.374 -2.0866 1.3583, 5.626 -1.3386 1.6102, 5.374 -1.3386 1.6102, 5.0 -1.3386 1.7106, 4.374 -1.3386 1.6102, 4.0 -1.3386 1.7106, 0.374 -1.3386 1.6102, 0.0 -1.3386 1.7106, 1.0 -1.3386 1.7106, -4.0 -1.3386 1.7323, -4.0 -1.3386 1.7106, -5.0 -1.3386 1.7106, -2.9344 -1.3386 1.811, -2.0656 -1.3386 1.811, -3.0 -1.3386 1.7323, -2.0 -1.3386 1.7323, -2.0 -1.3386 1.7106, -3.0 -1.3386 1.7106, -3.9344 -1.3386 1.811, -3.0656 -1.3386 1.811, -5.0 -1.3386 1.7323, -4.9344 -1.3386 1.811, -4.0656 -1.3386 1.811, -5.9344 -1.3386 1.811, -5.0656 -1.3386 1.811, -6.0 -1.3386 1.7323, -6.0 -1.3386 1.7106, -6.813 -1.3386 1.7106, -6.0656 -1.3386 1.811, -7.0 -1.3386 1.7106, -7.0 -1.3386 1.7323, -6.813 -1.3386 1.811, -6.9344 -1.3386 1.811, -6.374 -1.3386 0.3583, -6.0656 -1.3386 0.1575, -6.626 -1.3386 0.3583, -6.813 -1.3386 0.1575, -6.626 -1.3386 0.6102, -6.813 -1.3386 0.9843, -6.374 -1.3386 0.6102, -6.0 -1.3386 0.9843, -6.0 -1.3386 0.2362, -5.626 -1.3386 0.3583, -5.374 -1.3386 0.3583, -5.0656 -1.3386 0.1575, -5.9344 -1.3386 0.1575, -5.626 -1.3386 0.6102, -5.374 -1.3386 0.6102, -5.0 -1.3386 0.9843, -5.0 -1.3386 0.2362, -4.626 -1.3386 0.3583, -4.374 -1.3386 0.3583, -4.0656 -1.3386 0.1575, -4.9344 -1.3386 0.1575, -4.626 -1.3386 0.6102, -4.374 -1.3386 0.6102, -4.0 -1.3386 0.9843, -4.0 -1.3386 0.2362, -3.626 -1.3386 0.3583, -3.374 -1.3386 0.3583, -3.0656 -1.3386 0.1575, -3.9344 -1.3386 0.1575, -3.626 -1.3386 0.6102, -3.374 -1.3386 0.6102, -3.0 -1.3386 0.9843, -3.0 -1.3386 0.2362, -2.626 -1.3386 0.3583, -2.374 -1.3386 0.3583, -2.0656 -1.3386 0.1575, -2.9344 -1.3386 0.1575, -2.626 -1.3386 0.6102, -2.374 -1.3386 0.6102, -2.0 -1.3386 0.9843, -2.0 -1.3386 0.2362, -0.626 -1.3386 0.6102, -1.374 -1.3386 0.6102, -1.626 -1.3386 0.6102, -1.626 -1.3386 0.3583, -1.9344 -1.3386 0.1575, -1.0656 -1.3386 0.1575, -1.374 -1.3386 0.3583, -1.0 -1.3386 0.2362, -0.374 -1.3386 0.3583, -0.374 -1.3386 0.6102, 0.0 -1.3386 0.9843, -0.9344 -1.3386 0.1575, -0.626 -1.3386 0.3583, -0.0656 -1.3386 0.1575, 0.0 -1.3386 0.2362, 0.374 -1.3386 0.3583, 0.626 -1.3386 0.3583, 0.9344 -1.3386 0.1575, 0.0656 -1.3386 0.1575, 0.374 -1.3386 0.6102, 0.626 -1.3386 0.6102, 1.0 -1.3386 0.9843, 1.0 -1.3386 0.2362, 1.374 -1.3386 0.3583, 1.626 -1.3386 0.3583, 1.9344 -1.3386 0.1575, 1.0656 -1.3386 0.1575, 1.374 -1.3386 0.6102, 1.626 -1.3386 0.6102, 2.0 -1.3386 0.9843, 2.0 -1.3386 0.2362, 2.374 -1.3386 0.3583, 2.626 -1.3386 0.3583, 2.9344 -1.3386 0.1575, 2.0656 -1.3386 0.1575, 2.374 -1.3386 0.6102, 2.626 -1.3386 0.6102, 3.0 -1.3386 0.9843, 3.0 -1.3386 0.2362, 3.374 -1.3386 0.3583, 3.626 -1.3386 0.3583, 3.9344 -1.3386 0.1575, 3.0656 -1.3386 0.1575, 3.374 -1.3386 0.6102, 3.626 -1.3386 0.6102, 4.0 -1.3386 0.9843, 4.0 -1.3386 0.2362, 4.374 -1.3386 0.3583, 4.626 -1.3386 0.3583, 4.9344 -1.3386 0.1575, 4.0656 -1.3386 0.1575, 4.374 -1.3386 0.6102, 4.626 -1.3386 0.6102, 5.0 -1.3386 0.9843, 5.0 -1.3386 0.2362, 5.374 -1.3386 0.3583, 5.626 -1.3386 0.3583, 5.9344 -1.3386 0.1575, 5.0656 -1.3386 0.1575, 5.374 -1.3386 0.6102, 5.626 -1.3386 0.6102, 6.0 -1.3386 0.9843, 6.0 -1.3386 0.2362, 6.374 -1.3386 0.3583, 6.626 -1.3386 0.3583, 6.9344 -1.3386 0.1575, 6.0656 -1.3386 0.1575, 6.374 -1.3386 0.6102, 6.626 -1.3386 0.6102, 7.0 -1.3386 0.9843, 7.0 -1.3386 0.2362, 6.0656 -1.3386 1.811, 6.9344 -1.3386 1.811, 6.0 -1.3386 1.7323, 7.0 -1.3386 1.7323, 5.0656 -1.3386 1.811, 5.9344 -1.3386 1.811, 5.0 -1.3386 1.7323, 6.0 -1.3386 1.7106, 7.0 -1.3386 1.7106, 4.0656 -1.3386 1.811, 4.9344 -1.3386 1.811, 4.0 -1.3386 1.7323, 3.0656 -1.3386 1.811, 3.9344 -1.3386 1.811, 3.0 -1.3386 1.7323, 2.0656 -1.3386 1.811, 2.9344 -1.3386 1.811, 2.0 -1.3386 1.7323, 1.0656 -1.3386 1.811, 1.9344 -1.3386 1.811, 1.0 -1.3386 1.7323, 0.0656 -1.3386 1.811, 0.9344 -1.3386 1.811, 0.0 -1.3386 1.7323, -7.0 -1.3386 0.9843, -7.0 -1.3386 0.2362, -6.9344 -1.3386 0.1575, -6.374 -1.3386 1.6102, -6.374 -1.3386 1.3583, -6.626 -1.3386 1.3583, -6.626 -1.3386 1.6102, -5.626 -1.3386 1.6102, -5.626 -1.3386 1.3583, -5.374 -1.3386 1.3583, -5.374 -1.3386 1.6102, -4.374 -1.3386 1.6102, -4.374 -1.3386 1.3583, -4.626 -1.3386 1.3583, -4.626 -1.3386 1.6102, -3.374 -1.3386 1.6102, -3.374 -1.3386 1.3583, -3.626 -1.3386 1.3583, -3.626 -1.3386 1.6102, -2.374 -1.3386 1.6102, -2.374 -1.3386 1.3583, -2.626 -1.3386 1.3583, -2.626 -1.3386 1.6102, -0.374 -1.3386 1.6102, -0.374 -1.3386 1.3583, -0.626 -1.3386 1.3583, -1.9344 -1.3386 1.811, -1.0656 -1.3386 1.811, -1.0 -1.3386 1.7323, -0.626 -1.3386 1.6102, -1.374 -1.3386 1.3583, -1.374 -1.3386 1.6102, -1.626 -1.3386 1.6102, -1.626 -1.3386 1.3583, 0.374 -1.3386 1.3583, 0.626 -1.3386 1.3583, 0.626 -1.3386 1.6102, 1.626 -1.3386 1.6102, 2.0 -1.3386 1.7106, 1.626 -1.3386 1.3583, 1.374 -1.3386 1.3583, 1.374 -1.3386 1.6102, 2.626 -1.3386 1.6102, 3.0 -1.3386 1.7106, 2.626 -1.3386 1.3583, 2.374 -1.3386 1.3583, 2.374 -1.3386 1.6102, 3.626 -1.3386 1.6102, 3.626 -1.3386 1.3583, 3.374 -1.3386 1.3583, 3.374 -1.3386 1.6102, 4.374 -1.3386 1.3583, 4.626 -1.3386 1.3583, 4.626 -1.3386 1.6102, 5.374 -1.3386 1.3583, 5.626 -1.3386 1.3583, -0.0656 -1.3386 1.811, -0.9344 -1.3386 1.811, 6.626 -1.3386 1.6102, 6.626 -1.3386 1.3583, 6.374 -1.3386 1.3583, 6.374 -1.3386 1.6102, -0.1969 -1.1024 0.0, -0.8031 -1.1024 0.0, -0.0656 -1.1024 0.1575, -0.9344 -1.1024 0.1575, -1.1969 -1.1024 0.0, -1.8031 -1.1024 0.0, -1.0656 -1.1024 0.1575, -1.9344 -1.1024 0.1575, 1.8031 -1.1024 0.0, 1.1969 -1.1024 0.0, 1.9344 -1.1024 0.1575, 1.0656 -1.1024 0.1575, 0.0656 -1.1024 0.1575, 0.9344 -1.1024 0.1575, 0.1969 -1.1024 0.0, 0.8031 -1.1024 0.0, -4.1969 -1.1024 0.0, -4.8031 -1.1024 0.0, -4.0656 -1.1024 0.1575, -4.9344 -1.1024 0.1575, -5.1969 -1.1024 0.0, -5.8031 -1.1024 0.0, -5.0656 -1.1024 0.1575, -5.9344 -1.1024 0.1575, -2.0656 -1.1024 0.1575, -2.9344 -1.1024 0.1575, -3.9344 -1.1024 0.1575, -3.0656 -1.1024 0.1575, -3.8031 -1.1024 0.0, -3.1969 -1.1024 0.0, 3.8031 -1.1024 0.0, 3.1969 -1.1024 0.0, 3.9344 -1.1024 0.1575, 3.0656 -1.1024 0.1575, 2.0656 -1.1024 0.1575, 2.9344 -1.1024 0.1575, 2.1969 -1.1024 0.0, 2.8031 -1.1024 0.0, 5.8031 -1.1024 0.0, 5.1969 -1.1024 0.0, 5.9344 -1.1024 0.1575, 5.0656 -1.1024 0.1575, 4.0656 -1.1024 0.1575, 4.9344 -1.1024 0.1575, 4.1969 -1.1024 0.0, 4.8031 -1.1024 0.0, -0.0656 -1.1024 1.811, -0.9344 -1.1024 1.811, -0.1969 -1.1024 1.9685, -0.8031 -1.1024 1.9685, -1.0656 -1.1024 1.811, -1.9344 -1.1024 1.811, -1.1969 -1.1024 1.9685, -1.8031 -1.1024 1.9685, 1.9344 -1.1024 1.811, 1.0656 -1.1024 1.811, 1.8031 -1.1024 1.9685, 1.1969 -1.1024 1.9685, 0.1969 -1.1024 1.9685, 0.8031 -1.1024 1.9685, 0.0656 -1.1024 1.811, 0.9344 -1.1024 1.811, -4.0656 -1.1024 1.811, -4.9344 -1.1024 1.811, -4.1969 -1.1024 1.9685, -4.8031 -1.1024 1.9685, -5.0656 -1.1024 1.811, -5.9344 -1.1024 1.811, -5.1969 -1.1024 1.9685, -5.8031 -1.1024 1.9685, -2.0656 -1.1024 1.811, -2.9344 -1.1024 1.811, -2.1969 -1.1024 1.9685, -2.8031 -1.1024 1.9685, -3.8031 -1.1024 1.9685, -3.1969 -1.1024 1.9685, -3.9344 -1.1024 1.811, -3.0656 -1.1024 1.811, 3.9344 -1.1024 1.811, 3.0656 -1.1024 1.811, 3.8031 -1.1024 1.9685, 3.1969 -1.1024 1.9685, 2.1969 -1.1024 1.9685, 2.8031 -1.1024 1.9685, 2.0656 -1.1024 1.811, 2.9344 -1.1024 1.811, 5.9344 -1.1024 1.811, 5.0656 -1.1024 1.811, 5.8031 -1.1024 1.9685, 5.1969 -1.1024 1.9685, 4.1969 -1.1024 1.9685, 4.8031 -1.1024 1.9685, 4.0656 -1.1024 1.811, 4.9344 -1.1024 1.811, 6.8031 -1.1024 0.0, 6.1969 -1.1024 0.0, 6.9344 -1.1024 0.1575, 6.0656 -1.1024 0.1575, -6.0656 -1.1024 1.811, -6.9344 -1.1024 1.811, -6.1969 -1.1024 1.9685, -6.8031 -1.1024 1.9685, -6.9344 -1.1024 0.1575, -6.0656 -1.1024 0.1575, -6.8031 -1.1024 0.0, -6.1969 -1.1024 0.0, 6.9344 -1.1024 1.811, 6.0656 -1.1024 1.811, 6.8031 -1.1024 1.9685, 6.1969 -1.1024 1.9685
            ]
        }
        coordIndex [
            0,1,2,-1,3,4,5,-1,6,7,8,-1,9,10,5,-1,5,10,11,-1,5,11,3,-1,12,13,14,-1,15,16,10,-1,17,18,19,-1,16,20,10,-1,10,20,14,-1,10,14,0,-1,0,14,13,-1,0,13,1,-1,4,3,19,-1,19,3,21,-1,19,21,17,-1,7,22,8,-1,8,22,23,-1,8,23,24,-1,14,25,12,-1,12,25,26,-1,12,26,27,-1,27,26,28,-1,27,28,29,-1,29,28,30,-1,24,31,8,-1,8,31,32,-1,8,32,33,-1,34,35,36,-1,36,35,37,-1,36,37,38,-1,6,8,28,-1,28,8,39,-1,28,39,30,-1,33,40,8,-1,8,40,36,-1,8,36,41,-1,41,36,38,-1,42,43,44,-1,44,43,45,-1,44,45,9,-1,9,45,46,-1,9,46,47,-1,18,48,19,-1,19,48,49,-1,19,49,42,-1,42,49,50,-1,42,50,43,-1,51,52,10,-1,10,52,53,-1,10,53,15,-1,47,54,9,-1,9,54,55,-1,9,55,10,-1,10,55,56,-1,10,56,51,-1,57,58,59,-1,59,58,0,-1,59,0,60,-1,60,0,2,-1,3,61,21,-1,21,61,58,-1,21,58,62,-1,62,58,57,-1,63,64,65,-1,66,67,68,-1,68,67,69,-1,70,10,71,-1,71,10,72,-1,63,65,73,-1,0,74,10,-1,10,74,75,-1,10,75,72,-1,72,75,68,-1,72,68,76,-1,76,68,69,-1,76,69,77,-1,78,79,80,-1,64,81,65,-1,65,81,82,-1,65,82,83,-1,84,85,77,-1,77,85,86,-1,77,86,76,-1,76,86,87,-1,76,87,0,-1,0,87,88,-1,0,88,74,-1,80,89,78,-1,78,89,90,-1,78,90,91,-1,70,79,10,-1,10,79,78,-1,10,78,92,-1,92,78,93,-1,92,93,94,-1,94,93,95,-1,94,95,96,-1,97,65,0,-1,0,65,83,-1,0,83,76,-1,91,98,78,-1,78,98,99,-1,78,99,65,-1,65,99,100,-1,65,100,73,-1,58,101,0,-1,0,101,94,-1,0,94,97,-1,97,94,96,-1,97,96,102,-1,102,96,103,-1,104,105,106,-1,107,108,109,-1,110,111,112,-1,113,114,115,-1,3,11,116,-1,117,118,119,-1,120,121,122,-1,123,124,125,-1,126,127,128,-1,129,130,131,-1,132,133,134,-1,135,136,137,-1,138,139,140,-1,141,142,143,-1,143,144,141,-1,141,144,145,-1,141,145,146,-1,146,145,147,-1,146,147,148,-1,148,147,149,-1,148,149,142,-1,142,149,150,-1,142,150,143,-1,151,152,153,-1,153,154,151,-1,151,154,150,-1,151,150,155,-1,155,150,149,-1,155,149,156,-1,156,149,157,-1,156,157,152,-1,152,157,158,-1,152,158,153,-1,159,160,161,-1,161,162,159,-1,159,162,158,-1,159,158,163,-1,163,158,157,-1,163,157,164,-1,164,157,165,-1,164,165,160,-1,160,165,166,-1,160,166,161,-1,167,168,169,-1,169,170,167,-1,167,170,166,-1,167,166,171,-1,171,166,165,-1,171,165,172,-1,172,165,173,-1,172,173,168,-1,168,173,174,-1,168,174,169,-1,175,176,177,-1,177,178,175,-1,175,178,174,-1,175,174,179,-1,179,174,173,-1,179,173,180,-1,180,173,181,-1,180,181,176,-1,176,181,182,-1,176,182,177,-1,183,184,185,-1,185,186,183,-1,183,186,182,-1,183,182,187,-1,187,182,181,-1,187,181,188,-1,188,181,189,-1,188,189,184,-1,184,189,190,-1,184,190,185,-1,191,192,193,-1,193,194,191,-1,191,194,190,-1,191,190,195,-1,195,190,189,-1,195,189,196,-1,196,189,197,-1,196,197,192,-1,192,197,198,-1,192,198,193,-1,140,139,199,-1,199,139,189,-1,189,139,200,-1,189,200,197,-1,197,200,201,-1,197,201,202,-1,202,201,138,-1,202,138,203,-1,138,140,203,-1,203,140,204,-1,203,204,205,-1,137,136,206,-1,206,136,181,-1,181,136,207,-1,181,207,189,-1,189,207,208,-1,189,208,199,-1,199,208,135,-1,199,135,209,-1,135,137,209,-1,209,137,210,-1,209,210,211,-1,134,133,212,-1,212,133,173,-1,173,133,213,-1,173,213,181,-1,181,213,214,-1,181,214,206,-1,206,214,132,-1,206,132,215,-1,132,134,215,-1,215,134,216,-1,215,216,217,-1,131,130,218,-1,218,130,165,-1,165,130,219,-1,165,219,173,-1,173,219,220,-1,173,220,212,-1,212,220,129,-1,212,129,221,-1,129,131,221,-1,221,131,222,-1,221,222,223,-1,128,127,224,-1,224,127,157,-1,157,127,225,-1,157,225,165,-1,165,225,226,-1,165,226,218,-1,218,226,126,-1,218,126,227,-1,126,128,227,-1,227,128,228,-1,227,228,229,-1,125,124,230,-1,230,124,149,-1,149,124,231,-1,149,231,157,-1,157,231,232,-1,157,232,224,-1,224,232,123,-1,224,123,233,-1,123,125,233,-1,233,125,234,-1,233,234,235,-1,122,121,236,-1,236,121,147,-1,147,121,237,-1,147,237,149,-1,149,237,238,-1,149,238,230,-1,230,238,120,-1,230,120,239,-1,120,122,239,-1,239,122,240,-1,239,240,241,-1,242,243,244,-1,245,242,246,-1,244,243,247,-1,248,249,147,-1,247,243,250,-1,250,243,251,-1,250,251,245,-1,248,252,253,-1,253,252,254,-1,253,254,255,-1,147,249,236,-1,236,249,255,-1,236,255,256,-1,255,254,256,-1,256,254,257,-1,256,257,258,-1,242,244,246,-1,246,244,259,-1,246,259,260,-1,61,3,119,-1,119,3,116,-1,119,116,117,-1,117,116,247,-1,117,247,261,-1,261,247,250,-1,261,250,262,-1,262,250,263,-1,262,263,118,-1,118,263,264,-1,118,264,119,-1,115,114,265,-1,265,114,266,-1,266,114,267,-1,266,267,263,-1,263,267,268,-1,263,268,264,-1,264,268,113,-1,264,113,269,-1,113,115,269,-1,269,115,270,-1,269,270,271,-1,112,111,272,-1,272,111,273,-1,273,111,274,-1,273,274,266,-1,266,274,275,-1,266,275,265,-1,265,275,110,-1,265,110,276,-1,110,112,276,-1,276,112,277,-1,276,277,278,-1,109,108,279,-1,279,108,280,-1,280,108,281,-1,280,281,273,-1,273,281,282,-1,273,282,272,-1,272,282,107,-1,272,107,283,-1,107,109,283,-1,283,109,284,-1,283,284,285,-1,286,287,288,-1,288,287,280,-1,280,287,289,-1,280,289,279,-1,279,289,290,-1,279,290,291,-1,292,293,104,-1,104,293,291,-1,104,291,105,-1,105,291,290,-1,105,290,286,-1,286,288,105,-1,105,288,294,-1,105,294,106,-1,295,296,288,-1,288,296,297,-1,288,297,294,-1,298,299,300,-1,300,299,301,-1,300,301,302,-1,302,301,295,-1,302,295,303,-1,303,295,288,-1,303,288,304,-1,304,288,280,-1,304,280,300,-1,300,280,298,-1,305,306,307,-1,307,308,305,-1,305,308,298,-1,305,298,309,-1,309,298,280,-1,309,280,310,-1,310,280,273,-1,310,273,306,-1,306,273,311,-1,306,311,307,-1,312,313,314,-1,314,315,312,-1,312,315,311,-1,312,311,316,-1,316,311,273,-1,316,273,317,-1,317,273,266,-1,317,266,313,-1,313,266,318,-1,313,318,314,-1,319,320,321,-1,321,322,319,-1,319,322,318,-1,319,318,323,-1,323,318,266,-1,323,266,324,-1,324,266,263,-1,324,263,320,-1,320,263,325,-1,320,325,321,-1,326,327,328,-1,328,327,329,-1,328,330,326,-1,326,330,325,-1,326,325,331,-1,331,325,263,-1,331,263,332,-1,332,263,250,-1,332,250,327,-1,333,334,250,-1,327,250,329,-1,329,250,334,-1,329,334,335,-1,336,337,335,-1,335,337,338,-1,335,338,329,-1,339,340,341,-1,341,340,342,-1,341,342,343,-1,343,342,344,-1,343,344,145,-1,145,344,147,-1,147,344,345,-1,147,345,340,-1,246,252,245,-1,245,252,248,-1,245,248,250,-1,250,248,147,-1,250,147,333,-1,333,147,340,-1,333,340,336,-1,336,340,339,-1,336,339,337,-1,346,347,348,-1,349,350,348,-1,351,352,353,-1,354,355,356,-1,357,358,359,-1,359,358,360,-1,359,360,361,-1,355,354,362,-1,363,364,354,-1,354,364,359,-1,354,359,362,-1,362,359,361,-1,365,366,367,-1,368,369,370,-1,370,369,365,-1,365,371,370,-1,370,371,372,-1,370,372,373,-1,372,374,375,-1,373,372,376,-1,376,372,375,-1,376,375,377,-1,378,379,380,-1,380,379,381,-1,380,381,382,-1,382,381,383,-1,382,383,384,-1,384,383,385,-1,384,385,378,-1,378,385,386,-1,378,386,379,-1,387,388,389,-1,389,390,387,-1,387,390,386,-1,387,386,391,-1,391,386,385,-1,391,385,392,-1,392,385,393,-1,392,393,388,-1,388,393,394,-1,388,394,389,-1,395,396,397,-1,397,398,395,-1,395,398,394,-1,395,394,399,-1,399,394,393,-1,399,393,400,-1,400,393,401,-1,400,401,396,-1,396,401,402,-1,396,402,397,-1,403,404,405,-1,405,406,403,-1,403,406,402,-1,403,402,407,-1,407,402,401,-1,407,401,408,-1,408,401,409,-1,408,409,404,-1,404,409,410,-1,404,410,405,-1,411,412,413,-1,413,414,411,-1,411,414,410,-1,411,410,415,-1,415,410,409,-1,415,409,416,-1,416,409,417,-1,416,417,412,-1,412,417,418,-1,412,418,413,-1,419,420,417,-1,417,420,421,-1,417,421,418,-1,418,421,422,-1,418,422,423,-1,423,422,424,-1,424,422,425,-1,424,425,426,-1,427,428,429,-1,425,420,426,-1,426,420,419,-1,426,419,430,-1,430,419,431,-1,430,431,432,-1,432,431,427,-1,432,427,433,-1,433,427,429,-1,434,435,436,-1,436,437,434,-1,434,437,433,-1,434,433,438,-1,438,433,429,-1,438,429,439,-1,439,429,440,-1,439,440,435,-1,435,440,441,-1,435,441,436,-1,442,443,444,-1,444,445,442,-1,442,445,441,-1,442,441,446,-1,446,441,440,-1,446,440,447,-1,447,440,448,-1,447,448,443,-1,443,448,449,-1,443,449,444,-1,450,451,452,-1,452,453,450,-1,450,453,449,-1,450,449,454,-1,454,449,448,-1,454,448,455,-1,455,448,456,-1,455,456,451,-1,451,456,457,-1,451,457,452,-1,458,459,460,-1,460,461,458,-1,458,461,457,-1,458,457,462,-1,462,457,456,-1,462,456,463,-1,463,456,464,-1,463,464,459,-1,459,464,465,-1,459,465,460,-1,466,467,468,-1,468,469,466,-1,466,469,465,-1,466,465,470,-1,470,465,464,-1,470,464,471,-1,471,464,472,-1,471,472,467,-1,467,472,473,-1,467,473,468,-1,474,475,476,-1,476,477,474,-1,474,477,473,-1,474,473,478,-1,478,473,472,-1,478,472,479,-1,479,472,480,-1,479,480,475,-1,475,480,481,-1,475,481,476,-1,482,483,484,-1,484,485,482,-1,482,485,481,-1,482,481,486,-1,486,481,480,-1,486,480,487,-1,487,480,488,-1,487,488,483,-1,483,488,489,-1,483,489,484,-1,490,491,492,-1,492,491,493,-1,494,495,496,-1,496,495,492,-1,496,492,497,-1,497,492,493,-1,497,493,498,-1,499,500,501,-1,501,500,496,-1,502,503,504,-1,504,503,501,-1,505,506,507,-1,507,506,504,-1,508,509,510,-1,510,509,507,-1,511,512,513,-1,513,512,510,-1,374,372,514,-1,514,372,383,-1,514,383,515,-1,515,383,381,-1,515,381,516,-1,517,371,518,-1,518,371,385,-1,518,385,519,-1,519,385,383,-1,519,383,520,-1,520,383,372,-1,520,372,517,-1,517,372,371,-1,367,354,365,-1,365,354,356,-1,365,356,371,-1,371,356,521,-1,371,521,385,-1,385,521,522,-1,385,522,393,-1,393,522,523,-1,393,523,356,-1,356,523,524,-1,356,524,521,-1,525,355,526,-1,526,355,401,-1,526,401,527,-1,527,401,393,-1,527,393,528,-1,528,393,356,-1,528,356,525,-1,525,356,355,-1,529,362,530,-1,530,362,409,-1,530,409,531,-1,531,409,401,-1,531,401,532,-1,532,401,355,-1,532,355,529,-1,529,355,362,-1,533,361,534,-1,534,361,417,-1,534,417,535,-1,535,417,409,-1,535,409,536,-1,536,409,362,-1,536,362,533,-1,533,362,361,-1,537,352,538,-1,538,352,429,-1,538,429,539,-1,540,541,360,-1,360,541,542,-1,360,542,361,-1,361,542,352,-1,361,352,543,-1,543,352,537,-1,428,419,429,-1,429,419,417,-1,429,417,539,-1,539,417,544,-1,539,544,543,-1,543,544,545,-1,543,545,361,-1,361,545,546,-1,361,546,417,-1,417,546,547,-1,417,547,544,-1,352,351,429,-1,429,351,548,-1,429,548,440,-1,440,548,549,-1,440,549,353,-1,353,549,550,-1,353,550,351,-1,551,552,553,-1,553,552,448,-1,553,448,554,-1,554,448,440,-1,554,440,555,-1,555,440,353,-1,555,353,551,-1,551,353,552,-1,556,557,558,-1,558,557,456,-1,558,456,559,-1,559,456,448,-1,559,448,560,-1,560,448,552,-1,560,552,556,-1,556,552,557,-1,561,350,562,-1,562,350,464,-1,562,464,563,-1,563,464,456,-1,563,456,564,-1,564,456,557,-1,564,557,561,-1,561,557,350,-1,350,349,464,-1,464,349,565,-1,464,565,472,-1,472,565,566,-1,472,566,348,-1,348,566,567,-1,348,567,349,-1,348,347,472,-1,472,347,568,-1,472,568,480,-1,480,568,569,-1,480,569,497,-1,569,346,497,-1,497,346,348,-1,497,348,496,-1,496,348,350,-1,496,350,501,-1,501,350,557,-1,501,557,504,-1,504,557,552,-1,504,552,507,-1,507,552,353,-1,507,353,510,-1,510,353,352,-1,510,352,513,-1,513,352,542,-1,513,542,570,-1,570,542,571,-1,572,498,573,-1,573,498,488,-1,573,488,574,-1,574,488,480,-1,574,480,575,-1,575,480,497,-1,575,497,572,-1,572,497,498,-1,576,577,578,-1,578,577,579,-1,580,581,582,-1,582,581,583,-1,584,585,586,-1,586,585,587,-1,588,589,590,-1,590,589,591,-1,592,593,594,-1,594,593,595,-1,596,597,598,-1,598,597,599,-1,600,92,601,-1,601,92,94,-1,601,94,101,-1,602,603,604,-1,604,603,605,-1,606,607,608,-1,608,607,609,-1,610,611,612,-1,612,611,613,-1,614,615,616,-1,616,615,617,-1,618,619,620,-1,620,619,621,-1,258,257,576,-1,576,257,577,-1,260,259,580,-1,580,259,581,-1,235,234,584,-1,584,234,585,-1,590,591,240,-1,240,591,241,-1,278,277,592,-1,592,277,593,-1,285,284,596,-1,596,284,597,-1,604,605,270,-1,270,605,271,-1,223,222,606,-1,606,222,607,-1,612,613,228,-1,228,613,229,-1,211,210,614,-1,614,210,615,-1,620,621,216,-1,216,621,217,-1,578,579,432,-1,432,579,430,-1,582,583,424,-1,424,583,423,-1,586,587,444,-1,444,587,445,-1,437,436,588,-1,588,436,589,-1,594,595,397,-1,397,595,398,-1,598,599,389,-1,389,599,390,-1,600,601,413,-1,413,601,414,-1,406,405,602,-1,602,405,603,-1,608,609,460,-1,460,609,461,-1,453,452,610,-1,610,452,611,-1,616,617,476,-1,476,617,477,-1,469,468,618,-1,618,468,619,-1,622,623,624,-1,624,623,625,-1,626,627,628,-1,628,627,629,-1,630,631,632,-1,632,631,633,-1,634,635,636,-1,636,635,637,-1,638,639,640,-1,640,639,641,-1,642,643,644,-1,644,643,645,-1,646,647,648,-1,648,647,649,-1,650,651,652,-1,652,651,653,-1,654,655,656,-1,656,655,657,-1,658,659,660,-1,660,659,661,-1,662,663,664,-1,664,663,665,-1,666,667,668,-1,668,667,669,-1,625,341,624,-1,624,341,343,-1,629,338,628,-1,628,338,337,-1,633,154,632,-1,632,154,153,-1,143,635,144,-1,144,635,634,-1,641,315,640,-1,640,315,314,-1,645,308,644,-1,644,308,307,-1,649,330,648,-1,648,330,328,-1,321,651,322,-1,322,651,650,-1,657,170,656,-1,656,170,169,-1,161,659,162,-1,162,659,658,-1,665,186,664,-1,664,186,185,-1,177,667,178,-1,178,667,666,-1,570,571,622,-1,622,571,623,-1,541,540,626,-1,626,540,627,-1,509,508,630,-1,630,508,631,-1,636,637,511,-1,511,637,512,-1,367,366,638,-1,638,366,639,-1,369,368,642,-1,642,368,643,-1,358,357,646,-1,646,357,647,-1,652,653,363,-1,363,653,364,-1,503,502,654,-1,654,502,655,-1,660,661,505,-1,505,661,506,-1,495,494,662,-1,662,494,663,-1,668,669,499,-1,499,669,500,-1,670,671,672,-1,672,671,673,-1,674,675,676,-1,676,675,677,-1,677,301,676,-1,676,301,299,-1,205,204,670,-1,670,204,671,-1,672,673,484,-1,484,673,485,-1,373,377,674,-1,674,377,675,-1,678,679,680,-1,680,679,681,-1,202,489,197,-1,197,489,488,-1,197,488,198,-1,198,488,498,-1,198,498,493,-1,682,683,684,-1,684,683,685,-1,294,296,515,-1,515,296,375,-1,685,194,684,-1,684,194,193,-1,680,681,292,-1,292,681,293,-1,516,379,678,-1,678,379,679,-1,491,490,682,-1,682,490,683,-1,677,675,377,-1,375,296,377,-1,377,296,301,-1,377,301,677,-1,674,676,373,-1,373,676,299,-1,373,299,370,-1,370,299,298,-1,293,681,379,-1,379,681,679,-1,293,379,291,-1,291,379,386,-1,291,386,279,-1,678,680,516,-1,516,680,292,-1,516,292,515,-1,515,292,294,-1,
        ]
    }
}
Shape{
    appearance Appearance {
        material  Material 	{
            diffuseColor 0.7529411764705882 0.7529411764705882 0.7529411764705882
            specularColor 0.3764705882352941 0.3764705882352941 0.3764705882352941
            ambientIntensity 0.7529
            transparency 0.0
            shininess 0.5
        }
    }
    geometry IndexedFaceSet {
        ccw TRUE
        solid FALSE
        coord DEF co Coordinate {
            point [
                -6.626 -0.4488 0.6102, -6.374 -0.4488 0.6102, -6.374 -0.4187 0.6042, -6.626 -0.4187 0.6042, -6.374 -0.3931 0.5872, -6.626 -0.3931 0.5872, -6.374 -0.3761 0.5616, -6.626 -0.3761 0.5616, -6.374 -0.3701 0.5315, -6.626 -0.3701 0.5315, -6.626 -0.3701 -1.1024, -6.374 -0.3701 -1.1024, -6.626 -0.4488 -1.1811, -6.374 -0.4488 -1.1811, -6.626 -0.5433 -1.1811, -6.374 -0.5433 -1.1811, -6.626 -0.622 -1.1024, -6.374 -0.622 -1.1024, -6.626 -0.622 0.2795, -6.374 -0.622 0.2795, -6.626 -0.628 0.3097, -6.374 -0.628 0.3097, -6.626 -0.6451 0.3352, -6.374 -0.6451 0.3352, -6.626 -0.6707 0.3523, -6.374 -0.6707 0.3523, -6.626 -0.7008 0.3583, -6.374 -0.7008 0.3583, -6.374 -1.3386 0.6102, -6.374 -1.3386 0.3583, -6.626 -1.3386 0.3583, -6.626 -1.3386 0.6102, -6.374 -2.0866 0.3583, -6.374 -4.3701 0.3583, -6.626 -2.0866 0.3583, -6.626 -4.3701 0.3583, -6.626 -2.0866 0.6102, -6.626 -4.3701 0.6102, -6.374 -2.0866 0.6102, -6.374 -4.3701 0.6102, -6.626 -4.4488 0.437, -6.626 -4.4488 0.5315, -6.374 -4.4488 0.5315, -6.374 -4.4488 0.437, -6.626 0.5512 1.6102, -6.374 0.5512 1.6102, -6.374 0.5813 1.6042, -6.626 0.5813 1.6042, -6.374 0.6069 1.5872, -6.626 0.6069 1.5872, -6.374 0.6239 1.5616, -6.626 0.6239 1.5616, -6.374 0.6299 1.5315, -6.626 0.6299 1.5315, -6.626 0.6299 -1.1024, -6.374 0.6299 -1.1024, -6.626 0.5512 -1.1811, -6.374 0.5512 -1.1811, -6.626 0.4567 -1.1811, -6.374 0.4567 -1.1811, -6.626 0.378 -1.1024, -6.374 0.378 -1.1024, -6.626 0.378 1.2795, -6.374 0.378 1.2795, -6.626 0.372 1.3097, -6.374 0.372 1.3097, -6.626 0.3549 1.3352, -6.374 0.3549 1.3352, -6.626 0.3293 1.3523, -6.374 0.3293 1.3523, -6.626 0.2992 1.3583, -6.374 0.2992 1.3583, -6.374 -1.3386 1.6102, -6.374 -1.3386 1.3583, -6.626 -1.3386 1.3583, -6.626 -1.3386 1.6102, -6.374 -2.0866 1.3583, -6.374 -4.3701 1.3583, -6.626 -2.0866 1.3583, -6.626 -4.3701 1.3583, -6.626 -2.0866 1.6102, -6.626 -4.3701 1.6102, -6.374 -2.0866 1.6102, -6.374 -4.3701 1.6102, -6.626 -4.4488 1.5315, -6.626 -4.4488 1.437, -6.374 -4.4488 1.5315, -6.374 -4.4488 1.437
            ]
        }
        coordIndex [
            0,1,2,-1,0,2,3,-1,3,2,4,-1,3,4,5,-1,5,4,6,-1,5,6,7,-1,7,6,8,-1,7,8,9,-1,10,9,11,-1,11,9,8,-1,12,10,13,-1,13,10,11,-1,14,12,15,-1,15,12,13,-1,16,14,17,-1,17,14,15,-1,18,16,19,-1,19,16,17,-1,18,19,20,-1,20,19,21,-1,20,21,22,-1,22,21,23,-1,22,23,24,-1,24,23,25,-1,24,25,26,-1,26,25,27,-1,1,28,29,-1,29,27,1,-1,1,27,25,-1,1,25,2,-1,2,25,23,-1,15,13,17,-1,17,13,11,-1,17,11,19,-1,19,11,8,-1,19,8,21,-1,21,8,6,-1,21,6,23,-1,23,6,4,-1,23,4,2,-1,22,7,20,-1,20,7,9,-1,20,9,18,-1,30,31,26,-1,26,31,0,-1,26,0,24,-1,24,0,3,-1,24,3,22,-1,22,3,5,-1,22,5,7,-1,14,16,12,-1,12,16,18,-1,12,18,10,-1,10,18,9,-1,28,1,31,-1,31,1,0,-1,30,26,29,-1,29,26,27,-1,32,33,34,-1,34,33,35,-1,36,37,38,-1,38,37,39,-1,40,41,35,-1,35,41,37,-1,35,37,34,-1,34,37,36,-1,42,43,39,-1,39,43,33,-1,39,33,38,-1,38,33,32,-1,40,35,43,-1,43,35,33,-1,41,40,42,-1,42,40,43,-1,37,41,39,-1,39,41,42,-1,44,45,46,-1,44,46,47,-1,47,46,48,-1,47,48,49,-1,49,48,50,-1,49,50,51,-1,51,50,52,-1,51,52,53,-1,54,53,55,-1,55,53,52,-1,56,54,57,-1,57,54,55,-1,58,56,59,-1,59,56,57,-1,60,58,61,-1,61,58,59,-1,62,60,63,-1,63,60,61,-1,62,63,64,-1,64,63,65,-1,64,65,66,-1,66,65,67,-1,66,67,68,-1,68,67,69,-1,68,69,70,-1,70,69,71,-1,45,72,73,-1,59,57,61,-1,61,57,55,-1,61,55,63,-1,63,55,52,-1,63,52,65,-1,65,52,50,-1,65,50,67,-1,73,71,45,-1,45,71,69,-1,45,69,46,-1,46,69,67,-1,46,67,48,-1,48,67,50,-1,56,58,54,-1,54,58,60,-1,54,60,53,-1,74,75,70,-1,70,75,44,-1,70,44,68,-1,68,44,47,-1,68,47,66,-1,60,62,53,-1,53,62,64,-1,53,64,51,-1,51,64,66,-1,51,66,49,-1,49,66,47,-1,72,45,75,-1,75,45,44,-1,74,70,73,-1,73,70,71,-1,76,77,78,-1,78,77,79,-1,80,81,82,-1,82,81,83,-1,80,78,81,-1,81,78,79,-1,81,79,84,-1,84,79,85,-1,86,87,83,-1,83,87,77,-1,83,77,82,-1,82,77,76,-1,85,79,87,-1,87,79,77,-1,84,85,86,-1,86,85,87,-1,81,84,83,-1,83,84,86,-1,
        ]
    }
}
Shape{
    appearance Appearance {
        material  Material 	{
            diffuseColor 0.14901960784313725 0.14901960784313725 0.14901960784313725
            specularColor 0.07450980392156863 0.07450980392156863 0.07450980392156863
            ambientIntensity 0.149
            transparency 0.0
            shininess 0.5
        }
    }
    geometry IndexedFaceSet {
        ccw TRUE
        solid FALSE
        coord DEF co Coordinate {
            point [
                -5.9344 -1.3386 0.1575, -5.9344 -1.1024 0.1575, -5.8031 -1.1024 0.0, -6.0 -2.0866 0.2362, -6.0 -1.3386 0.2362, -5.9524 -2.0866 0.1791, -5.8031 -2.0866 0.0, -5.8031 -1.1024 1.9685, -5.9344 -1.1024 1.811, -5.9344 -1.3386 1.811, -6.0 -1.3386 1.7323, -6.0 -2.0866 1.7323, -5.8031 -2.0866 1.9685, 4.9344 -1.1024 1.811, 4.8031 -1.1024 1.9685, 4.9344 -1.3386 1.811, 4.8031 -2.0866 1.9685, 5.0 -1.3386 1.7323, 5.0 -2.0866 1.7323, 5.1969 -1.1024 1.9685, 5.0656 -1.1024 1.811, 5.0656 -1.3386 1.811, 5.1969 -2.0866 1.9685, 5.9344 -1.1024 1.811, 5.8031 -1.1024 1.9685, 5.9344 -1.3386 1.811, 5.8031 -2.0866 1.9685, 6.0 -1.3386 1.7323, 6.0 -2.0866 1.7323, 6.1969 -1.1024 1.9685, 6.0656 -1.1024 1.811, 6.0656 -1.3386 1.811, 6.1969 -2.0866 1.9685, 2.9344 -1.1024 1.811, 2.8031 -1.1024 1.9685, 2.9344 -1.3386 1.811, 2.8031 -2.0866 1.9685, 3.0 -1.3386 1.7323, 3.0 -2.0866 1.7323, 3.1969 -1.1024 1.9685, 3.0656 -1.1024 1.811, 3.0656 -1.3386 1.811, 3.1969 -2.0866 1.9685, 3.9344 -1.1024 1.811, 3.8031 -1.1024 1.9685, 3.9344 -1.3386 1.811, 3.8031 -2.0866 1.9685, 4.0 -1.3386 1.7323, 4.0 -2.0866 1.7323, 4.1969 -1.1024 1.9685, 4.0656 -1.1024 1.811, 4.0656 -1.3386 1.811, 4.1969 -2.0866 1.9685, 6.9344 -1.1024 1.811, 6.8031 -1.1024 1.9685, 6.9344 -1.3386 1.811, 6.8031 -2.0866 1.9685, 7.0 -1.3386 1.7323, 7.0 -2.0866 1.7323, -3.0656 -1.1024 1.811, -3.1969 -1.1024 1.9685, -3.0656 -1.3386 1.811, -3.1969 -2.0866 1.9685, -3.0 -1.3386 1.7323, -3.0 -2.0866 1.7323, -2.8031 -1.1024 1.9685, -2.9344 -1.1024 1.811, -2.9344 -1.3386 1.811, -2.8031 -2.0866 1.9685, -2.0656 -1.1024 1.811, -2.1969 -1.1024 1.9685, -2.0656 -1.3386 1.811, -2.1969 -2.0866 1.9685, -2.0 -1.3386 1.7323, -2.0 -2.0866 1.7323, -1.8031 -1.1024 1.9685, -1.9344 -1.1024 1.811, -1.9344 -1.3386 1.811, -1.8031 -2.0866 1.9685, -5.0656 -1.1024 1.811, -5.1969 -1.1024 1.9685, -5.0656 -1.3386 1.811, -5.1969 -2.0866 1.9685, -5.0 -1.3386 1.7323, -5.0 -2.0866 1.7323, -4.8031 -1.1024 1.9685, -4.9344 -1.1024 1.811, -4.9344 -1.3386 1.811, -4.8031 -2.0866 1.9685, -4.0656 -1.1024 1.811, -4.1969 -1.1024 1.9685, -4.0656 -1.3386 1.811, -4.1969 -2.0866 1.9685, -4.0 -1.3386 1.7323, -4.0 -2.0866 1.7323, -3.8031 -1.1024 1.9685, -3.9344 -1.1024 1.811, -3.9344 -1.3386 1.811, -3.8031 -2.0866 1.9685, 0.9344 -1.1024 1.811, 0.8031 -1.1024 1.9685, 0.9344 -1.3386 1.811, 0.8031 -2.0866 1.9685, 1.0 -1.3386 1.7323, 1.0 -2.0866 1.7323, 1.1969 -1.1024 1.9685, 1.0656 -1.1024 1.811, 1.0656 -1.3386 1.811, 1.1969 -2.0866 1.9685, 1.9344 -1.1024 1.811, 1.8031 -1.1024 1.9685, 1.9344 -1.3386 1.811, 1.8031 -2.0866 1.9685, 2.0 -1.3386 1.7323, 2.0 -2.0866 1.7323, 2.1969 -1.1024 1.9685, 2.0656 -1.1024 1.811, 2.0656 -1.3386 1.811, 2.1969 -2.0866 1.9685, -1.0656 -1.1024 1.811, -1.1969 -1.1024 1.9685, -1.0656 -1.3386 1.811, -1.1969 -2.0866 1.9685, -1.0 -1.3386 1.7323, -1.0 -2.0866 1.7323, -0.8031 -1.1024 1.9685, -0.9344 -1.1024 1.811, -0.9344 -1.3386 1.811, -0.8031 -2.0866 1.9685, -0.0656 -1.1024 1.811, -0.1969 -1.1024 1.9685, -0.0656 -1.3386 1.811, -0.1969 -2.0866 1.9685, 0.0 -1.3386 1.7323, 0.0 -2.0866 1.7323, 0.1969 -1.1024 1.9685, 0.0656 -1.1024 1.811, 0.0656 -1.3386 1.811, 0.1969 -2.0866 1.9685, 6.8031 -2.0866 0.0, 6.8031 -1.1024 0.0, 6.9344 -1.3386 0.1575, 6.9344 -1.1024 0.1575, 6.9524 -2.0866 0.1791, 7.0 -1.3386 0.2362, 7.0 -2.0866 0.2362, 4.8031 -2.0866 0.0, 4.8031 -1.1024 0.0, 4.9344 -1.3386 0.1575, 4.9344 -1.1024 0.1575, 4.9524 -2.0866 0.1791, 5.0 -1.3386 0.2362, 5.0 -2.0866 0.2362, 5.0656 -1.3386 0.1575, 5.0656 -1.1024 0.1575, 5.1969 -1.1024 0.0, 5.0476 -2.0866 0.1791, 5.1969 -2.0866 0.0, 5.8031 -2.0866 0.0, 5.8031 -1.1024 0.0, 5.9344 -1.3386 0.1575, 5.9344 -1.1024 0.1575, 5.9524 -2.0866 0.1791, 6.0 -1.3386 0.2362, 6.0 -2.0866 0.2362, 6.0656 -1.3386 0.1575, 6.0656 -1.1024 0.1575, 6.1969 -1.1024 0.0, 6.0476 -2.0866 0.1791, 6.1969 -2.0866 0.0, 2.8031 -2.0866 0.0, 2.8031 -1.1024 0.0, 2.9344 -1.3386 0.1575, 2.9344 -1.1024 0.1575, 2.9524 -2.0866 0.1791, 3.0 -1.3386 0.2362, 3.0 -2.0866 0.2362, 3.0656 -1.3386 0.1575, 3.0656 -1.1024 0.1575, 3.1969 -1.1024 0.0, 3.0476 -2.0866 0.1791, 3.1969 -2.0866 0.0, 3.8031 -2.0866 0.0, 3.8031 -1.1024 0.0, 3.9344 -1.3386 0.1575, 3.9344 -1.1024 0.1575, 3.9524 -2.0866 0.1791, 4.0 -1.3386 0.2362, 4.0 -2.0866 0.2362, 4.0656 -1.3386 0.1575, 4.0656 -1.1024 0.1575, 4.1969 -1.1024 0.0, 4.0476 -2.0866 0.1791, 4.1969 -2.0866 0.0, -3.1969 -2.0866 0.0, -3.1969 -1.1024 0.0, -3.0656 -1.3386 0.1575, -3.0656 -1.1024 0.1575, -3.0476 -2.0866 0.1791, -3.0 -1.3386 0.2362, -3.0 -2.0866 0.2362, -2.9344 -1.1024 0.1575, -2.8031 -1.1024 0.0, -2.9344 -1.3386 0.1575, -2.8031 -1.804 0.0, -2.9524 -2.0866 0.1791, -2.8031 -2.0866 0.0, -2.1969 -1.1024 0.0, -2.0656 -1.1024 0.1575, -2.1969 -1.804 0.0, -2.0656 -1.3386 0.1575, -2.1969 -2.0866 0.0, -2.0476 -2.0866 0.1791, -2.0 -2.0866 0.2362, -2.0 -1.3386 0.2362, -1.9344 -1.3386 0.1575, -1.9344 -1.1024 0.1575, -1.8031 -1.1024 0.0, -1.9524 -2.0866 0.1791, -1.8031 -2.0866 0.0, -5.1969 -2.0866 0.0, -5.1969 -1.1024 0.0, -5.0656 -1.3386 0.1575, -5.0656 -1.1024 0.1575, -5.0476 -2.0866 0.1791, -5.0 -1.3386 0.2362, -5.0 -2.0866 0.2362, -4.9344 -1.3386 0.1575, -4.9344 -1.1024 0.1575, -4.8031 -1.1024 0.0, -4.9524 -2.0866 0.1791, -4.8031 -2.0866 0.0, -4.1969 -2.0866 0.0, -4.1969 -1.1024 0.0, -4.0656 -1.3386 0.1575, -4.0656 -1.1024 0.1575, -4.0476 -2.0866 0.1791, -4.0 -1.3386 0.2362, -4.0 -2.0866 0.2362, -3.9344 -1.3386 0.1575, -3.9344 -1.1024 0.1575, -3.8031 -1.1024 0.0, -3.9524 -2.0866 0.1791, -3.8031 -2.0866 0.0, 0.8031 -2.0866 0.0, 0.8031 -1.1024 0.0, 0.9344 -1.3386 0.1575, 0.9344 -1.1024 0.1575, 0.9524 -2.0866 0.1791, 1.0 -1.3386 0.2362, 1.0 -2.0866 0.2362, 1.0656 -1.3386 0.1575, 1.0656 -1.1024 0.1575, 1.1969 -1.1024 0.0, 1.0476 -2.0866 0.1791, 1.1969 -2.0866 0.0, 1.8031 -2.0866 0.0, 1.8031 -1.1024 0.0, 1.9344 -1.3386 0.1575, 1.9344 -1.1024 0.1575, 1.9524 -2.0866 0.1791, 2.0 -1.3386 0.2362, 2.0 -2.0866 0.2362, 2.0656 -1.3386 0.1575, 2.0656 -1.1024 0.1575, 2.1969 -1.1024 0.0, 2.0476 -2.0866 0.1791, 2.1969 -2.0866 0.0, -1.1969 -2.0866 0.0, -1.1969 -1.1024 0.0, -1.0656 -1.3386 0.1575, -1.0656 -1.1024 0.1575, -1.0476 -2.0866 0.1791, -1.0 -1.3386 0.2362, -1.0 -2.0866 0.2362, -0.9344 -1.3386 0.1575, -0.9344 -1.1024 0.1575, -0.8031 -1.1024 0.0, -0.9524 -2.0866 0.1791, -0.8031 -2.0866 0.0, -0.1969 -2.0866 0.0, -0.1969 -1.1024 0.0, -0.0656 -1.3386 0.1575, -0.0656 -1.1024 0.1575, -0.0476 -2.0866 0.1791, 0.0 -1.3386 0.2362, 0.0 -2.0866 0.2362, 0.0656 -1.3386 0.1575, 0.0656 -1.1024 0.1575, 0.1969 -1.1024 0.0, 0.0476 -2.0866 0.1791, 0.1969 -2.0866 0.0
            ]
        }
        coordIndex [
            0,1,2,-1,3,4,5,-1,5,4,0,-1,5,0,6,-1,6,0,2,-1,7,8,9,-1,10,11,9,-1,9,11,12,-1,9,12,7,-1,13,14,15,-1,15,14,16,-1,15,16,17,-1,17,16,18,-1,19,20,21,-1,17,18,21,-1,21,18,22,-1,21,22,19,-1,23,24,25,-1,25,24,26,-1,25,26,27,-1,27,26,28,-1,29,30,31,-1,27,28,31,-1,31,28,32,-1,31,32,29,-1,33,34,35,-1,35,34,36,-1,35,36,37,-1,37,36,38,-1,39,40,41,-1,37,38,41,-1,41,38,42,-1,41,42,39,-1,43,44,45,-1,45,44,46,-1,45,46,47,-1,47,46,48,-1,49,50,51,-1,47,48,51,-1,51,48,52,-1,51,52,49,-1,53,54,55,-1,55,54,56,-1,55,56,57,-1,57,56,58,-1,59,60,61,-1,61,60,62,-1,61,62,63,-1,63,62,64,-1,65,66,67,-1,63,64,67,-1,67,64,68,-1,67,68,65,-1,69,70,71,-1,71,70,72,-1,71,72,73,-1,73,72,74,-1,75,76,77,-1,73,74,77,-1,77,74,78,-1,77,78,75,-1,79,80,81,-1,81,80,82,-1,81,82,83,-1,83,82,84,-1,85,86,87,-1,83,84,87,-1,87,84,88,-1,87,88,85,-1,89,90,91,-1,91,90,92,-1,91,92,93,-1,93,92,94,-1,95,96,97,-1,93,94,97,-1,97,94,98,-1,97,98,95,-1,99,100,101,-1,101,100,102,-1,101,102,103,-1,103,102,104,-1,105,106,107,-1,103,104,107,-1,107,104,108,-1,107,108,105,-1,109,110,111,-1,111,110,112,-1,111,112,113,-1,113,112,114,-1,115,116,117,-1,113,114,117,-1,117,114,118,-1,117,118,115,-1,119,120,121,-1,121,120,122,-1,121,122,123,-1,123,122,124,-1,125,126,127,-1,123,124,127,-1,127,124,128,-1,127,128,125,-1,129,130,131,-1,131,130,132,-1,131,132,133,-1,133,132,134,-1,135,136,137,-1,133,134,137,-1,137,134,138,-1,137,138,135,-1,139,140,141,-1,141,140,142,-1,139,141,143,-1,143,141,144,-1,143,144,145,-1,146,147,148,-1,148,147,149,-1,146,148,150,-1,150,148,151,-1,150,151,152,-1,153,154,155,-1,152,151,156,-1,156,151,153,-1,156,153,157,-1,157,153,155,-1,158,159,160,-1,160,159,161,-1,158,160,162,-1,162,160,163,-1,162,163,164,-1,165,166,167,-1,164,163,168,-1,168,163,165,-1,168,165,169,-1,169,165,167,-1,170,171,172,-1,172,171,173,-1,170,172,174,-1,174,172,175,-1,174,175,176,-1,177,178,179,-1,176,175,180,-1,180,175,177,-1,180,177,181,-1,181,177,179,-1,182,183,184,-1,184,183,185,-1,182,184,186,-1,186,184,187,-1,186,187,188,-1,189,190,191,-1,188,187,192,-1,192,187,189,-1,192,189,193,-1,193,189,191,-1,194,195,196,-1,196,195,197,-1,194,196,198,-1,198,196,199,-1,198,199,200,-1,201,202,203,-1,203,202,204,-1,200,199,205,-1,205,199,203,-1,205,203,206,-1,206,203,204,-1,207,208,209,-1,209,208,210,-1,211,209,212,-1,212,209,210,-1,212,210,213,-1,213,210,214,-1,215,216,217,-1,213,214,218,-1,218,214,215,-1,218,215,219,-1,219,215,217,-1,220,221,222,-1,222,221,223,-1,220,222,224,-1,224,222,225,-1,224,225,226,-1,227,228,229,-1,226,225,230,-1,230,225,227,-1,230,227,231,-1,231,227,229,-1,232,233,234,-1,234,233,235,-1,232,234,236,-1,236,234,237,-1,236,237,238,-1,239,240,241,-1,238,237,242,-1,242,237,239,-1,242,239,243,-1,243,239,241,-1,244,245,246,-1,246,245,247,-1,244,246,248,-1,248,246,249,-1,248,249,250,-1,251,252,253,-1,250,249,254,-1,254,249,251,-1,254,251,255,-1,255,251,253,-1,256,257,258,-1,258,257,259,-1,256,258,260,-1,260,258,261,-1,260,261,262,-1,263,264,265,-1,262,261,266,-1,266,261,263,-1,266,263,267,-1,267,263,265,-1,268,269,270,-1,270,269,271,-1,268,270,272,-1,272,270,273,-1,272,273,274,-1,275,276,277,-1,274,273,278,-1,278,273,275,-1,278,275,279,-1,279,275,277,-1,280,281,282,-1,282,281,283,-1,280,282,284,-1,284,282,285,-1,284,285,286,-1,287,288,289,-1,286,285,290,-1,290,285,287,-1,290,287,291,-1,291,287,289,-1,
        ]
    }
}
Shape{
    appearance Appearance {
        material  Material 	{
            diffuseColor 0.7529411764705882 0.7529411764705882 0.7529411764705882
            specularColor 0.3764705882352941 0.3764705882352941 0.3764705882352941
            ambientIntensity 0.7529
            transparency 0.0
            shininess 0.5
        }
    }
    geometry IndexedFaceSet {
        ccw TRUE
        solid FALSE
        coord DEF co Coordinate {
            point [
                -5.626 -0.4488 0.6102, -5.374 -0.4488 0.6102, -5.374 -0.4313 0.6083, -5.626 -0.4313 0.6083, -5.374 -0.4147 0.6024, -5.626 -0.4147 0.6024, -5.374 -0.3997 0.5931, -5.626 -0.3997 0.5931, -5.374 -0.3873 0.5806, -5.626 -0.3873 0.5806, -5.374 -0.3779 0.5657, -5.626 -0.3779 0.5657, -5.374 -0.3721 0.549, -5.626 -0.3721 0.549, -5.374 -0.3701 0.5315, -5.626 -0.3701 0.5315, -5.626 -0.3701 -1.1024, -5.374 -0.3701 -1.1024, -5.626 -0.4488 -1.1811, -5.374 -0.4488 -1.1811, -5.626 -0.5433 -1.1811, -5.374 -0.5433 -1.1811, -5.626 -0.622 -1.1024, -5.374 -0.622 -1.1024, -5.626 -0.622 0.2795, -5.374 -0.622 0.2795, -5.626 -0.624 0.2971, -5.374 -0.624 0.2971, -5.626 -0.6298 0.3137, -5.374 -0.6298 0.3137, -5.626 -0.6392 0.3286, -5.374 -0.6392 0.3286, -5.626 -0.6517 0.3411, -5.374 -0.6517 0.3411, -5.626 -0.6666 0.3505, -5.374 -0.6666 0.3505, -5.626 -0.6833 0.3563, -5.374 -0.6833 0.3563, -5.626 -0.7008 0.3583, -5.374 -0.7008 0.3583, -5.374 -1.3386 0.6102, -5.374 -1.3386 0.3583, -5.626 -1.3386 0.3583, -5.626 -1.3386 0.6102, -5.374 -2.0866 0.3583, -5.374 -4.3701 0.3583, -5.626 -2.0866 0.3583, -5.626 -4.3701 0.3583, -5.626 -2.0866 0.6102, -5.626 -4.3701 0.6102, -5.374 -2.0866 0.6102, -5.374 -4.3701 0.6102, -5.626 -4.4488 0.437, -5.626 -4.4488 0.5315, -5.374 -4.4488 0.5315, -5.374 -4.4488 0.437, -5.626 0.5512 1.6102, -5.374 0.5512 1.6102, -5.374 0.5687 1.6083, -5.626 0.5687 1.6083, -5.374 0.5853 1.6024, -5.626 0.5853 1.6024, -5.374 0.6003 1.5931, -5.626 0.6003 1.5931, -5.374 0.6127 1.5806, -5.626 0.6127 1.5806, -5.374 0.6221 1.5657, -5.626 0.6221 1.5657, -5.374 0.6279 1.549, -5.626 0.6279 1.549, -5.374 0.6299 1.5315, -5.626 0.6299 1.5315, -5.626 0.6299 -1.1024, -5.374 0.6299 -1.1024, -5.626 0.5512 -1.1811, -5.374 0.5512 -1.1811, -5.626 0.4567 -1.1811, -5.374 0.4567 -1.1811, -5.626 0.378 -1.1024, -5.374 0.378 -1.1024, -5.626 0.378 1.2795, -5.374 0.378 1.2795, -5.626 0.376 1.2971, -5.374 0.376 1.2971, -5.626 0.3702 1.3137, -5.374 0.3702 1.3137, -5.626 0.3608 1.3286, -5.374 0.3608 1.3286, -5.626 0.3483 1.3411, -5.374 0.3483 1.3411, -5.626 0.3334 1.3505, -5.374 0.3334 1.3505, -5.626 0.3167 1.3563, -5.374 0.3167 1.3563, -5.626 0.2992 1.3583, -5.374 0.2992 1.3583, -5.374 -1.3386 1.6102, -5.374 -1.3386 1.3583, -5.626 -1.3386 1.3583, -5.626 -1.3386 1.6102, -5.374 -2.0866 1.3583, -5.374 -4.3701 1.3583, -5.626 -2.0866 1.3583, -5.626 -4.3701 1.3583, -5.626 -2.0866 1.6102, -5.626 -4.3701 1.6102, -5.374 -2.0866 1.6102, -5.374 -4.3701 1.6102, -5.626 -4.4488 1.437, -5.626 -4.4488 1.5315, -5.374 -4.4488 1.5315, -5.374 -4.4488 1.437, -4.626 -0.4488 0.6102, -4.374 -0.4488 0.6102, -4.374 -0.4313 0.6083, -4.626 -0.4313 0.6083, -4.374 -0.4147 0.6024, -4.626 -0.4147 0.6024, -4.374 -0.3997 0.5931, -4.626 -0.3997 0.5931, -4.374 -0.3873 0.5806, -4.626 -0.3873 0.5806, -4.374 -0.3779 0.5657, -4.626 -0.3779 0.5657, -4.374 -0.3721 0.549, -4.626 -0.3721 0.549, -4.374 -0.3701 0.5315, -4.626 -0.3701 0.5315, -4.626 -0.3701 -1.1024, -4.374 -0.3701 -1.1024, -4.626 -0.4488 -1.1811, -4.374 -0.4488 -1.1811, -4.626 -0.5433 -1.1811, -4.374 -0.5433 -1.1811, -4.626 -0.622 -1.1024, -4.374 -0.622 -1.1024, -4.626 -0.622 0.2795, -4.374 -0.622 0.2795, -4.626 -0.624 0.2971, -4.374 -0.624 0.2971, -4.626 -0.6298 0.3137, -4.374 -0.6298 0.3137, -4.626 -0.6392 0.3286, -4.374 -0.6392 0.3286, -4.626 -0.6517 0.3411, -4.374 -0.6517 0.3411, -4.626 -0.6666 0.3505, -4.374 -0.6666 0.3505, -4.626 -0.6833 0.3563, -4.374 -0.6833 0.3563, -4.626 -0.7008 0.3583, -4.374 -0.7008 0.3583, -4.374 -1.3386 0.6102, -4.374 -1.3386 0.3583, -4.626 -1.3386 0.3583, -4.626 -1.3386 0.6102, -4.374 -2.0866 0.3583, -4.374 -4.3701 0.3583, -4.626 -2.0866 0.3583, -4.626 -4.3701 0.3583, -4.626 -2.0866 0.6102, -4.626 -4.3701 0.6102, -4.374 -2.0866 0.6102, -4.374 -4.3701 0.6102, -4.626 -4.4488 0.437, -4.626 -4.4488 0.5315, -4.374 -4.4488 0.5315, -4.374 -4.4488 0.437, -4.626 0.5512 1.6102, -4.374 0.5512 1.6102, -4.374 0.5687 1.6083, -4.626 0.5687 1.6083, -4.374 0.5853 1.6024, -4.626 0.5853 1.6024, -4.374 0.6003 1.5931, -4.626 0.6003 1.5931, -4.374 0.6127 1.5806, -4.626 0.6127 1.5806, -4.374 0.6221 1.5657, -4.626 0.6221 1.5657, -4.374 0.6279 1.549, -4.626 0.6279 1.549, -4.374 0.6299 1.5315, -4.626 0.6299 1.5315, -4.626 0.6299 -1.1024, -4.374 0.6299 -1.1024, -4.626 0.5512 -1.1811, -4.374 0.5512 -1.1811, -4.626 0.4567 -1.1811, -4.374 0.4567 -1.1811, -4.626 0.378 -1.1024, -4.374 0.378 -1.1024, -4.626 0.378 1.2795, -4.374 0.378 1.2795, -4.626 0.376 1.2971, -4.374 0.376 1.2971, -4.626 0.3702 1.3137, -4.374 0.3702 1.3137, -4.626 0.3608 1.3286, -4.374 0.3608 1.3286, -4.626 0.3483 1.3411, -4.374 0.3483 1.3411, -4.626 0.3334 1.3505, -4.374 0.3334 1.3505, -4.626 0.3167 1.3563, -4.374 0.3167 1.3563, -4.626 0.2992 1.3583, -4.374 0.2992 1.3583, -4.374 -1.3386 1.6102, -4.374 -1.3386 1.3583, -4.626 -1.3386 1.3583, -4.626 -1.3386 1.6102, -4.374 -2.0866 1.3583, -4.374 -4.3701 1.3583, -4.626 -2.0866 1.3583, -4.626 -4.3701 1.3583, -4.626 -2.0866 1.6102, -4.626 -4.3701 1.6102, -4.374 -2.0866 1.6102, -4.374 -4.3701 1.6102, -4.626 -4.4488 1.437, -4.626 -4.4488 1.5315, -4.374 -4.4488 1.5315, -4.374 -4.4488 1.437, -3.626 -0.4488 0.6102, -3.374 -0.4488 0.6102, -3.374 -0.4313 0.6083, -3.626 -0.4313 0.6083, -3.374 -0.4147 0.6024, -3.626 -0.4147 0.6024, -3.374 -0.3997 0.5931, -3.626 -0.3997 0.5931, -3.374 -0.3873 0.5806, -3.626 -0.3873 0.5806, -3.374 -0.3779 0.5657, -3.626 -0.3779 0.5657, -3.374 -0.3721 0.549, -3.626 -0.3721 0.549, -3.374 -0.3701 0.5315, -3.626 -0.3701 0.5315, -3.626 -0.3701 -1.1024, -3.374 -0.3701 -1.1024, -3.626 -0.4488 -1.1811, -3.374 -0.4488 -1.1811, -3.626 -0.5433 -1.1811, -3.374 -0.5433 -1.1811, -3.626 -0.622 -1.1024, -3.374 -0.622 -1.1024, -3.626 -0.622 0.2795, -3.374 -0.622 0.2795, -3.626 -0.624 0.2971, -3.374 -0.624 0.2971, -3.626 -0.6298 0.3137, -3.374 -0.6298 0.3137, -3.626 -0.6392 0.3286, -3.374 -0.6392 0.3286, -3.626 -0.6517 0.3411, -3.374 -0.6517 0.3411, -3.626 -0.6666 0.3505, -3.374 -0.6666 0.3505, -3.626 -0.6833 0.3563, -3.374 -0.6833 0.3563, -3.626 -0.7008 0.3583, -3.374 -0.7008 0.3583, -3.374 -1.3386 0.6102, -3.374 -1.3386 0.3583, -3.626 -1.3386 0.3583, -3.626 -1.3386 0.6102, -3.374 -2.0866 0.3583, -3.374 -4.3701 0.3583, -3.626 -2.0866 0.3583, -3.626 -4.3701 0.3583, -3.626 -2.0866 0.6102, -3.626 -4.3701 0.6102, -3.374 -2.0866 0.6102, -3.374 -4.3701 0.6102, -3.626 -4.4488 0.437, -3.626 -4.4488 0.5315, -3.374 -4.4488 0.5315, -3.374 -4.4488 0.437, -3.626 0.5512 1.6102, -3.374 0.5512 1.6102, -3.374 0.5687 1.6083, -3.626 0.5687 1.6083, -3.374 0.5853 1.6024, -3.626 0.5853 1.6024, -3.374 0.6003 1.5931, -3.626 0.6003 1.5931, -3.374 0.6127 1.5806, -3.626 0.6127 1.5806, -3.374 0.6221 1.5657, -3.626 0.6221 1.5657, -3.374 0.6279 1.549, -3.626 0.6279 1.549, -3.374 0.6299 1.5315, -3.626 0.6299 1.5315, -3.626 0.6299 -1.1024, -3.374 0.6299 -1.1024, -3.626 0.5512 -1.1811, -3.374 0.5512 -1.1811, -3.626 0.4567 -1.1811, -3.374 0.4567 -1.1811, -3.626 0.378 -1.1024, -3.374 0.378 -1.1024, -3.626 0.378 1.2795, -3.374 0.378 1.2795, -3.626 0.376 1.2971, -3.374 0.376 1.2971, -3.626 0.3702 1.3137, -3.374 0.3702 1.3137, -3.626 0.3608 1.3286, -3.374 0.3608 1.3286, -3.626 0.3483 1.3411, -3.374 0.3483 1.3411, -3.626 0.3334 1.3505, -3.374 0.3334 1.3505, -3.626 0.3167 1.3563, -3.374 0.3167 1.3563, -3.626 0.2992 1.3583, -3.374 0.2992 1.3583, -3.374 -1.3386 1.6102, -3.374 -1.3386 1.3583, -3.626 -1.3386 1.3583, -3.626 -1.3386 1.6102, -3.374 -2.0866 1.3583, -3.374 -4.3701 1.3583, -3.626 -2.0866 1.3583, -3.626 -4.3701 1.3583, -3.626 -2.0866 1.6102, -3.626 -4.3701 1.6102, -3.374 -2.0866 1.6102, -3.374 -4.3701 1.6102, -3.626 -4.4488 1.437, -3.626 -4.4488 1.5315, -3.374 -4.4488 1.5315, -3.374 -4.4488 1.437, -2.626 -0.4488 0.6102, -2.374 -0.4488 0.6102, -2.374 -0.4313 0.6083, -2.626 -0.4313 0.6083, -2.374 -0.4147 0.6024, -2.626 -0.4147 0.6024, -2.374 -0.3997 0.5931, -2.626 -0.3997 0.5931, -2.374 -0.3873 0.5806, -2.626 -0.3873 0.5806, -2.374 -0.3779 0.5657, -2.626 -0.3779 0.5657, -2.374 -0.3721 0.549, -2.626 -0.3721 0.549, -2.374 -0.3701 0.5315, -2.626 -0.3701 0.5315, -2.626 -0.3701 -1.1024, -2.374 -0.3701 -1.1024, -2.626 -0.4488 -1.1811, -2.374 -0.4488 -1.1811, -2.626 -0.5433 -1.1811, -2.374 -0.5433 -1.1811, -2.626 -0.622 -1.1024, -2.374 -0.622 -1.1024, -2.626 -0.622 0.2795, -2.374 -0.622 0.2795, -2.626 -0.624 0.2971, -2.374 -0.624 0.2971, -2.626 -0.6298 0.3137, -2.374 -0.6298 0.3137, -2.626 -0.6392 0.3286, -2.374 -0.6392 0.3286, -2.626 -0.6517 0.3411, -2.374 -0.6517 0.3411, -2.626 -0.6666 0.3505, -2.374 -0.6666 0.3505, -2.626 -0.6833 0.3563, -2.374 -0.6833 0.3563, -2.626 -0.7008 0.3583, -2.374 -0.7008 0.3583, -2.374 -1.3386 0.6102, -2.374 -1.3386 0.3583, -2.626 -1.3386 0.3583, -2.626 -1.3386 0.6102, -2.374 -2.0866 0.3583, -2.374 -4.3701 0.3583, -2.626 -2.0866 0.3583, -2.626 -4.3701 0.3583, -2.626 -2.0866 0.6102, -2.626 -4.3701 0.6102, -2.374 -2.0866 0.6102, -2.374 -4.3701 0.6102, -2.626 -4.4488 0.437, -2.626 -4.4488 0.5315, -2.374 -4.4488 0.5315, -2.374 -4.4488 0.437, -2.626 0.5512 1.6102, -2.374 0.5512 1.6102, -2.374 0.5687 1.6083, -2.626 0.5687 1.6083, -2.374 0.5853 1.6024, -2.626 0.5853 1.6024, -2.374 0.6003 1.5931, -2.626 0.6003 1.5931, -2.374 0.6127 1.5806, -2.626 0.6127 1.5806, -2.374 0.6221 1.5657, -2.626 0.6221 1.5657, -2.374 0.6279 1.549, -2.626 0.6279 1.549, -2.374 0.6299 1.5315, -2.626 0.6299 1.5315, -2.626 0.6299 -1.1024, -2.374 0.6299 -1.1024, -2.626 0.5512 -1.1811, -2.374 0.5512 -1.1811, -2.626 0.4567 -1.1811, -2.374 0.4567 -1.1811, -2.626 0.378 -1.1024, -2.374 0.378 -1.1024, -2.626 0.378 1.2795, -2.374 0.378 1.2795, -2.626 0.376 1.2971, -2.374 0.376 1.2971, -2.626 0.3702 1.3137, -2.374 0.3702 1.3137, -2.626 0.3608 1.3286, -2.374 0.3608 1.3286, -2.626 0.3483 1.3411, -2.374 0.3483 1.3411, -2.626 0.3334 1.3505, -2.374 0.3334 1.3505, -2.626 0.3167 1.3563, -2.374 0.3167 1.3563, -2.626 0.2992 1.3583, -2.374 0.2992 1.3583, -2.374 -1.3386 1.6102, -2.374 -1.3386 1.3583, -2.626 -1.3386 1.3583, -2.626 -1.3386 1.6102, -2.374 -2.0866 1.3583, -2.374 -4.3701 1.3583, -2.626 -2.0866 1.3583, -2.626 -4.3701 1.3583, -2.626 -2.0866 1.6102, -2.626 -4.3701 1.6102, -2.374 -2.0866 1.6102, -2.374 -4.3701 1.6102, -2.626 -4.4488 1.437, -2.626 -4.4488 1.5315, -2.374 -4.4488 1.5315, -2.374 -4.4488 1.437, -1.626 -0.4488 0.6102, -1.374 -0.4488 0.6102, -1.374 -0.4313 0.6083, -1.626 -0.4313 0.6083, -1.374 -0.4147 0.6024, -1.626 -0.4147 0.6024, -1.374 -0.3997 0.5931, -1.626 -0.3997 0.5931, -1.374 -0.3873 0.5806, -1.626 -0.3873 0.5806, -1.374 -0.3779 0.5657, -1.626 -0.3779 0.5657, -1.374 -0.3721 0.549, -1.626 -0.3721 0.549, -1.374 -0.3701 0.5315, -1.626 -0.3701 0.5315, -1.626 -0.3701 -1.1024, -1.374 -0.3701 -1.1024, -1.626 -0.4488 -1.1811, -1.374 -0.4488 -1.1811, -1.626 -0.5433 -1.1811, -1.374 -0.5433 -1.1811, -1.626 -0.622 -1.1024, -1.374 -0.622 -1.1024, -1.626 -0.622 0.2795, -1.374 -0.622 0.2795, -1.626 -0.624 0.2971, -1.374 -0.624 0.2971, -1.626 -0.6298 0.3137, -1.374 -0.6298 0.3137, -1.626 -0.6392 0.3286, -1.374 -0.6392 0.3286, -1.626 -0.6517 0.3411, -1.374 -0.6517 0.3411, -1.626 -0.6666 0.3505, -1.374 -0.6666 0.3505, -1.626 -0.6833 0.3563, -1.374 -0.6833 0.3563, -1.626 -0.7008 0.3583, -1.374 -0.7008 0.3583, -1.374 -1.3386 0.6102, -1.374 -1.3386 0.3583, -1.626 -1.3386 0.3583, -1.626 -1.3386 0.6102, -1.374 -2.0866 0.3583, -1.374 -4.3701 0.3583, -1.626 -2.0866 0.3583, -1.626 -4.3701 0.3583, -1.626 -2.0866 0.6102, -1.626 -4.3701 0.6102, -1.374 -2.0866 0.6102, -1.374 -4.3701 0.6102, -1.626 -4.4488 0.437, -1.626 -4.4488 0.5315, -1.374 -4.4488 0.5315, -1.374 -4.4488 0.437, -1.626 0.5512 1.6102, -1.374 0.5512 1.6102, -1.374 0.5687 1.6083, -1.626 0.5687 1.6083, -1.374 0.5853 1.6024, -1.626 0.5853 1.6024, -1.374 0.6003 1.5931, -1.626 0.6003 1.5931, -1.374 0.6127 1.5806, -1.626 0.6127 1.5806, -1.374 0.6221 1.5657, -1.626 0.6221 1.5657, -1.374 0.6279 1.549, -1.626 0.6279 1.549, -1.374 0.6299 1.5315, -1.626 0.6299 1.5315, -1.626 0.6299 -1.1024, -1.374 0.6299 -1.1024, -1.626 0.5512 -1.1811, -1.374 0.5512 -1.1811, -1.626 0.4567 -1.1811, -1.374 0.4567 -1.1811, -1.626 0.378 -1.1024, -1.374 0.378 -1.1024, -1.626 0.378 1.2795, -1.374 0.378 1.2795, -1.626 0.376 1.2971, -1.374 0.376 1.2971, -1.626 0.3702 1.3137, -1.374 0.3702 1.3137, -1.626 0.3608 1.3286, -1.374 0.3608 1.3286, -1.626 0.3483 1.3411, -1.374 0.3483 1.3411, -1.626 0.3334 1.3505, -1.374 0.3334 1.3505, -1.626 0.3167 1.3563, -1.374 0.3167 1.3563, -1.626 0.2992 1.3583, -1.374 0.2992 1.3583, -1.374 -1.3386 1.6102, -1.374 -1.3386 1.3583, -1.626 -1.3386 1.3583, -1.626 -1.3386 1.6102, -1.374 -2.0866 1.3583, -1.374 -4.3701 1.3583, -1.626 -2.0866 1.3583, -1.626 -4.3701 1.3583, -1.626 -2.0866 1.6102, -1.626 -4.3701 1.6102, -1.374 -2.0866 1.6102, -1.374 -4.3701 1.6102, -1.626 -4.4488 1.437, -1.626 -4.4488 1.5315, -1.374 -4.4488 1.5315, -1.374 -4.4488 1.437, -0.626 -0.4488 0.6102, -0.374 -0.4488 0.6102, -0.374 -0.4313 0.6083, -0.626 -0.4313 0.6083, -0.374 -0.4147 0.6024, -0.626 -0.4147 0.6024, -0.374 -0.3997 0.5931, -0.626 -0.3997 0.5931, -0.374 -0.3873 0.5806, -0.626 -0.3873 0.5806, -0.374 -0.3779 0.5657, -0.626 -0.3779 0.5657, -0.374 -0.3721 0.549, -0.626 -0.3721 0.549, -0.374 -0.3701 0.5315, -0.626 -0.3701 0.5315, -0.626 -0.3701 -1.1024, -0.374 -0.3701 -1.1024, -0.626 -0.4488 -1.1811, -0.374 -0.4488 -1.1811, -0.626 -0.5433 -1.1811, -0.374 -0.5433 -1.1811, -0.626 -0.622 -1.1024, -0.374 -0.622 -1.1024, -0.626 -0.622 0.2795, -0.374 -0.622 0.2795, -0.626 -0.624 0.2971, -0.374 -0.624 0.2971, -0.626 -0.6298 0.3137, -0.374 -0.6298 0.3137, -0.626 -0.6392 0.3286, -0.374 -0.6392 0.3286, -0.626 -0.6517 0.3411, -0.374 -0.6517 0.3411, -0.626 -0.6666 0.3505, -0.374 -0.6666 0.3505, -0.626 -0.6833 0.3563, -0.374 -0.6833 0.3563, -0.626 -0.7008 0.3583, -0.374 -0.7008 0.3583, -0.374 -1.3386 0.6102, -0.374 -1.3386 0.3583, -0.626 -1.3386 0.3583, -0.626 -1.3386 0.6102, -0.374 -2.0866 0.3583, -0.374 -4.3701 0.3583, -0.626 -2.0866 0.3583, -0.626 -4.3701 0.3583, -0.626 -2.0866 0.6102, -0.626 -4.3701 0.6102, -0.374 -2.0866 0.6102, -0.374 -4.3701 0.6102, -0.626 -4.4488 0.437, -0.626 -4.4488 0.5315, -0.374 -4.4488 0.5315, -0.374 -4.4488 0.437, -0.626 0.5512 1.6102, -0.374 0.5512 1.6102, -0.374 0.5687 1.6083, -0.626 0.5687 1.6083, -0.374 0.5853 1.6024, -0.626 0.5853 1.6024, -0.374 0.6003 1.5931, -0.626 0.6003 1.5931, -0.374 0.6127 1.5806, -0.626 0.6127 1.5806, -0.374 0.6221 1.5657, -0.626 0.6221 1.5657, -0.374 0.6279 1.549, -0.626 0.6279 1.549, -0.374 0.6299 1.5315, -0.626 0.6299 1.5315, -0.626 0.6299 -1.1024, -0.374 0.6299 -1.1024, -0.626 0.5512 -1.1811, -0.374 0.5512 -1.1811, -0.626 0.4567 -1.1811, -0.374 0.4567 -1.1811, -0.626 0.378 -1.1024, -0.374 0.378 -1.1024, -0.626 0.378 1.2795, -0.374 0.378 1.2795, -0.626 0.376 1.2971, -0.374 0.376 1.2971, -0.626 0.3702 1.3137, -0.374 0.3702 1.3137, -0.626 0.3608 1.3286, -0.374 0.3608 1.3286, -0.626 0.3483 1.3411, -0.374 0.3483 1.3411, -0.626 0.3334 1.3505, -0.374 0.3334 1.3505, -0.626 0.3167 1.3563, -0.374 0.3167 1.3563, -0.626 0.2992 1.3583, -0.374 0.2992 1.3583, -0.374 -1.3386 1.6102, -0.374 -1.3386 1.3583, -0.626 -1.3386 1.3583, -0.626 -1.3386 1.6102, -0.374 -2.0866 1.3583, -0.374 -4.3701 1.3583, -0.626 -2.0866 1.3583, -0.626 -4.3701 1.3583, -0.626 -2.0866 1.6102, -0.626 -4.3701 1.6102, -0.374 -2.0866 1.6102, -0.374 -4.3701 1.6102, -0.626 -4.4488 1.437, -0.626 -4.4488 1.5315, -0.374 -4.4488 1.5315, -0.374 -4.4488 1.437, 0.374 -0.4488 0.6102, 0.626 -0.4488 0.6102, 0.626 -0.4313 0.6083, 0.374 -0.4313 0.6083, 0.626 -0.4147 0.6024, 0.374 -0.4147 0.6024, 0.626 -0.3997 0.5931, 0.374 -0.3997 0.5931, 0.626 -0.3873 0.5806, 0.374 -0.3873 0.5806, 0.626 -0.3779 0.5657, 0.374 -0.3779 0.5657, 0.626 -0.3721 0.549, 0.374 -0.3721 0.549, 0.626 -0.3701 0.5315, 0.374 -0.3701 0.5315, 0.374 -0.3701 -1.1024, 0.626 -0.3701 -1.1024, 0.374 -0.4488 -1.1811, 0.626 -0.4488 -1.1811, 0.374 -0.5433 -1.1811, 0.626 -0.5433 -1.1811, 0.374 -0.622 -1.1024, 0.626 -0.622 -1.1024, 0.374 -0.622 0.2795, 0.626 -0.622 0.2795, 0.374 -0.624 0.2971, 0.626 -0.624 0.2971, 0.374 -0.6298 0.3137, 0.626 -0.6298 0.3137, 0.374 -0.6392 0.3286, 0.626 -0.6392 0.3286, 0.374 -0.6517 0.3411, 0.626 -0.6517 0.3411, 0.374 -0.6666 0.3505, 0.626 -0.6666 0.3505, 0.374 -0.6833 0.3563, 0.626 -0.6833 0.3563, 0.374 -0.7008 0.3583, 0.626 -0.7008 0.3583, 0.626 -1.3386 0.6102, 0.626 -1.3386 0.3583, 0.374 -1.3386 0.3583, 0.374 -1.3386 0.6102, 0.626 -2.0866 0.3583, 0.626 -4.3701 0.3583, 0.374 -2.0866 0.3583, 0.374 -4.3701 0.3583, 0.374 -2.0866 0.6102, 0.374 -4.3701 0.6102, 0.626 -2.0866 0.6102, 0.626 -4.3701 0.6102, 0.374 -4.4488 0.437, 0.374 -4.4488 0.5315, 0.626 -4.4488 0.5315, 0.626 -4.4488 0.437, 0.374 0.5512 1.6102, 0.626 0.5512 1.6102, 0.626 0.5687 1.6083, 0.374 0.5687 1.6083, 0.626 0.5853 1.6024, 0.374 0.5853 1.6024, 0.626 0.6003 1.5931, 0.374 0.6003 1.5931, 0.626 0.6127 1.5806, 0.374 0.6127 1.5806, 0.626 0.6221 1.5657, 0.374 0.6221 1.5657, 0.626 0.6279 1.549, 0.374 0.6279 1.549, 0.626 0.6299 1.5315, 0.374 0.6299 1.5315, 0.374 0.6299 -1.1024, 0.626 0.6299 -1.1024, 0.374 0.5512 -1.1811, 0.626 0.5512 -1.1811, 0.374 0.4567 -1.1811, 0.626 0.4567 -1.1811, 0.374 0.378 -1.1024, 0.626 0.378 -1.1024, 0.374 0.378 1.2795, 0.626 0.378 1.2795, 0.374 0.376 1.2971, 0.626 0.376 1.2971, 0.374 0.3702 1.3137, 0.626 0.3702 1.3137, 0.374 0.3608 1.3286, 0.626 0.3608 1.3286, 0.374 0.3483 1.3411, 0.626 0.3483 1.3411, 0.374 0.3334 1.3505, 0.626 0.3334 1.3505, 0.374 0.3167 1.3563, 0.626 0.3167 1.3563, 0.374 0.2992 1.3583, 0.626 0.2992 1.3583, 0.626 -1.3386 1.6102, 0.626 -1.3386 1.3583, 0.374 -1.3386 1.3583, 0.374 -1.3386 1.6102, 0.626 -2.0866 1.3583, 0.626 -4.3701 1.3583, 0.374 -2.0866 1.3583, 0.374 -4.3701 1.3583, 0.374 -2.0866 1.6102, 0.374 -4.3701 1.6102, 0.626 -2.0866 1.6102, 0.626 -4.3701 1.6102, 0.374 -4.4488 1.437, 0.374 -4.4488 1.5315, 0.626 -4.4488 1.5315, 0.626 -4.4488 1.437, 1.374 -0.4488 0.6102, 1.626 -0.4488 0.6102, 1.626 -0.4313 0.6083, 1.374 -0.4313 0.6083, 1.626 -0.4147 0.6024, 1.374 -0.4147 0.6024, 1.626 -0.3997 0.5931, 1.374 -0.3997 0.5931, 1.626 -0.3873 0.5806, 1.374 -0.3873 0.5806, 1.626 -0.3779 0.5657, 1.374 -0.3779 0.5657, 1.626 -0.3721 0.549, 1.374 -0.3721 0.549, 1.626 -0.3701 0.5315, 1.374 -0.3701 0.5315, 1.374 -0.3701 -1.1024, 1.626 -0.3701 -1.1024, 1.374 -0.4488 -1.1811, 1.626 -0.4488 -1.1811, 1.374 -0.5433 -1.1811, 1.626 -0.5433 -1.1811, 1.374 -0.622 -1.1024, 1.626 -0.622 -1.1024, 1.374 -0.622 0.2795, 1.626 -0.622 0.2795, 1.374 -0.624 0.2971, 1.626 -0.624 0.2971, 1.374 -0.6298 0.3137, 1.626 -0.6298 0.3137, 1.374 -0.6392 0.3286, 1.626 -0.6392 0.3286, 1.374 -0.6517 0.3411, 1.626 -0.6517 0.3411, 1.374 -0.6666 0.3505, 1.626 -0.6666 0.3505, 1.374 -0.6833 0.3563, 1.626 -0.6833 0.3563, 1.374 -0.7008 0.3583, 1.626 -0.7008 0.3583, 1.626 -1.3386 0.6102, 1.626 -1.3386 0.3583, 1.374 -1.3386 0.3583, 1.374 -1.3386 0.6102, 1.626 -2.0866 0.3583, 1.626 -4.3701 0.3583, 1.374 -2.0866 0.3583, 1.374 -4.3701 0.3583, 1.374 -2.0866 0.6102, 1.374 -4.3701 0.6102, 1.626 -2.0866 0.6102, 1.626 -4.3701 0.6102, 1.374 -4.4488 0.437, 1.374 -4.4488 0.5315, 1.626 -4.4488 0.5315, 1.626 -4.4488 0.437, 1.374 0.5512 1.6102, 1.626 0.5512 1.6102, 1.626 0.5687 1.6083, 1.374 0.5687 1.6083, 1.626 0.5853 1.6024, 1.374 0.5853 1.6024, 1.626 0.6003 1.5931, 1.374 0.6003 1.5931, 1.626 0.6127 1.5806, 1.374 0.6127 1.5806, 1.626 0.6221 1.5657, 1.374 0.6221 1.5657, 1.626 0.6279 1.549, 1.374 0.6279 1.549, 1.626 0.6299 1.5315, 1.374 0.6299 1.5315, 1.374 0.6299 -1.1024, 1.626 0.6299 -1.1024, 1.374 0.5512 -1.1811, 1.626 0.5512 -1.1811, 1.374 0.4567 -1.1811, 1.626 0.4567 -1.1811, 1.374 0.378 -1.1024, 1.626 0.378 -1.1024, 1.374 0.378 1.2795, 1.626 0.378 1.2795, 1.374 0.376 1.2971, 1.626 0.376 1.2971, 1.374 0.3702 1.3137, 1.626 0.3702 1.3137, 1.374 0.3608 1.3286, 1.626 0.3608 1.3286, 1.374 0.3483 1.3411, 1.626 0.3483 1.3411, 1.374 0.3334 1.3505, 1.626 0.3334 1.3505, 1.374 0.3167 1.3563, 1.626 0.3167 1.3563, 1.374 0.2992 1.3583, 1.626 0.2992 1.3583, 1.626 -1.3386 1.6102, 1.626 -1.3386 1.3583, 1.374 -1.3386 1.3583, 1.374 -1.3386 1.6102, 1.626 -2.0866 1.3583, 1.626 -4.3701 1.3583, 1.374 -2.0866 1.3583, 1.374 -4.3701 1.3583, 1.374 -2.0866 1.6102, 1.374 -4.3701 1.6102, 1.626 -2.0866 1.6102, 1.626 -4.3701 1.6102, 1.374 -4.4488 1.437, 1.374 -4.4488 1.5315, 1.626 -4.4488 1.5315, 1.626 -4.4488 1.437, 2.374 -0.4488 0.6102, 2.626 -0.4488 0.6102, 2.626 -0.4313 0.6083, 2.374 -0.4313 0.6083, 2.626 -0.4147 0.6024, 2.374 -0.4147 0.6024, 2.626 -0.3997 0.5931, 2.374 -0.3997 0.5931, 2.626 -0.3873 0.5806, 2.374 -0.3873 0.5806, 2.626 -0.3779 0.5657, 2.374 -0.3779 0.5657, 2.626 -0.3721 0.549, 2.374 -0.3721 0.549, 2.626 -0.3701 0.5315, 2.374 -0.3701 0.5315, 2.374 -0.3701 -1.1024, 2.626 -0.3701 -1.1024, 2.374 -0.4488 -1.1811, 2.626 -0.4488 -1.1811, 2.374 -0.5433 -1.1811, 2.626 -0.5433 -1.1811, 2.374 -0.622 -1.1024, 2.626 -0.622 -1.1024, 2.374 -0.622 0.2795, 2.626 -0.622 0.2795, 2.374 -0.624 0.2971, 2.626 -0.624 0.2971, 2.374 -0.6298 0.3137, 2.626 -0.6298 0.3137, 2.374 -0.6392 0.3286, 2.626 -0.6392 0.3286, 2.374 -0.6517 0.3411, 2.626 -0.6517 0.3411, 2.374 -0.6666 0.3505, 2.626 -0.6666 0.3505, 2.374 -0.6833 0.3563, 2.626 -0.6833 0.3563, 2.374 -0.7008 0.3583, 2.626 -0.7008 0.3583, 2.626 -1.3386 0.6102, 2.626 -1.3386 0.3583, 2.374 -1.3386 0.3583, 2.374 -1.3386 0.6102, 2.626 -2.0866 0.3583, 2.626 -4.3701 0.3583, 2.374 -2.0866 0.3583, 2.374 -4.3701 0.3583, 2.374 -2.0866 0.6102, 2.374 -4.3701 0.6102, 2.626 -2.0866 0.6102, 2.626 -4.3701 0.6102, 2.374 -4.4488 0.437, 2.374 -4.4488 0.5315, 2.626 -4.4488 0.5315, 2.626 -4.4488 0.437, 2.374 0.5512 1.6102, 2.626 0.5512 1.6102, 2.626 0.5687 1.6083, 2.374 0.5687 1.6083, 2.626 0.5853 1.6024, 2.374 0.5853 1.6024, 2.626 0.6003 1.5931, 2.374 0.6003 1.5931, 2.626 0.6127 1.5806, 2.374 0.6127 1.5806, 2.626 0.6221 1.5657, 2.374 0.6221 1.5657, 2.626 0.6279 1.549, 2.374 0.6279 1.549, 2.626 0.6299 1.5315, 2.374 0.6299 1.5315, 2.374 0.6299 -1.1024, 2.626 0.6299 -1.1024, 2.374 0.5512 -1.1811, 2.626 0.5512 -1.1811, 2.374 0.4567 -1.1811, 2.626 0.4567 -1.1811, 2.374 0.378 -1.1024, 2.626 0.378 -1.1024, 2.374 0.378 1.2795, 2.626 0.378 1.2795, 2.374 0.376 1.2971, 2.626 0.376 1.2971, 2.374 0.3702 1.3137, 2.626 0.3702 1.3137, 2.374 0.3608 1.3286, 2.626 0.3608 1.3286, 2.374 0.3483 1.3411, 2.626 0.3483 1.3411, 2.374 0.3334 1.3505, 2.626 0.3334 1.3505, 2.374 0.3167 1.3563, 2.626 0.3167 1.3563, 2.374 0.2992 1.3583, 2.626 0.2992 1.3583, 2.626 -1.3386 1.6102, 2.626 -1.3386 1.3583, 2.374 -1.3386 1.3583, 2.374 -1.3386 1.6102, 2.626 -2.0866 1.3583, 2.626 -4.3701 1.3583, 2.374 -2.0866 1.3583, 2.374 -4.3701 1.3583, 2.374 -2.0866 1.6102, 2.374 -4.3701 1.6102, 2.626 -2.0866 1.6102, 2.626 -4.3701 1.6102, 2.374 -4.4488 1.437, 2.374 -4.4488 1.5315, 2.626 -4.4488 1.5315, 2.626 -4.4488 1.437, 3.374 -0.4488 0.6102, 3.626 -0.4488 0.6102, 3.626 -0.4313 0.6083, 3.374 -0.4313 0.6083, 3.626 -0.4147 0.6024, 3.374 -0.4147 0.6024, 3.626 -0.3997 0.5931, 3.374 -0.3997 0.5931, 3.626 -0.3873 0.5806, 3.374 -0.3873 0.5806, 3.626 -0.3779 0.5657, 3.374 -0.3779 0.5657, 3.626 -0.3721 0.549, 3.374 -0.3721 0.549, 3.626 -0.3701 0.5315, 3.374 -0.3701 0.5315, 3.374 -0.3701 -1.1024, 3.626 -0.3701 -1.1024, 3.374 -0.4488 -1.1811, 3.626 -0.4488 -1.1811, 3.374 -0.5433 -1.1811, 3.626 -0.5433 -1.1811, 3.374 -0.622 -1.1024, 3.626 -0.622 -1.1024, 3.374 -0.622 0.2795, 3.626 -0.622 0.2795, 3.374 -0.624 0.2971, 3.626 -0.624 0.2971, 3.374 -0.6298 0.3137, 3.626 -0.6298 0.3137, 3.374 -0.6392 0.3286, 3.626 -0.6392 0.3286, 3.374 -0.6517 0.3411, 3.626 -0.6517 0.3411, 3.374 -0.6666 0.3505, 3.626 -0.6666 0.3505, 3.374 -0.6833 0.3563, 3.626 -0.6833 0.3563, 3.374 -0.7008 0.3583, 3.626 -0.7008 0.3583, 3.626 -1.3386 0.6102, 3.626 -1.3386 0.3583, 3.374 -1.3386 0.3583, 3.374 -1.3386 0.6102, 3.626 -2.0866 0.3583, 3.626 -4.3701 0.3583, 3.374 -2.0866 0.3583, 3.374 -4.3701 0.3583, 3.374 -2.0866 0.6102, 3.374 -4.3701 0.6102, 3.626 -2.0866 0.6102, 3.626 -4.3701 0.6102, 3.374 -4.4488 0.437, 3.374 -4.4488 0.5315, 3.626 -4.4488 0.5315, 3.626 -4.4488 0.437, 3.374 0.5512 1.6102, 3.626 0.5512 1.6102, 3.626 0.5687 1.6083, 3.374 0.5687 1.6083, 3.626 0.5853 1.6024, 3.374 0.5853 1.6024, 3.626 0.6003 1.5931, 3.374 0.6003 1.5931, 3.626 0.6127 1.5806, 3.374 0.6127 1.5806, 3.626 0.6221 1.5657, 3.374 0.6221 1.5657, 3.626 0.6279 1.549, 3.374 0.6279 1.549, 3.626 0.6299 1.5315, 3.374 0.6299 1.5315, 3.374 0.6299 -1.1024, 3.626 0.6299 -1.1024, 3.374 0.5512 -1.1811, 3.626 0.5512 -1.1811, 3.374 0.4567 -1.1811, 3.626 0.4567 -1.1811, 3.374 0.378 -1.1024, 3.626 0.378 -1.1024, 3.374 0.378 1.2795, 3.626 0.378 1.2795, 3.374 0.376 1.2971, 3.626 0.376 1.2971, 3.374 0.3702 1.3137, 3.626 0.3702 1.3137, 3.374 0.3608 1.3286, 3.626 0.3608 1.3286, 3.374 0.3483 1.3411, 3.626 0.3483 1.3411, 3.374 0.3334 1.3505, 3.626 0.3334 1.3505, 3.374 0.3167 1.3563, 3.626 0.3167 1.3563, 3.374 0.2992 1.3583, 3.626 0.2992 1.3583, 3.626 -1.3386 1.6102, 3.626 -1.3386 1.3583, 3.374 -1.3386 1.3583, 3.374 -1.3386 1.6102, 3.626 -2.0866 1.3583, 3.626 -4.3701 1.3583, 3.374 -2.0866 1.3583, 3.374 -4.3701 1.3583, 3.374 -2.0866 1.6102, 3.374 -4.3701 1.6102, 3.626 -2.0866 1.6102, 3.626 -4.3701 1.6102, 3.374 -4.4488 1.437, 3.374 -4.4488 1.5315, 3.626 -4.4488 1.5315, 3.626 -4.4488 1.437, 4.374 -0.4488 0.6102, 4.626 -0.4488 0.6102, 4.626 -0.4313 0.6083, 4.374 -0.4313 0.6083, 4.626 -0.4147 0.6024, 4.374 -0.4147 0.6024, 4.626 -0.3997 0.5931, 4.374 -0.3997 0.5931, 4.626 -0.3873 0.5806, 4.374 -0.3873 0.5806, 4.626 -0.3779 0.5657, 4.374 -0.3779 0.5657, 4.626 -0.3721 0.549, 4.374 -0.3721 0.549, 4.626 -0.3701 0.5315, 4.374 -0.3701 0.5315, 4.374 -0.3701 -1.1024, 4.626 -0.3701 -1.1024, 4.374 -0.4488 -1.1811, 4.626 -0.4488 -1.1811, 4.374 -0.5433 -1.1811, 4.626 -0.5433 -1.1811, 4.374 -0.622 -1.1024, 4.626 -0.622 -1.1024, 4.374 -0.622 0.2795, 4.626 -0.622 0.2795, 4.374 -0.624 0.2971, 4.626 -0.624 0.2971, 4.374 -0.6298 0.3137, 4.626 -0.6298 0.3137, 4.374 -0.6392 0.3286, 4.626 -0.6392 0.3286, 4.374 -0.6517 0.3411, 4.626 -0.6517 0.3411, 4.374 -0.6666 0.3505, 4.626 -0.6666 0.3505, 4.374 -0.6833 0.3563, 4.626 -0.6833 0.3563, 4.374 -0.7008 0.3583, 4.626 -0.7008 0.3583, 4.626 -1.3386 0.6102, 4.626 -1.3386 0.3583, 4.374 -1.3386 0.3583, 4.374 -1.3386 0.6102, 4.626 -2.0866 0.3583, 4.626 -4.3701 0.3583, 4.374 -2.0866 0.3583, 4.374 -4.3701 0.3583, 4.374 -2.0866 0.6102, 4.374 -4.3701 0.6102, 4.626 -2.0866 0.6102, 4.626 -4.3701 0.6102, 4.374 -4.4488 0.437, 4.374 -4.4488 0.5315, 4.626 -4.4488 0.5315, 4.626 -4.4488 0.437, 4.374 0.5512 1.6102, 4.626 0.5512 1.6102, 4.626 0.5687 1.6083, 4.374 0.5687 1.6083, 4.626 0.5853 1.6024, 4.374 0.5853 1.6024, 4.626 0.6003 1.5931, 4.374 0.6003 1.5931, 4.626 0.6127 1.5806, 4.374 0.6127 1.5806, 4.626 0.6221 1.5657, 4.374 0.6221 1.5657, 4.626 0.6279 1.549, 4.374 0.6279 1.549, 4.626 0.6299 1.5315, 4.374 0.6299 1.5315, 4.374 0.6299 -1.1024, 4.626 0.6299 -1.1024, 4.374 0.5512 -1.1811, 4.626 0.5512 -1.1811, 4.374 0.4567 -1.1811, 4.626 0.4567 -1.1811, 4.374 0.378 -1.1024, 4.626 0.378 -1.1024, 4.374 0.378 1.2795, 4.626 0.378 1.2795, 4.374 0.376 1.2971, 4.626 0.376 1.2971, 4.374 0.3702 1.3137, 4.626 0.3702 1.3137, 4.374 0.3608 1.3286, 4.626 0.3608 1.3286, 4.374 0.3483 1.3411, 4.626 0.3483 1.3411, 4.374 0.3334 1.3505, 4.626 0.3334 1.3505, 4.374 0.3167 1.3563, 4.626 0.3167 1.3563, 4.374 0.2992 1.3583, 4.626 0.2992 1.3583, 4.626 -1.3386 1.6102, 4.626 -1.3386 1.3583, 4.374 -1.3386 1.3583, 4.374 -1.3386 1.6102, 4.626 -2.0866 1.3583, 4.626 -4.3701 1.3583, 4.374 -2.0866 1.3583, 4.374 -4.3701 1.3583, 4.374 -2.0866 1.6102, 4.374 -4.3701 1.6102, 4.626 -2.0866 1.6102, 4.626 -4.3701 1.6102, 4.374 -4.4488 1.437, 4.374 -4.4488 1.5315, 4.626 -4.4488 1.5315, 4.626 -4.4488 1.437, 5.374 -0.4488 0.6102, 5.626 -0.4488 0.6102, 5.626 -0.4313 0.6083, 5.374 -0.4313 0.6083, 5.626 -0.4147 0.6024, 5.374 -0.4147 0.6024, 5.626 -0.3997 0.5931, 5.374 -0.3997 0.5931, 5.626 -0.3873 0.5806, 5.374 -0.3873 0.5806, 5.626 -0.3779 0.5657, 5.374 -0.3779 0.5657, 5.626 -0.3721 0.549, 5.374 -0.3721 0.549, 5.626 -0.3701 0.5315, 5.374 -0.3701 0.5315, 5.374 -0.3701 -1.1024, 5.626 -0.3701 -1.1024, 5.374 -0.4488 -1.1811, 5.626 -0.4488 -1.1811, 5.374 -0.5433 -1.1811, 5.626 -0.5433 -1.1811, 5.374 -0.622 -1.1024, 5.626 -0.622 -1.1024, 5.374 -0.622 0.2795, 5.626 -0.622 0.2795, 5.374 -0.624 0.2971, 5.626 -0.624 0.2971, 5.374 -0.6298 0.3137, 5.626 -0.6298 0.3137, 5.374 -0.6392 0.3286, 5.626 -0.6392 0.3286, 5.374 -0.6517 0.3411, 5.626 -0.6517 0.3411, 5.374 -0.6666 0.3505, 5.626 -0.6666 0.3505, 5.374 -0.6833 0.3563, 5.626 -0.6833 0.3563, 5.374 -0.7008 0.3583, 5.626 -0.7008 0.3583, 5.626 -1.3386 0.6102, 5.626 -1.3386 0.3583, 5.374 -1.3386 0.3583, 5.374 -1.3386 0.6102, 5.626 -2.0866 0.3583, 5.626 -4.3701 0.3583, 5.374 -2.0866 0.3583, 5.374 -4.3701 0.3583, 5.374 -2.0866 0.6102, 5.374 -4.3701 0.6102, 5.626 -2.0866 0.6102, 5.626 -4.3701 0.6102, 5.374 -4.4488 0.437, 5.374 -4.4488 0.5315, 5.626 -4.4488 0.5315, 5.626 -4.4488 0.437, 5.374 0.5512 1.6102, 5.626 0.5512 1.6102, 5.626 0.5687 1.6083, 5.374 0.5687 1.6083, 5.626 0.5853 1.6024, 5.374 0.5853 1.6024, 5.626 0.6003 1.5931, 5.374 0.6003 1.5931, 5.626 0.6127 1.5806, 5.374 0.6127 1.5806, 5.626 0.6221 1.5657, 5.374 0.6221 1.5657, 5.626 0.6279 1.549, 5.374 0.6279 1.549, 5.626 0.6299 1.5315, 5.374 0.6299 1.5315, 5.374 0.6299 -1.1024, 5.626 0.6299 -1.1024, 5.374 0.5512 -1.1811, 5.626 0.5512 -1.1811, 5.374 0.4567 -1.1811, 5.626 0.4567 -1.1811, 5.374 0.378 -1.1024, 5.626 0.378 -1.1024, 5.374 0.378 1.2795, 5.626 0.378 1.2795, 5.374 0.376 1.2971, 5.626 0.376 1.2971, 5.374 0.3702 1.3137, 5.626 0.3702 1.3137, 5.374 0.3608 1.3286, 5.626 0.3608 1.3286, 5.374 0.3483 1.3411, 5.626 0.3483 1.3411, 5.374 0.3334 1.3505, 5.626 0.3334 1.3505, 5.374 0.3167 1.3563, 5.626 0.3167 1.3563, 5.374 0.2992 1.3583, 5.626 0.2992 1.3583, 5.626 -1.3386 1.6102, 5.626 -1.3386 1.3583, 5.374 -1.3386 1.3583, 5.374 -1.3386 1.6102, 5.626 -2.0866 1.3583, 5.626 -4.3701 1.3583, 5.374 -2.0866 1.3583, 5.374 -4.3701 1.3583, 5.374 -2.0866 1.6102, 5.374 -4.3701 1.6102, 5.626 -2.0866 1.6102, 5.626 -4.3701 1.6102, 5.374 -4.4488 1.437, 5.374 -4.4488 1.5315, 5.626 -4.4488 1.5315, 5.626 -4.4488 1.437, 6.374 -0.4488 0.6102, 6.626 -0.4488 0.6102, 6.626 -0.4313 0.6083, 6.374 -0.4313 0.6083, 6.626 -0.4147 0.6024, 6.374 -0.4147 0.6024, 6.626 -0.3997 0.5931, 6.374 -0.3997 0.5931, 6.626 -0.3873 0.5806, 6.374 -0.3873 0.5806, 6.626 -0.3779 0.5657, 6.374 -0.3779 0.5657, 6.626 -0.3721 0.549, 6.374 -0.3721 0.549, 6.626 -0.3701 0.5315, 6.374 -0.3701 0.5315, 6.374 -0.3701 -1.1024, 6.626 -0.3701 -1.1024, 6.374 -0.4488 -1.1811, 6.626 -0.4488 -1.1811, 6.374 -0.5433 -1.1811, 6.626 -0.5433 -1.1811, 6.374 -0.622 -1.1024, 6.626 -0.622 -1.1024, 6.374 -0.622 0.2795, 6.626 -0.622 0.2795, 6.374 -0.624 0.2971, 6.626 -0.624 0.2971, 6.374 -0.6298 0.3137, 6.626 -0.6298 0.3137, 6.374 -0.6392 0.3286, 6.626 -0.6392 0.3286, 6.374 -0.6517 0.3411, 6.626 -0.6517 0.3411, 6.374 -0.6666 0.3505, 6.626 -0.6666 0.3505, 6.374 -0.6833 0.3563, 6.626 -0.6833 0.3563, 6.374 -0.7008 0.3583, 6.626 -0.7008 0.3583, 6.626 -1.3386 0.6102, 6.626 -1.3386 0.3583, 6.374 -1.3386 0.3583, 6.374 -1.3386 0.6102, 6.626 -2.0866 0.3583, 6.626 -4.3701 0.3583, 6.374 -2.0866 0.3583, 6.374 -4.3701 0.3583, 6.374 -2.0866 0.6102, 6.374 -4.3701 0.6102, 6.626 -2.0866 0.6102, 6.626 -4.3701 0.6102, 6.374 -4.4488 0.437, 6.374 -4.4488 0.5315, 6.626 -4.4488 0.5315, 6.626 -4.4488 0.437, 6.374 0.5512 1.6102, 6.626 0.5512 1.6102, 6.626 0.5687 1.6083, 6.374 0.5687 1.6083, 6.626 0.5853 1.6024, 6.374 0.5853 1.6024, 6.626 0.6003 1.5931, 6.374 0.6003 1.5931, 6.626 0.6127 1.5806, 6.374 0.6127 1.5806, 6.626 0.6221 1.5657, 6.374 0.6221 1.5657, 6.626 0.6279 1.549, 6.374 0.6279 1.549, 6.626 0.6299 1.5315, 6.374 0.6299 1.5315, 6.374 0.6299 -1.1024, 6.626 0.6299 -1.1024, 6.374 0.5512 -1.1811, 6.626 0.5512 -1.1811, 6.374 0.4567 -1.1811, 6.626 0.4567 -1.1811, 6.374 0.378 -1.1024, 6.626 0.378 -1.1024, 6.374 0.378 1.2795, 6.626 0.378 1.2795, 6.374 0.376 1.2971, 6.626 0.376 1.2971, 6.374 0.3702 1.3137, 6.626 0.3702 1.3137, 6.374 0.3608 1.3286, 6.626 0.3608 1.3286, 6.374 0.3483 1.3411, 6.626 0.3483 1.3411, 6.374 0.3334 1.3505, 6.626 0.3334 1.3505, 6.374 0.3167 1.3563, 6.626 0.3167 1.3563, 6.374 0.2992 1.3583, 6.626 0.2992 1.3583, 6.626 -1.3386 1.6102, 6.626 -1.3386 1.3583, 6.374 -1.3386 1.3583, 6.374 -1.3386 1.6102, 6.626 -2.0866 1.3583, 6.626 -4.3701 1.3583, 6.374 -2.0866 1.3583, 6.374 -4.3701 1.3583, 6.374 -2.0866 1.6102, 6.374 -4.3701 1.6102, 6.626 -2.0866 1.6102, 6.626 -4.3701 1.6102, 6.374 -4.4488 1.437, 6.374 -4.4488 1.5315, 6.626 -4.4488 1.5315, 6.626 -4.4488 1.437, -2.3425 -1.4466 0.0394, -2.3425 -1.4446 0.0394, -2.3425 -1.4466 0.0, -2.3425 -1.4446 0.0, -2.5 -1.3719 0.0394, -2.5 -1.3719 0.0, -2.5 -1.3873 0.0394, -2.5 -1.3873 0.0, -2.4495 -1.4105 0.0394, -2.4495 -1.4105 0.0, -2.4495 -1.4819 0.0394, -2.4495 -1.4819 0.0, -2.5 -1.5059 0.0394, -2.5 -1.5059 0.0, -2.5 -1.5213 0.0394, -2.5 -1.5213 0.0, -2.4334 -1.4743 0.0394, -2.3732 -1.4457 0.0394, -2.4334 -1.418 0.0394, -2.4334 -1.418 0.0, -2.3732 -1.4457 0.0, -2.4334 -1.4743 0.0, -2.5 -1.6219 0.0394, -2.5 -1.6707 0.0394, -2.5 -1.6219 0.0, -2.5 -1.6707 0.0, -2.3425 -1.6707 0.0394, -2.3425 -1.6707 0.0, -2.3425 -1.6389 0.0394, -2.3425 -1.6389 0.0, -2.3482 -1.5889 0.0394, -2.3482 -1.5889 0.0, -2.3435 -1.6137 0.0, -2.3435 -1.6137 0.0394, -2.4232 -1.5415 0.0394, -2.4232 -1.5415 0.0, -2.4166 -1.5417 0.0, -2.4166 -1.5417 0.0394, -2.3974 -1.5447 0.0, -2.3974 -1.5447 0.0394, -2.3808 -1.5513 0.0, -2.3808 -1.5513 0.0394, -2.3664 -1.5613 0.0, -2.3664 -1.5613 0.0394, -2.3562 -1.573 0.0, -2.3562 -1.573 0.0394, -2.4991 -1.605 0.0, -2.4991 -1.605 0.0394, -2.4948 -1.5851 0.0, -2.4948 -1.5851 0.0394, -2.4881 -1.5719 0.0, -2.4881 -1.5719 0.0394, -2.4781 -1.5606 0.0, -2.4781 -1.5606 0.0394, -2.4619 -1.5499 0.0, -2.4619 -1.5499 0.0394, -2.4443 -1.5437 0.0, -2.4443 -1.5437 0.0394, -2.3594 -1.6212 0.0394, -2.3631 -1.5971 0.0394, -2.3657 -1.59 0.0394, -2.3725 -1.5783 0.0394, -2.3814 -1.5692 0.0394, -2.393 -1.5619 0.0394, -2.4065 -1.5573 0.0394, -2.4232 -1.5556 0.0394, -2.4272 -1.5557 0.0394, -2.4438 -1.5584 0.0394, -2.4559 -1.5636 0.0394, -2.4664 -1.5715 0.0394, -2.474 -1.5809 0.0394, -2.4798 -1.5935 0.0394, -2.4832 -1.6158 0.0394, -2.4838 -1.6385 0.0394, -2.4838 -1.6566 0.0394, -2.3587 -1.6566 0.0394, -2.3587 -1.6455 0.0394, -2.3587 -1.6566 0.0, -2.4838 -1.6566 0.0, -2.3587 -1.6455 0.0, -2.3594 -1.6212 0.0, -2.3631 -1.5971 0.0, -2.3657 -1.59 0.0, -2.3725 -1.5783 0.0, -2.3814 -1.5692 0.0, -2.393 -1.5619 0.0, -2.4065 -1.5573 0.0, -2.4232 -1.5556 0.0, -2.4272 -1.5557 0.0, -2.4438 -1.5584 0.0, -2.4559 -1.5636 0.0, -2.4664 -1.5715 0.0, -2.474 -1.5809 0.0, -2.4798 -1.5935 0.0, -2.4832 -1.6158 0.0, -2.4838 -1.6385 0.0, -2.5 -1.7878 0.0394, -2.3425 -1.7878 0.0394, -2.5 -1.7878 0.0, -2.3425 -1.7878 0.0, -2.3425 -1.699 0.0394, -2.3425 -1.699 0.0, -2.3587 -1.699 0.0394, -2.3587 -1.699 0.0, -2.3587 -1.7737 0.0394, -2.3587 -1.7737 0.0, -2.4071 -1.7737 0.0394, -2.4071 -1.7737 0.0, -2.4071 -1.699 0.0394, -2.4071 -1.699 0.0, -2.4233 -1.699 0.0394, -2.4233 -1.699 0.0, -2.4233 -1.7737 0.0394, -2.4233 -1.7737 0.0, -2.4838 -1.7737 0.0394, -2.4838 -1.7737 0.0, -2.4838 -1.699 0.0394, -2.4838 -1.699 0.0, -2.5 -1.699 0.0394, -2.5 -1.699 0.0, -2.3714 -1.8201 0.0394, -2.3714 -1.8201 0.0, -2.3686 -1.8223 0.0, -2.3686 -1.8223 0.0394, -2.3556 -1.8354 0.0, -2.3556 -1.8354 0.0394, -2.3454 -1.8528 0.0, -2.3454 -1.8528 0.0394, -2.3412 -1.8654 0.0, -2.3412 -1.8654 0.0394, -2.3385 -1.8888 0.0, -2.3385 -1.8888 0.0394, -2.3809 -1.8325 0.0394, -2.3809 -1.8325 0.0, -2.3546 -1.8897 0.0394, -2.3546 -1.8897 0.0, -2.3549 -1.8833 0.0, -2.3549 -1.8833 0.0394, -2.3576 -1.8677 0.0, -2.3576 -1.8677 0.0394, -2.3604 -1.8596 0.0, -2.3604 -1.8596 0.0394, -2.3684 -1.8455 0.0, -2.3684 -1.8455 0.0394, -2.4214 -1.9594 0.0394, -2.4214 -1.9594 0.0, -2.4138 -1.959 0.0, -2.4138 -1.959 0.0394, -2.3987 -1.9557 0.0, -2.3987 -1.9557 0.0394, -2.3847 -1.9486 0.0, -2.3847 -1.9486 0.0394, -2.3733 -1.9389 0.0, -2.3733 -1.9389 0.0394, -2.3632 -1.9244 0.0, -2.3632 -1.9244 0.0394, -2.3569 -1.9083 0.0, -2.3569 -1.9083 0.0394, -2.4879 -1.8887 0.0394, -2.4879 -1.8887 0.0, -2.487 -1.9011 0.0, -2.487 -1.9011 0.0394, -2.4829 -1.9171 0.0, -2.4829 -1.9171 0.0394, -2.4747 -1.9324 0.0, -2.4747 -1.9324 0.0394, -2.4641 -1.944 0.0, -2.4641 -1.944 0.0394, -2.4519 -1.9524 0.0, -2.4519 -1.9524 0.0394, -2.4388 -1.9573 0.0, -2.4388 -1.9573 0.0394, -2.4616 -1.8325 0.0394, -2.4616 -1.8325 0.0, -2.4704 -1.8412 0.0, -2.4704 -1.8412 0.0394, -2.48 -1.8551 0.0, -2.48 -1.8551 0.0394, -2.4857 -1.8703 0.0, -2.4857 -1.8703 0.0394, -2.471 -1.8201 0.0394, -2.471 -1.8201 0.0, -2.504 -1.8886 0.0394, -2.504 -1.8886 0.0, -2.504 -1.8863 0.0, -2.504 -1.8863 0.0394, -2.502 -1.8703 0.0, -2.5015 -1.8664 0.0394, -2.5015 -1.8664 0.0, -2.4961 -1.8509 0.0, -2.4961 -1.8509 0.0394, -2.4856 -1.834 0.0, -2.4856 -1.834 0.0394, -2.502 -1.9063 0.0, -2.5012 -1.9132 0.0394, -2.5012 -1.9132 0.0, -2.494 -1.9321 0.0394, -2.494 -1.9321 0.0, -2.4831 -1.9473 0.0394, -2.4831 -1.9473 0.0, -2.4765 -1.9536 0.0394, -2.4765 -1.9536 0.0, -2.4203 -1.9736 0.0394, -2.4203 -1.9736 0.0, -2.4411 -1.9713 0.0, -2.4411 -1.9713 0.0394, -2.4593 -1.965 0.0, -2.4593 -1.965 0.0394, -2.3392 -1.9014 0.0, -2.3392 -1.9014 0.0394, -2.3438 -1.9206 0.0, -2.3438 -1.9206 0.0394, -2.3523 -1.9373 0.0, -2.3523 -1.9373 0.0394, -2.3666 -1.9537 0.0, -2.3666 -1.9537 0.0394, -2.3821 -1.9645 0.0, -2.3821 -1.9645 0.0394, -2.3988 -1.9709 0.0, -2.3988 -1.9709 0.0394, -2.5 -2.0664 0.0394, -2.3425 -2.0664 0.0394, -2.5 -2.0664 0.0, -2.3425 -2.0664 0.0, -2.3425 -2.0523 0.0394, -2.3425 -2.0523 0.0, -2.4838 -2.0523 0.0394, -2.4838 -2.0523 0.0, -2.4838 -1.9917 0.0394, -2.4838 -1.9917 0.0, -2.5 -1.9917 0.0394, -2.5 -1.9917 0.0
            ]
        }
        coordIndex [
            0,1,2,-1,0,2,3,-1,3,2,4,-1,3,4,5,-1,5,4,6,-1,5,6,7,-1,7,6,8,-1,7,8,9,-1,9,8,10,-1,9,10,11,-1,11,10,12,-1,11,12,13,-1,13,12,14,-1,13,14,15,-1,16,15,17,-1,17,15,14,-1,18,16,19,-1,19,16,17,-1,20,18,21,-1,21,18,19,-1,22,20,23,-1,23,20,21,-1,24,22,25,-1,25,22,23,-1,24,25,26,-1,26,25,27,-1,26,27,28,-1,28,27,29,-1,28,29,30,-1,30,29,31,-1,30,31,32,-1,32,31,33,-1,32,33,34,-1,34,33,35,-1,34,35,36,-1,36,35,37,-1,36,37,38,-1,38,37,39,-1,31,29,14,-1,40,41,1,-1,1,41,39,-1,14,12,31,-1,31,12,10,-1,31,10,33,-1,33,10,8,-1,33,8,6,-1,39,37,1,-1,1,37,35,-1,1,35,2,-1,2,35,33,-1,2,33,4,-1,4,33,6,-1,21,19,23,-1,23,19,17,-1,23,17,25,-1,25,17,14,-1,25,14,27,-1,27,14,29,-1,5,7,32,-1,42,43,38,-1,38,43,0,-1,38,0,36,-1,36,0,34,-1,20,22,18,-1,18,22,24,-1,18,24,16,-1,16,24,15,-1,34,0,32,-1,32,0,3,-1,32,3,5,-1,24,26,15,-1,15,26,28,-1,15,28,13,-1,13,28,30,-1,13,30,11,-1,11,30,32,-1,11,32,9,-1,9,32,7,-1,40,1,43,-1,43,1,0,-1,42,38,41,-1,41,38,39,-1,44,45,46,-1,46,45,47,-1,48,49,50,-1,50,49,51,-1,52,53,47,-1,47,53,49,-1,47,49,46,-1,46,49,48,-1,54,55,51,-1,51,55,45,-1,51,45,50,-1,50,45,44,-1,52,47,55,-1,55,47,45,-1,53,52,54,-1,54,52,55,-1,49,53,51,-1,51,53,54,-1,56,57,58,-1,56,58,59,-1,59,58,60,-1,59,60,61,-1,61,60,62,-1,61,62,63,-1,63,62,64,-1,63,64,65,-1,65,64,66,-1,65,66,67,-1,67,66,68,-1,67,68,69,-1,69,68,70,-1,69,70,71,-1,72,71,73,-1,73,71,70,-1,74,72,75,-1,75,72,73,-1,76,74,77,-1,77,74,75,-1,78,76,79,-1,79,76,77,-1,80,78,81,-1,81,78,79,-1,80,81,82,-1,82,81,83,-1,82,83,84,-1,84,83,85,-1,84,85,86,-1,86,85,87,-1,86,87,88,-1,88,87,89,-1,88,89,90,-1,90,89,91,-1,90,91,92,-1,92,91,93,-1,92,93,94,-1,94,93,95,-1,87,85,70,-1,96,97,57,-1,57,97,95,-1,70,68,87,-1,87,68,66,-1,87,66,89,-1,89,66,64,-1,89,64,62,-1,85,83,70,-1,70,83,81,-1,70,81,73,-1,73,81,79,-1,73,79,75,-1,75,79,77,-1,95,93,57,-1,57,93,91,-1,57,91,58,-1,58,91,89,-1,58,89,60,-1,60,89,62,-1,88,90,56,-1,98,99,94,-1,94,99,56,-1,94,56,92,-1,92,56,90,-1,74,76,72,-1,72,76,78,-1,72,78,71,-1,71,78,80,-1,56,59,88,-1,88,59,61,-1,88,61,86,-1,86,61,63,-1,86,63,65,-1,80,82,71,-1,71,82,84,-1,71,84,69,-1,69,84,86,-1,69,86,67,-1,67,86,65,-1,96,57,99,-1,99,57,56,-1,98,94,97,-1,97,94,95,-1,100,101,102,-1,102,101,103,-1,104,105,106,-1,106,105,107,-1,108,109,103,-1,103,109,105,-1,103,105,102,-1,102,105,104,-1,110,111,107,-1,107,111,101,-1,107,101,106,-1,106,101,100,-1,108,103,111,-1,111,103,101,-1,109,108,110,-1,110,108,111,-1,105,109,107,-1,107,109,110,-1,112,113,114,-1,112,114,115,-1,115,114,116,-1,115,116,117,-1,117,116,118,-1,117,118,119,-1,119,118,120,-1,119,120,121,-1,121,120,122,-1,121,122,123,-1,123,122,124,-1,123,124,125,-1,125,124,126,-1,125,126,127,-1,128,127,129,-1,129,127,126,-1,130,128,131,-1,131,128,129,-1,132,130,133,-1,133,130,131,-1,134,132,135,-1,135,132,133,-1,136,134,137,-1,137,134,135,-1,136,137,138,-1,138,137,139,-1,138,139,140,-1,140,139,141,-1,140,141,142,-1,142,141,143,-1,142,143,144,-1,144,143,145,-1,144,145,146,-1,146,145,147,-1,146,147,148,-1,148,147,149,-1,148,149,150,-1,150,149,151,-1,143,141,126,-1,152,153,113,-1,113,153,151,-1,126,124,143,-1,143,124,122,-1,143,122,145,-1,145,122,120,-1,145,120,118,-1,151,149,113,-1,113,149,147,-1,113,147,114,-1,114,147,145,-1,114,145,116,-1,116,145,118,-1,133,131,135,-1,135,131,129,-1,135,129,137,-1,137,129,126,-1,137,126,139,-1,139,126,141,-1,117,119,144,-1,154,155,150,-1,150,155,112,-1,150,112,148,-1,148,112,146,-1,132,134,130,-1,130,134,136,-1,130,136,128,-1,128,136,127,-1,146,112,144,-1,144,112,115,-1,144,115,117,-1,136,138,127,-1,127,138,140,-1,127,140,125,-1,125,140,142,-1,125,142,123,-1,123,142,144,-1,123,144,121,-1,121,144,119,-1,152,113,155,-1,155,113,112,-1,154,150,153,-1,153,150,151,-1,156,157,158,-1,158,157,159,-1,160,161,162,-1,162,161,163,-1,164,165,159,-1,159,165,161,-1,159,161,158,-1,158,161,160,-1,166,167,163,-1,163,167,157,-1,163,157,162,-1,162,157,156,-1,164,159,167,-1,167,159,157,-1,165,164,166,-1,166,164,167,-1,161,165,163,-1,163,165,166,-1,168,169,170,-1,168,170,171,-1,171,170,172,-1,171,172,173,-1,173,172,174,-1,173,174,175,-1,175,174,176,-1,175,176,177,-1,177,176,178,-1,177,178,179,-1,179,178,180,-1,179,180,181,-1,181,180,182,-1,181,182,183,-1,184,183,185,-1,185,183,182,-1,186,184,187,-1,187,184,185,-1,188,186,189,-1,189,186,187,-1,190,188,191,-1,191,188,189,-1,192,190,193,-1,193,190,191,-1,192,193,194,-1,194,193,195,-1,194,195,196,-1,196,195,197,-1,196,197,198,-1,198,197,199,-1,198,199,200,-1,200,199,201,-1,200,201,202,-1,202,201,203,-1,202,203,204,-1,204,203,205,-1,204,205,206,-1,206,205,207,-1,199,197,182,-1,208,209,169,-1,169,209,207,-1,182,180,199,-1,199,180,178,-1,199,178,201,-1,201,178,176,-1,201,176,174,-1,197,195,182,-1,182,195,193,-1,182,193,185,-1,185,193,191,-1,185,191,187,-1,187,191,189,-1,207,205,169,-1,169,205,203,-1,169,203,170,-1,170,203,201,-1,170,201,172,-1,172,201,174,-1,200,202,168,-1,210,211,206,-1,206,211,168,-1,206,168,204,-1,204,168,202,-1,186,188,184,-1,184,188,190,-1,184,190,183,-1,183,190,192,-1,168,171,200,-1,200,171,173,-1,200,173,198,-1,198,173,175,-1,198,175,177,-1,192,194,183,-1,183,194,196,-1,183,196,181,-1,181,196,198,-1,181,198,179,-1,179,198,177,-1,208,169,211,-1,211,169,168,-1,210,206,209,-1,209,206,207,-1,212,213,214,-1,214,213,215,-1,216,217,218,-1,218,217,219,-1,220,221,215,-1,215,221,217,-1,215,217,214,-1,214,217,216,-1,222,223,219,-1,219,223,213,-1,219,213,218,-1,218,213,212,-1,220,215,223,-1,223,215,213,-1,221,220,222,-1,222,220,223,-1,217,221,219,-1,219,221,222,-1,224,225,226,-1,224,226,227,-1,227,226,228,-1,227,228,229,-1,229,228,230,-1,229,230,231,-1,231,230,232,-1,231,232,233,-1,233,232,234,-1,233,234,235,-1,235,234,236,-1,235,236,237,-1,237,236,238,-1,237,238,239,-1,240,239,241,-1,241,239,238,-1,242,240,243,-1,243,240,241,-1,244,242,245,-1,245,242,243,-1,246,244,247,-1,247,244,245,-1,248,246,249,-1,249,246,247,-1,248,249,250,-1,250,249,251,-1,250,251,252,-1,252,251,253,-1,252,253,254,-1,254,253,255,-1,254,255,256,-1,256,255,257,-1,256,257,258,-1,258,257,259,-1,258,259,260,-1,260,259,261,-1,260,261,262,-1,262,261,263,-1,255,253,238,-1,264,265,225,-1,225,265,263,-1,238,236,255,-1,255,236,234,-1,255,234,257,-1,257,234,232,-1,257,232,230,-1,263,261,225,-1,225,261,259,-1,225,259,226,-1,226,259,257,-1,226,257,228,-1,228,257,230,-1,245,243,247,-1,247,243,241,-1,247,241,249,-1,249,241,238,-1,249,238,251,-1,251,238,253,-1,229,231,256,-1,266,267,262,-1,262,267,224,-1,262,224,260,-1,260,224,258,-1,244,246,242,-1,242,246,248,-1,242,248,240,-1,240,248,239,-1,258,224,256,-1,256,224,227,-1,256,227,229,-1,248,250,239,-1,239,250,252,-1,239,252,237,-1,237,252,254,-1,237,254,235,-1,235,254,256,-1,235,256,233,-1,233,256,231,-1,264,225,267,-1,267,225,224,-1,266,262,265,-1,265,262,263,-1,268,269,270,-1,270,269,271,-1,272,273,274,-1,274,273,275,-1,276,277,271,-1,271,277,273,-1,271,273,270,-1,270,273,272,-1,278,279,275,-1,275,279,269,-1,275,269,274,-1,274,269,268,-1,276,271,279,-1,279,271,269,-1,277,276,278,-1,278,276,279,-1,273,277,275,-1,275,277,278,-1,280,281,282,-1,280,282,283,-1,283,282,284,-1,283,284,285,-1,285,284,286,-1,285,286,287,-1,287,286,288,-1,287,288,289,-1,289,288,290,-1,289,290,291,-1,291,290,292,-1,291,292,293,-1,293,292,294,-1,293,294,295,-1,296,295,297,-1,297,295,294,-1,298,296,299,-1,299,296,297,-1,300,298,301,-1,301,298,299,-1,302,300,303,-1,303,300,301,-1,304,302,305,-1,305,302,303,-1,304,305,306,-1,306,305,307,-1,306,307,308,-1,308,307,309,-1,308,309,310,-1,310,309,311,-1,310,311,312,-1,312,311,313,-1,312,313,314,-1,314,313,315,-1,314,315,316,-1,316,315,317,-1,316,317,318,-1,318,317,319,-1,311,309,294,-1,320,321,281,-1,281,321,319,-1,294,292,311,-1,311,292,290,-1,311,290,313,-1,313,290,288,-1,313,288,286,-1,309,307,294,-1,294,307,305,-1,294,305,297,-1,297,305,303,-1,297,303,299,-1,299,303,301,-1,319,317,281,-1,281,317,315,-1,281,315,282,-1,282,315,313,-1,282,313,284,-1,284,313,286,-1,312,314,280,-1,322,323,318,-1,318,323,280,-1,318,280,316,-1,316,280,314,-1,298,300,296,-1,296,300,302,-1,296,302,295,-1,295,302,304,-1,280,283,312,-1,312,283,285,-1,312,285,310,-1,310,285,287,-1,310,287,289,-1,304,306,295,-1,295,306,308,-1,295,308,293,-1,293,308,310,-1,293,310,291,-1,291,310,289,-1,320,281,323,-1,323,281,280,-1,322,318,321,-1,321,318,319,-1,324,325,326,-1,326,325,327,-1,328,329,330,-1,330,329,331,-1,332,333,327,-1,327,333,329,-1,327,329,326,-1,326,329,328,-1,334,335,331,-1,331,335,325,-1,331,325,330,-1,330,325,324,-1,332,327,335,-1,335,327,325,-1,333,332,334,-1,334,332,335,-1,329,333,331,-1,331,333,334,-1,336,337,338,-1,336,338,339,-1,339,338,340,-1,339,340,341,-1,341,340,342,-1,341,342,343,-1,343,342,344,-1,343,344,345,-1,345,344,346,-1,345,346,347,-1,347,346,348,-1,347,348,349,-1,349,348,350,-1,349,350,351,-1,352,351,353,-1,353,351,350,-1,354,352,355,-1,355,352,353,-1,356,354,357,-1,357,354,355,-1,358,356,359,-1,359,356,357,-1,360,358,361,-1,361,358,359,-1,360,361,362,-1,362,361,363,-1,362,363,364,-1,364,363,365,-1,364,365,366,-1,366,365,367,-1,366,367,368,-1,368,367,369,-1,368,369,370,-1,370,369,371,-1,370,371,372,-1,372,371,373,-1,372,373,374,-1,374,373,375,-1,367,365,350,-1,376,377,337,-1,337,377,375,-1,350,348,367,-1,367,348,346,-1,367,346,369,-1,369,346,344,-1,369,344,342,-1,375,373,337,-1,337,373,371,-1,337,371,338,-1,338,371,369,-1,338,369,340,-1,340,369,342,-1,357,355,359,-1,359,355,353,-1,359,353,361,-1,361,353,350,-1,361,350,363,-1,363,350,365,-1,341,343,368,-1,378,379,374,-1,374,379,336,-1,374,336,372,-1,372,336,370,-1,356,358,354,-1,354,358,360,-1,354,360,352,-1,352,360,351,-1,370,336,368,-1,368,336,339,-1,368,339,341,-1,360,362,351,-1,351,362,364,-1,351,364,349,-1,349,364,366,-1,349,366,347,-1,347,366,368,-1,347,368,345,-1,345,368,343,-1,376,337,379,-1,379,337,336,-1,378,374,377,-1,377,374,375,-1,380,381,382,-1,382,381,383,-1,384,385,386,-1,386,385,387,-1,388,389,383,-1,383,389,385,-1,383,385,382,-1,382,385,384,-1,390,391,387,-1,387,391,381,-1,387,381,386,-1,386,381,380,-1,388,383,391,-1,391,383,381,-1,389,388,390,-1,390,388,391,-1,385,389,387,-1,387,389,390,-1,392,393,394,-1,392,394,395,-1,395,394,396,-1,395,396,397,-1,397,396,398,-1,397,398,399,-1,399,398,400,-1,399,400,401,-1,401,400,402,-1,401,402,403,-1,403,402,404,-1,403,404,405,-1,405,404,406,-1,405,406,407,-1,408,407,409,-1,409,407,406,-1,410,408,411,-1,411,408,409,-1,412,410,413,-1,413,410,411,-1,414,412,415,-1,415,412,413,-1,416,414,417,-1,417,414,415,-1,416,417,418,-1,418,417,419,-1,418,419,420,-1,420,419,421,-1,420,421,422,-1,422,421,423,-1,422,423,424,-1,424,423,425,-1,424,425,426,-1,426,425,427,-1,426,427,428,-1,428,427,429,-1,428,429,430,-1,430,429,431,-1,423,421,406,-1,432,433,393,-1,393,433,431,-1,406,404,423,-1,423,404,402,-1,423,402,425,-1,425,402,400,-1,425,400,398,-1,421,419,406,-1,406,419,417,-1,406,417,409,-1,409,417,415,-1,409,415,411,-1,411,415,413,-1,431,429,393,-1,393,429,427,-1,393,427,394,-1,394,427,425,-1,394,425,396,-1,396,425,398,-1,424,426,392,-1,434,435,430,-1,430,435,392,-1,430,392,428,-1,428,392,426,-1,410,412,408,-1,408,412,414,-1,408,414,407,-1,407,414,416,-1,392,395,424,-1,424,395,397,-1,424,397,422,-1,422,397,399,-1,422,399,401,-1,416,418,407,-1,407,418,420,-1,407,420,405,-1,405,420,422,-1,405,422,403,-1,403,422,401,-1,432,393,435,-1,435,393,392,-1,434,430,433,-1,433,430,431,-1,436,437,438,-1,438,437,439,-1,440,441,442,-1,442,441,443,-1,444,445,439,-1,439,445,441,-1,439,441,438,-1,438,441,440,-1,446,447,443,-1,443,447,437,-1,443,437,442,-1,442,437,436,-1,444,439,447,-1,447,439,437,-1,445,444,446,-1,446,444,447,-1,441,445,443,-1,443,445,446,-1,448,449,450,-1,448,450,451,-1,451,450,452,-1,451,452,453,-1,453,452,454,-1,453,454,455,-1,455,454,456,-1,455,456,457,-1,457,456,458,-1,457,458,459,-1,459,458,460,-1,459,460,461,-1,461,460,462,-1,461,462,463,-1,464,463,465,-1,465,463,462,-1,466,464,467,-1,467,464,465,-1,468,466,469,-1,469,466,467,-1,470,468,471,-1,471,468,469,-1,472,470,473,-1,473,470,471,-1,472,473,474,-1,474,473,475,-1,474,475,476,-1,476,475,477,-1,476,477,478,-1,478,477,479,-1,478,479,480,-1,480,479,481,-1,480,481,482,-1,482,481,483,-1,482,483,484,-1,484,483,485,-1,484,485,486,-1,486,485,487,-1,479,477,462,-1,488,489,449,-1,449,489,487,-1,462,460,479,-1,479,460,458,-1,479,458,481,-1,481,458,456,-1,481,456,454,-1,487,485,449,-1,449,485,483,-1,449,483,450,-1,450,483,481,-1,450,481,452,-1,452,481,454,-1,469,467,471,-1,471,467,465,-1,471,465,473,-1,473,465,462,-1,473,462,475,-1,475,462,477,-1,453,455,480,-1,490,491,486,-1,486,491,448,-1,486,448,484,-1,484,448,482,-1,468,470,466,-1,466,470,472,-1,466,472,464,-1,464,472,463,-1,482,448,480,-1,480,448,451,-1,480,451,453,-1,472,474,463,-1,463,474,476,-1,463,476,461,-1,461,476,478,-1,461,478,459,-1,459,478,480,-1,459,480,457,-1,457,480,455,-1,488,449,491,-1,491,449,448,-1,490,486,489,-1,489,486,487,-1,492,493,494,-1,494,493,495,-1,496,497,498,-1,498,497,499,-1,500,501,495,-1,495,501,497,-1,495,497,494,-1,494,497,496,-1,502,503,499,-1,499,503,493,-1,499,493,498,-1,498,493,492,-1,500,495,503,-1,503,495,493,-1,501,500,502,-1,502,500,503,-1,497,501,499,-1,499,501,502,-1,504,505,506,-1,504,506,507,-1,507,506,508,-1,507,508,509,-1,509,508,510,-1,509,510,511,-1,511,510,512,-1,511,512,513,-1,513,512,514,-1,513,514,515,-1,515,514,516,-1,515,516,517,-1,517,516,518,-1,517,518,519,-1,520,519,521,-1,521,519,518,-1,522,520,523,-1,523,520,521,-1,524,522,525,-1,525,522,523,-1,526,524,527,-1,527,524,525,-1,528,526,529,-1,529,526,527,-1,528,529,530,-1,530,529,531,-1,530,531,532,-1,532,531,533,-1,532,533,534,-1,534,533,535,-1,534,535,536,-1,536,535,537,-1,536,537,538,-1,538,537,539,-1,538,539,540,-1,540,539,541,-1,540,541,542,-1,542,541,543,-1,535,533,518,-1,544,545,505,-1,505,545,543,-1,518,516,535,-1,535,516,514,-1,535,514,537,-1,537,514,512,-1,537,512,510,-1,533,531,518,-1,518,531,529,-1,518,529,521,-1,521,529,527,-1,521,527,523,-1,523,527,525,-1,543,541,505,-1,505,541,539,-1,505,539,506,-1,506,539,537,-1,506,537,508,-1,508,537,510,-1,536,538,504,-1,546,547,542,-1,542,547,504,-1,542,504,540,-1,540,504,538,-1,522,524,520,-1,520,524,526,-1,520,526,519,-1,519,526,528,-1,504,507,536,-1,536,507,509,-1,536,509,534,-1,534,509,511,-1,534,511,513,-1,528,530,519,-1,519,530,532,-1,519,532,517,-1,517,532,534,-1,517,534,515,-1,515,534,513,-1,544,505,547,-1,547,505,504,-1,546,542,545,-1,545,542,543,-1,548,549,550,-1,550,549,551,-1,552,553,554,-1,554,553,555,-1,556,557,551,-1,551,557,553,-1,551,553,550,-1,550,553,552,-1,558,559,555,-1,555,559,549,-1,555,549,554,-1,554,549,548,-1,556,551,559,-1,559,551,549,-1,557,556,558,-1,558,556,559,-1,553,557,555,-1,555,557,558,-1,560,561,562,-1,560,562,563,-1,563,562,564,-1,563,564,565,-1,565,564,566,-1,565,566,567,-1,567,566,568,-1,567,568,569,-1,569,568,570,-1,569,570,571,-1,571,570,572,-1,571,572,573,-1,573,572,574,-1,573,574,575,-1,576,575,577,-1,577,575,574,-1,578,576,579,-1,579,576,577,-1,580,578,581,-1,581,578,579,-1,582,580,583,-1,583,580,581,-1,584,582,585,-1,585,582,583,-1,584,585,586,-1,586,585,587,-1,586,587,588,-1,588,587,589,-1,588,589,590,-1,590,589,591,-1,590,591,592,-1,592,591,593,-1,592,593,594,-1,594,593,595,-1,594,595,596,-1,596,595,597,-1,596,597,598,-1,598,597,599,-1,591,589,574,-1,600,601,561,-1,561,601,599,-1,574,572,591,-1,591,572,570,-1,591,570,593,-1,593,570,568,-1,593,568,566,-1,599,597,561,-1,561,597,595,-1,561,595,562,-1,562,595,593,-1,562,593,564,-1,564,593,566,-1,581,579,583,-1,583,579,577,-1,583,577,585,-1,585,577,574,-1,585,574,587,-1,587,574,589,-1,565,567,592,-1,602,603,598,-1,598,603,560,-1,598,560,596,-1,596,560,594,-1,580,582,578,-1,578,582,584,-1,578,584,576,-1,576,584,575,-1,594,560,592,-1,592,560,563,-1,592,563,565,-1,584,586,575,-1,575,586,588,-1,575,588,573,-1,573,588,590,-1,573,590,571,-1,571,590,592,-1,571,592,569,-1,569,592,567,-1,600,561,603,-1,603,561,560,-1,602,598,601,-1,601,598,599,-1,604,605,606,-1,606,605,607,-1,608,609,610,-1,610,609,611,-1,612,613,607,-1,607,613,609,-1,607,609,606,-1,606,609,608,-1,614,615,611,-1,611,615,605,-1,611,605,610,-1,610,605,604,-1,612,607,615,-1,615,607,605,-1,613,612,614,-1,614,612,615,-1,609,613,611,-1,611,613,614,-1,616,617,618,-1,616,618,619,-1,619,618,620,-1,619,620,621,-1,621,620,622,-1,621,622,623,-1,623,622,624,-1,623,624,625,-1,625,624,626,-1,625,626,627,-1,627,626,628,-1,627,628,629,-1,629,628,630,-1,629,630,631,-1,632,631,633,-1,633,631,630,-1,634,632,635,-1,635,632,633,-1,636,634,637,-1,637,634,635,-1,638,636,639,-1,639,636,637,-1,640,638,641,-1,641,638,639,-1,640,641,642,-1,642,641,643,-1,642,643,644,-1,644,643,645,-1,644,645,646,-1,646,645,647,-1,646,647,648,-1,648,647,649,-1,648,649,650,-1,650,649,651,-1,650,651,652,-1,652,651,653,-1,652,653,654,-1,654,653,655,-1,647,645,630,-1,656,657,617,-1,617,657,655,-1,630,628,647,-1,647,628,626,-1,647,626,649,-1,649,626,624,-1,649,624,622,-1,645,643,630,-1,630,643,641,-1,630,641,633,-1,633,641,639,-1,633,639,635,-1,635,639,637,-1,655,653,617,-1,617,653,651,-1,617,651,618,-1,618,651,649,-1,618,649,620,-1,620,649,622,-1,648,650,616,-1,658,659,654,-1,654,659,616,-1,654,616,652,-1,652,616,650,-1,634,636,632,-1,632,636,638,-1,632,638,631,-1,631,638,640,-1,616,619,648,-1,648,619,621,-1,648,621,646,-1,646,621,623,-1,646,623,625,-1,640,642,631,-1,631,642,644,-1,631,644,629,-1,629,644,646,-1,629,646,627,-1,627,646,625,-1,656,617,659,-1,659,617,616,-1,658,654,657,-1,657,654,655,-1,660,661,662,-1,662,661,663,-1,664,665,666,-1,666,665,667,-1,668,669,663,-1,663,669,665,-1,663,665,662,-1,662,665,664,-1,670,671,667,-1,667,671,661,-1,667,661,666,-1,666,661,660,-1,668,663,671,-1,671,663,661,-1,669,668,670,-1,670,668,671,-1,665,669,667,-1,667,669,670,-1,672,673,674,-1,672,674,675,-1,675,674,676,-1,675,676,677,-1,677,676,678,-1,677,678,679,-1,679,678,680,-1,679,680,681,-1,681,680,682,-1,681,682,683,-1,683,682,684,-1,683,684,685,-1,685,684,686,-1,685,686,687,-1,688,687,689,-1,689,687,686,-1,690,688,691,-1,691,688,689,-1,692,690,693,-1,693,690,691,-1,694,692,695,-1,695,692,693,-1,696,694,697,-1,697,694,695,-1,696,697,698,-1,698,697,699,-1,698,699,700,-1,700,699,701,-1,700,701,702,-1,702,701,703,-1,702,703,704,-1,704,703,705,-1,704,705,706,-1,706,705,707,-1,706,707,708,-1,708,707,709,-1,708,709,710,-1,710,709,711,-1,703,701,686,-1,712,713,673,-1,673,713,711,-1,686,684,703,-1,703,684,682,-1,703,682,705,-1,705,682,680,-1,705,680,678,-1,711,709,673,-1,673,709,707,-1,673,707,674,-1,674,707,705,-1,674,705,676,-1,676,705,678,-1,693,691,695,-1,695,691,689,-1,695,689,697,-1,697,689,686,-1,697,686,699,-1,699,686,701,-1,677,679,704,-1,714,715,710,-1,710,715,672,-1,710,672,708,-1,708,672,706,-1,692,694,690,-1,690,694,696,-1,690,696,688,-1,688,696,687,-1,706,672,704,-1,704,672,675,-1,704,675,677,-1,696,698,687,-1,687,698,700,-1,687,700,685,-1,685,700,702,-1,685,702,683,-1,683,702,704,-1,683,704,681,-1,681,704,679,-1,712,673,715,-1,715,673,672,-1,714,710,713,-1,713,710,711,-1,716,717,718,-1,718,717,719,-1,720,721,722,-1,722,721,723,-1,724,725,719,-1,719,725,721,-1,719,721,718,-1,718,721,720,-1,726,727,723,-1,723,727,717,-1,723,717,722,-1,722,717,716,-1,724,719,727,-1,727,719,717,-1,725,724,726,-1,726,724,727,-1,721,725,723,-1,723,725,726,-1,728,729,730,-1,728,730,731,-1,731,730,732,-1,731,732,733,-1,733,732,734,-1,733,734,735,-1,735,734,736,-1,735,736,737,-1,737,736,738,-1,737,738,739,-1,739,738,740,-1,739,740,741,-1,741,740,742,-1,741,742,743,-1,744,743,745,-1,745,743,742,-1,746,744,747,-1,747,744,745,-1,748,746,749,-1,749,746,747,-1,750,748,751,-1,751,748,749,-1,752,750,753,-1,753,750,751,-1,752,753,754,-1,754,753,755,-1,754,755,756,-1,756,755,757,-1,756,757,758,-1,758,757,759,-1,758,759,760,-1,760,759,761,-1,760,761,762,-1,762,761,763,-1,762,763,764,-1,764,763,765,-1,764,765,766,-1,766,765,767,-1,759,757,742,-1,768,769,729,-1,729,769,767,-1,742,740,759,-1,759,740,738,-1,759,738,761,-1,761,738,736,-1,761,736,734,-1,757,755,742,-1,742,755,753,-1,742,753,745,-1,745,753,751,-1,745,751,747,-1,747,751,749,-1,767,765,729,-1,729,765,763,-1,729,763,730,-1,730,763,761,-1,730,761,732,-1,732,761,734,-1,760,762,728,-1,770,771,766,-1,766,771,728,-1,766,728,764,-1,764,728,762,-1,746,748,744,-1,744,748,750,-1,744,750,743,-1,743,750,752,-1,728,731,760,-1,760,731,733,-1,760,733,758,-1,758,733,735,-1,758,735,737,-1,752,754,743,-1,743,754,756,-1,743,756,741,-1,741,756,758,-1,741,758,739,-1,739,758,737,-1,768,729,771,-1,771,729,728,-1,770,766,769,-1,769,766,767,-1,772,773,774,-1,774,773,775,-1,776,777,778,-1,778,777,779,-1,780,781,775,-1,775,781,777,-1,775,777,774,-1,774,777,776,-1,782,783,779,-1,779,783,773,-1,779,773,778,-1,778,773,772,-1,780,775,783,-1,783,775,773,-1,781,780,782,-1,782,780,783,-1,777,781,779,-1,779,781,782,-1,784,785,786,-1,784,786,787,-1,787,786,788,-1,787,788,789,-1,789,788,790,-1,789,790,791,-1,791,790,792,-1,791,792,793,-1,793,792,794,-1,793,794,795,-1,795,794,796,-1,795,796,797,-1,797,796,798,-1,797,798,799,-1,800,799,801,-1,801,799,798,-1,802,800,803,-1,803,800,801,-1,804,802,805,-1,805,802,803,-1,806,804,807,-1,807,804,805,-1,808,806,809,-1,809,806,807,-1,808,809,810,-1,810,809,811,-1,810,811,812,-1,812,811,813,-1,812,813,814,-1,814,813,815,-1,814,815,816,-1,816,815,817,-1,816,817,818,-1,818,817,819,-1,818,819,820,-1,820,819,821,-1,820,821,822,-1,822,821,823,-1,815,813,798,-1,824,825,785,-1,785,825,823,-1,798,796,815,-1,815,796,794,-1,815,794,817,-1,817,794,792,-1,817,792,790,-1,823,821,785,-1,785,821,819,-1,785,819,786,-1,786,819,817,-1,786,817,788,-1,788,817,790,-1,805,803,807,-1,807,803,801,-1,807,801,809,-1,809,801,798,-1,809,798,811,-1,811,798,813,-1,789,791,816,-1,826,827,822,-1,822,827,784,-1,822,784,820,-1,820,784,818,-1,804,806,802,-1,802,806,808,-1,802,808,800,-1,800,808,799,-1,818,784,816,-1,816,784,787,-1,816,787,789,-1,808,810,799,-1,799,810,812,-1,799,812,797,-1,797,812,814,-1,797,814,795,-1,795,814,816,-1,795,816,793,-1,793,816,791,-1,824,785,827,-1,827,785,784,-1,826,822,825,-1,825,822,823,-1,828,829,830,-1,830,829,831,-1,832,833,834,-1,834,833,835,-1,836,837,831,-1,831,837,833,-1,831,833,830,-1,830,833,832,-1,838,839,835,-1,835,839,829,-1,835,829,834,-1,834,829,828,-1,836,831,839,-1,839,831,829,-1,837,836,838,-1,838,836,839,-1,833,837,835,-1,835,837,838,-1,840,841,842,-1,840,842,843,-1,843,842,844,-1,843,844,845,-1,845,844,846,-1,845,846,847,-1,847,846,848,-1,847,848,849,-1,849,848,850,-1,849,850,851,-1,851,850,852,-1,851,852,853,-1,853,852,854,-1,853,854,855,-1,856,855,857,-1,857,855,854,-1,858,856,859,-1,859,856,857,-1,860,858,861,-1,861,858,859,-1,862,860,863,-1,863,860,861,-1,864,862,865,-1,865,862,863,-1,864,865,866,-1,866,865,867,-1,866,867,868,-1,868,867,869,-1,868,869,870,-1,870,869,871,-1,870,871,872,-1,872,871,873,-1,872,873,874,-1,874,873,875,-1,874,875,876,-1,876,875,877,-1,876,877,878,-1,878,877,879,-1,871,869,854,-1,880,881,841,-1,841,881,879,-1,854,852,871,-1,871,852,850,-1,871,850,873,-1,873,850,848,-1,873,848,846,-1,869,867,854,-1,854,867,865,-1,854,865,857,-1,857,865,863,-1,857,863,859,-1,859,863,861,-1,879,877,841,-1,841,877,875,-1,841,875,842,-1,842,875,873,-1,842,873,844,-1,844,873,846,-1,872,874,840,-1,882,883,878,-1,878,883,840,-1,878,840,876,-1,876,840,874,-1,858,860,856,-1,856,860,862,-1,856,862,855,-1,855,862,864,-1,840,843,872,-1,872,843,845,-1,872,845,870,-1,870,845,847,-1,870,847,849,-1,864,866,855,-1,855,866,868,-1,855,868,853,-1,853,868,870,-1,853,870,851,-1,851,870,849,-1,880,841,883,-1,883,841,840,-1,882,878,881,-1,881,878,879,-1,884,885,886,-1,886,885,887,-1,888,889,890,-1,890,889,891,-1,892,893,887,-1,887,893,889,-1,887,889,886,-1,886,889,888,-1,894,895,891,-1,891,895,885,-1,891,885,890,-1,890,885,884,-1,892,887,895,-1,895,887,885,-1,893,892,894,-1,894,892,895,-1,889,893,891,-1,891,893,894,-1,896,897,898,-1,896,898,899,-1,899,898,900,-1,899,900,901,-1,901,900,902,-1,901,902,903,-1,903,902,904,-1,903,904,905,-1,905,904,906,-1,905,906,907,-1,907,906,908,-1,907,908,909,-1,909,908,910,-1,909,910,911,-1,912,911,913,-1,913,911,910,-1,914,912,915,-1,915,912,913,-1,916,914,917,-1,917,914,915,-1,918,916,919,-1,919,916,917,-1,920,918,921,-1,921,918,919,-1,920,921,922,-1,922,921,923,-1,922,923,924,-1,924,923,925,-1,924,925,926,-1,926,925,927,-1,926,927,928,-1,928,927,929,-1,928,929,930,-1,930,929,931,-1,930,931,932,-1,932,931,933,-1,932,933,934,-1,934,933,935,-1,927,925,910,-1,936,937,897,-1,897,937,935,-1,910,908,927,-1,927,908,906,-1,927,906,929,-1,929,906,904,-1,929,904,902,-1,935,933,897,-1,897,933,931,-1,897,931,898,-1,898,931,929,-1,898,929,900,-1,900,929,902,-1,917,915,919,-1,919,915,913,-1,919,913,921,-1,921,913,910,-1,921,910,923,-1,923,910,925,-1,901,903,928,-1,938,939,934,-1,934,939,896,-1,934,896,932,-1,932,896,930,-1,916,918,914,-1,914,918,920,-1,914,920,912,-1,912,920,911,-1,930,896,928,-1,928,896,899,-1,928,899,901,-1,920,922,911,-1,911,922,924,-1,911,924,909,-1,909,924,926,-1,909,926,907,-1,907,926,928,-1,907,928,905,-1,905,928,903,-1,936,897,939,-1,939,897,896,-1,938,934,937,-1,937,934,935,-1,940,941,942,-1,942,941,943,-1,944,945,946,-1,946,945,947,-1,948,949,943,-1,943,949,945,-1,943,945,942,-1,942,945,944,-1,950,951,947,-1,947,951,941,-1,947,941,946,-1,946,941,940,-1,948,943,951,-1,951,943,941,-1,949,948,950,-1,950,948,951,-1,945,949,947,-1,947,949,950,-1,952,953,954,-1,952,954,955,-1,955,954,956,-1,955,956,957,-1,957,956,958,-1,957,958,959,-1,959,958,960,-1,959,960,961,-1,961,960,962,-1,961,962,963,-1,963,962,964,-1,963,964,965,-1,965,964,966,-1,965,966,967,-1,968,967,969,-1,969,967,966,-1,970,968,971,-1,971,968,969,-1,972,970,973,-1,973,970,971,-1,974,972,975,-1,975,972,973,-1,976,974,977,-1,977,974,975,-1,976,977,978,-1,978,977,979,-1,978,979,980,-1,980,979,981,-1,980,981,982,-1,982,981,983,-1,982,983,984,-1,984,983,985,-1,984,985,986,-1,986,985,987,-1,986,987,988,-1,988,987,989,-1,988,989,990,-1,990,989,991,-1,983,981,966,-1,992,993,953,-1,953,993,991,-1,966,964,983,-1,983,964,962,-1,983,962,985,-1,985,962,960,-1,985,960,958,-1,981,979,966,-1,966,979,977,-1,966,977,969,-1,969,977,975,-1,969,975,971,-1,971,975,973,-1,991,989,953,-1,953,989,987,-1,953,987,954,-1,954,987,985,-1,954,985,956,-1,956,985,958,-1,984,986,952,-1,994,995,990,-1,990,995,952,-1,990,952,988,-1,988,952,986,-1,970,972,968,-1,968,972,974,-1,968,974,967,-1,967,974,976,-1,952,955,984,-1,984,955,957,-1,984,957,982,-1,982,957,959,-1,982,959,961,-1,976,978,967,-1,967,978,980,-1,967,980,965,-1,965,980,982,-1,965,982,963,-1,963,982,961,-1,992,953,995,-1,995,953,952,-1,994,990,993,-1,993,990,991,-1,996,997,998,-1,998,997,999,-1,1000,1001,1002,-1,1002,1001,1003,-1,1004,1005,999,-1,999,1005,1001,-1,999,1001,998,-1,998,1001,1000,-1,1006,1007,1003,-1,1003,1007,997,-1,1003,997,1002,-1,1002,997,996,-1,1004,999,1007,-1,1007,999,997,-1,1005,1004,1006,-1,1006,1004,1007,-1,1001,1005,1003,-1,1003,1005,1006,-1,1008,1009,1010,-1,1008,1010,1011,-1,1011,1010,1012,-1,1011,1012,1013,-1,1013,1012,1014,-1,1013,1014,1015,-1,1015,1014,1016,-1,1015,1016,1017,-1,1017,1016,1018,-1,1017,1018,1019,-1,1019,1018,1020,-1,1019,1020,1021,-1,1021,1020,1022,-1,1021,1022,1023,-1,1024,1023,1025,-1,1025,1023,1022,-1,1026,1024,1027,-1,1027,1024,1025,-1,1028,1026,1029,-1,1029,1026,1027,-1,1030,1028,1031,-1,1031,1028,1029,-1,1032,1030,1033,-1,1033,1030,1031,-1,1032,1033,1034,-1,1034,1033,1035,-1,1034,1035,1036,-1,1036,1035,1037,-1,1036,1037,1038,-1,1038,1037,1039,-1,1038,1039,1040,-1,1040,1039,1041,-1,1040,1041,1042,-1,1042,1041,1043,-1,1042,1043,1044,-1,1044,1043,1045,-1,1044,1045,1046,-1,1046,1045,1047,-1,1039,1037,1022,-1,1048,1049,1009,-1,1009,1049,1047,-1,1022,1020,1039,-1,1039,1020,1018,-1,1039,1018,1041,-1,1041,1018,1016,-1,1041,1016,1014,-1,1047,1045,1009,-1,1009,1045,1043,-1,1009,1043,1010,-1,1010,1043,1041,-1,1010,1041,1012,-1,1012,1041,1014,-1,1029,1027,1031,-1,1031,1027,1025,-1,1031,1025,1033,-1,1033,1025,1022,-1,1033,1022,1035,-1,1035,1022,1037,-1,1013,1015,1040,-1,1050,1051,1046,-1,1046,1051,1008,-1,1046,1008,1044,-1,1044,1008,1042,-1,1028,1030,1026,-1,1026,1030,1032,-1,1026,1032,1024,-1,1024,1032,1023,-1,1042,1008,1040,-1,1040,1008,1011,-1,1040,1011,1013,-1,1032,1034,1023,-1,1023,1034,1036,-1,1023,1036,1021,-1,1021,1036,1038,-1,1021,1038,1019,-1,1019,1038,1040,-1,1019,1040,1017,-1,1017,1040,1015,-1,1048,1009,1051,-1,1051,1009,1008,-1,1050,1046,1049,-1,1049,1046,1047,-1,1052,1053,1054,-1,1054,1053,1055,-1,1056,1057,1058,-1,1058,1057,1059,-1,1060,1061,1055,-1,1055,1061,1057,-1,1055,1057,1054,-1,1054,1057,1056,-1,1062,1063,1059,-1,1059,1063,1053,-1,1059,1053,1058,-1,1058,1053,1052,-1,1060,1055,1063,-1,1063,1055,1053,-1,1061,1060,1062,-1,1062,1060,1063,-1,1057,1061,1059,-1,1059,1061,1062,-1,1064,1065,1066,-1,1064,1066,1067,-1,1067,1066,1068,-1,1067,1068,1069,-1,1069,1068,1070,-1,1069,1070,1071,-1,1071,1070,1072,-1,1071,1072,1073,-1,1073,1072,1074,-1,1073,1074,1075,-1,1075,1074,1076,-1,1075,1076,1077,-1,1077,1076,1078,-1,1077,1078,1079,-1,1080,1079,1081,-1,1081,1079,1078,-1,1082,1080,1083,-1,1083,1080,1081,-1,1084,1082,1085,-1,1085,1082,1083,-1,1086,1084,1087,-1,1087,1084,1085,-1,1088,1086,1089,-1,1089,1086,1087,-1,1088,1089,1090,-1,1090,1089,1091,-1,1090,1091,1092,-1,1092,1091,1093,-1,1092,1093,1094,-1,1094,1093,1095,-1,1094,1095,1096,-1,1096,1095,1097,-1,1096,1097,1098,-1,1098,1097,1099,-1,1098,1099,1100,-1,1100,1099,1101,-1,1100,1101,1102,-1,1102,1101,1103,-1,1095,1093,1078,-1,1104,1105,1065,-1,1065,1105,1103,-1,1078,1076,1095,-1,1095,1076,1074,-1,1095,1074,1097,-1,1097,1074,1072,-1,1097,1072,1070,-1,1093,1091,1078,-1,1078,1091,1089,-1,1078,1089,1081,-1,1081,1089,1087,-1,1081,1087,1083,-1,1083,1087,1085,-1,1103,1101,1065,-1,1065,1101,1099,-1,1065,1099,1066,-1,1066,1099,1097,-1,1066,1097,1068,-1,1068,1097,1070,-1,1096,1098,1064,-1,1106,1107,1102,-1,1102,1107,1064,-1,1102,1064,1100,-1,1100,1064,1098,-1,1082,1084,1080,-1,1080,1084,1086,-1,1080,1086,1079,-1,1079,1086,1088,-1,1064,1067,1096,-1,1096,1067,1069,-1,1096,1069,1094,-1,1094,1069,1071,-1,1094,1071,1073,-1,1088,1090,1079,-1,1079,1090,1092,-1,1079,1092,1077,-1,1077,1092,1094,-1,1077,1094,1075,-1,1075,1094,1073,-1,1104,1065,1107,-1,1107,1065,1064,-1,1106,1102,1105,-1,1105,1102,1103,-1,1108,1109,1110,-1,1110,1109,1111,-1,1112,1113,1114,-1,1114,1113,1115,-1,1116,1117,1111,-1,1111,1117,1113,-1,1111,1113,1110,-1,1110,1113,1112,-1,1118,1119,1115,-1,1115,1119,1109,-1,1115,1109,1114,-1,1114,1109,1108,-1,1116,1111,1119,-1,1119,1111,1109,-1,1117,1116,1118,-1,1118,1116,1119,-1,1113,1117,1115,-1,1115,1117,1118,-1,1120,1121,1122,-1,1120,1122,1123,-1,1123,1122,1124,-1,1123,1124,1125,-1,1125,1124,1126,-1,1125,1126,1127,-1,1127,1126,1128,-1,1127,1128,1129,-1,1129,1128,1130,-1,1129,1130,1131,-1,1131,1130,1132,-1,1131,1132,1133,-1,1133,1132,1134,-1,1133,1134,1135,-1,1136,1135,1137,-1,1137,1135,1134,-1,1138,1136,1139,-1,1139,1136,1137,-1,1140,1138,1141,-1,1141,1138,1139,-1,1142,1140,1143,-1,1143,1140,1141,-1,1144,1142,1145,-1,1145,1142,1143,-1,1144,1145,1146,-1,1146,1145,1147,-1,1146,1147,1148,-1,1148,1147,1149,-1,1148,1149,1150,-1,1150,1149,1151,-1,1150,1151,1152,-1,1152,1151,1153,-1,1152,1153,1154,-1,1154,1153,1155,-1,1154,1155,1156,-1,1156,1155,1157,-1,1156,1157,1158,-1,1158,1157,1159,-1,1151,1149,1134,-1,1160,1161,1121,-1,1121,1161,1159,-1,1134,1132,1151,-1,1151,1132,1130,-1,1151,1130,1153,-1,1153,1130,1128,-1,1153,1128,1126,-1,1159,1157,1121,-1,1121,1157,1155,-1,1121,1155,1122,-1,1122,1155,1153,-1,1122,1153,1124,-1,1124,1153,1126,-1,1141,1139,1143,-1,1143,1139,1137,-1,1143,1137,1145,-1,1145,1137,1134,-1,1145,1134,1147,-1,1147,1134,1149,-1,1125,1127,1152,-1,1162,1163,1158,-1,1158,1163,1120,-1,1158,1120,1156,-1,1156,1120,1154,-1,1140,1142,1138,-1,1138,1142,1144,-1,1138,1144,1136,-1,1136,1144,1135,-1,1154,1120,1152,-1,1152,1120,1123,-1,1152,1123,1125,-1,1144,1146,1135,-1,1135,1146,1148,-1,1135,1148,1133,-1,1133,1148,1150,-1,1133,1150,1131,-1,1131,1150,1152,-1,1131,1152,1129,-1,1129,1152,1127,-1,1160,1121,1163,-1,1163,1121,1120,-1,1162,1158,1161,-1,1161,1158,1159,-1,1164,1165,1166,-1,1166,1165,1167,-1,1168,1169,1170,-1,1170,1169,1171,-1,1172,1173,1167,-1,1167,1173,1169,-1,1167,1169,1166,-1,1166,1169,1168,-1,1174,1175,1171,-1,1171,1175,1165,-1,1171,1165,1170,-1,1170,1165,1164,-1,1172,1167,1175,-1,1175,1167,1165,-1,1173,1172,1174,-1,1174,1172,1175,-1,1169,1173,1171,-1,1171,1173,1174,-1,1176,1177,1178,-1,1176,1178,1179,-1,1179,1178,1180,-1,1179,1180,1181,-1,1181,1180,1182,-1,1181,1182,1183,-1,1183,1182,1184,-1,1183,1184,1185,-1,1185,1184,1186,-1,1185,1186,1187,-1,1187,1186,1188,-1,1187,1188,1189,-1,1189,1188,1190,-1,1189,1190,1191,-1,1192,1191,1193,-1,1193,1191,1190,-1,1194,1192,1195,-1,1195,1192,1193,-1,1196,1194,1197,-1,1197,1194,1195,-1,1198,1196,1199,-1,1199,1196,1197,-1,1200,1198,1201,-1,1201,1198,1199,-1,1200,1201,1202,-1,1202,1201,1203,-1,1202,1203,1204,-1,1204,1203,1205,-1,1204,1205,1206,-1,1206,1205,1207,-1,1206,1207,1208,-1,1208,1207,1209,-1,1208,1209,1210,-1,1210,1209,1211,-1,1210,1211,1212,-1,1212,1211,1213,-1,1212,1213,1214,-1,1214,1213,1215,-1,1207,1205,1190,-1,1216,1217,1177,-1,1177,1217,1215,-1,1190,1188,1207,-1,1207,1188,1186,-1,1207,1186,1209,-1,1209,1186,1184,-1,1209,1184,1182,-1,1205,1203,1190,-1,1190,1203,1201,-1,1190,1201,1193,-1,1193,1201,1199,-1,1193,1199,1195,-1,1195,1199,1197,-1,1215,1213,1177,-1,1177,1213,1211,-1,1177,1211,1178,-1,1178,1211,1209,-1,1178,1209,1180,-1,1180,1209,1182,-1,1208,1210,1176,-1,1218,1219,1214,-1,1214,1219,1176,-1,1214,1176,1212,-1,1212,1176,1210,-1,1194,1196,1192,-1,1192,1196,1198,-1,1192,1198,1191,-1,1191,1198,1200,-1,1176,1179,1208,-1,1208,1179,1181,-1,1208,1181,1206,-1,1206,1181,1183,-1,1206,1183,1185,-1,1200,1202,1191,-1,1191,1202,1204,-1,1191,1204,1189,-1,1189,1204,1206,-1,1189,1206,1187,-1,1187,1206,1185,-1,1216,1177,1219,-1,1219,1177,1176,-1,1218,1214,1217,-1,1217,1214,1215,-1,1220,1221,1222,-1,1222,1221,1223,-1,1224,1225,1226,-1,1226,1225,1227,-1,1228,1229,1223,-1,1223,1229,1225,-1,1223,1225,1222,-1,1222,1225,1224,-1,1230,1231,1227,-1,1227,1231,1221,-1,1227,1221,1226,-1,1226,1221,1220,-1,1228,1223,1231,-1,1231,1223,1221,-1,1229,1228,1230,-1,1230,1228,1231,-1,1225,1229,1227,-1,1227,1229,1230,-1,1232,1233,1234,-1,1232,1234,1235,-1,1235,1234,1236,-1,1235,1236,1237,-1,1237,1236,1238,-1,1237,1238,1239,-1,1239,1238,1240,-1,1239,1240,1241,-1,1241,1240,1242,-1,1241,1242,1243,-1,1243,1242,1244,-1,1243,1244,1245,-1,1245,1244,1246,-1,1245,1246,1247,-1,1248,1247,1249,-1,1249,1247,1246,-1,1250,1248,1251,-1,1251,1248,1249,-1,1252,1250,1253,-1,1253,1250,1251,-1,1254,1252,1255,-1,1255,1252,1253,-1,1256,1254,1257,-1,1257,1254,1255,-1,1256,1257,1258,-1,1258,1257,1259,-1,1258,1259,1260,-1,1260,1259,1261,-1,1260,1261,1262,-1,1262,1261,1263,-1,1262,1263,1264,-1,1264,1263,1265,-1,1264,1265,1266,-1,1266,1265,1267,-1,1266,1267,1268,-1,1268,1267,1269,-1,1268,1269,1270,-1,1270,1269,1271,-1,1263,1261,1246,-1,1272,1273,1233,-1,1233,1273,1271,-1,1246,1244,1263,-1,1263,1244,1242,-1,1263,1242,1265,-1,1265,1242,1240,-1,1265,1240,1238,-1,1271,1269,1233,-1,1233,1269,1267,-1,1233,1267,1234,-1,1234,1267,1265,-1,1234,1265,1236,-1,1236,1265,1238,-1,1253,1251,1255,-1,1255,1251,1249,-1,1255,1249,1257,-1,1257,1249,1246,-1,1257,1246,1259,-1,1259,1246,1261,-1,1237,1239,1264,-1,1274,1275,1270,-1,1270,1275,1232,-1,1270,1232,1268,-1,1268,1232,1266,-1,1252,1254,1250,-1,1250,1254,1256,-1,1250,1256,1248,-1,1248,1256,1247,-1,1266,1232,1264,-1,1264,1232,1235,-1,1264,1235,1237,-1,1256,1258,1247,-1,1247,1258,1260,-1,1247,1260,1245,-1,1245,1260,1262,-1,1245,1262,1243,-1,1243,1262,1264,-1,1243,1264,1241,-1,1241,1264,1239,-1,1272,1233,1275,-1,1275,1233,1232,-1,1274,1270,1273,-1,1273,1270,1271,-1,1276,1277,1278,-1,1278,1277,1279,-1,1280,1281,1282,-1,1282,1281,1283,-1,1284,1285,1279,-1,1279,1285,1281,-1,1279,1281,1278,-1,1278,1281,1280,-1,1286,1287,1283,-1,1283,1287,1277,-1,1283,1277,1282,-1,1282,1277,1276,-1,1284,1279,1287,-1,1287,1279,1277,-1,1285,1284,1286,-1,1286,1284,1287,-1,1281,1285,1283,-1,1283,1285,1286,-1,1288,1289,1290,-1,1288,1290,1291,-1,1291,1290,1292,-1,1291,1292,1293,-1,1293,1292,1294,-1,1293,1294,1295,-1,1295,1294,1296,-1,1295,1296,1297,-1,1297,1296,1298,-1,1297,1298,1299,-1,1299,1298,1300,-1,1299,1300,1301,-1,1301,1300,1302,-1,1301,1302,1303,-1,1304,1303,1305,-1,1305,1303,1302,-1,1306,1304,1307,-1,1307,1304,1305,-1,1308,1306,1309,-1,1309,1306,1307,-1,1310,1308,1311,-1,1311,1308,1309,-1,1312,1310,1313,-1,1313,1310,1311,-1,1312,1313,1314,-1,1314,1313,1315,-1,1314,1315,1316,-1,1316,1315,1317,-1,1316,1317,1318,-1,1318,1317,1319,-1,1318,1319,1320,-1,1320,1319,1321,-1,1320,1321,1322,-1,1322,1321,1323,-1,1322,1323,1324,-1,1324,1323,1325,-1,1324,1325,1326,-1,1326,1325,1327,-1,1319,1317,1302,-1,1328,1329,1289,-1,1289,1329,1327,-1,1302,1300,1319,-1,1319,1300,1298,-1,1319,1298,1321,-1,1321,1298,1296,-1,1321,1296,1294,-1,1317,1315,1302,-1,1302,1315,1313,-1,1302,1313,1305,-1,1305,1313,1311,-1,1305,1311,1307,-1,1307,1311,1309,-1,1327,1325,1289,-1,1289,1325,1323,-1,1289,1323,1290,-1,1290,1323,1321,-1,1290,1321,1292,-1,1292,1321,1294,-1,1320,1322,1288,-1,1330,1331,1326,-1,1326,1331,1288,-1,1326,1288,1324,-1,1324,1288,1322,-1,1306,1308,1304,-1,1304,1308,1310,-1,1304,1310,1303,-1,1303,1310,1312,-1,1288,1291,1320,-1,1320,1291,1293,-1,1320,1293,1318,-1,1318,1293,1295,-1,1318,1295,1297,-1,1312,1314,1303,-1,1303,1314,1316,-1,1303,1316,1301,-1,1301,1316,1318,-1,1301,1318,1299,-1,1299,1318,1297,-1,1328,1289,1331,-1,1331,1289,1288,-1,1330,1326,1329,-1,1329,1326,1327,-1,1332,1333,1334,-1,1334,1333,1335,-1,1336,1337,1338,-1,1338,1337,1339,-1,1340,1341,1335,-1,1335,1341,1337,-1,1335,1337,1334,-1,1334,1337,1336,-1,1342,1343,1339,-1,1339,1343,1333,-1,1339,1333,1338,-1,1338,1333,1332,-1,1340,1335,1343,-1,1343,1335,1333,-1,1341,1340,1342,-1,1342,1340,1343,-1,1337,1341,1339,-1,1339,1341,1342,-1,1344,1345,1346,-1,1344,1346,1347,-1,1347,1346,1348,-1,1347,1348,1349,-1,1349,1348,1350,-1,1349,1350,1351,-1,1351,1350,1352,-1,1351,1352,1353,-1,1353,1352,1354,-1,1353,1354,1355,-1,1355,1354,1356,-1,1355,1356,1357,-1,1357,1356,1358,-1,1357,1358,1359,-1,1360,1359,1361,-1,1361,1359,1358,-1,1362,1360,1363,-1,1363,1360,1361,-1,1364,1362,1365,-1,1365,1362,1363,-1,1366,1364,1367,-1,1367,1364,1365,-1,1368,1366,1369,-1,1369,1366,1367,-1,1368,1369,1370,-1,1370,1369,1371,-1,1370,1371,1372,-1,1372,1371,1373,-1,1372,1373,1374,-1,1374,1373,1375,-1,1374,1375,1376,-1,1376,1375,1377,-1,1376,1377,1378,-1,1378,1377,1379,-1,1378,1379,1380,-1,1380,1379,1381,-1,1380,1381,1382,-1,1382,1381,1383,-1,1375,1373,1358,-1,1384,1385,1345,-1,1345,1385,1383,-1,1358,1356,1375,-1,1375,1356,1354,-1,1375,1354,1377,-1,1377,1354,1352,-1,1377,1352,1350,-1,1383,1381,1345,-1,1345,1381,1379,-1,1345,1379,1346,-1,1346,1379,1377,-1,1346,1377,1348,-1,1348,1377,1350,-1,1365,1363,1367,-1,1367,1363,1361,-1,1367,1361,1369,-1,1369,1361,1358,-1,1369,1358,1371,-1,1371,1358,1373,-1,1349,1351,1376,-1,1386,1387,1382,-1,1382,1387,1344,-1,1382,1344,1380,-1,1380,1344,1378,-1,1364,1366,1362,-1,1362,1366,1368,-1,1362,1368,1360,-1,1360,1368,1359,-1,1378,1344,1376,-1,1376,1344,1347,-1,1376,1347,1349,-1,1368,1370,1359,-1,1359,1370,1372,-1,1359,1372,1357,-1,1357,1372,1374,-1,1357,1374,1355,-1,1355,1374,1376,-1,1355,1376,1353,-1,1353,1376,1351,-1,1384,1345,1387,-1,1387,1345,1344,-1,1386,1382,1385,-1,1385,1382,1383,-1,1388,1389,1390,-1,1390,1389,1391,-1,1392,1393,1394,-1,1394,1393,1395,-1,1396,1397,1391,-1,1391,1397,1393,-1,1391,1393,1390,-1,1390,1393,1392,-1,1398,1399,1395,-1,1395,1399,1389,-1,1395,1389,1394,-1,1394,1389,1388,-1,1396,1391,1399,-1,1399,1391,1389,-1,1397,1396,1398,-1,1398,1396,1399,-1,1393,1397,1395,-1,1395,1397,1398,-1,1400,1401,1402,-1,1400,1402,1403,-1,1403,1402,1404,-1,1403,1404,1405,-1,1405,1404,1406,-1,1405,1406,1407,-1,1407,1406,1408,-1,1407,1408,1409,-1,1409,1408,1410,-1,1409,1410,1411,-1,1411,1410,1412,-1,1411,1412,1413,-1,1413,1412,1414,-1,1413,1414,1415,-1,1416,1415,1417,-1,1417,1415,1414,-1,1418,1416,1419,-1,1419,1416,1417,-1,1420,1418,1421,-1,1421,1418,1419,-1,1422,1420,1423,-1,1423,1420,1421,-1,1424,1422,1425,-1,1425,1422,1423,-1,1424,1425,1426,-1,1426,1425,1427,-1,1426,1427,1428,-1,1428,1427,1429,-1,1428,1429,1430,-1,1430,1429,1431,-1,1430,1431,1432,-1,1432,1431,1433,-1,1432,1433,1434,-1,1434,1433,1435,-1,1434,1435,1436,-1,1436,1435,1437,-1,1436,1437,1438,-1,1438,1437,1439,-1,1431,1429,1414,-1,1440,1441,1401,-1,1401,1441,1439,-1,1414,1412,1431,-1,1431,1412,1410,-1,1431,1410,1433,-1,1433,1410,1408,-1,1433,1408,1406,-1,1429,1427,1414,-1,1414,1427,1425,-1,1414,1425,1417,-1,1417,1425,1423,-1,1417,1423,1419,-1,1419,1423,1421,-1,1439,1437,1401,-1,1401,1437,1435,-1,1401,1435,1402,-1,1402,1435,1433,-1,1402,1433,1404,-1,1404,1433,1406,-1,1432,1434,1400,-1,1442,1443,1438,-1,1438,1443,1400,-1,1438,1400,1436,-1,1436,1400,1434,-1,1418,1420,1416,-1,1416,1420,1422,-1,1416,1422,1415,-1,1415,1422,1424,-1,1400,1403,1432,-1,1432,1403,1405,-1,1432,1405,1430,-1,1430,1405,1407,-1,1430,1407,1409,-1,1424,1426,1415,-1,1415,1426,1428,-1,1415,1428,1413,-1,1413,1428,1430,-1,1413,1430,1411,-1,1411,1430,1409,-1,1440,1401,1443,-1,1443,1401,1400,-1,1442,1438,1441,-1,1441,1438,1439,-1,1444,1445,1446,-1,1446,1445,1447,-1,1448,1449,1450,-1,1450,1449,1451,-1,1452,1453,1447,-1,1447,1453,1449,-1,1447,1449,1446,-1,1446,1449,1448,-1,1454,1455,1451,-1,1451,1455,1445,-1,1451,1445,1450,-1,1450,1445,1444,-1,1452,1447,1455,-1,1455,1447,1445,-1,1453,1452,1454,-1,1454,1452,1455,-1,1449,1453,1451,-1,1451,1453,1454,-1,1456,1457,1458,-1,1458,1457,1459,-1,1457,1460,1459,-1,1459,1460,1461,-1,1460,1462,1461,-1,1461,1462,1463,-1,1462,1464,1463,-1,1463,1464,1465,-1,1464,1466,1465,-1,1465,1466,1467,-1,1466,1468,1467,-1,1467,1468,1469,-1,1468,1470,1469,-1,1469,1470,1471,-1,1470,1456,1471,-1,1471,1456,1458,-1,1457,1456,1472,-1,1472,1473,1457,-1,1457,1473,1474,-1,1457,1474,1460,-1,1470,1468,1466,-1,1462,1460,1464,-1,1464,1460,1474,-1,1464,1474,1466,-1,1466,1474,1472,-1,1466,1472,1470,-1,1470,1472,1456,-1,1474,1473,1475,-1,1475,1473,1476,-1,1472,1474,1477,-1,1477,1474,1475,-1,1473,1472,1476,-1,1476,1472,1477,-1,1478,1479,1480,-1,1480,1479,1481,-1,1479,1482,1481,-1,1481,1482,1483,-1,1482,1484,1483,-1,1483,1484,1485,-1,1486,1487,1488,-1,1486,1488,1489,-1,1489,1488,1485,-1,1489,1485,1484,-1,1490,1491,1492,-1,1490,1492,1493,-1,1493,1492,1494,-1,1493,1494,1495,-1,1495,1494,1496,-1,1495,1496,1497,-1,1497,1496,1498,-1,1497,1498,1499,-1,1499,1498,1500,-1,1499,1500,1501,-1,1501,1500,1487,-1,1501,1487,1486,-1,1478,1480,1502,-1,1478,1502,1503,-1,1503,1502,1504,-1,1503,1504,1505,-1,1505,1504,1506,-1,1505,1506,1507,-1,1507,1506,1508,-1,1507,1508,1509,-1,1509,1508,1510,-1,1509,1510,1511,-1,1511,1510,1512,-1,1511,1512,1513,-1,1513,1512,1491,-1,1513,1491,1490,-1,1514,1515,1486,-1,1486,1515,1516,-1,1486,1516,1501,-1,1501,1516,1517,-1,1501,1517,1499,-1,1499,1517,1518,-1,1499,1518,1497,-1,1497,1518,1519,-1,1497,1519,1495,-1,1495,1519,1520,-1,1495,1520,1493,-1,1493,1520,1521,-1,1493,1521,1490,-1,1490,1521,1522,-1,1490,1522,1513,-1,1513,1522,1523,-1,1513,1523,1511,-1,1511,1523,1524,-1,1511,1524,1509,-1,1509,1524,1525,-1,1509,1525,1507,-1,1507,1525,1526,-1,1507,1526,1505,-1,1505,1526,1527,-1,1505,1527,1503,-1,1503,1527,1528,-1,1503,1528,1478,-1,1478,1528,1529,-1,1478,1529,1479,-1,1479,1529,1530,-1,1479,1530,1482,-1,1482,1530,1531,-1,1482,1531,1484,-1,1484,1531,1532,-1,1484,1532,1489,-1,1489,1532,1514,-1,1489,1514,1486,-1,1531,1530,1533,-1,1533,1530,1534,-1,1532,1531,1535,-1,1535,1531,1533,-1,1532,1535,1536,-1,1532,1536,1514,-1,1514,1536,1537,-1,1514,1537,1515,-1,1515,1537,1538,-1,1515,1538,1516,-1,1516,1538,1539,-1,1516,1539,1517,-1,1517,1539,1540,-1,1517,1540,1518,-1,1518,1540,1541,-1,1518,1541,1519,-1,1519,1541,1542,-1,1519,1542,1520,-1,1520,1542,1543,-1,1520,1543,1521,-1,1521,1543,1544,-1,1521,1544,1522,-1,1522,1544,1545,-1,1522,1545,1523,-1,1523,1545,1546,-1,1523,1546,1524,-1,1524,1546,1547,-1,1524,1547,1525,-1,1525,1547,1548,-1,1525,1548,1526,-1,1526,1548,1549,-1,1526,1549,1527,-1,1527,1549,1550,-1,1527,1550,1528,-1,1528,1550,1551,-1,1528,1551,1529,-1,1530,1529,1534,-1,1534,1529,1551,-1,1552,1553,1554,-1,1554,1553,1555,-1,1553,1556,1555,-1,1555,1556,1557,-1,1556,1558,1557,-1,1557,1558,1559,-1,1558,1560,1559,-1,1559,1560,1561,-1,1560,1562,1561,-1,1561,1562,1563,-1,1562,1564,1563,-1,1563,1564,1565,-1,1564,1566,1565,-1,1565,1566,1567,-1,1566,1568,1567,-1,1567,1568,1569,-1,1568,1570,1569,-1,1569,1570,1571,-1,1570,1572,1571,-1,1571,1572,1573,-1,1572,1574,1573,-1,1573,1574,1575,-1,1574,1552,1575,-1,1575,1552,1554,-1,1552,1574,1572,-1,1572,1570,1552,-1,1552,1570,1568,-1,1552,1568,1553,-1,1558,1556,1560,-1,1560,1556,1553,-1,1560,1553,1562,-1,1562,1553,1568,-1,1562,1568,1564,-1,1564,1568,1566,-1,1576,1577,1578,-1,1576,1578,1579,-1,1579,1578,1580,-1,1579,1580,1581,-1,1581,1580,1582,-1,1581,1582,1583,-1,1583,1582,1584,-1,1583,1584,1585,-1,1585,1584,1586,-1,1585,1586,1587,-1,1576,1588,1577,-1,1577,1588,1589,-1,1590,1591,1592,-1,1590,1592,1593,-1,1593,1592,1594,-1,1593,1594,1595,-1,1595,1594,1596,-1,1595,1596,1597,-1,1597,1596,1598,-1,1597,1598,1599,-1,1599,1598,1589,-1,1599,1589,1588,-1,1600,1601,1602,-1,1600,1602,1603,-1,1603,1602,1604,-1,1603,1604,1605,-1,1605,1604,1606,-1,1605,1606,1607,-1,1607,1606,1608,-1,1607,1608,1609,-1,1609,1608,1610,-1,1609,1610,1611,-1,1611,1610,1612,-1,1611,1612,1613,-1,1613,1612,1591,-1,1613,1591,1590,-1,1614,1615,1616,-1,1614,1616,1617,-1,1617,1616,1618,-1,1617,1618,1619,-1,1619,1618,1620,-1,1619,1620,1621,-1,1621,1620,1622,-1,1621,1622,1623,-1,1623,1622,1624,-1,1623,1624,1625,-1,1625,1624,1626,-1,1625,1626,1627,-1,1627,1626,1601,-1,1627,1601,1600,-1,1628,1629,1630,-1,1628,1630,1631,-1,1631,1630,1632,-1,1631,1632,1633,-1,1633,1632,1634,-1,1633,1634,1635,-1,1635,1634,1615,-1,1635,1615,1614,-1,1628,1636,1629,-1,1629,1636,1637,-1,1638,1639,1640,-1,1638,1640,1641,-1,1641,1640,1642,-1,1641,1642,1643,-1,1642,1644,1643,-1,1643,1644,1645,-1,1643,1645,1646,-1,1646,1645,1647,-1,1646,1647,1648,-1,1648,1647,1637,-1,1648,1637,1636,-1,1639,1638,1649,-1,1649,1638,1650,-1,1649,1650,1651,-1,1651,1650,1652,-1,1651,1652,1653,-1,1653,1652,1654,-1,1653,1654,1655,-1,1655,1654,1656,-1,1655,1656,1657,-1,1658,1659,1660,-1,1658,1660,1661,-1,1661,1660,1662,-1,1661,1662,1663,-1,1663,1662,1657,-1,1663,1657,1656,-1,1587,1586,1664,-1,1587,1664,1665,-1,1665,1664,1666,-1,1665,1666,1667,-1,1667,1666,1668,-1,1667,1668,1669,-1,1669,1668,1670,-1,1669,1670,1671,-1,1671,1670,1672,-1,1671,1672,1673,-1,1673,1672,1674,-1,1673,1674,1675,-1,1675,1674,1659,-1,1675,1659,1658,-1,1588,1576,1579,-1,1636,1628,1648,-1,1648,1628,1631,-1,1648,1631,1646,-1,1646,1631,1633,-1,1646,1633,1643,-1,1643,1633,1635,-1,1643,1635,1641,-1,1641,1635,1614,-1,1588,1579,1599,-1,1599,1579,1581,-1,1599,1581,1597,-1,1597,1581,1583,-1,1597,1583,1595,-1,1595,1583,1585,-1,1595,1585,1593,-1,1593,1585,1587,-1,1593,1587,1590,-1,1590,1587,1665,-1,1590,1665,1613,-1,1613,1665,1667,-1,1613,1667,1611,-1,1611,1667,1669,-1,1611,1669,1609,-1,1609,1669,1671,-1,1609,1671,1607,-1,1607,1671,1673,-1,1607,1673,1605,-1,1605,1673,1675,-1,1605,1675,1603,-1,1603,1675,1658,-1,1603,1658,1600,-1,1600,1658,1627,-1,1627,1658,1661,-1,1627,1661,1625,-1,1625,1661,1663,-1,1625,1663,1623,-1,1623,1663,1656,-1,1623,1656,1621,-1,1621,1656,1654,-1,1621,1654,1619,-1,1619,1654,1652,-1,1619,1652,1617,-1,1617,1652,1650,-1,1617,1650,1614,-1,1614,1650,1638,-1,1614,1638,1641,-1,1676,1677,1678,-1,1678,1677,1679,-1,1677,1680,1679,-1,1679,1680,1681,-1,1680,1682,1681,-1,1681,1682,1683,-1,1682,1684,1683,-1,1683,1684,1685,-1,1684,1686,1685,-1,1685,1686,1687,-1,1686,1676,1687,-1,1687,1676,1678,-1,1680,1677,1682,-1,1682,1677,1676,-1,1682,1676,1684,-1,1684,1676,1686,-1,
        ]
    }
}
Shape{
    appearance Appearance {
        material  Material 	{
            diffuseColor 0.14901960784313725 0.14901960784313725 0.14901960784313725
            specularColor 0.07450980392156863 0.07450980392156863 0.07450980392156863
            ambientIntensity 0.149
            transparency 0.0
            shininess 0.5
        }
    }
    geometry IndexedFaceSet {
        ccw TRUE
        solid FALSE
        coord DEF co Coordinate {
            point [
                -2.3732 -1.4457 0.0, -2.4334 -1.4743 0.0, -2.4334 -1.418 0.0, -2.3587 -1.6566 0.0, -2.4838 -1.6566 0.0, -2.3587 -1.6455 0.0, -2.4838 -1.6385 0.0, -2.3594 -1.6212 0.0, -2.4832 -1.6158 0.0, -2.3631 -1.5971 0.0, -2.4559 -1.5636 0.0, -2.4438 -1.5584 0.0, -2.4272 -1.5557 0.0, -2.4232 -1.5556 0.0, -2.4798 -1.5935 0.0, -2.474 -1.5809 0.0, -2.4664 -1.5715 0.0, -2.4065 -1.5573 0.0, -2.393 -1.5619 0.0, -2.3814 -1.5692 0.0, -2.3725 -1.5783 0.0, -2.3657 -1.59 0.0
            ]
        }
        coordIndex [
            0,1,2,-1,3,4,5,-1,5,4,6,-1,5,6,7,-1,7,6,8,-1,7,8,9,-1,10,11,8,-1,8,11,12,-1,8,12,13,-1,14,15,8,-1,8,15,16,-1,8,16,10,-1,13,17,8,-1,8,17,18,-1,8,18,19,-1,19,20,8,-1,8,20,21,-1,8,21,9,-1,
        ]
    }
}