ISO-10303-21;
HEADER;
FILE_DESCRIPTION(('Designed by EasyEDA Pro'),'2;1');
FILE_NAME('Open CASCADE Shape Model','2026-07-02T10:24:45',('Author'),(
    'Open CASCADE'),'Open CASCADE STEP processor 7.8','Open CASCADE 7.8'
  ,'Unknown');
FILE_SCHEMA(('AUTOMOTIVE_DESIGN { 1 0 10303 214 1 1 1 1 }'));
ENDSEC;
DATA;

#1 = APPLICATION_PROTOCOL_DEFINITION('international standard',  'automotive_design',2000,#2);
#2 = APPLICATION_CONTEXT(  'core data for automotive mechanical design processes');
#3 = SHAPE_DEFINITION_REPRESENTATION(#4,#10);
#4 = PRODUCT_DEFINITION_SHAPE('','',#5);
#5 = PRODUCT_DEFINITION('design','',#6,#9);
#6 = PRODUCT_DEFINITION_FORMATION('','',#7);
#7 = PRODUCT('EasyEDA PCB Model~lYoP','EasyEDA PCB Model~lYoP','',(#8));
#8 = PRODUCT_CONTEXT('',#2,'mechanical');
#9 = PRODUCT_DEFINITION_CONTEXT('part definition',#2,'design');
#10=SHAPE_REPRESENTATION('',(#11,#15,#19,#23,#27,#31,#35,#39,#14877,#14889),#43);
#11 = AXIS2_PLACEMENT_3D('',#12,#13,#14);
#12 = CARTESIAN_POINT('',(0.,0.,0.));
#13 = DIRECTION('',(0.,0.,1.));
#14 = DIRECTION('',(1.,0.,-0.));
#15 = AXIS2_PLACEMENT_3D('',#16,#17,#18);
#16 = CARTESIAN_POINT('',(0.,0.,0.));
#17 = DIRECTION('',(0.,0.,1.));
#18 = DIRECTION('',(1.,0.,-0.));
#19 = AXIS2_PLACEMENT_3D('',#20,#21,#22);
#20 = CARTESIAN_POINT('',(0.,0.,0.));
#21 = DIRECTION('',(0.,0.,1.));
#22 = DIRECTION('',(1.,0.,-0.));
#23 = AXIS2_PLACEMENT_3D('',#24,#25,#26);
#24 = CARTESIAN_POINT('',(0.,0.,0.));
#25 = DIRECTION('',(0.,0.,1.));
#26 = DIRECTION('',(1.,0.,-0.));
#27 = AXIS2_PLACEMENT_3D('',#28,#29,#30);
#28 = CARTESIAN_POINT('',(0.,0.,0.));
#29 = DIRECTION('',(0.,0.,1.));
#30 = DIRECTION('',(1.,0.,-0.));
#31 = AXIS2_PLACEMENT_3D('',#32,#33,#34);
#32 = CARTESIAN_POINT('',(0.,0.,0.));
#33 = DIRECTION('',(0.,0.,1.));
#34 = DIRECTION('',(1.,0.,-0.));
#35 = AXIS2_PLACEMENT_3D('',#36,#37,#38);
#36 = CARTESIAN_POINT('',(0.,0.,0.));
#37 = DIRECTION('',(0.,0.,1.));
#38 = DIRECTION('',(1.,0.,-0.));
#39 = AXIS2_PLACEMENT_3D('',#40,#41,#42);
#40 = CARTESIAN_POINT('',(0.,0.,0.));
#41 = DIRECTION('',(0.,0.,1.));
#42 = DIRECTION('',(1.,0.,-0.));
#43 = ( GEOMETRIC_REPRESENTATION_CONTEXT(3) GLOBAL_UNCERTAINTY_ASSIGNED_CONTEXT((#47)) GLOBAL_UNIT_ASSIGNED_CONTEXT((#44,#45,#46)) REPRESENTATION_CONTEXT('Context #1',  '3D Context with UNIT and UNCERTAINTY') );
#44 = ( LENGTH_UNIT() NAMED_UNIT(*) SI_UNIT(.MILLI.,.METRE.) );
#45 = ( NAMED_UNIT(*) PLANE_ANGLE_UNIT() SI_UNIT($,.RADIAN.) );
#46 = ( NAMED_UNIT(*) SI_UNIT($,.STERADIAN.) SOLID_ANGLE_UNIT() );
#47 = UNCERTAINTY_MEASURE_WITH_UNIT(LENGTH_MEASURE(1.E-07),#44,  'distance_accuracy_value','confusion accuracy');
#48 = PRODUCT_RELATED_PRODUCT_CATEGORY('part',$,(#7));
#49 = SHAPE_DEFINITION_REPRESENTATION(#50,#56);
#50 = PRODUCT_DEFINITION_SHAPE('','',#51);
#51 = PRODUCT_DEFINITION('design','',#52,#55);
#52 = PRODUCT_DEFINITION_FORMATION('','',#53);
#53 = PRODUCT('Board~lYoP','Board~lYoP','',(#54));
#54 = PRODUCT_CONTEXT('',#2,'mechanical');
#55 = PRODUCT_DEFINITION_CONTEXT('part definition',#2,'design');
#56 = ADVANCED_BREP_SHAPE_REPRESENTATION('',(#11,#57),#207);
#57 = MANIFOLD_SOLID_BREP('',#58);
#58 = CLOSED_SHELL('',(#59,#99,#130,#161,#183,#195));
#59 = ADVANCED_FACE('',(#60),#94,.T.);
#60 = FACE_BOUND('',#61,.T.);
#61 = EDGE_LOOP('',(#62,#72,#80,#88));
#62 = ORIENTED_EDGE('',*,*,#63,.T.);
#63 = EDGE_CURVE('',#64,#66,#68,.T.);
#64 = VERTEX_POINT('',#65);
#65 = CARTESIAN_POINT('',(-4.407353314707,3.439420878842,0.));
#66 = VERTEX_POINT('',#67);
#67 = CARTESIAN_POINT('',(-4.407353314707,3.439420878842,1.600028244856)  );
#68 = LINE('',#69,#70);
#69 = CARTESIAN_POINT('',(-4.407353314707,3.439420878842,0.));
#70 = VECTOR('',#71,1.);
#71 = DIRECTION('',(0.,0.,1.));
#72 = ORIENTED_EDGE('',*,*,#73,.T.);
#73 = EDGE_CURVE('',#66,#74,#76,.T.);
#74 = VERTEX_POINT('',#75);
#75 = CARTESIAN_POINT('',(4.407353314707,3.439420878842,1.600028244856)  );
#76 = LINE('',#77,#78);
#77 = CARTESIAN_POINT('',(-4.407353314707,3.439420878842,1.600028244856)  );
#78 = VECTOR('',#79,1.);
#79 = DIRECTION('',(1.,0.,0.));
#80 = ORIENTED_EDGE('',*,*,#81,.F.);
#81 = EDGE_CURVE('',#82,#74,#84,.T.);
#82 = VERTEX_POINT('',#83);
#83 = CARTESIAN_POINT('',(4.407353314707,3.439420878842,0.));
#84 = LINE('',#85,#86);
#85 = CARTESIAN_POINT('',(4.407353314707,3.439420878842,0.));
#86 = VECTOR('',#87,1.);
#87 = DIRECTION('',(0.,0.,1.));
#88 = ORIENTED_EDGE('',*,*,#89,.F.);
#89 = EDGE_CURVE('',#64,#82,#90,.T.);
#90 = LINE('',#91,#92);
#91 = CARTESIAN_POINT('',(-4.407353314707,3.439420878842,0.));
#92 = VECTOR('',#93,1.);
#93 = DIRECTION('',(1.,0.,0.));
#94 = PLANE('',#95);
#95 = AXIS2_PLACEMENT_3D('',#96,#97,#98);
#96 = CARTESIAN_POINT('',(-4.407353314707,3.439420878842,0.));
#97 = DIRECTION('',(0.,1.,0.));
#98 = DIRECTION('',(1.,0.,0.));
#99 = ADVANCED_FACE('',(#100),#125,.T.);
#100 = FACE_BOUND('',#101,.T.);
#101 = EDGE_LOOP('',(#102,#103,#111,#119));
#102 = ORIENTED_EDGE('',*,*,#81,.T.);
#103 = ORIENTED_EDGE('',*,*,#104,.T.);
#104 = EDGE_CURVE('',#74,#105,#107,.T.);
#105 = VERTEX_POINT('',#106);
#106 = CARTESIAN_POINT('',(4.407353314707,-3.439420878842,1.600028244856    ));
#107 = LINE('',#108,#109);
#108 = CARTESIAN_POINT('',(4.407353314707,3.439420878842,1.600028244856)  );
#109 = VECTOR('',#110,1.);
#110 = DIRECTION('',(1.291174373517E-16,-1.,0.));
#111 = ORIENTED_EDGE('',*,*,#112,.F.);
#112 = EDGE_CURVE('',#113,#105,#115,.T.);
#113 = VERTEX_POINT('',#114);
#114 = CARTESIAN_POINT('',(4.407353314707,-3.439420878842,0.));
#115 = LINE('',#116,#117);
#116 = CARTESIAN_POINT('',(4.407353314707,-3.439420878842,0.));
#117 = VECTOR('',#118,1.);
#118 = DIRECTION('',(0.,0.,1.));
#119 = ORIENTED_EDGE('',*,*,#120,.F.);
#120 = EDGE_CURVE('',#82,#113,#121,.T.);
#121 = LINE('',#122,#123);
#122 = CARTESIAN_POINT('',(4.407353314707,3.439420878842,0.));
#123 = VECTOR('',#124,1.);
#124 = DIRECTION('',(1.291174373517E-16,-1.,0.));
#125 = PLANE('',#126);
#126 = AXIS2_PLACEMENT_3D('',#127,#128,#129);
#127 = CARTESIAN_POINT('',(4.407353314707,3.439420878842,0.));
#128 = DIRECTION('',(1.,1.291174373517E-16,-0.));
#129 = DIRECTION('',(1.291174373517E-16,-1.,0.));
#130 = ADVANCED_FACE('',(#131),#156,.T.);
#131 = FACE_BOUND('',#132,.T.);
#132 = EDGE_LOOP('',(#133,#134,#142,#150));
#133 = ORIENTED_EDGE('',*,*,#112,.T.);
#134 = ORIENTED_EDGE('',*,*,#135,.T.);
#135 = EDGE_CURVE('',#105,#136,#138,.T.);
#136 = VERTEX_POINT('',#137);
#137 = CARTESIAN_POINT('',(-4.407353314707,-3.439420878842,    1.600028244856));
#138 = LINE('',#139,#140);
#139 = CARTESIAN_POINT('',(4.407353314707,-3.439420878842,1.600028244856    ));
#140 = VECTOR('',#141,1.);
#141 = DIRECTION('',(-1.,0.,0.));
#142 = ORIENTED_EDGE('',*,*,#143,.F.);
#143 = EDGE_CURVE('',#144,#136,#146,.T.);
#144 = VERTEX_POINT('',#145);
#145 = CARTESIAN_POINT('',(-4.407353314707,-3.439420878842,0.));
#146 = LINE('',#147,#148);
#147 = CARTESIAN_POINT('',(-4.407353314707,-3.439420878842,0.));
#148 = VECTOR('',#149,1.);
#149 = DIRECTION('',(0.,0.,1.));
#150 = ORIENTED_EDGE('',*,*,#151,.F.);
#151 = EDGE_CURVE('',#113,#144,#152,.T.);
#152 = LINE('',#153,#154);
#153 = CARTESIAN_POINT('',(4.407353314707,-3.439420878842,0.));
#154 = VECTOR('',#155,1.);
#155 = DIRECTION('',(-1.,0.,0.));
#156 = PLANE('',#157);
#157 = AXIS2_PLACEMENT_3D('',#158,#159,#160);
#158 = CARTESIAN_POINT('',(4.407353314707,-3.439420878842,0.));
#159 = DIRECTION('',(0.,-1.,0.));
#160 = DIRECTION('',(-1.,0.,0.));
#161 = ADVANCED_FACE('',(#162),#178,.T.);
#162 = FACE_BOUND('',#163,.T.);
#163 = EDGE_LOOP('',(#164,#165,#171,#172));
#164 = ORIENTED_EDGE('',*,*,#143,.T.);
#165 = ORIENTED_EDGE('',*,*,#166,.T.);
#166 = EDGE_CURVE('',#136,#66,#167,.T.);
#167 = LINE('',#168,#169);
#168 = CARTESIAN_POINT('',(-4.407353314707,-3.439420878842,    1.600028244856));
#169 = VECTOR('',#170,1.);
#170 = DIRECTION('',(1.291174373517E-16,1.,0.));
#171 = ORIENTED_EDGE('',*,*,#63,.F.);
#172 = ORIENTED_EDGE('',*,*,#173,.F.);
#173 = EDGE_CURVE('',#144,#64,#174,.T.);
#174 = LINE('',#175,#176);
#175 = CARTESIAN_POINT('',(-4.407353314707,-3.439420878842,0.));
#176 = VECTOR('',#177,1.);
#177 = DIRECTION('',(1.291174373517E-16,1.,0.));
#178 = PLANE('',#179);
#179 = AXIS2_PLACEMENT_3D('',#180,#181,#182);
#180 = CARTESIAN_POINT('',(-4.407353314707,-3.439420878842,0.));
#181 = DIRECTION('',(-1.,1.291174373517E-16,0.));
#182 = DIRECTION('',(1.291174373517E-16,1.,0.));
#183 = ADVANCED_FACE('',(#184),#190,.T.);
#184 = FACE_BOUND('',#185,.T.);
#185 = EDGE_LOOP('',(#186,#187,#188,#189));
#186 = ORIENTED_EDGE('',*,*,#89,.T.);
#187 = ORIENTED_EDGE('',*,*,#120,.T.);
#188 = ORIENTED_EDGE('',*,*,#151,.T.);
#189 = ORIENTED_EDGE('',*,*,#173,.T.);
#190 = PLANE('',#191);
#191 = AXIS2_PLACEMENT_3D('',#192,#193,#194);
#192 = CARTESIAN_POINT('',(5.659513054615E-17,3.395707832769E-15,0.));
#193 = DIRECTION('',(-0.,-0.,-1.));
#194 = DIRECTION('',(-1.,0.,0.));
#195 = ADVANCED_FACE('',(#196),#202,.F.);
#196 = FACE_BOUND('',#197,.F.);
#197 = EDGE_LOOP('',(#198,#199,#200,#201));
#198 = ORIENTED_EDGE('',*,*,#73,.T.);
#199 = ORIENTED_EDGE('',*,*,#104,.T.);
#200 = ORIENTED_EDGE('',*,*,#135,.T.);
#201 = ORIENTED_EDGE('',*,*,#166,.T.);
#202 = PLANE('',#203);
#203 = AXIS2_PLACEMENT_3D('',#204,#205,#206);
#204 = CARTESIAN_POINT('',(5.659513054615E-17,3.395707832769E-15,    1.600028244856));
#205 = DIRECTION('',(-0.,-0.,-1.));
#206 = DIRECTION('',(-1.,0.,0.));
#207 = ( GEOMETRIC_REPRESENTATION_CONTEXT(3) GLOBAL_UNCERTAINTY_ASSIGNED_CONTEXT((#211)) GLOBAL_UNIT_ASSIGNED_CONTEXT((#208,#209,#210)) REPRESENTATION_CONTEXT('Context #1',  '3D Context with UNIT and UNCERTAINTY') );
#208 = ( LENGTH_UNIT() NAMED_UNIT(*) SI_UNIT(.MILLI.,.METRE.) );
#209 = ( NAMED_UNIT(*) PLANE_ANGLE_UNIT() SI_UNIT($,.RADIAN.) );
#210 = ( NAMED_UNIT(*) SI_UNIT($,.STERADIAN.) SOLID_ANGLE_UNIT() );
#211 = UNCERTAINTY_MEASURE_WITH_UNIT(LENGTH_MEASURE(1.E-07),#208,  'distance_accuracy_value','confusion accuracy');
#212 = CONTEXT_DEPENDENT_SHAPE_REPRESENTATION(#213,#215);
#213 = ( REPRESENTATION_RELATIONSHIP('','',#56,#10) REPRESENTATION_RELATIONSHIP_WITH_TRANSFORMATION(#214) SHAPE_REPRESENTATION_RELATIONSHIP() );
#214 = ITEM_DEFINED_TRANSFORMATION('','',#11,#15);
#215 = PRODUCT_DEFINITION_SHAPE('Placement','Placement of an item',#216  );
#216 = NEXT_ASSEMBLY_USAGE_OCCURRENCE('1','=>[0:1:1:2]','',#5,#51,$);
#217 = PRODUCT_RELATED_PRODUCT_CATEGORY('part',$,(#53));
#218 = SHAPE_DEFINITION_REPRESENTATION(#219,#225);
#219 = PRODUCT_DEFINITION_SHAPE('','',#220);
#220 = PRODUCT_DEFINITION('design','',#221,#224);
#221 = PRODUCT_DEFINITION_FORMATION('','',#222);
#222 = PRODUCT('TopCopper~lYoP','TopCopper~lYoP','',(#223));
#223 = PRODUCT_CONTEXT('',#2,'mechanical');
#224 = PRODUCT_DEFINITION_CONTEXT('part definition',#2,'design');
#225 = SHAPE_REPRESENTATION('',(#11),#226);
#226 = ( GEOMETRIC_REPRESENTATION_CONTEXT(3) GLOBAL_UNCERTAINTY_ASSIGNED_CONTEXT((#230)) GLOBAL_UNIT_ASSIGNED_CONTEXT((#227,#228,#229)) REPRESENTATION_CONTEXT('Context #1',  '3D Context with UNIT and UNCERTAINTY') );
#227 = ( LENGTH_UNIT() NAMED_UNIT(*) SI_UNIT(.MILLI.,.METRE.) );
#228 = ( NAMED_UNIT(*) PLANE_ANGLE_UNIT() SI_UNIT($,.RADIAN.) );
#229 = ( NAMED_UNIT(*) SI_UNIT($,.STERADIAN.) SOLID_ANGLE_UNIT() );
#230 = UNCERTAINTY_MEASURE_WITH_UNIT(LENGTH_MEASURE(1.E-07),#227,  'distance_accuracy_value','confusion accuracy');
#231 = CONTEXT_DEPENDENT_SHAPE_REPRESENTATION(#232,#234);
#232 = ( REPRESENTATION_RELATIONSHIP('','',#225,#10) REPRESENTATION_RELATIONSHIP_WITH_TRANSFORMATION(#233) SHAPE_REPRESENTATION_RELATIONSHIP() );
#233 = ITEM_DEFINED_TRANSFORMATION('','',#11,#19);
#234 = PRODUCT_DEFINITION_SHAPE('Placement','Placement of an item',#235  );
#235 = NEXT_ASSEMBLY_USAGE_OCCURRENCE('2','=>[0:1:1:3]','',#5,#220,$);
#236 = PRODUCT_RELATED_PRODUCT_CATEGORY('part',$,(#222));
#237 = SHAPE_DEFINITION_REPRESENTATION(#238,#244);
#238 = PRODUCT_DEFINITION_SHAPE('','',#239);
#239 = PRODUCT_DEFINITION('design','',#240,#243);
#240 = PRODUCT_DEFINITION_FORMATION('','',#241);
#241 = PRODUCT('BottomCopper~lYoP','BottomCopper~lYoP','',(#242));
#242 = PRODUCT_CONTEXT('',#2,'mechanical');
#243 = PRODUCT_DEFINITION_CONTEXT('part definition',#2,'design');
#244 = SHAPE_REPRESENTATION('',(#11),#245);
#245 = ( GEOMETRIC_REPRESENTATION_CONTEXT(3) GLOBAL_UNCERTAINTY_ASSIGNED_CONTEXT((#249)) GLOBAL_UNIT_ASSIGNED_CONTEXT((#246,#247,#248)) REPRESENTATION_CONTEXT('Context #1',  '3D Context with UNIT and UNCERTAINTY') );
#246 = ( LENGTH_UNIT() NAMED_UNIT(*) SI_UNIT(.MILLI.,.METRE.) );
#247 = ( NAMED_UNIT(*) PLANE_ANGLE_UNIT() SI_UNIT($,.RADIAN.) );
#248 = ( NAMED_UNIT(*) SI_UNIT($,.STERADIAN.) SOLID_ANGLE_UNIT() );
#249 = UNCERTAINTY_MEASURE_WITH_UNIT(LENGTH_MEASURE(1.E-07),#246,  'distance_accuracy_value','confusion accuracy');
#250 = CONTEXT_DEPENDENT_SHAPE_REPRESENTATION(#251,#253);
#251 = ( REPRESENTATION_RELATIONSHIP('','',#244,#10) REPRESENTATION_RELATIONSHIP_WITH_TRANSFORMATION(#252) SHAPE_REPRESENTATION_RELATIONSHIP() );
#252 = ITEM_DEFINED_TRANSFORMATION('','',#11,#23);
#253 = PRODUCT_DEFINITION_SHAPE('Placement','Placement of an item',#254  );
#254 = NEXT_ASSEMBLY_USAGE_OCCURRENCE('3','=>[0:1:1:4]','',#5,#239,$);
#255 = PRODUCT_RELATED_PRODUCT_CATEGORY('part',$,(#241));
#256 = SHAPE_DEFINITION_REPRESENTATION(#257,#263);
#257 = PRODUCT_DEFINITION_SHAPE('','',#258);
#258 = PRODUCT_DEFINITION('design','',#259,#262);
#259 = PRODUCT_DEFINITION_FORMATION('','',#260);
#260 = PRODUCT('TopSilkscreen~lYoP','TopSilkscreen~lYoP','',(#261));
#261 = PRODUCT_CONTEXT('',#2,'mechanical');
#262 = PRODUCT_DEFINITION_CONTEXT('part definition',#2,'design');
#263 = SHAPE_REPRESENTATION('',(#11),#264);
#264 = ( GEOMETRIC_REPRESENTATION_CONTEXT(3) GLOBAL_UNCERTAINTY_ASSIGNED_CONTEXT((#268)) GLOBAL_UNIT_ASSIGNED_CONTEXT((#265,#266,#267)) REPRESENTATION_CONTEXT('Context #1',  '3D Context with UNIT and UNCERTAINTY') );
#265 = ( LENGTH_UNIT() NAMED_UNIT(*) SI_UNIT(.MILLI.,.METRE.) );
#266 = ( NAMED_UNIT(*) PLANE_ANGLE_UNIT() SI_UNIT($,.RADIAN.) );
#267 = ( NAMED_UNIT(*) SI_UNIT($,.STERADIAN.) SOLID_ANGLE_UNIT() );
#268 = UNCERTAINTY_MEASURE_WITH_UNIT(LENGTH_MEASURE(1.E-07),#265,  'distance_accuracy_value','confusion accuracy');
#269 = CONTEXT_DEPENDENT_SHAPE_REPRESENTATION(#270,#272);
#270 = ( REPRESENTATION_RELATIONSHIP('','',#263,#10) REPRESENTATION_RELATIONSHIP_WITH_TRANSFORMATION(#271) SHAPE_REPRESENTATION_RELATIONSHIP() );
#271 = ITEM_DEFINED_TRANSFORMATION('','',#11,#27);
#272 = PRODUCT_DEFINITION_SHAPE('Placement','Placement of an item',#273  );
#273 = NEXT_ASSEMBLY_USAGE_OCCURRENCE('4','=>[0:1:1:5]','',#5,#258,$);
#274 = PRODUCT_RELATED_PRODUCT_CATEGORY('part',$,(#260));
#275 = SHAPE_DEFINITION_REPRESENTATION(#276,#282);
#276 = PRODUCT_DEFINITION_SHAPE('','',#277);
#277 = PRODUCT_DEFINITION('design','',#278,#281);
#278 = PRODUCT_DEFINITION_FORMATION('','',#279);
#279 = PRODUCT('BottomSilkscreen~lYoP','BottomSilkscreen~lYoP','',(#280)  );
#280 = PRODUCT_CONTEXT('',#2,'mechanical');
#281 = PRODUCT_DEFINITION_CONTEXT('part definition',#2,'design');
#282 = SHAPE_REPRESENTATION('',(#11),#283);
#283 = ( GEOMETRIC_REPRESENTATION_CONTEXT(3) GLOBAL_UNCERTAINTY_ASSIGNED_CONTEXT((#287)) GLOBAL_UNIT_ASSIGNED_CONTEXT((#284,#285,#286)) REPRESENTATION_CONTEXT('Context #1',  '3D Context with UNIT and UNCERTAINTY') );
#284 = ( LENGTH_UNIT() NAMED_UNIT(*) SI_UNIT(.MILLI.,.METRE.) );
#285 = ( NAMED_UNIT(*) PLANE_ANGLE_UNIT() SI_UNIT($,.RADIAN.) );
#286 = ( NAMED_UNIT(*) SI_UNIT($,.STERADIAN.) SOLID_ANGLE_UNIT() );
#287 = UNCERTAINTY_MEASURE_WITH_UNIT(LENGTH_MEASURE(1.E-07),#284,  'distance_accuracy_value','confusion accuracy');
#288 = CONTEXT_DEPENDENT_SHAPE_REPRESENTATION(#289,#291);
#289 = ( REPRESENTATION_RELATIONSHIP('','',#282,#10) REPRESENTATION_RELATIONSHIP_WITH_TRANSFORMATION(#290) SHAPE_REPRESENTATION_RELATIONSHIP() );
#290 = ITEM_DEFINED_TRANSFORMATION('','',#11,#31);
#291 = PRODUCT_DEFINITION_SHAPE('Placement','Placement of an item',#292  );
#292 = NEXT_ASSEMBLY_USAGE_OCCURRENCE('5','=>[0:1:1:6]','',#5,#277,$);
#293 = PRODUCT_RELATED_PRODUCT_CATEGORY('part',$,(#279));
#294 = SHAPE_DEFINITION_REPRESENTATION(#295,#301);
#295 = PRODUCT_DEFINITION_SHAPE('','',#296);
#296 = PRODUCT_DEFINITION('design','',#297,#300);
#297 = PRODUCT_DEFINITION_FORMATION('','',#298);
#298 = PRODUCT('TopFpcStiffener~lYoP','TopFpcStiffener~lYoP','',(#299));
#299 = PRODUCT_CONTEXT('',#2,'mechanical');
#300 = PRODUCT_DEFINITION_CONTEXT('part definition',#2,'design');
#301 = SHAPE_REPRESENTATION('',(#11),#302);
#302 = ( GEOMETRIC_REPRESENTATION_CONTEXT(3) GLOBAL_UNCERTAINTY_ASSIGNED_CONTEXT((#306)) GLOBAL_UNIT_ASSIGNED_CONTEXT((#303,#304,#305)) REPRESENTATION_CONTEXT('Context #1',  '3D Context with UNIT and UNCERTAINTY') );
#303 = ( LENGTH_UNIT() NAMED_UNIT(*) SI_UNIT(.MILLI.,.METRE.) );
#304 = ( NAMED_UNIT(*) PLANE_ANGLE_UNIT() SI_UNIT($,.RADIAN.) );
#305 = ( NAMED_UNIT(*) SI_UNIT($,.STERADIAN.) SOLID_ANGLE_UNIT() );
#306 = UNCERTAINTY_MEASURE_WITH_UNIT(LENGTH_MEASURE(1.E-07),#303,  'distance_accuracy_value','confusion accuracy');
#307 = CONTEXT_DEPENDENT_SHAPE_REPRESENTATION(#308,#310);
#308 = ( REPRESENTATION_RELATIONSHIP('','',#301,#10) REPRESENTATION_RELATIONSHIP_WITH_TRANSFORMATION(#309) SHAPE_REPRESENTATION_RELATIONSHIP() );
#309 = ITEM_DEFINED_TRANSFORMATION('','',#11,#35);
#310 = PRODUCT_DEFINITION_SHAPE('Placement','Placement of an item',#311  );
#311 = NEXT_ASSEMBLY_USAGE_OCCURRENCE('6','=>[0:1:1:7]','',#5,#296,$);
#312 = PRODUCT_RELATED_PRODUCT_CATEGORY('part',$,(#298));
#313 = SHAPE_DEFINITION_REPRESENTATION(#314,#320);
#314 = PRODUCT_DEFINITION_SHAPE('','',#315);
#315 = PRODUCT_DEFINITION('design','',#316,#319);
#316 = PRODUCT_DEFINITION_FORMATION('','',#317);
#317 = PRODUCT('BottomFpcStiffener~lYoP','BottomFpcStiffener~lYoP','',(    #318));
#318 = PRODUCT_CONTEXT('',#2,'mechanical');
#319 = PRODUCT_DEFINITION_CONTEXT('part definition',#2,'design');
#320 = SHAPE_REPRESENTATION('',(#11),#321);
#321 = ( GEOMETRIC_REPRESENTATION_CONTEXT(3) GLOBAL_UNCERTAINTY_ASSIGNED_CONTEXT((#325)) GLOBAL_UNIT_ASSIGNED_CONTEXT((#322,#323,#324)) REPRESENTATION_CONTEXT('Context #1',  '3D Context with UNIT and UNCERTAINTY') );
#322 = ( LENGTH_UNIT() NAMED_UNIT(*) SI_UNIT(.MILLI.,.METRE.) );
#323 = ( NAMED_UNIT(*) PLANE_ANGLE_UNIT() SI_UNIT($,.RADIAN.) );
#324 = ( NAMED_UNIT(*) SI_UNIT($,.STERADIAN.) SOLID_ANGLE_UNIT() );
#325 = UNCERTAINTY_MEASURE_WITH_UNIT(LENGTH_MEASURE(1.E-07),#322,  'distance_accuracy_value','confusion accuracy');
#326 = CONTEXT_DEPENDENT_SHAPE_REPRESENTATION(#327,#329);
#327 = ( REPRESENTATION_RELATIONSHIP('','',#320,#10) REPRESENTATION_RELATIONSHIP_WITH_TRANSFORMATION(#328) SHAPE_REPRESENTATION_RELATIONSHIP() );
#328 = ITEM_DEFINED_TRANSFORMATION('','',#11,#39);
#329 = PRODUCT_DEFINITION_SHAPE('Placement','Placement of an item',#330  );
#330 = NEXT_ASSEMBLY_USAGE_OCCURRENCE('7','=>[0:1:1:8]','',#5,#315,$);
#331 = PRODUCT_RELATED_PRODUCT_CATEGORY('part',$,(#317));
#332 = MECHANICAL_DESIGN_GEOMETRIC_PRESENTATION_REPRESENTATION('',(#333,    #343,#351,#358,#365),#207);
#333 = STYLED_ITEM('color',(#334),#57);
#334 = PRESENTATION_STYLE_ASSIGNMENT((#335,#341));
#335 = SURFACE_STYLE_USAGE(.BOTH.,#336);
#336 = SURFACE_SIDE_STYLE('',(#337));
#337 = SURFACE_STYLE_FILL_AREA(#338);
#338 = FILL_AREA_STYLE('',(#339));
#339 = FILL_AREA_STYLE_COLOUR('',#340);
#340 = COLOUR_RGB('',0.,0.417002959305,0.637991923926);
#341 = CURVE_STYLE('',#342,POSITIVE_LENGTH_MEASURE(0.1),#340);
#342 = DRAUGHTING_PRE_DEFINED_CURVE_FONT('continuous');
#343 = OVER_RIDING_STYLED_ITEM('overriding color',(#344),#59,#333);
#344 = PRESENTATION_STYLE_ASSIGNMENT((#345));
#345 = SURFACE_STYLE_USAGE(.BOTH.,#346);
#346 = SURFACE_SIDE_STYLE('',(#347));
#347 = SURFACE_STYLE_FILL_AREA(#348);
#348 = FILL_AREA_STYLE('',(#349));
#349 = FILL_AREA_STYLE_COLOUR('',#350);
#350 = COLOUR_RGB('',0.937179583391,0.9357410338,0.649182888601);
#351 = OVER_RIDING_STYLED_ITEM('overriding color',(#352),#99,#333);
#352 = PRESENTATION_STYLE_ASSIGNMENT((#353));
#353 = SURFACE_STYLE_USAGE(.BOTH.,#354);
#354 = SURFACE_SIDE_STYLE('',(#355));
#355 = SURFACE_STYLE_FILL_AREA(#356);
#356 = FILL_AREA_STYLE('',(#357));
#357 = FILL_AREA_STYLE_COLOUR('',#350);
#358 = OVER_RIDING_STYLED_ITEM('overriding color',(#359),#130,#333);
#359 = PRESENTATION_STYLE_ASSIGNMENT((#360));
#360 = SURFACE_STYLE_USAGE(.BOTH.,#361);
#361 = SURFACE_SIDE_STYLE('',(#362));
#362 = SURFACE_STYLE_FILL_AREA(#363);
#363 = FILL_AREA_STYLE('',(#364));
#364 = FILL_AREA_STYLE_COLOUR('',#350);
#365 = OVER_RIDING_STYLED_ITEM('overriding color',(#366),#161,#333);
#366 = PRESENTATION_STYLE_ASSIGNMENT((#367));
#367 = SURFACE_STYLE_USAGE(.BOTH.,#368);
#368 = SURFACE_SIDE_STYLE('',(#369));
#369 = SURFACE_STYLE_FILL_AREA(#370);
#370 = FILL_AREA_STYLE('',(#371));
#371 = FILL_AREA_STYLE_COLOUR('',#350);
#372 =(LENGTH_UNIT() NAMED_UNIT(*) SI_UNIT(.MILLI.,.METRE.));
#373 = COLOUR_RGB('',0.647058823529,0.619607843137,0.588235294117) ;
#374 = VERTEX_POINT('NONE',#7188) ;
#375=CARTESIAN_POINT('NONE',(3.899999999999,-0.325,-0.05));
#376 =(NAMED_UNIT(*) PLANE_ANGLE_UNIT() SI_UNIT($,.RADIAN.));
#377=DIRECTION('NONE',(-1.,0.,0.));
#378 =(LENGTH_UNIT() NAMED_UNIT(*) SI_UNIT(.MILLI.,.METRE.));
#379 = ORIENTED_EDGE('NONE',*,*,#1966,.T.) ;
#380 = CIRCLE('NONE',#14195,3.085537628748) ;
#381 = ORIENTED_EDGE('NONE',*,*,#11962,.T.) ;
#382=CARTESIAN_POINT('NONE',(-2.294376552045,3.299999999999,0.917260418749));
#383=CARTESIAN_POINT('NONE',(-2.386753145569,3.301,0.69912401559));
#384 = B_SPLINE_CURVE_WITH_KNOTS('NONE',3,(#8445,#427,#11821,#6190),.UNSPECIFIED.,.F.,.F.,(4,4),(1.,2.000000000000),.UNSPECIFIED.) ;
#385 = EDGE_CURVE('NONE',#10931,#9209,#7119,.T.) ;
#386=CARTESIAN_POINT('NONE',(-1.739198803412,3.301,0.615861623691));
#387 = EDGE_CURVE('NONE',#10074,#2014,#9630,.T.) ;
#388 =(NAMED_UNIT(*) SI_UNIT($,.STERADIAN.) SOLID_ANGLE_UNIT());
#389=CARTESIAN_POINT('NONE',(-1.974765770617,3.301,0.923061550359));
#390 = SURFACE_SIDE_STYLE('',(#14822)) ;
#391 = VECTOR('NONE',#9696,1000.) ;
#392 = LINE('NONE',#13799,#1030) ;
#393 = MECHANICAL_DESIGN_GEOMETRIC_PRESENTATION_REPRESENTATION('',(#11404),#3646) ;
#394 = FACE_OUTER_BOUND('NONE',#7848,.T.) ;
#395 = VERTEX_POINT('NONE',#13927) ;
#396 = EDGE_CURVE('NONE',#9746,#9417,#6276,.T.) ;
#397 = FILL_AREA_STYLE('',(#10534)) ;
#398=CARTESIAN_POINT('NONE',(-1.978285258156,3.299999999999,0.807643913064));
#399 = SURFACE_STYLE_USAGE(.BOTH.,#11573) ;
#400 = LINE('NONE',#8262,#6749) ;
#401 = EDGE_CURVE('NONE',#1921,#8685,#11620,.T.) ;
#402=CARTESIAN_POINT('NONE',(-2.418368513834,3.301,0.70582475));
#403=CARTESIAN_POINT('NONE',(-1.740933984092,3.299999999999,0.738182977972));
#404 =(NAMED_UNIT(*) PLANE_ANGLE_UNIT() SI_UNIT($,.RADIAN.));
#405=DIRECTION('NONE',(1.224646799147000E-16,1.,0.));
#406=DIRECTION('NONE',(0.,0.,-1.));
#407=CARTESIAN_POINT('NONE',(3.3,0.7,0.299999999999));
#408 = VERTEX_POINT('NONE',#4430) ;
#409 = COLOUR_RGB('',0.647058823529,0.619607843137,0.588235294117) ;
#410 =(NAMED_UNIT(*) PLANE_ANGLE_UNIT() SI_UNIT($,.RADIAN.));
#411 = VERTEX_POINT('NONE',#13122) ;
#412 =(GEOMETRIC_REPRESENTATION_CONTEXT(3) GLOBAL_UNCERTAINTY_ASSIGNED_CONTEXT((#7797)) GLOBAL_UNIT_ASSIGNED_CONTEXT((#12928,#611,#13944)) REPRESENTATION_CONTEXT('NONE','WORKASPACE'));
#413 = EDGE_CURVE('NONE',#4164,#6344,#5248,.T.) ;
#414 = FACE_OUTER_BOUND('NONE',#2347,.T.) ;
#415=CARTESIAN_POINT('NONE',(-2.529533777198,3.301,0.82338454875));
#416 = ORIENTED_EDGE('NONE',*,*,#4033,.F.) ;
#417 =(NAMED_UNIT(*) SI_UNIT($,.STERADIAN.) SOLID_ANGLE_UNIT());
#418=DIRECTION('NONE',(-0.999974850185,0.,-0.007092178509));
#419 = VERTEX_POINT('NONE',#12256) ;
#420=CARTESIAN_POINT('NONE',(-2.79108071915,3.301,0.711915528186));
#421 = PRESENTATION_LAYER_ASSIGNMENT('','',(#5315)) ;
#422=CARTESIAN_POINT('NONE',(-2.451974614896,3.301,0.575384642706));
#423=CARTESIAN_POINT('NONE',(-2.390865381974,3.301,0.614809953696));
#424 =(GEOMETRIC_REPRESENTATION_CONTEXT(3) GLOBAL_UNCERTAINTY_ASSIGNED_CONTEXT((#4481)) GLOBAL_UNIT_ASSIGNED_CONTEXT((#12964,#5365,#12016)) REPRESENTATION_CONTEXT('NONE','WORKASPACE'));
#425=CARTESIAN_POINT('NONE',(-2.466943657978,3.299999999999,0.592434914011));
#426=DIRECTION('NONE',(-0.007092178509,0.,0.999974850185));
#427=CARTESIAN_POINT('NONE',(-2.302132934779,3.301,0.814578720332));
#428 = ORIENTED_EDGE('NONE',*,*,#385,.F.) ;
#429 = ADVANCED_FACE('NONE',(#5393),#8763,.T.) ;
#430=CARTESIAN_POINT('NONE',(-2.407635624882,3.301,0.82424909395));
#431 = COLOUR_RGB('',0.647058823529,0.619607843137,0.588235294117) ;
#432 = VECTOR('NONE',#11811,1000.) ;
#433=CARTESIAN_POINT('NONE',(1.,-3.039736830714,0.5));
#434=CARTESIAN_POINT('NONE',(-1.827131081904,3.301,0.658618748919));
#435 = VECTOR('NONE',#2954,1000.) ;
#436 = UNCERTAINTY_MEASURE_WITH_UNIT(LENGTH_MEASURE(1.000000000000E-05),#4224,'distance_accuracy_value','NONE');
#437=CARTESIAN_POINT('NONE',(-2.642075464357,3.301,0.915106349196));
#438=CARTESIAN_POINT('NONE',(-1.857096160457,3.301,0.96901204209));
#439 = LINE('NONE',#7480,#11915) ;
#440 = ORIENTED_EDGE('NONE',*,*,#1548,.T.) ;
#441 = EDGE_LOOP('NONE',(#10576,#11252,#11511,#9869)) ;
#442 = B_SPLINE_SURFACE_WITH_KNOTS('NONE',3,1,((#3553,#9162),(#12675,#7907),(#4713,#8049),(#2529,#4635)),.UNSPECIFIED.,.F.,.F.,.F.,(4,4),(2,2),(6.000000000000,7.000000000000),(0.,1.),.UNSPECIFIED.) ;
#443 = FACE_OUTER_BOUND('NONE',#3156,.T.) ;
#444 =(NAMED_UNIT(*) PLANE_ANGLE_UNIT() SI_UNIT($,.RADIAN.));
#445=CARTESIAN_POINT('NONE',(-3.299999999999,3.299999999999,1.5));
#446 = CIRCLE('NONE',#10530,0.300000000000) ;
#447=AXIS2_PLACEMENT_3D('NONE',#4660,#3437,#13563);
#448 = ORIENTED_EDGE('NONE',*,*,#14327,.F.) ;
#449 = ORIENTED_EDGE('NONE',*,*,#11320,.T.) ;
#450 = FILL_AREA_STYLE('',(#12556)) ;
#451 = ORIENTED_EDGE('NONE',*,*,#8473,.T.) ;
#452 =(LENGTH_UNIT() NAMED_UNIT(*) SI_UNIT(.MILLI.,.METRE.));
#453 = STYLED_ITEM('NONE',(#9875),#2696) ;
#454 = PLANE('NONE',#2012) ;
#455=CARTESIAN_POINT('NONE',(-2.298023308509,3.299999999999,0.617776743443));
#456 = UNCERTAINTY_MEASURE_WITH_UNIT(LENGTH_MEASURE(1.000000000000E-05),#4333,'distance_accuracy_value','NONE');
#457=CARTESIAN_POINT('NONE',(-1.,3.299999999999,1.5));
#458 = VERTEX_POINT('NONE',#3217) ;
#459 = ORIENTED_EDGE('NONE',*,*,#12779,.T.) ;
#460=CARTESIAN_POINT('NONE',(-1.657696398465,3.301,0.62338064039));
#461=DIRECTION('NONE',(-1.,1.264902534566000E-16,0.));
#462 = EDGE_CURVE('NONE',#4452,#11984,#6354,.T.) ;
#463=DIRECTION('NONE',(0.,-1.,0.));
#464 = VECTOR('NONE',#7113,1000.) ;
#465 = PRESENTATION_LAYER_ASSIGNMENT('','',(#7007)) ;
#466=DIRECTION('NONE',(0.,-1.,0.));
#467=CARTESIAN_POINT('NONE',(-2.481329174979,3.301,0.931843180247));
#468 = FILL_AREA_STYLE('',(#7143)) ;
#469 = LINE('NONE',#7144,#4992) ;
#470 = LINE('NONE',#9504,#5444) ;
#471 = MECHANICAL_DESIGN_GEOMETRIC_PRESENTATION_REPRESENTATION('',(#1170),#14499) ;
#472 = EDGE_CURVE('NONE',#13138,#14650,#13188,.T.) ;
#473 =(LENGTH_UNIT() NAMED_UNIT(*) SI_UNIT(.MILLI.,.METRE.));
#474 = ORIENTED_EDGE('NONE',*,*,#565,.T.) ;
#475=CARTESIAN_POINT('NONE',(-2.684770563936,3.301,0.614784245709));
#476 = PRESENTATION_STYLE_ASSIGNMENT((#1643)) ;
#477 = EDGE_CURVE('NONE',#12264,#1307,#14421,.T.) ;
#478 = LINE('NONE',#8340,#5462) ;
#479 =(NAMED_UNIT(*) PLANE_ANGLE_UNIT() SI_UNIT($,.RADIAN.));
#480=CARTESIAN_POINT('NONE',(-1.740933984092,3.301,0.738182977972));
#481=CARTESIAN_POINT('NONE',(-1.694362087446,3.301,0.899889462966));
#482 = LINE('NONE',#4324,#3349) ;
#483 = B_SPLINE_CURVE_WITH_KNOTS('NONE',3,(#12761,#4072,#2997,#582),.UNSPECIFIED.,.F.,.F.,(4,4),(5.000000000000,6.000000000000),.UNSPECIFIED.) ;
#484 = FILL_AREA_STYLE_COLOUR('',#8545) ;
#485=DIRECTION('NONE',(0.349299057795,0.,0.937011295675));
#486 =(NAMED_UNIT(*) PLANE_ANGLE_UNIT() SI_UNIT($,.RADIAN.));
#487 = ORIENTED_EDGE('NONE',*,*,#5016,.T.) ;
#488=CARTESIAN_POINT('NONE',(-2.281391838087,3.301,0.836935611256));
#489 = VERTEX_POINT('NONE',#6568) ;
#490 = EDGE_CURVE('NONE',#5372,#10063,#5307,.T.) ;
#491 =(NAMED_UNIT(*) SI_UNIT($,.STERADIAN.) SOLID_ANGLE_UNIT());
#492 =(GEOMETRIC_REPRESENTATION_CONTEXT(3) GLOBAL_UNCERTAINTY_ASSIGNED_CONTEXT((#10192)) GLOBAL_UNIT_ASSIGNED_CONTEXT((#10433,#2478,#6967)) REPRESENTATION_CONTEXT('NONE','WORKASPACE'));
#493 = VERTEX_POINT('NONE',#13340) ;
#494 = SURFACE_STYLE_USAGE(.BOTH.,#5137) ;
#495=CARTESIAN_POINT('NONE',(-2.527370231196,3.301,0.703055285512));
#496 = PRESENTATION_STYLE_ASSIGNMENT((#6855)) ;
#497 = ORIENTED_EDGE('NONE',*,*,#9160,.F.) ;
#498 = EDGE_LOOP('NONE',(#11227,#6523,#2698,#11618)) ;
#499=DIRECTION('NONE',(0.345199932452,0.,-0.938529171967));
#500=CARTESIAN_POINT('NONE',(-1.757577800259,3.301,0.882956449549));
#501 = SURFACE_STYLE_USAGE(.BOTH.,#3910) ;
#502 = SURFACE_SIDE_STYLE('',(#12757)) ;
#503 = VECTOR('NONE',#10865,1000.) ;
#504 = EDGE_CURVE('NONE',#9257,#8304,#7770,.T.) ;
#505 = FACE_BOUND('NONE',#12440,.T.) ;
#506 = VECTOR('NONE',#8912,1000.) ;
#507 = PLANE('NONE',#3397) ;
#508 = SURFACE_SIDE_STYLE('',(#10420)) ;
#509 = VERTEX_POINT('NONE',#14493) ;
#510=DIRECTION('NONE',(1.,0.,0.));
#511 = B_SPLINE_CURVE_WITH_KNOTS('NONE',3,(#11382,#1329,#11763,#9486),.UNSPECIFIED.,.F.,.F.,(4,4),(5.000000000000,6.000000000000),.UNSPECIFIED.) ;
#512 = COLOUR_RGB('',0.647058823529,0.619607843137,0.588235294117) ;
#513=CARTESIAN_POINT('NONE',(-2.306220868519,3.301,0.929154727078));
#514 =(LENGTH_UNIT() NAMED_UNIT(*) SI_UNIT(.MILLI.,.METRE.));
#516 = PRESENTATION_STYLE_ASSIGNMENT((#12461)) ;
#515 = CIRCLE('NONE',#8729,0.299999999999) ;
#517 = LINE('NONE',#591,#8179) ;
#518=CARTESIAN_POINT('NONE',(-1.98947133851,3.301,0.672216787491));
#519 = LINE('NONE',#9478,#1287) ;
#520 =(LENGTH_UNIT() NAMED_UNIT(*) SI_UNIT(.MILLI.,.METRE.));
#521 = VERTEX_POINT('NONE',#819) ;
#522 = ORIENTED_EDGE('NONE',*,*,#5875,.T.) ;
#523 = UNCERTAINTY_MEASURE_WITH_UNIT(LENGTH_MEASURE(1.000000000000E-05),#6631,'distance_accuracy_value','NONE');
#524 = B_SPLINE_CURVE_WITH_KNOTS('NONE',3,(#2532,#2375,#1526,#12449),.UNSPECIFIED.,.F.,.F.,(4,4),(24.000000000000,25.000000000000),.UNSPECIFIED.) ;
#525 = EDGE_CURVE('NONE',#11699,#9257,#7482,.T.) ;
#526 =(NAMED_UNIT(*) SI_UNIT($,.STERADIAN.) SOLID_ANGLE_UNIT());
#527 = FACE_OUTER_BOUND('NONE',#10582,.T.) ;
#528 = VECTOR('NONE',#8410,1000.) ;
#529=AXIS2_PLACEMENT_3D('NONE',#12505,#9369,#1568);
#530 = PRESENTATION_LAYER_ASSIGNMENT('','',(#7550)) ;
#531 = ORIENTED_EDGE('NONE',*,*,#9200,.T.) ;
#532=CARTESIAN_POINT('NONE',(-3.15,0.,24.30954544295));
#533 = PLANE('NONE',#9805) ;
#534 =(GEOMETRIC_REPRESENTATION_CONTEXT(3) GLOBAL_UNCERTAINTY_ASSIGNED_CONTEXT((#7198)) GLOBAL_UNIT_ASSIGNED_CONTEXT((#10115,#12534,#5596)) REPRESENTATION_CONTEXT('NONE','WORKASPACE'));
#535 = ORIENTED_EDGE('NONE',*,*,#14688,.F.) ;
#536=CARTESIAN_POINT('NONE',(-2.79535401671,3.299999999999,0.711885220435));
#537 = VERTEX_POINT('NONE',#11276) ;
#538=DIRECTION('NONE',(0.999974850185,0.,0.007092178509));
#539 = STYLED_ITEM('NONE',(#5198),#14623) ;
#540=DIRECTION('NONE',(1.314184451497000E-16,-1.,0.));
#541=AXIS2_PLACEMENT_3D('NONE',#11995,#14160,#14083);
#542 =(GEOMETRIC_REPRESENTATION_CONTEXT(3) GLOBAL_UNCERTAINTY_ASSIGNED_CONTEXT((#8518)) GLOBAL_UNIT_ASSIGNED_CONTEXT((#3447,#4320,#4596)) REPRESENTATION_CONTEXT('NONE','WORKASPACE'));
#543=DIRECTION('NONE',(1.314184451497000E-16,-1.,0.));
#544=DIRECTION('NONE',(0.,1.,0.));
#545 = EDGE_CURVE('NONE',#13816,#7880,#9090,.T.) ;
#546=CARTESIAN_POINT('NONE',(-2.221138464825,3.299999999999,0.63198480083));
#547 = VECTOR('NONE',#10285,1000.) ;
#548 = CIRCLE('NONE',#11569,0.300000000000) ;
#549 = B_SPLINE_CURVE_WITH_KNOTS('NONE',3,(#2006,#9491,#2801,#7274),.UNSPECIFIED.,.F.,.F.,(4,4),(15.000000000000,16.000000000000),.UNSPECIFIED.) ;
#550 = COLOUR_RGB('',0.647058823529,0.619607843137,0.588235294117) ;
#551=CARTESIAN_POINT('NONE',(-2.359390315969,3.299999999999,0.918171832901));
#552=CARTESIAN_POINT('NONE',(-2.700625146958,3.299999999999,0.620349020351));
#553=CARTESIAN_POINT('NONE',(-2.40935956794,3.299999999999,0.693473622903));
#554=CARTESIAN_POINT('NONE',(-2.455811225115,3.299999999999,0.575357432097));
#555=DIRECTION('NONE',(-0.999974850185,0.,-0.007092178509));
#556 = SURFACE_STYLE_FILL_AREA(#10615) ;
#557=CARTESIAN_POINT('NONE',(-2.323922807215,3.301,0.627824530171));
#558 =(LENGTH_UNIT() NAMED_UNIT(*) SI_UNIT(.MILLI.,.METRE.));
#559 =(GEOMETRIC_REPRESENTATION_CONTEXT(3) GLOBAL_UNCERTAINTY_ASSIGNED_CONTEXT((#10587)) GLOBAL_UNIT_ASSIGNED_CONTEXT((#12623,#444,#11543)) REPRESENTATION_CONTEXT('NONE','WORKASPACE'));
#560 = SURFACE_STYLE_USAGE(.BOTH.,#10617) ;
#561=CARTESIAN_POINT('NONE',(3.899999999999,-0.325,-0.05));
#562 = FILL_AREA_STYLE_COLOUR('',#13688) ;
#563 = EDGE_CURVE('NONE',#1225,#8501,#14709,.T.) ;
#564 = PRESENTATION_LAYER_ASSIGNMENT('','',(#1257)) ;
#565 = EDGE_CURVE('NONE',#10142,#13935,#2303,.T.) ;
#566 =(NAMED_UNIT(*) SI_UNIT($,.STERADIAN.) SOLID_ANGLE_UNIT());
#567 = ORIENTED_EDGE('NONE',*,*,#2001,.F.) ;
#568=DIRECTION('NONE',(0.007092178509,0.,-0.999974850185));
#569 = ORIENTED_EDGE('NONE',*,*,#2605,.F.) ;
#570=CARTESIAN_POINT('NONE',(-2.333566237399,3.301,0.808803337215));
#571 = VERTEX_POINT('NONE',#13608) ;
#572 = B_SPLINE_SURFACE_WITH_KNOTS('NONE',3,1,((#12141,#6740),(#1055,#7803),(#12279,#4255),(#2201,#985)),.UNSPECIFIED.,.F.,.F.,.F.,(4,4),(2,2),(3.000000000000,4.000000000000),(0.,1.),.UNSPECIFIED.) ;
#573 = EDGE_LOOP('NONE',(#6208,#11991,#5332,#14364)) ;
#574=CARTESIAN_POINT('NONE',(-2.410297968692,3.301,0.614672130856));
#575 =(NAMED_UNIT(*) SI_UNIT($,.STERADIAN.) SOLID_ANGLE_UNIT());
#576 = ORIENTED_EDGE('NONE',*,*,#9382,.T.) ;
#577 = ADVANCED_FACE('NONE',(#4566),#9021,.F.) ;
#578=CARTESIAN_POINT('NONE',(-2.639644260427,3.299999999999,0.906576567133));
#579=CARTESIAN_POINT('NONE',(-2.755420337475,3.301,0.614283172301));
#580 =(GEOMETRIC_REPRESENTATION_CONTEXT(3) GLOBAL_UNCERTAINTY_ASSIGNED_CONTEXT((#6053)) GLOBAL_UNIT_ASSIGNED_CONTEXT((#11420,#10467,#13450)) REPRESENTATION_CONTEXT('NONE','WORKASPACE'));
#581 = MECHANICAL_DESIGN_GEOMETRIC_PRESENTATION_REPRESENTATION('',(#5671),#6873) ;
#582=CARTESIAN_POINT('NONE',(-2.381064922802,3.299999999999,0.66678548266));
#583 = FILL_AREA_STYLE('',(#2773)) ;
#584 = VECTOR('NONE',#10599,1000.) ;
#585 = VECTOR('NONE',#6369,1000.) ;
#586 = ORIENTED_EDGE('NONE',*,*,#6698,.T.) ;
#587 = ORIENTED_EDGE('NONE',*,*,#8781,.F.) ;
#588 = EDGE_CURVE('NONE',#11239,#1365,#14782,.T.) ;
#589 = UNCERTAINTY_MEASURE_WITH_UNIT(LENGTH_MEASURE(1.000000000000E-05),#4686,'distance_accuracy_value','NONE');
#590 = FACE_OUTER_BOUND('NONE',#6666,.T.) ;
#591=CARTESIAN_POINT('NONE',(-2.621037256947,3.301,0.855987867869));
#592=DIRECTION('NONE',(-0.359249240323,0.,-0.933241653231));
#593 = VERTEX_POINT('NONE',#1311) ;
#594 = EDGE_CURVE('NONE',#7883,#9123,#4714,.T.) ;
#595=AXIS2_PLACEMENT_3D('NONE',#1219,#12514,#9005);
#596 = EDGE_LOOP('NONE',(#1927,#872,#9009,#10833)) ;
#597 = FILL_AREA_STYLE_COLOUR('',#4798) ;
#598 = LINE('NONE',#4089,#11823) ;
#599=CARTESIAN_POINT('NONE',(-2.295531278295,3.299999999999,0.666643473264));
#600 = MECHANICAL_DESIGN_GEOMETRIC_PRESENTATION_REPRESENTATION('',(#6904),#1070) ;
#601 = ORIENTED_EDGE('NONE',*,*,#2197,.F.) ;
#602 = MECHANICAL_DESIGN_GEOMETRIC_PRESENTATION_REPRESENTATION('',(#11867),#11626) ;
#603=CARTESIAN_POINT('NONE',(-2.340596791722,3.301,0.660958566776));
#604 = EDGE_CURVE('NONE',#12539,#4899,#2533,.T.) ;
#605 = UNCERTAINTY_MEASURE_WITH_UNIT(LENGTH_MEASURE(1.000000000000E-05),#10718,'distance_accuracy_value','NONE');
#606=CARTESIAN_POINT('NONE',(-2.339326813793,3.301,0.934909084123));
#607 = ORIENTED_EDGE('NONE',*,*,#13301,.F.) ;
#608 = FILL_AREA_STYLE('',(#1697)) ;
#609 = ORIENTED_EDGE('NONE',*,*,#5996,.F.) ;
#610 = PRESENTATION_STYLE_ASSIGNMENT((#10673)) ;
#611 =(NAMED_UNIT(*) PLANE_ANGLE_UNIT() SI_UNIT($,.RADIAN.));
#612=CARTESIAN_POINT('NONE',(-1.752747730884,3.299999999999,0.93591516678));
#613 = CIRCLE('NONE',#6194,0.500000000000) ;
#614 = PRESENTATION_LAYER_ASSIGNMENT('','',(#13252)) ;
#615 = COLOUR_RGB('',0.647058823529,0.619607843137,0.588235294117) ;
#616=CARTESIAN_POINT('NONE',(-2.011769824982,3.299999999999,0.88028601156));
#617=DIRECTION('NONE',(-0.334929697701,0.,-0.942243120217));
#618=AXIS2_PLACEMENT_3D('NONE',#7703,#12258,#14353);
#619=CARTESIAN_POINT('NONE',(-2.435350199985,3.299999999999,0.645999908712));
#620=CARTESIAN_POINT('NONE',(3.3,-0.325,0.299999999999));
#621 = LINE('NONE',#8477,#7107) ;
#622 =(GEOMETRIC_REPRESENTATION_CONTEXT(3) GLOBAL_UNCERTAINTY_ASSIGNED_CONTEXT((#7052)) GLOBAL_UNIT_ASSIGNED_CONTEXT((#8465,#14287,#2870)) REPRESENTATION_CONTEXT('NONE','WORKASPACE'));
#623 =(LENGTH_UNIT() NAMED_UNIT(*) SI_UNIT(.MILLI.,.METRE.));
#624=CARTESIAN_POINT('NONE',(-2.312610557156,3.301,0.827293753315));
#625=CARTESIAN_POINT('NONE',(-3.299999999999,-3.299999999999,0.));
#626 = PLANE('NONE',#5519) ;
#627=CARTESIAN_POINT('NONE',(-1.857594530533,3.299999999999,0.916951660111));
#628 =(LENGTH_UNIT() NAMED_UNIT(*) SI_UNIT(.MILLI.,.METRE.));
#629 = ORIENTED_EDGE('NONE',*,*,#5212,.T.) ;
#630=CARTESIAN_POINT('NONE',(-2.484932793369,3.301,0.630675360704));
#631=CARTESIAN_POINT('NONE',(-2.392513469409,3.301,0.627275673672));
#632 = PRESENTATION_LAYER_ASSIGNMENT('','',(#1562)) ;
#633=DIRECTION('NONE',(0.,-1.,0.));
#634 = FILL_AREA_STYLE('',(#10699)) ;
#635 = ORIENTED_EDGE('NONE',*,*,#4314,.F.) ;
#636 = ORIENTED_EDGE('NONE',*,*,#1007,.F.) ;
#637 = VERTEX_POINT('NONE',#4637) ;
#638=CARTESIAN_POINT('NONE',(-1.752747730884,3.301,0.93591516678));
#639 = STYLED_ITEM('NONE',(#1940),#7950) ;
#640 = PLANE('NONE',#7931) ;
#641 = FILL_AREA_STYLE_COLOUR('',#11416) ;
#642 =(GEOMETRIC_REPRESENTATION_CONTEXT(3) GLOBAL_UNCERTAINTY_ASSIGNED_CONTEXT((#4524)) GLOBAL_UNIT_ASSIGNED_CONTEXT((#8915,#1194,#8848)) REPRESENTATION_CONTEXT('NONE','WORKASPACE'));
#643 = ORIENTED_EDGE('NONE',*,*,#14379,.T.) ;
#644 = ORIENTED_EDGE('NONE',*,*,#12676,.F.) ;
#645=CARTESIAN_POINT('NONE',(-2.399911048344,3.301,0.614745798602));
#646 = FILL_AREA_STYLE('',(#10714)) ;
#647 = EDGE_CURVE('NONE',#11432,#6258,#1238,.T.) ;
#648 = ORIENTED_EDGE('NONE',*,*,#14752,.T.) ;
#649=CARTESIAN_POINT('NONE',(1.699999999999,2.,-0.01));
#650 = SURFACE_SIDE_STYLE('',(#10561)) ;
#651 = FILL_AREA_STYLE('',(#8369)) ;
#652=CARTESIAN_POINT('NONE',(-2.011769824982,3.301,0.88028601156));
#653 = MECHANICAL_DESIGN_GEOMETRIC_PRESENTATION_REPRESENTATION('',(#14445),#534) ;
#654 = VECTOR('NONE',#9856,1000.) ;
#655=DIRECTION('NONE',(0.,-1.,0.));
#656 = FILL_AREA_STYLE_COLOUR('',#3263) ;
#657 = ORIENTED_EDGE('NONE',*,*,#13454,.F.) ;
#658 = EDGE_CURVE('NONE',#12967,#11391,#1135,.T.) ;
#659=CARTESIAN_POINT('NONE',(-3.299999999999,3.299999999999,1.5));
#660 = B_SPLINE_SURFACE_WITH_KNOTS('NONE',3,1,((#5250,#745),(#1689,#11909),(#8524,#14144),(#2943,#9703)),.UNSPECIFIED.,.F.,.F.,.F.,(4,4),(2,2),(2.000000000000,3.000000000000),(0.,1.),.UNSPECIFIED.) ;
#661=CARTESIAN_POINT('NONE',(-2.419609323552,3.299999999999,0.638874651521));
#662 =(GEOMETRIC_REPRESENTATION_CONTEXT(3) GLOBAL_UNCERTAINTY_ASSIGNED_CONTEXT((#10850)) GLOBAL_UNIT_ASSIGNED_CONTEXT((#4687,#3742,#2661)) REPRESENTATION_CONTEXT('NONE','WORKASPACE'));
#663 = SURFACE_SIDE_STYLE('',(#5097)) ;
#664 = LINE('NONE',#6050,#8414) ;
#665=CARTESIAN_POINT('NONE',(-2.529951454553,3.301,0.917461248788));
#666 = EDGE_CURVE('NONE',#3642,#6543,#8051,.T.) ;
#667 = VERTEX_POINT('NONE',#12382) ;
#668=AXIS2_PLACEMENT_3D('NONE',#8159,#12632,#377);
#669 = B_SPLINE_CURVE_WITH_KNOTS('NONE',3,(#12716,#2566,#10444,#13721),.UNSPECIFIED.,.F.,.F.,(4,4),(8.000000000000,9.000000000000),.UNSPECIFIED.) ;
#670=CARTESIAN_POINT('NONE',(-2.496981560235,3.299999999999,0.917695083045));
#671 = UNCERTAINTY_MEASURE_WITH_UNIT(LENGTH_MEASURE(1.000000000000E-05),#8328,'distance_accuracy_value','NONE');
#672 = SURFACE_STYLE_USAGE(.BOTH.,#7411) ;
#673 = B_SPLINE_CURVE_WITH_KNOTS('NONE',3,(#12564,#5762,#1556,#7203),.UNSPECIFIED.,.F.,.F.,(4,4),(0.,1.),.UNSPECIFIED.) ;
#674=DIRECTION('NONE',(0.007092178509,0.,-0.999974850185));
#675 = STYLED_ITEM('NONE',(#12234),#6465) ;
#676 = VERTEX_POINT('NONE',#9242) ;
#677 = PRESENTATION_LAYER_ASSIGNMENT('','',(#9353)) ;
#678 = ADVANCED_FACE('NONE',(#8131),#6493,.F.) ;
#679=CARTESIAN_POINT('NONE',(-2.299999999999,2.,-0.01));
#680 = FACE_OUTER_BOUND('NONE',#4882,.T.) ;
#681 = EDGE_LOOP('NONE',(#7655,#4134,#6034,#769)) ;
#682 = SURFACE_STYLE_USAGE(.BOTH.,#13857) ;
#683 = ORIENTED_EDGE('NONE',*,*,#9441,.F.) ;
#684=CARTESIAN_POINT('NONE',(-2.308492081909,3.299999999999,0.629244098306));
#685 =(LENGTH_UNIT() NAMED_UNIT(*) SI_UNIT(.MILLI.,.METRE.));
#686=DIRECTION('NONE',(0.,0.,-1.));
#687 = VECTOR('NONE',#10235,1000.) ;
#688 = PRESENTATION_LAYER_ASSIGNMENT('','',(#3024)) ;
#689 = LINE('NONE',#8953,#5466) ;
#690 = FACE_OUTER_BOUND('NONE',#10354,.T.) ;
#691 = ADVANCED_FACE('NONE',(#1815),#4261,.F.) ;
#692 = SURFACE_SIDE_STYLE('',(#7357)) ;
#693 = ORIENTED_EDGE('NONE',*,*,#1104,.T.) ;
#694 = PRESENTATION_LAYER_ASSIGNMENT('','',(#453)) ;
#695 = PRESENTATION_STYLE_ASSIGNMENT((#8696)) ;
#696 = B_SPLINE_SURFACE_WITH_KNOTS('NONE',3,1,((#6018,#10540),(#11794,#14035),(#5064,#8417),(#1790,#3750)),.UNSPECIFIED.,.F.,.F.,.F.,(4,4),(2,2),(1.,2.000000000000),(0.,1.),.UNSPECIFIED.) ;
#697 = LINE('NONE',#7430,#4944) ;
#698=CARTESIAN_POINT('NONE',(-2.313166227056,3.301,0.615361023832));
#699 = ORIENTED_EDGE('NONE',*,*,#5418,.T.) ;
#700=CARTESIAN_POINT('NONE',(-2.650763863663,3.301,0.930641488967));
#701=CARTESIAN_POINT('NONE',(-2.397296466739,3.301,0.690315052434));
#702 =(NAMED_UNIT(*) SI_UNIT($,.STERADIAN.) SOLID_ANGLE_UNIT());
#703 = ORIENTED_EDGE('NONE',*,*,#14636,.F.) ;
#704 = FILL_AREA_STYLE('',(#5423)) ;
#705=CARTESIAN_POINT('NONE',(-2.431566470072,3.299999999999,0.701863148656));
#706 = COLOUR_RGB('',0.250980392156,0.250980392156,0.250980392156) ;
#707 = B_SPLINE_CURVE_WITH_KNOTS('NONE',3,(#11902,#9699,#7185,#8384),.UNSPECIFIED.,.F.,.F.,(4,4),(5.000000000000,6.000000000000),.UNSPECIFIED.) ;
#708=AXIS2_PLACEMENT_3D('NONE',#11829,#9477,#1750);
#709 = VECTOR('NONE',#3207,1000.) ;
#710 = EDGE_CURVE('NONE',#2896,#6703,#6107,.T.) ;
#711 = FACE_OUTER_BOUND('NONE',#2472,.T.) ;
#712=DIRECTION('NONE',(0.,0.,-1.));
#713 = ORIENTED_EDGE('NONE',*,*,#11011,.T.) ;
#714 =(LENGTH_UNIT() NAMED_UNIT(*) SI_UNIT(.MILLI.,.METRE.));
#715 = ORIENTED_EDGE('NONE',*,*,#3968,.F.) ;
#716 = UNCERTAINTY_MEASURE_WITH_UNIT(LENGTH_MEASURE(1.000000000000E-05),#13753,'distance_accuracy_value','NONE');
#717=CARTESIAN_POINT('NONE',(-2.79108071915,3.299999999999,0.711915528186));
#718 = FILL_AREA_STYLE('',(#641)) ;
#719 = ORIENTED_EDGE('NONE',*,*,#1106,.F.) ;
#720 = ORIENTED_EDGE('NONE',*,*,#6167,.T.) ;
#721=DIRECTION('NONE',(0.007092178509,0.,-0.999974850185));
#722=CARTESIAN_POINT('NONE',(-2.516139394525,3.301,0.931596293747));
#723 = VERTEX_POINT('NONE',#2689) ;
#724=CARTESIAN_POINT('NONE',(-2.435350199985,3.301,0.645999908712));
#725 =(NAMED_UNIT(*) PLANE_ANGLE_UNIT() SI_UNIT($,.RADIAN.));
#726 = LINE('NONE',#5377,#2208) ;
#727 = FILL_AREA_STYLE('',(#14056)) ;
#728 = EDGE_LOOP('NONE',(#9932,#4337,#8448,#8908)) ;
#729=CARTESIAN_POINT('NONE',(-2.435252861222,3.301,0.632275449393));
#730 = ORIENTED_EDGE('NONE',*,*,#11622,.T.) ;
#731 = ADVANCED_FACE('NONE',(#7174),#11670,.F.) ;
#732 =(NAMED_UNIT(*) PLANE_ANGLE_UNIT() SI_UNIT($,.RADIAN.));
#733 = ORIENTED_EDGE('NONE',*,*,#3281,.F.) ;
#734=CARTESIAN_POINT('NONE',(0.,0.,7.7));
#735 = B_SPLINE_CURVE_WITH_KNOTS('NONE',3,(#13871,#4839,#4760,#13653),.UNSPECIFIED.,.F.,.F.,(4,4),(16.000000000000,17.000000000000),.UNSPECIFIED.) ;
#736=CARTESIAN_POINT('NONE',(-2.340596791722,3.301,0.660958566776));
#737 = UNCERTAINTY_MEASURE_WITH_UNIT(LENGTH_MEASURE(1.000000000000E-05),#10990,'distance_accuracy_value','NONE');
#738=CARTESIAN_POINT('NONE',(-1.630850943379,3.301,0.6305119443));
#739 = FACE_OUTER_BOUND('NONE',#6625,.T.) ;
#740 = VERTEX_POINT('NONE',#12167) ;
#741=AXIS2_PLACEMENT_3D('NONE',#7103,#9544,#3846);
#742=AXIS2_PLACEMENT_3D('NONE',#8160,#8236,#5991);
#743=CARTESIAN_POINT('NONE',(-2.603000757242,3.301,0.670327172125));
#744 = ORIENTED_EDGE('NONE',*,*,#10224,.F.) ;
#745=CARTESIAN_POINT('NONE',(-2.665467835281,3.299999999999,0.628833458361));
#746 = EDGE_CURVE('NONE',#13064,#5550,#8587,.T.) ;
#747 =(LENGTH_UNIT() NAMED_UNIT(*) SI_UNIT(.MILLI.,.METRE.));
#748 =(LENGTH_UNIT() NAMED_UNIT(*) SI_UNIT(.MILLI.,.METRE.));
#749 = ADVANCED_FACE('NONE',(#13320),#2048,.F.) ;
#750 = VECTOR('NONE',#6026,1000.) ;
#751 = VERTEX_POINT('NONE',#14333) ;
#752 = PRESENTATION_LAYER_ASSIGNMENT('','',(#1439)) ;
#753 =(NAMED_UNIT(*) SI_UNIT($,.STERADIAN.) SOLID_ANGLE_UNIT());
#754=CARTESIAN_POINT('NONE',(-2.335942800976,3.299999999999,0.822823566679));
#755 = ORIENTED_EDGE('NONE',*,*,#8214,.T.) ;
#756=CARTESIAN_POINT('NONE',(-1.657696398465,3.299999999999,0.62338064039));
#757 = VERTEX_POINT('NONE',#7617) ;
#758=DIRECTION('NONE',(0.,-1.,0.));
#759 = SURFACE_STYLE_FILL_AREA(#11847) ;
#760 = ORIENTED_EDGE('NONE',*,*,#6067,.F.) ;
#761 = PLANE('NONE',#11080) ;
#762 = B_SPLINE_CURVE_WITH_KNOTS('NONE',3,(#1997,#2073,#6751,#2272),.UNSPECIFIED.,.F.,.F.,(4,4),(12.000000000000,13.000000000000),.UNSPECIFIED.) ;
#763 =(GEOMETRIC_REPRESENTATION_CONTEXT(3) GLOBAL_UNCERTAINTY_ASSIGNED_CONTEXT((#8815)) GLOBAL_UNIT_ASSIGNED_CONTEXT((#14276,#9909,#4282)) REPRESENTATION_CONTEXT('NONE','WORKASPACE'));
#764 = EDGE_CURVE('NONE',#7162,#11587,#4274,.T.) ;
#765 = VECTOR('NONE',#1805,1000.) ;
#766 = SURFACE_STYLE_USAGE(.BOTH.,#10826) ;
#767 =(LENGTH_UNIT() NAMED_UNIT(*) SI_UNIT(.MILLI.,.METRE.));
#768=CARTESIAN_POINT('NONE',(-2.487259802667,3.301,0.637708592696));
#769 = ORIENTED_EDGE('NONE',*,*,#7772,.T.) ;
#770 = SURFACE_SIDE_STYLE('',(#10684)) ;
#771 = SURFACE_STYLE_USAGE(.BOTH.,#6305) ;
#772 = MECHANICAL_DESIGN_GEOMETRIC_PRESENTATION_REPRESENTATION('',(#4239),#13861) ;
#773 = VECTOR('NONE',#4983,1000.) ;
#774 = ORIENTED_EDGE('NONE',*,*,#1446,.F.) ;
#775=CARTESIAN_POINT('NONE',(-1.974765770617,3.301,0.923061550359));
#776=DIRECTION('NONE',(0.,-1.,0.));
#777 = EDGE_CURVE('NONE',#10063,#5372,#12375,.T.) ;
#778 =(LENGTH_UNIT() NAMED_UNIT(*) SI_UNIT(.MILLI.,.METRE.));
#779 =(NAMED_UNIT(*) SI_UNIT($,.STERADIAN.) SOLID_ANGLE_UNIT());
#780=CARTESIAN_POINT('NONE',(-1.699999999999,2.,-0.01));
#781 = EDGE_CURVE('NONE',#14416,#14787,#11068,.T.) ;
#782=CARTESIAN_POINT('NONE',(-2.304713207794,3.301,0.615420975662));
#783 =(NAMED_UNIT(*) SI_UNIT($,.STERADIAN.) SOLID_ANGLE_UNIT());
#784 =(NAMED_UNIT(*) SI_UNIT($,.STERADIAN.) SOLID_ANGLE_UNIT());
#785 = PLANE('NONE',#1986) ;
#786 = VECTOR('NONE',#4493,1000.) ;
#787=CARTESIAN_POINT('NONE',(-3.299999999999,1.,2.5));
#788 = FILL_AREA_STYLE_COLOUR('',#6345) ;
#789 = ORIENTED_EDGE('NONE',*,*,#13316,.T.) ;
#790 = B_SPLINE_CURVE_WITH_KNOTS('NONE',3,(#8777,#7731,#6534,#6464),.UNSPECIFIED.,.F.,.F.,(4,4),(3.000000000000,4.000000000000),.UNSPECIFIED.) ;
#791 = SURFACE_STYLE_USAGE(.BOTH.,#14321) ;
#792=CARTESIAN_POINT('NONE',(-2.446059870812,3.299999999999,0.590274708655));
#793 = VERTEX_POINT('NONE',#2016) ;
#794 = EDGE_CURVE('NONE',#946,#1799,#6486,.T.) ;
#795 = VECTOR('NONE',#1898,1000.) ;
#796 = ORIENTED_EDGE('NONE',*,*,#8941,.T.) ;
#797 = VECTOR('NONE',#10397,1000.) ;
#798=CARTESIAN_POINT('NONE',(-2.317216537321,3.299999999999,0.627872093431));
#799=DIRECTION('NONE',(0.,0.,-1.));
#800 = VERTEX_POINT('NONE',#3205) ;
#801=DIRECTION('NONE',(0.,0.,-1.));
#802 = VECTOR('NONE',#10906,1000.) ;
#803 = FILL_AREA_STYLE_COLOUR('',#13200) ;
#804=CARTESIAN_POINT('NONE',(-2.294529598992,3.301,0.683744627587));
#805 =(LENGTH_UNIT() NAMED_UNIT(*) SI_UNIT(.MILLI.,.METRE.));
#806=CARTESIAN_POINT('NONE',(-2.021128493468,3.301,0.854191212864));
#807=DIRECTION('NONE',(0.334929697692,0.,0.94224312022));
#808 = PRESENTATION_LAYER_ASSIGNMENT('','',(#12057)) ;
#809=CARTESIAN_POINT('NONE',(-1.857096160457,3.301,0.96901204209));
#810 = ORIENTED_EDGE('NONE',*,*,#4208,.T.) ;
#811=DIRECTION('NONE',(0.,0.,1.));
#812 = STYLED_ITEM('NONE',(#12798),#4811) ;
#813=CARTESIAN_POINT('NONE',(-2.376827022548,3.301,0.680603076085));
#814=CARTESIAN_POINT('NONE',(-2.417625435485,3.299999999999,0.693414998421));
#815 = LINE('NONE',#518,#4883) ;
#816 = ORIENTED_EDGE('NONE',*,*,#3432,.F.) ;
#817 =(GEOMETRIC_REPRESENTATION_CONTEXT(3) GLOBAL_UNCERTAINTY_ASSIGNED_CONTEXT((#10889)) GLOBAL_UNIT_ASSIGNED_CONTEXT((#10468,#404,#5270)) REPRESENTATION_CONTEXT('NONE','WORKASPACE'));
#818 = FILL_AREA_STYLE('',(#3075)) ;
#819=CARTESIAN_POINT('NONE',(-2.738015227702,3.301,0.614406615551));
#820 = UNCERTAINTY_MEASURE_WITH_UNIT(LENGTH_MEASURE(1.000000000000E-05),#9004,'distance_accuracy_value','NONE');
#821=CARTESIAN_POINT('NONE',(-2.561528093917,3.301,0.826339372882));
#822 = COLOUR_RGB('',0.647058823529,0.619607843137,0.588235294117) ;
#823 = MECHANICAL_DESIGN_GEOMETRIC_PRESENTATION_REPRESENTATION('',(#5927),#2196) ;
#824 = ORIENTED_EDGE('NONE',*,*,#6109,.T.) ;
#825 = VECTOR('NONE',#2029,1000.) ;
#826 = FILL_AREA_STYLE_COLOUR('',#10220) ;
#827 = B_SPLINE_CURVE_WITH_KNOTS('NONE',3,(#3660,#6978,#12567,#2494),.UNSPECIFIED.,.F.,.F.,(4,4),(5.000000000000,6.000000000000),.UNSPECIFIED.) ;
#828 = SURFACE_STYLE_FILL_AREA(#12998) ;
#829 = EDGE_LOOP('NONE',(#5079,#9078,#2834,#14811)) ;
#830=CARTESIAN_POINT('NONE',(0.9,-0.325,-0.05));
#831 = EDGE_LOOP('NONE',(#8841,#14469,#12649,#14733)) ;
#832 = LINE('NONE',#9861,#10675) ;
#833 = MECHANICAL_DESIGN_GEOMETRIC_PRESENTATION_REPRESENTATION('',(#1753),#5689) ;
#834=DIRECTION('NONE',(0.,0.,1.));
#835 = MECHANICAL_DESIGN_GEOMETRIC_PRESENTATION_REPRESENTATION('',(#8802),#5691) ;
#836 = ORIENTED_EDGE('NONE',*,*,#2401,.T.) ;
#837=CARTESIAN_POINT('NONE',(-2.31334520809,3.301,0.706569612765));
#838 = EDGE_CURVE('NONE',#4476,#8464,#4069,.T.) ;
#839=DIRECTION('NONE',(0.88961035806,0.,-0.456720276353));
#840 = MECHANICAL_DESIGN_GEOMETRIC_PRESENTATION_REPRESENTATION('',(#9030),#9761) ;
#841 = SURFACE_SIDE_STYLE('',(#9939)) ;
#842=CARTESIAN_POINT('NONE',(-2.485338288758,3.299999999999,0.630672484786));
#843 = ORIENTED_EDGE('NONE',*,*,#777,.T.) ;
#844=CARTESIAN_POINT('NONE',(-2.455811225115,3.299999999999,0.575357432097));
#845 = VECTOR('NONE',#12149,1000.) ;
#846=CARTESIAN_POINT('NONE',(-1.714303895699,3.299999999999,0.898012801955));
#847 = STYLED_ITEM('NONE',(#10309),#13801) ;
#848 =(LENGTH_UNIT() NAMED_UNIT(*) SI_UNIT(.MILLI.,.METRE.));
#849 = STYLED_ITEM('NONE',(#2986),#6911) ;
#850 = EDGE_CURVE('NONE',#12127,#4503,#9973,.T.) ;
#851 = ORIENTED_EDGE('NONE',*,*,#565,.F.) ;
#852=CARTESIAN_POINT('NONE',(-2.715124325989,3.301,0.676706461821));
#853=CARTESIAN_POINT('NONE',(-2.400399955798,3.299999999999,0.692476587922));
#854=CARTESIAN_POINT('NONE',(-2.608948016449,3.301,0.629234317088));
#855 =(NAMED_UNIT(*) SI_UNIT($,.STERADIAN.) SOLID_ANGLE_UNIT());
#856 = ADVANCED_FACE('NONE',(#11135),#5146,.T.) ;
#857 =(GEOMETRIC_REPRESENTATION_CONTEXT(3) GLOBAL_UNCERTAINTY_ASSIGNED_CONTEXT((#4951)) GLOBAL_UNIT_ASSIGNED_CONTEXT((#5598,#6709,#9849)) REPRESENTATION_CONTEXT('NONE','WORKASPACE'));
#858=CARTESIAN_POINT('NONE',(-1.98947133851,3.299999999999,0.672216787491));
#859=CARTESIAN_POINT('NONE',(2.299999999999,-2.,-0.01));
#860 =(NAMED_UNIT(*) PLANE_ANGLE_UNIT() SI_UNIT($,.RADIAN.));
#861=DIRECTION('NONE',(0.,0.,1.));
#862 = MECHANICAL_DESIGN_GEOMETRIC_PRESENTATION_REPRESENTATION('',(#7170),#4548) ;
#863 = ADVANCED_FACE('NONE',(#1147),#14345,.F.) ;
#864=CARTESIAN_POINT('NONE',(-2.384173936207,3.299999999999,0.630142237598));
#865 = ORIENTED_EDGE('NONE',*,*,#11547,.T.) ;
#866=CARTESIAN_POINT('NONE',(2.,2.,-0.01));
#867 = EDGE_CURVE('NONE',#7370,#374,#7857,.T.) ;
#868 = FILL_AREA_STYLE_COLOUR('',#10263) ;
#869 = LINE('NONE',#5296,#11084) ;
#870=DIRECTION('NONE',(1.,0.,0.));
#871=CARTESIAN_POINT('NONE',(-2.323176201807,3.301,0.694084866093));
#872 = ORIENTED_EDGE('NONE',*,*,#2583,.F.) ;
#873 = ORIENTED_EDGE('NONE',*,*,#13493,.T.) ;
#874 = FACE_OUTER_BOUND('NONE',#1782,.T.) ;
#875 = PLANE('NONE',#13230) ;
#876 =(GEOMETRIC_REPRESENTATION_CONTEXT(3) GLOBAL_UNCERTAINTY_ASSIGNED_CONTEXT((#14806)) GLOBAL_UNIT_ASSIGNED_CONTEXT((#3795,#13853,#10586)) REPRESENTATION_CONTEXT('NONE','WORKASPACE'));
#877=DIRECTION('NONE',(-0.931962576282,0.,-0.362554487503));
#878 = ORIENTED_EDGE('NONE',*,*,#6067,.T.) ;
#879 = MECHANICAL_DESIGN_GEOMETRIC_PRESENTATION_REPRESENTATION('',(#10018),#11897) ;
#880 = SURFACE_STYLE_FILL_AREA(#12102) ;
#881=CARTESIAN_POINT('NONE',(0.,0.,0.5));
#882 = SURFACE_SIDE_STYLE('',(#6266)) ;
#883 = EDGE_CURVE('NONE',#13034,#7583,#5648,.T.) ;
#884 = ORIENTED_EDGE('NONE',*,*,#13251,.F.) ;
#885 = MECHANICAL_DESIGN_GEOMETRIC_PRESENTATION_REPRESENTATION('',(#7187),#10962) ;
#886=DIRECTION('NONE',(0.,0.,1.));
#887 = ORIENTED_EDGE('NONE',*,*,#12077,.T.) ;
#888 = STYLED_ITEM('NONE',(#7590),#8743) ;
#889=DIRECTION('NONE',(0.999974850185,0.,0.007092178509));
#890=DIRECTION('NONE',(1.,0.,0.));
#891=CARTESIAN_POINT('NONE',(-2.302633968502,3.299999999999,0.634526157833));
#892 = ORIENTED_EDGE('NONE',*,*,#6289,.F.) ;
#893 =(NAMED_UNIT(*) SI_UNIT($,.STERADIAN.) SOLID_ANGLE_UNIT());
#894 = STYLED_ITEM('NONE',(#11100),#9156) ;
#895=CARTESIAN_POINT('NONE',(-2.418368513834,3.299999999999,0.70582475));
#896 = SURFACE_SIDE_STYLE('',(#9850)) ;
#897 = B_SPLINE_CURVE_WITH_KNOTS('NONE',3,(#6477,#12090,#3113,#5298),.UNSPECIFIED.,.F.,.F.,(4,4),(6.000000000000,7.000000000000),.UNSPECIFIED.) ;
#898 = B_SPLINE_CURVE_WITH_KNOTS('NONE',3,(#3629,#6778,#5804,#14635),.UNSPECIFIED.,.F.,.F.,(4,4),(1.,2.000000000000),.UNSPECIFIED.) ;
#899 = EDGE_CURVE('NONE',#1514,#7632,#13599,.T.) ;
#900 = ORIENTED_EDGE('NONE',*,*,#10432,.F.) ;
#901 = VECTOR('NONE',#10338,1000.) ;
#902 = MECHANICAL_DESIGN_GEOMETRIC_PRESENTATION_REPRESENTATION('',(#4837),#7436) ;
#903=DIRECTION('NONE',(0.,0.,-1.));
#904=CARTESIAN_POINT('NONE',(-2.339326813793,3.299999999999,0.934909084123));
#905 =(GEOMETRIC_REPRESENTATION_CONTEXT(3) GLOBAL_UNCERTAINTY_ASSIGNED_CONTEXT((#12479)) GLOBAL_UNIT_ASSIGNED_CONTEXT((#6809,#6890,#14738)) REPRESENTATION_CONTEXT('NONE','WORKASPACE'));
#906=CARTESIAN_POINT('NONE',(-2.791843484388,3.301,0.71390650379));
#907 = ORIENTED_EDGE('NONE',*,*,#12951,.F.) ;
#908 = PRESENTATION_STYLE_ASSIGNMENT((#11165)) ;
#909 = ORIENTED_EDGE('NONE',*,*,#746,.F.) ;
#910 = ORIENTED_EDGE('NONE',*,*,#1314,.F.) ;
#911 = FILL_AREA_STYLE('',(#6218)) ;
#912 = PLANE('NONE',#7348) ;
#913=CARTESIAN_POINT('NONE',(-2.693102800211,3.299999999999,0.632879780319));
#914 = MECHANICAL_DESIGN_GEOMETRIC_PRESENTATION_REPRESENTATION('',(#5319),#6012) ;
#915=CARTESIAN_POINT('NONE',(-2.399791817409,3.301,0.655111061699));
#916 = ORIENTED_EDGE('NONE',*,*,#4659,.F.) ;
#917 = VERTEX_POINT('NONE',#3339) ;
#918 = FILL_AREA_STYLE_COLOUR('',#9237) ;
#919 = EDGE_CURVE('NONE',#5293,#3693,#9081,.T.) ;
#920=CARTESIAN_POINT('NONE',(-1.818923062534,3.299999999999,0.969282779324));
#921 = ORIENTED_EDGE('NONE',*,*,#3770,.T.) ;
#922=AXIS2_PLACEMENT_3D('NONE',#1166,#3555,#6944);
#923 = COLOUR_RGB('',0.647058823529,0.619607843137,0.588235294117) ;
#924 = LINE('NONE',#12076,#6104) ;
#925 = MECHANICAL_DESIGN_GEOMETRIC_PRESENTATION_REPRESENTATION('',(#13540),#12865) ;
#926=CARTESIAN_POINT('NONE',(-2.339976708605,3.299999999999,0.630705248285));
#927=CARTESIAN_POINT('NONE',(0.,0.,1.571543008235));
#928 = SURFACE_STYLE_USAGE(.BOTH.,#8778) ;
#929 = PRESENTATION_STYLE_ASSIGNMENT((#1419)) ;
#930=DIRECTION('NONE',(-0.007092178509,0.,0.999974850185));
#931 = EDGE_CURVE('NONE',#4634,#2186,#12434,.T.) ;
#932 = FILL_AREA_STYLE_COLOUR('',#7268) ;
#933 = PRESENTATION_LAYER_ASSIGNMENT('','',(#8903)) ;
#934 = MECHANICAL_DESIGN_GEOMETRIC_PRESENTATION_REPRESENTATION('',(#14486),#9378) ;
#935 = ADVANCED_FACE('NONE',(#13008),#2959,.F.) ;
#936 = ORIENTED_EDGE('NONE',*,*,#2531,.T.) ;
#937 = FACE_OUTER_BOUND('NONE',#7239,.T.) ;
#938 =(LENGTH_UNIT() NAMED_UNIT(*) SI_UNIT(.MILLI.,.METRE.));
#939 =(LENGTH_UNIT() NAMED_UNIT(*) SI_UNIT(.MILLI.,.METRE.));
#940 = LINE('NONE',#4887,#7207) ;
#941 =(GEOMETRIC_REPRESENTATION_CONTEXT(3) GLOBAL_UNCERTAINTY_ASSIGNED_CONTEXT((#11755)) GLOBAL_UNIT_ASSIGNED_CONTEXT((#2340,#11318,#13646)) REPRESENTATION_CONTEXT('NONE','WORKASPACE'));
#942 =(NAMED_UNIT(*) SI_UNIT($,.STERADIAN.) SOLID_ANGLE_UNIT());
#943 = VERTEX_POINT('NONE',#7424) ;
#944 = ORIENTED_EDGE('NONE',*,*,#3523,.F.) ;
#945 = SURFACE_STYLE_USAGE(.BOTH.,#2088) ;
#946 = VERTEX_POINT('NONE',#10824) ;
#947=DIRECTION('NONE',(0.,-1.,0.));
#948 = MECHANICAL_DESIGN_GEOMETRIC_PRESENTATION_REPRESENTATION('',(#10313),#14262) ;
#949 = VECTOR('NONE',#9690,1000.) ;
#950=CARTESIAN_POINT('NONE',(-2.483112157816,3.301,0.637862783361));
#951 = FILL_AREA_STYLE_COLOUR('',#6181) ;
#952 =(NAMED_UNIT(*) SI_UNIT($,.STERADIAN.) SOLID_ANGLE_UNIT());
#953 = EDGE_CURVE('NONE',#4643,#13034,#10542,.T.) ;
#954=CARTESIAN_POINT('NONE',(-2.270915731559,3.301,0.617719451877));
#955 = ORIENTED_EDGE('NONE',*,*,#13284,.T.) ;
#956=DIRECTION('NONE',(0.,0.,1.));
#957 = ORIENTED_EDGE('NONE',*,*,#3016,.T.) ;
#958=AXIS2_PLACEMENT_3D('NONE',#787,#2979,#712);
#959=CARTESIAN_POINT('NONE',(-2.381064922802,3.301,0.66678548266));
#960=CARTESIAN_POINT('NONE',(-2.081986079936,3.301,0.810595791503));
#961=CARTESIAN_POINT('NONE',(-3.299999999999,3.299999999999,0.));
#962 = ORIENTED_EDGE('NONE',*,*,#7757,.T.) ;
#963 = EDGE_CURVE('NONE',#11150,#14238,#6435,.T.) ;
#964 =(NAMED_UNIT(*) SI_UNIT($,.STERADIAN.) SOLID_ANGLE_UNIT());
#965 = SURFACE_STYLE_FILL_AREA(#2031) ;
#966=DIRECTION('NONE',(0.,0.,-1.));
#967 = FACE_OUTER_BOUND('NONE',#13569,.T.) ;
#968 = ORIENTED_EDGE('NONE',*,*,#2681,.T.) ;
#969 = COLOUR_RGB('',0.647058823529,0.619607843137,0.588235294117) ;
#970=DIRECTION('NONE',(0.,0.,1.));
#971 = ORIENTED_EDGE('NONE',*,*,#6677,.F.) ;
#972 = PRESENTATION_STYLE_ASSIGNMENT((#11035)) ;
#973 = ORIENTED_EDGE('NONE',*,*,#7463,.T.) ;
#974 = FACE_OUTER_BOUND('NONE',#9141,.T.) ;
#975=CARTESIAN_POINT('NONE',(-2.407926756275,3.301,0.865297704095));
#976 = EDGE_LOOP('NONE',(#2677,#12712,#10030,#3435)) ;
#977=DIRECTION('NONE',(0.887386942262,0.,-0.461025394855));
#978=DIRECTION('NONE',(-1.,0.,0.));
#979 =(GEOMETRIC_REPRESENTATION_CONTEXT(3) GLOBAL_UNCERTAINTY_ASSIGNED_CONTEXT((#12835)) GLOBAL_UNIT_ASSIGNED_CONTEXT((#12177,#8513,#6491)) REPRESENTATION_CONTEXT('NONE','WORKASPACE'));
#980=AXIS2_PLACEMENT_3D('NONE',#12393,#3370,#2246);
#981 = VERTEX_POINT('NONE',#11581) ;
#982 = EDGE_LOOP('NONE',(#2625,#8607,#12860,#2363)) ;
#983=DIRECTION('NONE',(-0.007092178509,0.,0.999974850185));
#984 = ORIENTED_EDGE('NONE',*,*,#10965,.T.) ;
#985=CARTESIAN_POINT('NONE',(-2.713594157459,3.299999999999,0.720450632168));
#986 = MECHANICAL_DESIGN_GEOMETRIC_PRESENTATION_REPRESENTATION('',(#13846),#2346) ;
#987 = PRESENTATION_STYLE_ASSIGNMENT((#4187)) ;
#988 =(NAMED_UNIT(*) PLANE_ANGLE_UNIT() SI_UNIT($,.RADIAN.));
#989=CARTESIAN_POINT('NONE',(-1.918047542014,3.301,0.632813114141));
#990 = LINE('NONE',#11052,#8891) ;
#991=CARTESIAN_POINT('NONE',(-3.299999999999,3.299999999999,1.5));
#992 = VECTOR('NONE',#13500,1000.) ;
#993 = MECHANICAL_DESIGN_GEOMETRIC_PRESENTATION_REPRESENTATION('',(#1919),#4701) ;
#994 = ORIENTED_EDGE('NONE',*,*,#13251,.T.) ;
#995=CARTESIAN_POINT('NONE',(-2.407926756275,3.301,0.865297704095));
#996=CARTESIAN_POINT('NONE',(-2.549188688235,3.301,0.815010059299));
#997 = SURFACE_STYLE_USAGE(.BOTH.,#9752) ;
#998 = ORIENTED_EDGE('NONE',*,*,#4208,.F.) ;
#999 = ORIENTED_EDGE('NONE',*,*,#12316,.F.) ;
#1000=DIRECTION('NONE',(0.,-1.,0.));
#1001 = ORIENTED_EDGE('NONE',*,*,#2460,.T.) ;
#1002=CARTESIAN_POINT('NONE',(-1.802937596751,3.299999999999,0.917339306591));
#1003 = STYLED_ITEM('NONE',(#3606),#11751) ;
#1004 = EDGE_CURVE('NONE',#10819,#7831,#14489,.T.) ;
#1005=CARTESIAN_POINT('NONE',(-0.8,-0.4,0.));
#1006=DIRECTION('NONE',(0.,-1.,0.));
#1007 = EDGE_CURVE('NONE',#8613,#7049,#8543,.T.) ;
#1008 = SURFACE_STYLE_USAGE(.BOTH.,#11070) ;
#1009 = UNCERTAINTY_MEASURE_WITH_UNIT(LENGTH_MEASURE(1.000000000000E-05),#9608,'distance_accuracy_value','NONE');
#1010=CARTESIAN_POINT('NONE',(-2.410297968692,3.301,0.614672130856));
#1011 = SURFACE_SIDE_STYLE('',(#6415)) ;
#1012 = EDGE_LOOP('NONE',(#1612,#9891,#13942,#11191)) ;
#1013 = ORIENTED_EDGE('NONE',*,*,#8118,.F.) ;
#1014 = STYLED_ITEM('NONE',(#14021),#13829) ;
#1015=AXIS2_PLACEMENT_3D('NONE',#8651,#14474,#8794);
#1016=DIRECTION('NONE',(-0.007092178509,0.,0.999974850185));
#1017 = UNCERTAINTY_MEASURE_WITH_UNIT(LENGTH_MEASURE(1.000000000000E-05),#3036,'distance_accuracy_value','NONE');
#1018 = PRESENTATION_LAYER_ASSIGNMENT('','',(#13645)) ;
#1019=CARTESIAN_POINT('NONE',(-2.355570691995,3.299999999999,0.617119048686));
#1020 = FACE_OUTER_BOUND('NONE',#1842,.T.) ;
#1021 =(LENGTH_UNIT() NAMED_UNIT(*) SI_UNIT(.MILLI.,.METRE.));
#1022 = ORIENTED_EDGE('NONE',*,*,#9987,.T.) ;
#1023=CARTESIAN_POINT('NONE',(0.,0.,0.5));
#1024 = EDGE_CURVE('NONE',#12294,#8387,#11926,.T.) ;
#1025=CARTESIAN_POINT('NONE',(-2.715232283527,3.299999999999,0.691928134884));
#1026=CARTESIAN_POINT('NONE',(-2.313166227056,3.299999999999,0.615361023832));
#1027 = COLOUR_RGB('',0.647058823529,0.619607843137,0.588235294117) ;
#1028=AXIS2_PLACEMENT_3D('NONE',#1117,#2253,#978);
#1029=CARTESIAN_POINT('NONE',(-2.431933018816,3.299999999999,0.625997903456));
#1030 = VECTOR('NONE',#3738,1000.) ;
#1031 = ORIENTED_EDGE('NONE',*,*,#4645,.F.) ;
#1032 = EDGE_CURVE('NONE',#3240,#1694,#5941,.T.) ;
#1033=DIRECTION('NONE',(0.,0.,-1.));
#1034=CARTESIAN_POINT('NONE',(-1.694860474421,3.301,0.847829130512));
#1035 = UNCERTAINTY_MEASURE_WITH_UNIT(LENGTH_MEASURE(1.000000000000E-05),#4799,'distance_accuracy_value','NONE');
#1036 = VECTOR('NONE',#7245,1000.) ;
#1037=DIRECTION('NONE',(0.,-1.,0.));
#1038 = ORIENTED_EDGE('NONE',*,*,#5806,.F.) ;
#1039 =(LENGTH_UNIT() NAMED_UNIT(*) SI_UNIT(.MILLI.,.METRE.));
#1040 = EDGE_CURVE('NONE',#3303,#11432,#1849,.T.) ;
#1041 = ORIENTED_EDGE('NONE',*,*,#6342,.T.) ;
#1042 =(NAMED_UNIT(*) PLANE_ANGLE_UNIT() SI_UNIT($,.RADIAN.));
#1043 = ORIENTED_EDGE('NONE',*,*,#11608,.F.) ;
#1044=CARTESIAN_POINT('NONE',(-1.607524983549,3.299999999999,0.644559193055));
#1045 = PRESENTATION_STYLE_ASSIGNMENT((#13285)) ;
#1046=DIRECTION('NONE',(1.,0.,0.));
#1047 = COLOUR_RGB('',0.250980392156,0.250980392156,0.250980392156) ;
#1048=CARTESIAN_POINT('NONE',(-2.603983878753,3.301,0.808944211248));
#1049 = ORIENTED_EDGE('NONE',*,*,#4928,.T.) ;
#1050 = ADVANCED_FACE('NONE',(#14841),#8692,.F.) ;
#1051 = COLOUR_RGB('',0.647058823529,0.619607843137,0.588235294117) ;
#1052 = VECTOR('NONE',#6844,1000.) ;
#1053 = UNCERTAINTY_MEASURE_WITH_UNIT(LENGTH_MEASURE(1.000000000000E-05),#1141,'distance_accuracy_value','NONE');
#1054 = LINE('NONE',#6667,#5635) ;
#1055=CARTESIAN_POINT('NONE',(-2.731818660363,3.301,0.695117011712));
#1056 = SURFACE_STYLE_USAGE(.BOTH.,#6898) ;
#1057 =(GEOMETRIC_REPRESENTATION_CONTEXT(3) GLOBAL_UNCERTAINTY_ASSIGNED_CONTEXT((#1688)) GLOBAL_UNIT_ASSIGNED_CONTEXT((#11442,#3421,#8132)) REPRESENTATION_CONTEXT('NONE','WORKASPACE'));
#1058=DIRECTION('NONE',(-1.,0.,0.));
#1059 = SURFACE_SIDE_STYLE('',(#7437)) ;
#1060=CARTESIAN_POINT('NONE',(-1.71134431028,3.299999999999,0.847712221265));
#1061=DIRECTION('NONE',(0.,0.,1.));
#1062 = STYLED_ITEM('NONE',(#7302),#3488) ;
#1063=DIRECTION('NONE',(-1.,0.,0.));
#1064=CARTESIAN_POINT('NONE',(-2.640407025665,3.299999999999,0.908567542738));
#1065 = ADVANCED_FACE('NONE',(#3165),#912,.F.) ;
#1066 =(GEOMETRIC_REPRESENTATION_CONTEXT(3) GLOBAL_UNCERTAINTY_ASSIGNED_CONTEXT((#5166)) GLOBAL_UNIT_ASSIGNED_CONTEXT((#5512,#13048,#7465)) REPRESENTATION_CONTEXT('NONE','WORKASPACE'));
#1067 = VECTOR('NONE',#3847,1000.) ;
#1068 = LINE('NONE',#6825,#14779) ;
#1069 = ORIENTED_EDGE('NONE',*,*,#5144,.T.) ;
#1070 =(GEOMETRIC_REPRESENTATION_CONTEXT(3) GLOBAL_UNCERTAINTY_ASSIGNED_CONTEXT((#10002)) GLOBAL_UNIT_ASSIGNED_CONTEXT((#4570,#9245,#7249)) REPRESENTATION_CONTEXT('NONE','WORKASPACE'));
#1071 =(NAMED_UNIT(*) PLANE_ANGLE_UNIT() SI_UNIT($,.RADIAN.));
#1072 = SURFACE_SIDE_STYLE('',(#6756)) ;
#1073=CARTESIAN_POINT('NONE',(0.8,-0.4,0.299999999999));
#1074 = VECTOR('NONE',#13870,1000.) ;
#1075 = ORIENTED_EDGE('NONE',*,*,#413,.T.) ;
#1076 = ORIENTED_EDGE('NONE',*,*,#9820,.T.) ;
#1077 = SURFACE_SIDE_STYLE('',(#5506)) ;
#1078 = FACE_OUTER_BOUND('NONE',#4471,.T.) ;
#1079=CARTESIAN_POINT('NONE',(-1.607488114217,3.299999999999,0.761687394205));
#1080 = VECTOR('NONE',#7875,1000.) ;
#1081 = FACE_OUTER_BOUND('NONE',#6246,.T.) ;
#1082=CARTESIAN_POINT('NONE',(-2.407818103734,3.301,0.6520595583));
#1083 = FILL_AREA_STYLE_COLOUR('',#6638) ;
#1085 = STYLED_ITEM('NONE',(#14640),#3072) ;
#1084 = LINE('NONE',#11204,#6764) ;
#1086 = ORIENTED_EDGE('NONE',*,*,#1769,.F.) ;
#1087=CARTESIAN_POINT('NONE',(-2.348014086786,3.301,0.822737952812));
#1088 = EDGE_LOOP('NONE',(#13074,#6005,#6444,#5370)) ;
#1089 = FILL_AREA_STYLE('',(#3411)) ;
#1090 = PRESENTATION_LAYER_ASSIGNMENT('','',(#8112)) ;
#1091=DIRECTION('NONE',(-0.373386312957,0.,0.927675946274));
#1092 = EDGE_CURVE('NONE',#12967,#9670,#2901,.T.) ;
#1093=CARTESIAN_POINT('NONE',(-2.358380653092,3.299999999999,0.810998052195));
#1094=CARTESIAN_POINT('NONE',(-2.633920209044,3.301,0.930760950177));
#1095 = B_SPLINE_SURFACE_WITH_KNOTS('NONE',3,1,((#4192,#9883),(#9816,#14045),(#6248,#864),(#14318,#2910)),.UNSPECIFIED.,.F.,.F.,.F.,(4,4),(2,2),(0.,1.),(0.,1.),.UNSPECIFIED.) ;
#1096 = SURFACE_STYLE_FILL_AREA(#14277) ;
#1097 = ORIENTED_EDGE('NONE',*,*,#3093,.F.) ;
#1098 =(NAMED_UNIT(*) PLANE_ANGLE_UNIT() SI_UNIT($,.RADIAN.));
#1099=DIRECTION('NONE',(-0.999974850185,0.,-0.007092178509));
#1100=DIRECTION('NONE',(-1.,0.,0.));
#1101 =(GEOMETRIC_REPRESENTATION_CONTEXT(3) GLOBAL_UNCERTAINTY_ASSIGNED_CONTEXT((#5990)) GLOBAL_UNIT_ASSIGNED_CONTEXT((#8298,#10491,#4646)) REPRESENTATION_CONTEXT('NONE','WORKASPACE'));
#1102=CARTESIAN_POINT('NONE',(-1.740933984092,3.301,0.738182977972));
#1103 = STYLED_ITEM('NONE',(#4612),#10384) ;
#1104 = EDGE_CURVE('NONE',#5076,#11076,#12930,.T.) ;
#1105 = ORIENTED_EDGE('NONE',*,*,#4124,.T.) ;
#1106 = EDGE_CURVE('NONE',#2874,#5534,#4310,.T.) ;
#1107 =(NAMED_UNIT(*) SI_UNIT($,.STERADIAN.) SOLID_ANGLE_UNIT());
#1108 = FILL_AREA_STYLE('',(#3367)) ;
#1109 = FILL_AREA_STYLE('',(#3153)) ;
#1110 = EDGE_CURVE('NONE',#7253,#4016,#9043,.T.) ;
#1111 = ORIENTED_EDGE('NONE',*,*,#396,.F.) ;
#1112=CARTESIAN_POINT('NONE',(-2.052416363145,3.301,0.739444253862));
#1113=CARTESIAN_POINT('NONE',(0.8,-2.710505431213000E-17,0.299999999999));
#1114 = ORIENTED_EDGE('NONE',*,*,#6816,.T.) ;
#1115 = ADVANCED_FACE('NONE',(#11106,#6723),#14443,.T.) ;
#1116 = PRESENTATION_LAYER_ASSIGNMENT('','',(#9069)) ;
#1117=CARTESIAN_POINT('NONE',(0.,0.,1.940654339818));
#1118=DIRECTION('NONE',(-0.999974850185,0.,-0.007092178509));
#1119=CARTESIAN_POINT('NONE',(-2.515416004456,3.301,0.917564339388));
#1120 = VECTOR('NONE',#10958,1000.) ;
#1121 = EDGE_LOOP('NONE',(#9714,#7459,#12098,#11304)) ;
#1122 = EDGE_CURVE('NONE',#7523,#493,#4969,.T.) ;
#1123 = VERTEX_POINT('NONE',#14874) ;
#1124=CARTESIAN_POINT('NONE',(-2.580253891451,3.301,0.871686717921));
#1125 = FACE_OUTER_BOUND('NONE',#8534,.T.) ;
#1126 = ORIENTED_EDGE('NONE',*,*,#8199,.F.) ;
#1127 = FACE_OUTER_BOUND('NONE',#3549,.T.) ;
#1128 = FILL_AREA_STYLE('',(#2265)) ;
#1129 =(GEOMETRIC_REPRESENTATION_CONTEXT(3) GLOBAL_UNCERTAINTY_ASSIGNED_CONTEXT((#3384)) GLOBAL_UNIT_ASSIGNED_CONTEXT((#8108,#7151,#13878)) REPRESENTATION_CONTEXT('NONE','WORKASPACE'));
#1130 = PLANE('NONE',#12871) ;
#1131 = SURFACE_SIDE_STYLE('',(#5629)) ;
#1132 = EDGE_CURVE('NONE',#11667,#1486,#2322,.T.) ;
#1133 = PLANE('NONE',#5249) ;
#1134=CARTESIAN_POINT('NONE',(-2.56357990973,3.299999999999,0.856145827705));
#1135 = CIRCLE('NONE',#922,0.751525314169) ;
#1136=DIRECTION('NONE',(0.,0.,1.));
#1137 = STYLED_ITEM('NONE',(#6836),#6490) ;
#1138 = ORIENTED_EDGE('NONE',*,*,#1282,.T.) ;
#1139 = PRESENTATION_LAYER_ASSIGNMENT('','',(#7466)) ;
#1140 = SURFACE_STYLE_FILL_AREA(#10033) ;
#1141 =(LENGTH_UNIT() NAMED_UNIT(*) SI_UNIT(.MILLI.,.METRE.));
#1142=CARTESIAN_POINT('NONE',(-2.324699078981,3.301,0.706489087061));
#1143 = ORIENTED_EDGE('NONE',*,*,#3797,.F.) ;
#1144=CARTESIAN_POINT('NONE',(-2.376303828783,3.301,0.620028967036));
#1145 = ADVANCED_FACE('NONE',(#3577),#4732,.F.) ;
#1146=DIRECTION('NONE',(0.,0.,1.));
#1147 = FACE_OUTER_BOUND('NONE',#2926,.T.) ;
#1148 = FILL_AREA_STYLE_COLOUR('',#10191) ;
#1149=AXIS2_PLACEMENT_3D('NONE',#960,#4283,#6562);
#1150 = VECTOR('NONE',#8861,1000.) ;
#1151 =(GEOMETRIC_REPRESENTATION_CONTEXT(3) GLOBAL_UNCERTAINTY_ASSIGNED_CONTEXT((#13057)) GLOBAL_UNIT_ASSIGNED_CONTEXT((#7719,#8620,#11998)) REPRESENTATION_CONTEXT('NONE','WORKASPACE'));
#1152=CARTESIAN_POINT('NONE',(-3.299999999999,3.299999999999,0.299999999999));
#1153=DIRECTION('NONE',(-1.,0.,0.));
#1154 = ORIENTED_EDGE('NONE',*,*,#14348,.T.) ;
#1155 = PRESENTATION_LAYER_ASSIGNMENT('','',(#5102)) ;
#1156 = LINE('NONE',#9077,#14530) ;
#1157 = ORIENTED_EDGE('NONE',*,*,#5238,.T.) ;
#1158 =(NAMED_UNIT(*) SI_UNIT($,.STERADIAN.) SOLID_ANGLE_UNIT());
#1159 = LINE('NONE',#7901,#14780) ;
#1160 = PRESENTATION_STYLE_ASSIGNMENT((#9907)) ;
#1161 =(GEOMETRIC_REPRESENTATION_CONTEXT(3) GLOBAL_UNCERTAINTY_ASSIGNED_CONTEXT((#4353)) GLOBAL_UNIT_ASSIGNED_CONTEXT((#4284,#8809,#9318)) REPRESENTATION_CONTEXT('NONE','WORKASPACE'));
#1162 = UNCERTAINTY_MEASURE_WITH_UNIT(LENGTH_MEASURE(1.000000000000E-05),#1903,'distance_accuracy_value','NONE');
#1163 = FILL_AREA_STYLE('',(#14776)) ;
#1164 = ORIENTED_EDGE('NONE',*,*,#7693,.F.) ;
#1165 = FILL_AREA_STYLE_COLOUR('',#4498) ;
#1166=CARTESIAN_POINT('NONE',(3.740172735303,0.,1.571543008235));
#1167 =(NAMED_UNIT(*) SI_UNIT($,.STERADIAN.) SOLID_ANGLE_UNIT());
#1168=CARTESIAN_POINT('NONE',(-0.8,-0.4,0.299999999999));
#1169 = ADVANCED_FACE('NONE',(#1474),#12553,.F.) ;
#1170 = STYLED_ITEM('NONE',(#5650),#4485) ;
#1171 = ORIENTED_EDGE('NONE',*,*,#7442,.T.) ;
#1172=CARTESIAN_POINT('NONE',(-2.785356667767,3.299999999999,0.73609991123));
#1173=CARTESIAN_POINT('NONE',(-2.339381895203,3.301,0.920684447433));
#1174 = UNCERTAINTY_MEASURE_WITH_UNIT(LENGTH_MEASURE(1.000000000000E-05),#9898,'distance_accuracy_value','NONE');
#1175 = VERTEX_POINT('NONE',#10205) ;
#1176=CARTESIAN_POINT('NONE',(-1.740933984092,3.301,0.738182977972));
#1177 =(NAMED_UNIT(*) SI_UNIT($,.STERADIAN.) SOLID_ANGLE_UNIT());
#1178 = ORIENTED_EDGE('NONE',*,*,#1510,.T.) ;
#1179 =(LENGTH_UNIT() NAMED_UNIT(*) SI_UNIT(.MILLI.,.METRE.));
#1180 = B_SPLINE_CURVE_WITH_KNOTS('NONE',3,(#8757,#14014,#9790,#3952),.UNSPECIFIED.,.F.,.F.,(4,4),(14.000000000000,15.000000000000),.UNSPECIFIED.) ;
#1181 = EDGE_CURVE('NONE',#7381,#7631,#511,.T.) ;
#1182=DIRECTION('NONE',(-0.345199932434,0.,0.938529171974));
#1183 = EDGE_CURVE('NONE',#9977,#10470,#6881,.T.) ;
#1184 = EDGE_CURVE('NONE',#7349,#4634,#2716,.T.) ;
#1185 = FILL_AREA_STYLE('',(#6656)) ;
#1186=CARTESIAN_POINT('NONE',(-1.950430666794,3.299999999999,0.672493677868));
#1187 = VERTEX_POINT('NONE',#12914) ;
#1188 = COLOUR_RGB('',0.647058823529,0.619607843137,0.588235294117) ;
#1189 = VERTEX_POINT('NONE',#10579) ;
#1190=CARTESIAN_POINT('NONE',(-1.994301441068,3.299999999999,0.619258082434));
#1191 = UNCERTAINTY_MEASURE_WITH_UNIT(LENGTH_MEASURE(1.000000000000E-05),#10477,'distance_accuracy_value','NONE');
#1192 = SURFACE_SIDE_STYLE('',(#7867)) ;
#1193=CARTESIAN_POINT('NONE',(-2.094508917951,3.301,0.680147964718));
#1194 =(NAMED_UNIT(*) PLANE_ANGLE_UNIT() SI_UNIT($,.RADIAN.));
#1195 = PLANE('NONE',#1230) ;
#1196 = PRESENTATION_STYLE_ASSIGNMENT((#8983)) ;
#1197 = ADVANCED_FACE('NONE',(#527),#1834,.F.) ;
#1198 =(LENGTH_UNIT() NAMED_UNIT(*) SI_UNIT(.MILLI.,.METRE.));
#1199 = PRESENTATION_LAYER_ASSIGNMENT('','',(#9164)) ;
#1200=CARTESIAN_POINT('NONE',(0.,0.,1.571543008235));
#1201 = VECTOR('NONE',#5042,1000.) ;
#1202=DIRECTION('NONE',(0.,-1.,0.));
#1203=CARTESIAN_POINT('NONE',(-2.295531278295,3.299999999999,0.666643473264));
#1204 = SURFACE_SIDE_STYLE('',(#2139)) ;
#1205=CARTESIAN_POINT('NONE',(-2.024684867268,3.301,0.621645428081));
#1206=AXIS2_PLACEMENT_3D('NONE',#7470,#8661,#5154);
#1207 = ORIENTED_EDGE('NONE',*,*,#6565,.T.) ;
#1208 = EDGE_CURVE('NONE',#3834,#1888,#10662,.T.) ;
#1209 = CIRCLE('NONE',#9422,2.650000000000) ;
#1210 = FILL_AREA_STYLE_COLOUR('',#2506) ;
#1211=CARTESIAN_POINT('NONE',(-2.381064922802,3.299999999999,0.66678548266));
#1212 = ORIENTED_EDGE('NONE',*,*,#6280,.T.) ;
#1213 = SURFACE_STYLE_FILL_AREA(#13585) ;
#1214 =(LENGTH_UNIT() NAMED_UNIT(*) SI_UNIT(.MILLI.,.METRE.));
#1215 = B_SPLINE_CURVE_WITH_KNOTS('NONE',3,(#2318,#7040,#4729,#12548,#1539,#2550,#9256),.UNSPECIFIED.,.F.,.F.,(4,3,4),(0.,1.,2.000000000000),.UNSPECIFIED.) ;
#1216=CARTESIAN_POINT('NONE',(-1.945231410163,3.299999999999,0.673398153735));
#1217=CARTESIAN_POINT('NONE',(-1.826731129137,3.301,0.602226667552));
#1218 = STYLED_ITEM('NONE',(#13956),#14546) ;
#1219=CARTESIAN_POINT('NONE',(0.999999999999,6.75,1.5));
#1220 = PRESENTATION_LAYER_ASSIGNMENT('','',(#14086)) ;
#1221 = PRESENTATION_LAYER_ASSIGNMENT('','',(#6105)) ;
#1222 = PRESENTATION_STYLE_ASSIGNMENT((#5723)) ;
#1223 = ORIENTED_EDGE('NONE',*,*,#11296,.F.) ;
#1224=DIRECTION('NONE',(0.,-1.,0.));
#1225 = VERTEX_POINT('NONE',#10808) ;
#1226 = EDGE_CURVE('NONE',#1886,#4634,#598,.T.) ;
#1227 = LINE('NONE',#11353,#9912) ;
#1228 = PRESENTATION_LAYER_ASSIGNMENT('','',(#4239)) ;
#1229=CARTESIAN_POINT('NONE',(-2.435350199985,3.301,0.645999908712));
#1230=AXIS2_PLACEMENT_3D('NONE',#14595,#9054,#10303);
#1231=CARTESIAN_POINT('NONE',(-1.93048270534,3.301,0.673502756813));
#1232=CARTESIAN_POINT('NONE',(-2.285825712582,3.301,0.657229477911));
#1233 = VECTOR('NONE',#4898,1000.) ;
#1234=AXIS2_PLACEMENT_3D('NONE',#6739,#10148,#14519);
#1235 = VERTEX_POINT('NONE',#2865) ;
#1236=CARTESIAN_POINT('NONE',(-2.606938696619,3.301,0.737365315155));
#1237 = SURFACE_STYLE_FILL_AREA(#10337) ;
#1238 = LINE('NONE',#3631,#14705) ;
#1239 = FILL_AREA_STYLE('',(#7024)) ;
#1240=CARTESIAN_POINT('NONE',(-2.514031376558,3.299999999999,0.823494497308));
#1241=DIRECTION('NONE',(0.,-1.,0.));
#1242 = STYLED_ITEM('NONE',(#7356),#13955) ;
#1243 = ORIENTED_EDGE('NONE',*,*,#12338,.T.) ;
#1244 = ORIENTED_EDGE('NONE',*,*,#6616,.T.) ;
#1245 = UNCERTAINTY_MEASURE_WITH_UNIT(LENGTH_MEASURE(1.000000000000E-05),#9598,'distance_accuracy_value','NONE');
#1246 = FILL_AREA_STYLE('',(#12543)) ;
#1247 =(LENGTH_UNIT() NAMED_UNIT(*) SI_UNIT(.MILLI.,.METRE.));
#1248 =(LENGTH_UNIT() NAMED_UNIT(*) SI_UNIT(.MILLI.,.METRE.));
#1249 = ORIENTED_EDGE('NONE',*,*,#7900,.T.) ;
#1250 = SURFACE_SIDE_STYLE('',(#2548)) ;
#1251 = SURFACE_STYLE_USAGE(.BOTH.,#5472) ;
#1252=CARTESIAN_POINT('NONE',(-2.496314347256,3.299999999999,0.823620152803));
#1253 = ORIENTED_EDGE('NONE',*,*,#11802,.T.) ;
#1254 = COLOUR_RGB('',1.,1.,1.) ;
#1255 = SURFACE_SIDE_STYLE('',(#11231)) ;
#1256=DIRECTION('NONE',(0.342741495853,0.,0.939429756299));
#1257 = STYLED_ITEM('NONE',(#8856),#4696) ;
#1258 = PRESENTATION_STYLE_ASSIGNMENT((#11172)) ;
#1259=CARTESIAN_POINT('NONE',(-1.657696398465,3.301,0.62338064039));
#1260 = SURFACE_SIDE_STYLE('',(#12406)) ;
#1261 = ORIENTED_EDGE('NONE',*,*,#781,.T.) ;
#1262 = PRESENTATION_LAYER_ASSIGNMENT('','',(#11588)) ;
#1263=CARTESIAN_POINT('NONE',(-2.282532235571,3.301,0.90536611042));
#1264 = LINE('NONE',#6062,#3746) ;
#1265 = ORIENTED_EDGE('NONE',*,*,#8074,.F.) ;
#1266 = SURFACE_SIDE_STYLE('',(#9275)) ;
#1267 = ORIENTED_EDGE('NONE',*,*,#1314,.T.) ;
#1268 = LINE('NONE',#4456,#8969) ;
#1269=CARTESIAN_POINT('NONE',(-2.392588692688,3.301,0.681863803664));
#1270 = EDGE_CURVE('NONE',#8899,#8863,#12778,.T.) ;
#1271 = LINE('NONE',#8093,#5787) ;
#1272=CARTESIAN_POINT('NONE',(-2.701412263596,3.299999999999,0.731329989118));
#1273 =(GEOMETRIC_REPRESENTATION_CONTEXT(3) GLOBAL_UNCERTAINTY_ASSIGNED_CONTEXT((#7267)) GLOBAL_UNIT_ASSIGNED_CONTEXT((#7300,#6317,#783)) REPRESENTATION_CONTEXT('NONE','WORKASPACE'));
#1274 = VECTOR('NONE',#485,1000.) ;
#1275 = EDGE_LOOP('NONE',(#5574,#4279,#13690,#4002)) ;
#1276=AXIS2_PLACEMENT_3D('NONE',#6294,#9644,#13003);
#1277=CARTESIAN_POINT('NONE',(-2.647750805978,3.299999999999,0.628959113856));
#1278 = ADVANCED_FACE('NONE',(#9633),#11834,.F.) ;
#1279 = ORIENTED_EDGE('NONE',*,*,#12501,.T.) ;
#1280 = SURFACE_STYLE_USAGE(.BOTH.,#1072) ;
#1281=CARTESIAN_POINT('NONE',(-2.561528093917,3.301,0.826339372882));
#1282 = EDGE_CURVE('NONE',#14696,#12902,#7635,.T.) ;
#1283 =(NAMED_UNIT(*) SI_UNIT($,.STERADIAN.) SOLID_ANGLE_UNIT());
#1284 = VERTEX_POINT('NONE',#8954) ;
#1285 = LINE('NONE',#8027,#13328) ;
#1286 = LINE('NONE',#9301,#687) ;
#1287 = VECTOR('NONE',#13923,1000.) ;
#1288=CARTESIAN_POINT('NONE',(-1.982623110569,3.301,0.807613147466));
#1289 = UNCERTAINTY_MEASURE_WITH_UNIT(LENGTH_MEASURE(1.000000000000E-05),#1554,'distance_accuracy_value','NONE');
#1290 = EDGE_CURVE('NONE',#14338,#4039,#6965,.T.) ;
#1291 = LINE('NONE',#14765,#11365) ;
#1292 =(GEOMETRIC_REPRESENTATION_CONTEXT(3) GLOBAL_UNCERTAINTY_ASSIGNED_CONTEXT((#13706)) GLOBAL_UNIT_ASSIGNED_CONTEXT((#11599,#11671,#11748)) REPRESENTATION_CONTEXT('NONE','WORKASPACE'));
#1293 = PRESENTATION_LAYER_ASSIGNMENT('','',(#14862)) ;
#1294 = ORIENTED_EDGE('NONE',*,*,#13365,.T.) ;
#1295 = COLOUR_RGB('',0.647058823529,0.619607843137,0.588235294117) ;
#1296 = ORIENTED_EDGE('NONE',*,*,#9447,.T.) ;
#1297 = EDGE_CURVE('NONE',#13291,#13441,#9918,.T.) ;
#1298=CARTESIAN_POINT('NONE',(-2.348014086786,3.299999999999,0.822737952812));
#1299 = ORIENTED_EDGE('NONE',*,*,#8552,.T.) ;
#1300=CARTESIAN_POINT('NONE',(-2.642075464357,3.301,0.915106349196));
#1301=DIRECTION('NONE',(0.,-1.,0.));
#1302 = FILL_AREA_STYLE_COLOUR('',#10015) ;
#1303 = VERTEX_POINT('NONE',#13192) ;
#1304=CARTESIAN_POINT('NONE',(-1.,3.039736830714,0.5));
#1305 = STYLED_ITEM('NONE',(#2142),#7380) ;
#1306=CARTESIAN_POINT('NONE',(-2.265067138462,3.299999999999,0.672723917952));
#1307 = VERTEX_POINT('NONE',#3220) ;
#1308 =(GEOMETRIC_REPRESENTATION_CONTEXT(3) GLOBAL_UNCERTAINTY_ASSIGNED_CONTEXT((#6119)) GLOBAL_UNIT_ASSIGNED_CONTEXT((#13705,#11460,#5751)) REPRESENTATION_CONTEXT('NONE','WORKASPACE'));
#1309 =(NAMED_UNIT(*) SI_UNIT($,.STERADIAN.) SOLID_ANGLE_UNIT());
#1310=CARTESIAN_POINT('NONE',(-2.529533777198,3.301,0.82338454875));
#1311=CARTESIAN_POINT('NONE',(-2.340596791722,3.301,0.660958566776));
#1312 = SURFACE_SIDE_STYLE('',(#7981)) ;
#1313 = COLOUR_RGB('',0.250980392156,0.250980392156,0.250980392156) ;
#1314 = EDGE_CURVE('NONE',#3449,#3634,#14355,.T.) ;
#1315=CARTESIAN_POINT('NONE',(-0.880617391387,2.499402530603,7.698999999999));
#1316 = LINE('NONE',#11602,#14396) ;
#1317 =(GEOMETRIC_REPRESENTATION_CONTEXT(3) GLOBAL_UNCERTAINTY_ASSIGNED_CONTEXT((#1483)) GLOBAL_UNIT_ASSIGNED_CONTEXT((#12391,#6642,#1107)) REPRESENTATION_CONTEXT('NONE','WORKASPACE'));
#1318 = EDGE_LOOP('NONE',(#9554,#13181,#7313,#1941)) ;
#1319 =(NAMED_UNIT(*) PLANE_ANGLE_UNIT() SI_UNIT($,.RADIAN.));
#1320 =(NAMED_UNIT(*) SI_UNIT($,.STERADIAN.) SOLID_ANGLE_UNIT());
#1321 = UNCERTAINTY_MEASURE_WITH_UNIT(LENGTH_MEASURE(1.000000000000E-05),#12990,'distance_accuracy_value','NONE');
#1322 = SURFACE_SIDE_STYLE('',(#10273)) ;
#1323 = VERTEX_POINT('NONE',#5461) ;
#1324 = LINE('NONE',#5745,#8677) ;
#1325 = ORIENTED_EDGE('NONE',*,*,#11486,.T.) ;
#1326 = ADVANCED_FACE('NONE',(#11156),#3077,.F.) ;
#1327 = FACE_BOUND('NONE',#4108,.T.) ;
#1329=CARTESIAN_POINT('NONE',(-1.657056555041,3.299999999999,0.900154047115));
#1328 = B_SPLINE_SURFACE_WITH_KNOTS('NONE',3,1,((#1657,#6095),(#8200,#3900),(#3620,#11512),(#3692,#3829)),.UNSPECIFIED.,.F.,.F.,.F.,(4,4),(2,2),(4.000000000000,5.000000000000),(0.,1.),.UNSPECIFIED.) ;
#1330=CARTESIAN_POINT('NONE',(-2.563795824805,3.299999999999,0.886589173831));
#1331 =(NAMED_UNIT(*) SI_UNIT($,.STERADIAN.) SOLID_ANGLE_UNIT());
#1332 = EDGE_LOOP('NONE',(#14634,#5470)) ;
#1333 = ORIENTED_EDGE('NONE',*,*,#7735,.F.) ;
#1334 = PRESENTATION_STYLE_ASSIGNMENT((#4664)) ;
#1335=CARTESIAN_POINT('NONE',(-2.713594157459,3.299999999999,0.720450632168));
#1336 = UNCERTAINTY_MEASURE_WITH_UNIT(LENGTH_MEASURE(1.000000000000E-05),#11092,'distance_accuracy_value','NONE');
#1337 = SURFACE_SIDE_STYLE('',(#9493)) ;
#1338 = ORIENTED_EDGE('NONE',*,*,#14442,.F.) ;
#1339=CARTESIAN_POINT('NONE',(-2.367504634313,3.301,0.830772421658));
#1340 =(LENGTH_UNIT() NAMED_UNIT(*) SI_UNIT(.MILLI.,.METRE.));
#1341 = SURFACE_SIDE_STYLE('',(#6744)) ;
#1342=CARTESIAN_POINT('NONE',(-1.787413567045,3.299999999999,0.563462886214));
#1343=DIRECTION('NONE',(0.,-1.,0.));
#1344 = FACE_OUTER_BOUND('NONE',#9643,.T.) ;
#1345 = MECHANICAL_DESIGN_GEOMETRIC_PRESENTATION_REPRESENTATION('',(#4584),#4838) ;
#1346 = EDGE_CURVE('NONE',#1694,#10441,#2584,.T.) ;
#1347=CARTESIAN_POINT('NONE',(-2.608849350339,3.299999999999,0.61532270605));
#1348 = FILL_AREA_STYLE_COLOUR('',#3997) ;
#1349 = VERTEX_POINT('NONE',#13343) ;
#1350=AXIS2_PLACEMENT_3D('NONE',#7921,#5742,#4576);
#1351 =(NAMED_UNIT(*) SI_UNIT($,.STERADIAN.) SOLID_ANGLE_UNIT());
#1352=DIRECTION('NONE',(0.999974850185,0.,0.007092178509));
#1353=CARTESIAN_POINT('NONE',(-2.304686032692,3.299999999999,0.835896981899));
#1354 = ORIENTED_EDGE('NONE',*,*,#6730,.T.) ;
#1355 =(LENGTH_UNIT() NAMED_UNIT(*) SI_UNIT(.MILLI.,.METRE.));
#1356=CARTESIAN_POINT('NONE',(-1.694860474421,3.299999999999,0.847829130512));
#1357=CARTESIAN_POINT('NONE',(0.,0.,-0.05));
#1358=CARTESIAN_POINT('NONE',(-2.294376552045,3.301,0.917260418749));
#1359 = EDGE_CURVE('NONE',#4503,#2080,#8675,.T.) ;
#1360 =(NAMED_UNIT(*) PLANE_ANGLE_UNIT() SI_UNIT($,.RADIAN.));
#1361=CARTESIAN_POINT('NONE',(-2.106211892943,3.301,0.739930350746));
#1362 = ORIENTED_EDGE('NONE',*,*,#6319,.T.) ;
#1363 = EDGE_CURVE('NONE',#1751,#10782,#7557,.T.) ;
#1364 =(NAMED_UNIT(*) PLANE_ANGLE_UNIT() SI_UNIT($,.RADIAN.));
#1365 = VERTEX_POINT('NONE',#13407) ;
#1366 = B_SPLINE_CURVE_WITH_KNOTS('NONE',3,(#8714,#4130,#8578,#717),.UNSPECIFIED.,.F.,.F.,(4,4),(3.000000000000,4.000000000000),.UNSPECIFIED.) ;
#1367=CARTESIAN_POINT('NONE',(-2.292955209241,3.299999999999,0.870792151638));
#1368 = ORIENTED_EDGE('NONE',*,*,#14456,.F.) ;
#1369=DIRECTION('NONE',(1.,0.,0.));
#1370 = SURFACE_STYLE_FILL_AREA(#11431) ;
#1371 = VERTEX_POINT('NONE',#6710) ;
#1372 = B_SPLINE_SURFACE_WITH_KNOTS('NONE',3,1,((#10228,#7815),(#5434,#7958),(#7675,#11253),(#12157,#9964)),.UNSPECIFIED.,.F.,.F.,.F.,(4,4),(2,2),(4.000000000000,5.000000000000),(0.,1.),.UNSPECIFIED.) ;
#1373=CARTESIAN_POINT('NONE',(-2.268905526831,3.299999999999,0.725725682133));
#1374 = MECHANICAL_DESIGN_GEOMETRIC_PRESENTATION_REPRESENTATION('',(#1137),#6980) ;
#1375 = ORIENTED_EDGE('NONE',*,*,#9781,.T.) ;
#1376 = MECHANICAL_DESIGN_GEOMETRIC_PRESENTATION_REPRESENTATION('',(#14477),#1848) ;
#1377=CARTESIAN_POINT('NONE',(-2.608948016449,3.299999999999,0.629234317088));
#1378 = ADVANCED_FACE('NONE',(#7846),#12151,.F.) ;
#1379 = LINE('NONE',#7022,#3808) ;
#1380=DIRECTION('NONE',(-0.007092178509,0.,0.999974850185));
#1381=DIRECTION('NONE',(0.,-1.,0.));
#1382=DIRECTION('NONE',(1.,0.,0.));
#1383 =(GEOMETRIC_REPRESENTATION_CONTEXT(3) GLOBAL_UNCERTAINTY_ASSIGNED_CONTEXT((#14793)) GLOBAL_UNIT_ASSIGNED_CONTEXT((#6085,#10537,#10395)) REPRESENTATION_CONTEXT('NONE','WORKASPACE'));
#1384 =(LENGTH_UNIT() NAMED_UNIT(*) SI_UNIT(.MILLI.,.METRE.));
#1385 = ORIENTED_EDGE('NONE',*,*,#11011,.F.) ;
#1386 = MECHANICAL_DESIGN_GEOMETRIC_PRESENTATION_REPRESENTATION('',(#4403),#6285) ;
#1387 = VECTOR('NONE',#4040,1000.) ;
#1388 = STYLED_ITEM('NONE',(#6454),#4126) ;
#1389 = LINE('NONE',#8059,#8622) ;
#1390=CARTESIAN_POINT('NONE',(-2.359390315969,3.301,0.918171832901));
#1391 = EDGE_CURVE('NONE',#13678,#5226,#8135,.T.) ;
#1392=CARTESIAN_POINT('NONE',(-1.978285258156,3.299999999999,0.807643913064));
#1393=CARTESIAN_POINT('NONE',(-2.338261152582,3.299999999999,0.639513988825));
#1394=CARTESIAN_POINT('NONE',(-2.79535401671,3.299999999999,0.711885220435));
#1395 = FILL_AREA_STYLE('',(#2549)) ;
#1396 = ORIENTED_EDGE('NONE',*,*,#11818,.T.) ;
#1397 = EDGE_CURVE('NONE',#6020,#7410,#1316,.T.) ;
#1398 = B_SPLINE_CURVE_WITH_KNOTS('NONE',3,(#7280,#11923,#5047,#4101),.UNSPECIFIED.,.F.,.F.,(4,4),(3.000000000000,4.000000000000),.UNSPECIFIED.) ;
#1399 = LINE('NONE',#8150,#12103) ;
#1400 = VECTOR('NONE',#9178,1000.) ;
#1401 = PRESENTATION_LAYER_ASSIGNMENT('','',(#2307)) ;
#1402=CARTESIAN_POINT('NONE',(-2.285710233412,3.299999999999,0.640947278447));
#1403=CARTESIAN_POINT('NONE',(-2.559363214998,3.299999999999,0.670636665148));
#1404=CARTESIAN_POINT('NONE',(-1.945231410163,3.301,0.673398153735));
#1405 = EDGE_LOOP('NONE',(#7553,#1911,#10314,#7307)) ;
#1406=CARTESIAN_POINT('NONE',(-2.271014397669,3.299999999999,0.631631062914));
#1407 = EDGE_CURVE('NONE',#1371,#509,#5599,.T.) ;
#1408 = PLANE('NONE',#742) ;
#1409 = ORIENTED_EDGE('NONE',*,*,#13454,.T.) ;
#1410=CARTESIAN_POINT('NONE',(-2.772473715671,3.301,0.661326828922));
#1411 = ORIENTED_EDGE('NONE',*,*,#2598,.T.) ;
#1412=CARTESIAN_POINT('NONE',(-2.383017398388,3.299999999999,0.616612451628));
#1413=CARTESIAN_POINT('NONE',(-1.720979819969,3.299999999999,0.615990839224));
#1414 = FACE_BOUND('NONE',#9121,.T.) ;
#1415 = FILL_AREA_STYLE_COLOUR('',#1619) ;
#1416=DIRECTION('NONE',(-0.007092178509,0.,0.999974850185));
#1417=DIRECTION('NONE',(1.,0.,0.));
#1418 = SURFACE_STYLE_USAGE(.BOTH.,#12867) ;
#1419 = SURFACE_STYLE_USAGE(.BOTH.,#11492) ;
#1420 = B_SPLINE_CURVE_WITH_KNOTS('NONE',3,(#627,#7075,#5059,#398),.UNSPECIFIED.,.F.,.F.,(4,4),(21.,22.000000000000),.UNSPECIFIED.) ;
#1421=CARTESIAN_POINT('NONE',(-2.470464368018,3.301,0.600645033687));
#1422 = EDGE_LOOP('NONE',(#10130,#12530)) ;
#1423 = LINE('NONE',#8106,#12034) ;
#1424=AXIS2_PLACEMENT_3D('NONE',#2866,#3937,#9634);
#1425=DIRECTION('NONE',(0.999974850185,0.,0.007092178509));
#1426 =(NAMED_UNIT(*) SI_UNIT($,.STERADIAN.) SOLID_ANGLE_UNIT());
#1427 = FACE_OUTER_BOUND('NONE',#12601,.T.) ;
#1428 = FILL_AREA_STYLE_COLOUR('',#12869) ;
#1429=DIRECTION('NONE',(0.,-1.,0.));
#1430 = FACE_OUTER_BOUND('NONE',#12910,.T.) ;
#1431 = SURFACE_SIDE_STYLE('',(#13742)) ;
#1432 = SURFACE_SIDE_STYLE('',(#11506)) ;
#1433 = SURFACE_STYLE_USAGE(.BOTH.,#13384) ;
#1434 = SURFACE_STYLE_FILL_AREA(#7008) ;
#1435 = VERTEX_POINT('NONE',#9094) ;
#1436 = VECTOR('NONE',#5949,1000.) ;
#1437=DIRECTION('NONE',(0.999974850185,0.,0.007092178509));
#1438 = EDGE_LOOP('NONE',(#4800,#11030,#6138,#796)) ;
#1439 = STYLED_ITEM('NONE',(#10946),#11026) ;
#1440 = EDGE_LOOP('NONE',(#11274,#10621,#10335,#11091)) ;
#1441 = CYLINDRICAL_SURFACE('NONE',#5025,0.300000000000) ;
#1442=CARTESIAN_POINT('NONE',(-2.457412891615,3.301,0.809983744997));
#1443=CARTESIAN_POINT('NONE',(-2.340537503566,3.301,0.652599123372));
#1444 = ORIENTED_EDGE('NONE',*,*,#6712,.T.) ;
#1445 = SURFACE_STYLE_USAGE(.BOTH.,#12893) ;
#1446 = EDGE_CURVE('NONE',#8958,#9746,#8207,.T.) ;
#1447=CARTESIAN_POINT('NONE',(-2.355570691995,3.301,0.617119048686));
#1448 = EDGE_CURVE('NONE',#7831,#14193,#7025,.T.) ;
#1449 = ORIENTED_EDGE('NONE',*,*,#8377,.T.) ;
#1450 = PRESENTATION_LAYER_ASSIGNMENT('','',(#7775)) ;
#1451=CARTESIAN_POINT('NONE',(-2.340537503566,3.299999999999,0.652599123372));
#1452=CARTESIAN_POINT('NONE',(-2.550397877476,3.301,0.835963530081));
#1453 = MECHANICAL_DESIGN_GEOMETRIC_PRESENTATION_REPRESENTATION('',(#6587),#13159) ;
#1454 = FILL_AREA_STYLE('',(#7843)) ;
#1455 = SURFACE_STYLE_USAGE(.BOTH.,#10183) ;
#1456 =(NAMED_UNIT(*) PLANE_ANGLE_UNIT() SI_UNIT($,.RADIAN.));
#1457 = FILL_AREA_STYLE('',(#8055)) ;
#1458 = STYLED_ITEM('NONE',(#13712),#14791) ;
#1459 = FILL_AREA_STYLE('',(#2611)) ;
#1460=AXIS2_PLACEMENT_3D('NONE',#13419,#14506,#9933);
#1461 = EDGE_CURVE('NONE',#9316,#3560,#7397,.T.) ;
#1462 = PRESENTATION_LAYER_ASSIGNMENT('','',(#2578)) ;
#1463 = VECTOR('NONE',#12791,1000.) ;
#1464=DIRECTION('NONE',(-0.007092178509,0.,0.999974850185));
#1465 = UNCERTAINTY_MEASURE_WITH_UNIT(LENGTH_MEASURE(1.000000000000E-05),#8152,'distance_accuracy_value','NONE');
#1466=CARTESIAN_POINT('NONE',(-1.740749406585,3.301,0.834489457988));
#1467 =(LENGTH_UNIT() NAMED_UNIT(*) SI_UNIT(.MILLI.,.METRE.));
#1468 = LINE('NONE',#4510,#12357) ;
#1469 = EDGE_CURVE('NONE',#11831,#7365,#2305,.T.) ;
#1470 = ORIENTED_EDGE('NONE',*,*,#7003,.F.) ;
#1471=CARTESIAN_POINT('NONE',(-3.299999999999,3.299999999999,1.5));
#1472=AXIS2_PLACEMENT_3D('NONE',#6409,#8723,#10934);
#1473 = EDGE_LOOP('NONE',(#9871,#2157,#5499,#4720,#13527,#8838,#9189,#1126,#12483,#7388,#1877,#1549,#2210,#13213)) ;
#1474 = FACE_OUTER_BOUND('NONE',#9494,.T.) ;
#1475=CARTESIAN_POINT('NONE',(-1.694362087446,3.301,0.899889462966));
#1476 = EDGE_CURVE('NONE',#2874,#1303,#10925,.T.) ;
#1477=CARTESIAN_POINT('NONE',(-2.378191060558,3.301,0.6706114748));
#1478 = EDGE_LOOP('NONE',(#14848,#3942,#2540,#14564,#9157,#13489)) ;
#1479 = B_SPLINE_CURVE_WITH_KNOTS('NONE',3,(#9373,#8563,#6240,#5132),.UNSPECIFIED.,.F.,.F.,(4,4),(1.,2.000000000000),.UNSPECIFIED.) ;
#1480 = EDGE_CURVE('NONE',#13514,#3498,#11624,.T.) ;
#1481 = LINE('NONE',#1971,#6457) ;
#1482=DIRECTION('NONE',(1.284980352575000E-16,-1.,0.));
#1483 = UNCERTAINTY_MEASURE_WITH_UNIT(LENGTH_MEASURE(1.000000000000E-05),#12391,'distance_accuracy_value','NONE');
#1484 = PRESENTATION_LAYER_ASSIGNMENT('','',(#13652)) ;
#1485 = FILL_AREA_STYLE_COLOUR('',#3298) ;
#1486 = VERTEX_POINT('NONE',#6783) ;
#1487 = ORIENTED_EDGE('NONE',*,*,#11590,.F.) ;
#1488=CARTESIAN_POINT('NONE',(-2.355968453579,3.301,0.673202180176));
#1489=CARTESIAN_POINT('NONE',(-2.223278147826,3.301,0.933673370226));
#1490 = FILL_AREA_STYLE('',(#5048)) ;
#1491 = MECHANICAL_DESIGN_GEOMETRIC_PRESENTATION_REPRESENTATION('',(#5894),#14039) ;
#1492 =(NAMED_UNIT(*) SI_UNIT($,.STERADIAN.) SOLID_ANGLE_UNIT());
#1493=CARTESIAN_POINT('NONE',(-1.70546816098,3.301,0.63085030015));
#1494=DIRECTION('NONE',(-1.224646799147000E-16,1.,0.));
#1495=CARTESIAN_POINT('NONE',(-2.66546274503,3.301,0.614921183651));
#1496 = ADVANCED_FACE('NONE',(#10185),#12451,.F.) ;
#1497=DIRECTION('NONE',(-0.007092178509,0.,0.999974850185));
#1498 = VECTOR('NONE',#8286,1000.) ;
#1499 = FILL_AREA_STYLE('',(#8101)) ;
#1500 = B_SPLINE_SURFACE_WITH_KNOTS('NONE',3,1,((#2990,#7820),(#10166,#9067),(#12295,#13446),(#9145,#5781)),.UNSPECIFIED.,.F.,.F.,.F.,(4,4),(2,2),(4.000000000000,5.000000000000),(0.,1.),.UNSPECIFIED.) ;
#1501 = CIRCLE('NONE',#11594,2.988647421133) ;
#1502 = ORIENTED_EDGE('NONE',*,*,#9765,.T.) ;
#1503=CARTESIAN_POINT('NONE',(-1.805792564245,3.301,0.708224100913));
#1504=CARTESIAN_POINT('NONE',(-2.559739296584,3.301,0.723662985245));
#1505 = FILL_AREA_STYLE('',(#3745)) ;
#1506 = PRESENTATION_LAYER_ASSIGNMENT('','',(#12068)) ;
#1507 = SURFACE_STYLE_USAGE(.BOTH.,#11728) ;
#1508=DIRECTION('NONE',(0.,0.,-1.));
#1509=DIRECTION('NONE',(-0.707106781186,0.707106781186,0.));
#1510 = EDGE_CURVE('NONE',#12404,#10063,#5150,.T.) ;
#1511 = ORIENTED_EDGE('NONE',*,*,#4144,.T.) ;
#1512=DIRECTION('NONE',(-0.999974850185,0.,-0.007092178509));
#1513 =(GEOMETRIC_REPRESENTATION_CONTEXT(3) GLOBAL_UNCERTAINTY_ASSIGNED_CONTEXT((#1833)) GLOBAL_UNIT_ASSIGNED_CONTEXT((#9687,#13909,#2768)) REPRESENTATION_CONTEXT('NONE','WORKASPACE'));
#1514 = VERTEX_POINT('NONE',#8511) ;
#1515=CARTESIAN_POINT('NONE',(0.8,0.4,0.299999999999));
#1516 = ORIENTED_EDGE('NONE',*,*,#13650,.F.) ;
#1517 =(NAMED_UNIT(*) SI_UNIT($,.STERADIAN.) SOLID_ANGLE_UNIT());
#1518 = B_SPLINE_CURVE_WITH_KNOTS('NONE',3,(#9663,#11049,#7730,#1992),.UNSPECIFIED.,.F.,.F.,(4,4),(2.000000000000,3.000000000000),.UNSPECIFIED.) ;
#1519 = PRESENTATION_LAYER_ASSIGNMENT('','',(#3611)) ;
#1520 = LINE('NONE',#1442,#9818) ;
#1521=DIRECTION('NONE',(0.007092178509,0.,-0.999974850185));
#1522 = ORIENTED_EDGE('NONE',*,*,#6525,.T.) ;
#1523=CARTESIAN_POINT('NONE',(0.9,0.324999999999,-0.05));
#1524 = ORIENTED_EDGE('NONE',*,*,#3681,.F.) ;
#1525 = FILL_AREA_STYLE_COLOUR('',#13409) ;
#1526=CARTESIAN_POINT('NONE',(-2.025060207463,3.301,0.67456721428));
#1527 =(NAMED_UNIT(*) SI_UNIT($,.STERADIAN.) SOLID_ANGLE_UNIT());
#1528=CARTESIAN_POINT('NONE',(-2.666852463179,3.301,0.722903300441));
#1529 = SURFACE_STYLE_USAGE(.BOTH.,#14130) ;
#1530=CARTESIAN_POINT('NONE',(0.,0.,7.7));
#1531 = EDGE_CURVE('NONE',#12426,#8711,#3988,.T.) ;
#1532 = SURFACE_STYLE_FILL_AREA(#2538) ;
#1533 = COLOUR_RGB('',0.647058823529,0.619607843137,0.588235294117) ;
#1534=CARTESIAN_POINT('NONE',(-2.340537503566,3.301,0.652599123372));
#1535=DIRECTION('NONE',(0.,-1.,0.));
#1536 = SURFACE_SIDE_STYLE('',(#7036)) ;
#1537=DIRECTION('NONE',(-0.999974850185,0.,-0.007092178509));
#1538=CARTESIAN_POINT('NONE',(-2.410662989055,3.299999999999,0.666138853302));
#1539=CARTESIAN_POINT('NONE',(-1.773409389351,3.301,0.668543471348));
#1540 = ORIENTED_EDGE('NONE',*,*,#11709,.T.) ;
#1541 = COLOUR_RGB('',0.647058823529,0.619607843137,0.588235294117) ;
#1542=CARTESIAN_POINT('NONE',(-2.400399955798,3.301,0.692476587922));
#1543=DIRECTION('NONE',(0.,0.,-1.));
#1544 = B_SPLINE_CURVE_WITH_KNOTS('NONE',3,(#8774,#5353,#8556,#13018),.UNSPECIFIED.,.F.,.F.,(4,4),(4.000000000000,5.000000000000),.UNSPECIFIED.) ;
#1545=AXIS2_PLACEMENT_3D('NONE',#11389,#2484,#9344);
#1546 = ADVANCED_FACE('NONE',(#6111,#4877),#507,.T.) ;
#1547 = FACE_OUTER_BOUND('NONE',#12995,.T.) ;
#1548 = EDGE_CURVE('NONE',#13671,#10893,#8370,.T.) ;
#1549 = ORIENTED_EDGE('NONE',*,*,#6816,.F.) ;
#1550=CARTESIAN_POINT('NONE',(-1.737925188611,3.301,0.925608921586));
#1551 = FILL_AREA_STYLE_COLOUR('',#7922) ;
#1552 = VERTEX_POINT('NONE',#3774) ;
#1553 = MECHANICAL_DESIGN_GEOMETRIC_PRESENTATION_REPRESENTATION('',(#8112),#8832) ;
#1554 =(LENGTH_UNIT() NAMED_UNIT(*) SI_UNIT(.MILLI.,.METRE.));
#1555 = ORIENTED_EDGE('NONE',*,*,#1723,.T.) ;
#1556=CARTESIAN_POINT('NONE',(-2.358380653092,3.301,0.810998052195));
#1557=DIRECTION('NONE',(-1.,0.,0.));
#1558 = SURFACE_STYLE_USAGE(.BOTH.,#2569) ;
#1559 = EDGE_CURVE('NONE',#7712,#4102,#1740,.T.) ;
#1560=CARTESIAN_POINT('NONE',(-2.767385221977,3.299999999999,0.647575381611));
#1561=CARTESIAN_POINT('NONE',(-2.376827022548,3.301,0.680603076085));
#1562 = STYLED_ITEM('NONE',(#13334),#7828) ;
#1563=CARTESIAN_POINT('NONE',(-2.333566237399,3.299999999999,0.808803337215));
#1564 = MECHANICAL_DESIGN_GEOMETRIC_PRESENTATION_REPRESENTATION('',(#5049),#7657) ;
#1565 = EDGE_LOOP('NONE',(#1396,#3951,#13327,#6998)) ;
#1566 = FILL_AREA_STYLE_COLOUR('',#13874) ;
#1567=DIRECTION('NONE',(1.,0.,0.));
#1568=DIRECTION('NONE',(0.359249240323,0.,0.933241653231));
#1569 = EDGE_CURVE('NONE',#9619,#8685,#483,.T.) ;
#1570=CARTESIAN_POINT('NONE',(1.799999999999,3.299999999999,0.));
#1571=CARTESIAN_POINT('NONE',(-2.454718845175,3.301,0.588466458886));
#1572 = VECTOR('NONE',#10343,1000.) ;
#1573 =(GEOMETRIC_REPRESENTATION_CONTEXT(3) GLOBAL_UNCERTAINTY_ASSIGNED_CONTEXT((#14188)) GLOBAL_UNIT_ASSIGNED_CONTEXT((#5838,#4752,#2492)) REPRESENTATION_CONTEXT('NONE','WORKASPACE'));
#1574=DIRECTION('NONE',(0.999974850185,0.,0.007092178509));
#1575 = FILL_AREA_STYLE('',(#4024)) ;
#1576 = B_SPLINE_CURVE_WITH_KNOTS('NONE',3,(#9019,#9086,#10483,#13465),.UNSPECIFIED.,.F.,.F.,(4,4),(7.000000000000,8.000000000000),.UNSPECIFIED.) ;
#1577 = ORIENTED_EDGE('NONE',*,*,#545,.T.) ;
#1578=DIRECTION('NONE',(-0.007092178509,0.,0.999974850185));
#1579 = VECTOR('NONE',#1099,1000.) ;
#1580 = ORIENTED_EDGE('NONE',*,*,#545,.F.) ;
#1581 = SURFACE_SIDE_STYLE('',(#11659)) ;
#1582 = ORIENTED_EDGE('NONE',*,*,#883,.F.) ;
#1583 = CIRCLE('NONE',#9808,0.299999999999) ;
#1584 = SURFACE_STYLE_FILL_AREA(#4056) ;
#1585 = SURFACE_SIDE_STYLE('',(#8204)) ;
#1586 = VERTEX_POINT('NONE',#3916) ;
#1587 = EDGE_CURVE('NONE',#8998,#2896,#2694,.T.) ;
#1588 = ORIENTED_EDGE('NONE',*,*,#1461,.F.) ;
#1589 = SURFACE_SIDE_STYLE('',(#9389)) ;
#1590=DIRECTION('NONE',(0.,-1.,0.));
#1591 = VERTEX_POINT('NONE',#11673) ;
#1592 = LINE('NONE',#649,#13629) ;
#1593 = MECHANICAL_DESIGN_GEOMETRIC_PRESENTATION_REPRESENTATION('',(#11691),#4600) ;
#1594=CARTESIAN_POINT('NONE',(-2.314677204059,3.299999999999,0.916367794752));
#1595 = STYLED_ITEM('NONE',(#14253),#9647) ;
#1596 = SURFACE_STYLE_USAGE(.BOTH.,#9762) ;
#1597 = SURFACE_STYLE_FILL_AREA(#9688) ;
#1598=DIRECTION('NONE',(0.999974850185,0.,0.007092178509));
#1599 = FILL_AREA_STYLE('',(#5893)) ;
#1600 = VECTOR('NONE',#5885,1000.) ;
#1601 = PRESENTATION_LAYER_ASSIGNMENT('','',(#10765)) ;
#1602 = SURFACE_SIDE_STYLE('',(#11610)) ;
#1603=CARTESIAN_POINT('NONE',(-2.511524719074,3.299999999999,0.703167667539));
#1604 = MECHANICAL_DESIGN_GEOMETRIC_PRESENTATION_REPRESENTATION('',(#7466),#11216) ;
#1605 = COLOUR_RGB('',0.647058823529,0.619607843137,0.588235294117) ;
#1606 = UNCERTAINTY_MEASURE_WITH_UNIT(LENGTH_MEASURE(1.000000000000E-05),#3496,'distance_accuracy_value','NONE');
#1607 =(NAMED_UNIT(*) PLANE_ANGLE_UNIT() SI_UNIT($,.RADIAN.));
#1608=CARTESIAN_POINT('NONE',(-2.665467835281,3.301,0.628833458361));
#1609=DIRECTION('NONE',(-1.,0.,0.));
#1610=CARTESIAN_POINT('NONE',(-1.94200115186,3.301,0.951925197466));
#1611=CARTESIAN_POINT('NONE',(3.039736830714,-1.,1.));
#1612 = ORIENTED_EDGE('NONE',*,*,#8752,.F.) ;
#1613 = EDGE_CURVE('NONE',#5117,#12023,#2851,.T.) ;
#1614 = ORIENTED_EDGE('NONE',*,*,#12301,.F.) ;
#1615 = B_SPLINE_SURFACE_WITH_KNOTS('NONE',3,1,((#1176,#6957),(#8222,#11455),(#12693,#4652),(#2622,#9401)),.UNSPECIFIED.,.F.,.F.,.F.,(4,4),(2,2),(16.000000000000,17.000000000000),(0.,1.),.UNSPECIFIED.) ;
#1616=CARTESIAN_POINT('NONE',(1.,3.299999999999,1.));
#1617=DIRECTION('NONE',(0.,-1.,0.));
#1618 = VECTOR('NONE',#8454,1000.) ;
#1619 = COLOUR_RGB('',0.250980392156,0.250980392156,0.250980392156) ;
#1620=CARTESIAN_POINT('NONE',(-1.918250594675,3.299999999999,0.661442900351));
#1621 = ORIENTED_EDGE('NONE',*,*,#1476,.F.) ;
#1622 =(GEOMETRIC_REPRESENTATION_CONTEXT(3) GLOBAL_UNCERTAINTY_ASSIGNED_CONTEXT((#5815)) GLOBAL_UNIT_ASSIGNED_CONTEXT((#6313,#13300,#13573)) REPRESENTATION_CONTEXT('NONE','WORKASPACE'));
#1623 = FILL_AREA_STYLE_COLOUR('',#3890) ;
#1624 = UNCERTAINTY_MEASURE_WITH_UNIT(LENGTH_MEASURE(1.000000000000E-05),#2474,'distance_accuracy_value','NONE');
#1625 = FILL_AREA_STYLE('',(#9273)) ;
#1626 = ORIENTED_EDGE('NONE',*,*,#10993,.T.) ;
#1627=CARTESIAN_POINT('NONE',(-1.739697190505,3.299999999999,0.563801307785));
#1628 = ORIENTED_EDGE('NONE',*,*,#4422,.F.) ;
#1629 = LINE('NONE',#1700,#2020) ;
#1630=CARTESIAN_POINT('NONE',(-2.41094482902,3.301,0.705877401422));
#1631 = MECHANICAL_DESIGN_GEOMETRIC_PRESENTATION_REPRESENTATION('',(#14729),#8449) ;
#1632 =(GEOMETRIC_REPRESENTATION_CONTEXT(3) GLOBAL_UNCERTAINTY_ASSIGNED_CONTEXT((#9842)) GLOBAL_UNIT_ASSIGNED_CONTEXT((#7087,#7163,#12665)) REPRESENTATION_CONTEXT('NONE','WORKASPACE'));
#1633 = EDGE_CURVE('NONE',#12884,#1852,#6188,.T.) ;
#1634 = EDGE_CURVE('NONE',#7135,#1175,#7468,.T.) ;
#1635 =(NAMED_UNIT(*) SI_UNIT($,.STERADIAN.) SOLID_ANGLE_UNIT());
#1636=CARTESIAN_POINT('NONE',(-1.565346301524,3.299999999999,0.691709482088));
#1637 = EDGE_CURVE('NONE',#1187,#3149,#5232,.T.) ;
#1638=CARTESIAN_POINT('NONE',(-2.430296220094,3.299999999999,0.654707552457));
#1639=CARTESIAN_POINT('NONE',(-1.739198803412,3.301,0.615861623691));
#1640 = STYLED_ITEM('NONE',(#1721),#4557) ;
#1641 = EDGE_CURVE('NONE',#10404,#11663,#11969,.T.) ;
#1642=CARTESIAN_POINT('NONE',(-2.65,0.,2.186229122613));
#1643 = SURFACE_STYLE_USAGE(.BOTH.,#5933) ;
#1644 = SURFACE_STYLE_USAGE(.BOTH.,#13805) ;
#1645=CARTESIAN_POINT('NONE',(-2.340780408026,3.299999999999,0.686847887764));
#1646 = FACE_OUTER_BOUND('NONE',#11057,.T.) ;
#1647 = FILL_AREA_STYLE('',(#9372)) ;
#1648=CARTESIAN_POINT('NONE',(-2.418368513834,3.299999999999,0.70582475));
#1649 =(NAMED_UNIT(*) SI_UNIT($,.STERADIAN.) SOLID_ANGLE_UNIT());
#1650=CARTESIAN_POINT('NONE',(-2.399791817409,3.299999999999,0.655111061699));
#1651 = LINE('NONE',#9518,#6909) ;
#1652=CARTESIAN_POINT('NONE',(-2.41094482902,3.299999999999,0.705877401422));
#1653 = EDGE_LOOP('NONE',(#7387,#10342,#4970,#13187)) ;
#1654 = PRESENTATION_STYLE_ASSIGNMENT((#2675)) ;
#1655 = ADVANCED_FACE('NONE',(#3062),#14201,.T.) ;
#1656 = EDGE_LOOP('NONE',(#4285,#14120,#6976,#12353)) ;
#1657=CARTESIAN_POINT('NONE',(-2.561528093917,3.301,0.826339372882));
#1658 = VERTEX_POINT('NONE',#2320) ;
#1659 = FACE_OUTER_BOUND('NONE',#498,.T.) ;
#1660 = ADVANCED_FACE('NONE',(#2626),#3499,.T.) ;
#1661=CARTESIAN_POINT('NONE',(-2.368206358308,3.301,0.929713296567));
#1662 = ORIENTED_EDGE('NONE',*,*,#2060,.F.) ;
#1663 = ORIENTED_EDGE('NONE',*,*,#6786,.F.) ;
#1664 = PRESENTATION_STYLE_ASSIGNMENT((#5879)) ;
#1665=CARTESIAN_POINT('NONE',(-2.340382203994,3.301,0.630702372367));
#1666 = ORIENTED_EDGE('NONE',*,*,#11916,.T.) ;
#1667=CARTESIAN_POINT('NONE',(-2.67896933376,3.301,0.80841238764));
#1668=DIRECTION('NONE',(-1.,0.,0.));
#1669=CARTESIAN_POINT('NONE',(-2.455811225115,3.301,0.575357432097));
#1670 = PRESENTATION_LAYER_ASSIGNMENT('','',(#12005)) ;
#1671=CARTESIAN_POINT('NONE',(-3.299999999999,3.299999999999,0.299999999999));
#1672 = MECHANICAL_DESIGN_GEOMETRIC_PRESENTATION_REPRESENTATION('',(#3519),#8247) ;
#1673 =(NAMED_UNIT(*) SI_UNIT($,.STERADIAN.) SOLID_ANGLE_UNIT());
#1674 = FACE_OUTER_BOUND('NONE',#9149,.T.) ;
#1675 = EDGE_CURVE('NONE',#14447,#5774,#13627,.T.) ;
#1676=CARTESIAN_POINT('NONE',(-2.222511383839,3.301,0.825562061135));
#1677 = ORIENTED_EDGE('NONE',*,*,#781,.F.) ;
#1678 = FILL_AREA_STYLE('',(#8663)) ;
#1679 = UNCERTAINTY_MEASURE_WITH_UNIT(LENGTH_MEASURE(1.000000000000E-05),#8619,'distance_accuracy_value','NONE');
#1680=CARTESIAN_POINT('NONE',(-3.899999999999,-0.324999999999,-0.05));
#1682=CARTESIAN_POINT('NONE',(-1.657696398465,3.301,0.62338064039));
#1681 = COLOUR_RGB('',0.250980392156,0.250980392156,0.250980392156) ;
#1683 =(LENGTH_UNIT() NAMED_UNIT(*) SI_UNIT(.MILLI.,.METRE.));
#1684 = LINE('NONE',#6122,#12402) ;
#1685 = FACE_OUTER_BOUND('NONE',#14511,.T.) ;
#1686 = ORIENTED_EDGE('NONE',*,*,#11622,.F.) ;
#1687 = EDGE_LOOP('NONE',(#4455,#10489,#11530,#10107)) ;
#1688 = UNCERTAINTY_MEASURE_WITH_UNIT(LENGTH_MEASURE(1.000000000000E-05),#11442,'distance_accuracy_value','NONE');
#1689=CARTESIAN_POINT('NONE',(-2.680970235921,3.301,0.628723509804));
#1690 =(LENGTH_UNIT() NAMED_UNIT(*) SI_UNIT(.MILLI.,.METRE.));
#1691 =(GEOMETRIC_REPRESENTATION_CONTEXT(3) GLOBAL_UNCERTAINTY_ASSIGNED_CONTEXT((#8922)) GLOBAL_UNIT_ASSIGNED_CONTEXT((#2666,#5857,#13738)) REPRESENTATION_CONTEXT('NONE','WORKASPACE'));
#1692 = COLOUR_RGB('',0.250980392156,0.250980392156,0.250980392156) ;
#1693 =(NAMED_UNIT(*) SI_UNIT($,.STERADIAN.) SOLID_ANGLE_UNIT());
#1694 = VERTEX_POINT('NONE',#3573) ;
#1695=DIRECTION('NONE',(0.,0.,1.));
#1696 = ORIENTED_EDGE('NONE',*,*,#2621,.F.) ;
#1697 = FILL_AREA_STYLE_COLOUR('',#8169) ;
#1698 = ORIENTED_EDGE('NONE',*,*,#1184,.T.) ;
#1699 = SURFACE_STYLE_FILL_AREA(#7498) ;
#1700=CARTESIAN_POINT('NONE',(-2.544086911328,3.299999999999,0.737811082447));
#1701 = PLANE('NONE',#11568) ;
#1702=CARTESIAN_POINT('NONE',(-2.457511557726,3.299999999999,0.823895356034));
#1703 = SURFACE_STYLE_FILL_AREA(#3881) ;
#1704 = LINE('NONE',#7428,#13194) ;
#1705 = COLOUR_RGB('',1.,1.,1.) ;
#1706 = EDGE_CURVE('NONE',#5176,#12264,#6766,.T.) ;
#1707 = PRESENTATION_STYLE_ASSIGNMENT((#4112)) ;
#1708 = MECHANICAL_DESIGN_GEOMETRIC_PRESENTATION_REPRESENTATION('',(#2420),#12523) ;
#1709 =(LENGTH_UNIT() NAMED_UNIT(*) SI_UNIT(.MILLI.,.METRE.));
#1710 = ORIENTED_EDGE('NONE',*,*,#8377,.F.) ;
#1711=CARTESIAN_POINT('NONE',(-1.607488114217,3.299999999999,0.761687394205));
#1712 = SURFACE_STYLE_FILL_AREA(#3891) ;
#1713 = FACE_OUTER_BOUND('NONE',#681,.T.) ;
#1714 =(GEOMETRIC_REPRESENTATION_CONTEXT(3) GLOBAL_UNCERTAINTY_ASSIGNED_CONTEXT((#8307)) GLOBAL_UNIT_ASSIGNED_CONTEXT((#3006,#5247,#1635)) REPRESENTATION_CONTEXT('NONE','WORKASPACE'));
#1715 = MECHANICAL_DESIGN_GEOMETRIC_PRESENTATION_REPRESENTATION('',(#10156),#9468) ;
#1716 = LINE('NONE',#9517,#10666) ;
#1717=CARTESIAN_POINT('NONE',(-2.292955209241,3.301,0.870792151638));
#1718=DIRECTION('NONE',(0.,-1.,0.));
#1719 = EDGE_CURVE('NONE',#2852,#8387,#1399,.T.) ;
#1720 = MECHANICAL_DESIGN_GEOMETRIC_PRESENTATION_REPRESENTATION('',(#6145),#14357) ;
#1721 = PRESENTATION_STYLE_ASSIGNMENT((#11800)) ;
#1722 = VERTEX_POINT('NONE',#10133) ;
#1723 = EDGE_CURVE('NONE',#2982,#6322,#12619,.T.) ;
#1724=CARTESIAN_POINT('NONE',(-2.399911048344,3.299999999999,0.614745798602));
#1725 = EDGE_LOOP('NONE',(#9076,#3506,#12833,#2832)) ;
#1726 =(GEOMETRIC_REPRESENTATION_CONTEXT(3) GLOBAL_UNCERTAINTY_ASSIGNED_CONTEXT((#4004)) GLOBAL_UNIT_ASSIGNED_CONTEXT((#3554,#12677,#9320)) REPRESENTATION_CONTEXT('NONE','WORKASPACE'));
#1727=DIRECTION('NONE',(0.,-1.,0.));
#1728=DIRECTION('NONE',(0.941070246883,0.,0.338211162486));
#1729 = B_SPLINE_CURVE_WITH_KNOTS('NONE',3,(#4086,#12041,#2568,#13063),.UNSPECIFIED.,.F.,.F.,(4,4),(9.000000000000,10.),.UNSPECIFIED.) ;
#1730 = VERTEX_POINT('NONE',#8227) ;
#1731 = B_SPLINE_SURFACE_WITH_KNOTS('NONE',3,1,((#2877,#9931),(#14439,#14295),(#9862,#4304),(#10065,#8829)),.UNSPECIFIED.,.F.,.F.,.F.,(4,4),(2,2),(4.000000000000,5.000000000000),(0.,1.),.UNSPECIFIED.) ;
#1732 = ORIENTED_EDGE('NONE',*,*,#6470,.F.) ;
#1733 = FILL_AREA_STYLE_COLOUR('',#8617) ;
#1734=CARTESIAN_POINT('NONE',(-0.999999999999,-3.039736830714,0.5));
#1735 = ORIENTED_EDGE('NONE',*,*,#4659,.T.) ;
#1736 = SURFACE_STYLE_FILL_AREA(#10562) ;
#1737=CARTESIAN_POINT('NONE',(-2.643917557988,3.299999999999,0.906546259382));
#1738 = SURFACE_SIDE_STYLE('',(#2692)) ;
#1739 = VECTOR('NONE',#839,999.999999999999) ;
#1740 = LINE('NONE',#2771,#5255) ;
#1741 = ADVANCED_FACE('NONE',(#12697),#10852,.F.) ;
#1742 =(LENGTH_UNIT() NAMED_UNIT(*) SI_UNIT(.MILLI.,.METRE.));
#1743 = VECTOR('NONE',#11565,1000.) ;
#1744 = ORIENTED_EDGE('NONE',*,*,#12501,.F.) ;
#1745 =(LENGTH_UNIT() NAMED_UNIT(*) SI_UNIT(.MILLI.,.METRE.));
#1746=CARTESIAN_POINT('NONE',(-1.994301441068,3.301,0.619258082434));
#1747 = UNCERTAINTY_MEASURE_WITH_UNIT(LENGTH_MEASURE(1.000000000000E-05),#8646,'distance_accuracy_value','NONE');
#1748 = LINE('NONE',#8519,#10596) ;
#1749=DIRECTION('NONE',(-1.,0.,0.));
#1750=DIRECTION('NONE',(1.,0.,0.));
#1751 = VERTEX_POINT('NONE',#3267) ;
#1752 = ADVANCED_FACE('NONE',(#10927),#10754,.F.) ;
#1753 = STYLED_ITEM('NONE',(#8728),#3376) ;
#1754 = EDGE_LOOP('NONE',(#8479,#3909,#6072,#5100,#7759,#1666)) ;
#1755 = SURFACE_STYLE_FILL_AREA(#3008) ;
#1756 = UNCERTAINTY_MEASURE_WITH_UNIT(LENGTH_MEASURE(1.000000000000E-05),#12924,'distance_accuracy_value','NONE');
#1757=CARTESIAN_POINT('NONE',(-2.549975804872,3.301,0.925991028066));
#1758 = COLOUR_RGB('',0.647058823529,0.619607843137,0.588235294117) ;
#1759 = ORIENTED_EDGE('NONE',*,*,#7290,.F.) ;
#1760=CARTESIAN_POINT('NONE',(0.,0.,0.));
#1761 = STYLED_ITEM('NONE',(#2206),#3604) ;
#1762=CARTESIAN_POINT('NONE',(-2.294634901836,3.301,0.698591997215));
#1763=CARTESIAN_POINT('NONE',(-2.40935956794,3.299999999999,0.693473622903));
#1764 = VERTEX_POINT('NONE',#9963) ;
#1765 = ORIENTED_EDGE('NONE',*,*,#5563,.F.) ;
#1766=CARTESIAN_POINT('NONE',(-2.431461167227,3.299999999999,0.687015779029));
#1767 = SURFACE_SIDE_STYLE('',(#759)) ;
#1768 = PLANE('NONE',#1460) ;
#1769 = EDGE_CURVE('NONE',#11831,#1799,#869,.T.) ;
#1770 = VECTOR('NONE',#14108,1000.) ;
#1771 = PRESENTATION_LAYER_ASSIGNMENT('','',(#7170)) ;
#1772 = COLOUR_RGB('',1.,1.,1.) ;
#1773=CARTESIAN_POINT('NONE',(-2.376415768361,3.301,0.635812095253));
#1774=CARTESIAN_POINT('NONE',(-2.487107376923,3.299999999999,0.603022477289));
#1775 = MECHANICAL_DESIGN_GEOMETRIC_PRESENTATION_REPRESENTATION('',(#1085),#13950) ;
#1776 = LINE('NONE',#8407,#5950) ;
#1777=DIRECTION('NONE',(1.,0.,0.));
#1778 = EDGE_LOOP('NONE',(#4084,#5756,#9774,#10389,#1895,#3789)) ;
#1779=CARTESIAN_POINT('NONE',(-2.221429596218,3.301,0.673033410975));
#1780=AXIS2_PLACEMENT_3D('NONE',#12323,#11287,#1033);
#1781 = PLANE('NONE',#12247) ;
#1782 = EDGE_LOOP('NONE',(#6718,#10088,#8363,#4861)) ;
#1783 = SURFACE_STYLE_FILL_AREA(#6232) ;
#1784=CARTESIAN_POINT('NONE',(-2.469192572951,3.299999999999,0.575262526803));
#1785 = PRESENTATION_STYLE_ASSIGNMENT((#6311)) ;
#1786 = ORIENTED_EDGE('NONE',*,*,#5090,.T.) ;
#1787 =(LENGTH_UNIT() NAMED_UNIT(*) SI_UNIT(.MILLI.,.METRE.));
#1788=CARTESIAN_POINT('NONE',(-2.403011006166,3.299999999999,0.669187702008));
#1789=CARTESIAN_POINT('NONE',(-2.333861095493,3.301,0.6348661673));
#1790=CARTESIAN_POINT('NONE',(-2.401496751873,3.301,0.627211961027));
#1791 = SURFACE_SIDE_STYLE('',(#9665)) ;
#1792 = COLOUR_RGB('',0.250980392156,0.250980392156,0.250980392156) ;
#1793 = EDGE_CURVE('NONE',#800,#2080,#8715,.T.) ;
#1794 = PRESENTATION_STYLE_ASSIGNMENT((#9305)) ;
#1795 = MECHANICAL_DESIGN_GEOMETRIC_PRESENTATION_REPRESENTATION('',(#13055),#2241) ;
#1796 = SURFACE_SIDE_STYLE('',(#2673)) ;
#1797 = ORIENTED_EDGE('NONE',*,*,#1966,.F.) ;
#1798 = EDGE_CURVE('NONE',#12858,#7916,#6254,.T.) ;
#1799 = VERTEX_POINT('NONE',#6475) ;
#1800 = SURFACE_STYLE_USAGE(.BOTH.,#1999) ;
#1801 = ORIENTED_EDGE('NONE',*,*,#13385,.F.) ;
#1802 = CYLINDRICAL_SURFACE('NONE',#10454,0.299999999999) ;
#1803 = MECHANICAL_DESIGN_GEOMETRIC_PRESENTATION_REPRESENTATION('',(#11905),#13290) ;
#1804 = SURFACE_STYLE_USAGE(.BOTH.,#9821) ;
#1805=DIRECTION('NONE',(0.,-1.,0.));
#1806 = FACE_OUTER_BOUND('NONE',#13953,.T.) ;
#1807 = STYLED_ITEM('NONE',(#7367),#8736) ;
#1808 = EDGE_LOOP('NONE',(#4671,#1878,#3527,#10231,#7500,#13204,#7793)) ;
#1809 = ORIENTED_EDGE('NONE',*,*,#7180,.T.) ;
#1810 = SURFACE_SIDE_STYLE('',(#14124)) ;
#1811 = EDGE_CURVE('NONE',#11841,#9986,#12945,.T.) ;
#1812=CARTESIAN_POINT('NONE',(-2.529951454553,3.299999999999,0.917461248788));
#1813 = ORIENTED_EDGE('NONE',*,*,#8282,.T.) ;
#1814 = FACE_OUTER_BOUND('NONE',#8523,.T.) ;
#1815 = FACE_OUTER_BOUND('NONE',#4621,.T.) ;
#1816 = EDGE_CURVE('NONE',#2967,#8178,#14320,.T.) ;
#1817=CARTESIAN_POINT('NONE',(-2.376415768361,3.299999999999,0.635812095253));
#1818=DIRECTION('NONE',(1.,0.,0.));
#1819 = VECTOR('NONE',#10876,1000.) ;
#1820 = STYLED_ITEM('NONE',(#11754),#8558) ;
#1821 = ORIENTED_EDGE('NONE',*,*,#12386,.F.) ;
#1822 = VECTOR('NONE',#834,1000.) ;
#1823=CARTESIAN_POINT('NONE',(-2.48566171196,3.299999999999,0.632292254098));
#1824 = EDGE_LOOP('NONE',(#3901,#13902,#5834,#13276)) ;
#1825 = LINE('NONE',#1680,#391) ;
#1826=CARTESIAN_POINT('NONE',(-2.813428749957,3.301,0.661036361202));
#1827 =(NAMED_UNIT(*) PLANE_ANGLE_UNIT() SI_UNIT($,.RADIAN.));
#1828 = EDGE_CURVE('NONE',#3919,#1832,#10779,.T.) ;
#1829=DIRECTION('NONE',(0.999974850185,0.,0.007092178509));
#1830 = SURFACE_STYLE_USAGE(.BOTH.,#9402) ;
#1831 = VERTEX_POINT('NONE',#12502) ;
#1832 = VERTEX_POINT('NONE',#2428) ;
#1833 = UNCERTAINTY_MEASURE_WITH_UNIT(LENGTH_MEASURE(1.000000000000E-05),#9687,'distance_accuracy_value','NONE');
#1834 = PLANE('NONE',#12497) ;
#1835 = COLOUR_RGB('',0.647058823529,0.619607843137,0.588235294117) ;
#1836 = SURFACE_STYLE_FILL_AREA(#9636) ;
#1837 = ORIENTED_EDGE('NONE',*,*,#7363,.F.) ;
#1838 = VECTOR('NONE',#2563,1000.) ;
#1839 = EDGE_CURVE('NONE',#13754,#4228,#3463,.T.) ;
#1840 = FACE_OUTER_BOUND('NONE',#2505,.T.) ;
#1841 = ADVANCED_FACE('NONE',(#7957),#11124,.F.) ;
#1842 = EDGE_LOOP('NONE',(#7709,#1580,#5660,#13529)) ;
#1843 = SURFACE_SIDE_STYLE('',(#11920)) ;
#1844 = EDGE_LOOP('NONE',(#8755,#3763,#909,#13969)) ;
#1845 =(NAMED_UNIT(*) SI_UNIT($,.STERADIAN.) SOLID_ANGLE_UNIT());
#1846=DIRECTION('NONE',(0.007092178509,0.,-0.999974850185));
#1847 = FACE_OUTER_BOUND('NONE',#9692,.T.) ;
#1848 =(GEOMETRIC_REPRESENTATION_CONTEXT(3) GLOBAL_UNCERTAINTY_ASSIGNED_CONTEXT((#14764)) GLOBAL_UNIT_ASSIGNED_CONTEXT((#1683,#1827,#6628)) REPRESENTATION_CONTEXT('NONE','WORKASPACE'));
#1849 = LINE('NONE',#6299,#2665) ;
#1850=CARTESIAN_POINT('NONE',(-2.305578621182,3.301,0.631885017457));
#1851 =(NAMED_UNIT(*) PLANE_ANGLE_UNIT() SI_UNIT($,.RADIAN.));
#1852 = VERTEX_POINT('NONE',#11331) ;
#1853 = COLOUR_RGB('',0.647058823529,0.619607843137,0.588235294117) ;
#1854=DIRECTION('NONE',(0.,0.,1.));
#1855 = PRESENTATION_STYLE_ASSIGNMENT((#10832)) ;
#1856 =(NAMED_UNIT(*) PLANE_ANGLE_UNIT() SI_UNIT($,.RADIAN.));
#1857 = ORIENTED_EDGE('NONE',*,*,#10533,.T.) ;
#1858=CARTESIAN_POINT('NONE',(-1.752747730884,3.301,0.93591516678));
#1859=DIRECTION('NONE',(-1.,0.,0.));
#1860 = ORIENTED_EDGE('NONE',*,*,#8975,.F.) ;
#1861=CARTESIAN_POINT('NONE',(-2.549975804872,3.301,0.925991028066));
#1862=DIRECTION('NONE',(0.,0.,1.));
#1863 = LINE('NONE',#13027,#11103) ;
#1864=CARTESIAN_POINT('NONE',(-2.298023308509,3.299999999999,0.617776743443));
#1865=CARTESIAN_POINT('NONE',(-2.407818103734,3.299999999999,0.6520595583));
#1866 = STYLED_ITEM('NONE',(#1654),#4549) ;
#1867=DIRECTION('NONE',(-5.004010026856000E-16,-1.,0.));
#1868=CARTESIAN_POINT('NONE',(-2.559072083606,3.299999999999,0.629588055003));
#1869 = ORIENTED_EDGE('NONE',*,*,#7850,.T.) ;
#1870 =(NAMED_UNIT(*) PLANE_ANGLE_UNIT() SI_UNIT($,.RADIAN.));
#1871 = ORIENTED_EDGE('NONE',*,*,#10629,.F.) ;
#1872=CARTESIAN_POINT('NONE',(-1.737925188611,3.301,0.925608921586));
#1873 = UNCERTAINTY_MEASURE_WITH_UNIT(LENGTH_MEASURE(1.000000000000E-05),#4437,'distance_accuracy_value','NONE');
#1874 = PRESENTATION_STYLE_ASSIGNMENT((#11956)) ;
#1875 =(LENGTH_UNIT() NAMED_UNIT(*) SI_UNIT(.MILLI.,.METRE.));
#1876=CARTESIAN_POINT('NONE',(-2.105713522633,3.299999999999,0.79199069963));
#1877 = ORIENTED_EDGE('NONE',*,*,#1391,.F.) ;
#1878 = ORIENTED_EDGE('NONE',*,*,#12255,.F.) ;
#1879 = FILL_AREA_STYLE('',(#2011)) ;
#1880 = ORIENTED_EDGE('NONE',*,*,#12521,.T.) ;
#1881=CARTESIAN_POINT('NONE',(-2.430296220094,3.299999999999,0.654707552457));
#1882 =(LENGTH_UNIT() NAMED_UNIT(*) SI_UNIT(.MILLI.,.METRE.));
#1883 =(NAMED_UNIT(*) SI_UNIT($,.STERADIAN.) SOLID_ANGLE_UNIT());
#1884=CARTESIAN_POINT('NONE',(-2.643917557988,3.301,0.906546259382));
#1885 = SURFACE_STYLE_FILL_AREA(#4142) ;
#1886 = VERTEX_POINT('NONE',#8995) ;
#1887=CARTESIAN_POINT('NONE',(-2.376827022548,3.301,0.680603076085));
#1888 = VERTEX_POINT('NONE',#9211) ;
#1889=CARTESIAN_POINT('NONE',(-2.021128493468,3.301,0.854191212864));
#1890 = ADVANCED_FACE('NONE',(#14610),#5777,.F.) ;
#1891=DIRECTION('NONE',(-0.999974850185,0.,-0.007092178509));
#1892 =(NAMED_UNIT(*) PLANE_ANGLE_UNIT() SI_UNIT($,.RADIAN.));
#1893 = LINE('NONE',#11758,#9852) ;
#1894 = FILL_AREA_STYLE_COLOUR('',#13750) ;
#1895 = ORIENTED_EDGE('NONE',*,*,#5592,.F.) ;
#1896 = PRESENTATION_LAYER_ASSIGNMENT('','',(#8230)) ;
#1897 = PRESENTATION_LAYER_ASSIGNMENT('','',(#2615)) ;
#1898=DIRECTION('NONE',(-1.668003342285000E-16,1.,0.));
#1899=CARTESIAN_POINT('NONE',(-3.299999999999,-1.,0.5));
#1900 =(NAMED_UNIT(*) SI_UNIT($,.STERADIAN.) SOLID_ANGLE_UNIT());
#1901 = FACE_OUTER_BOUND('NONE',#9792,.T.) ;
#1902 = ADVANCED_FACE('NONE',(#10227),#9142,.F.) ;
#1903 =(LENGTH_UNIT() NAMED_UNIT(*) SI_UNIT(.MILLI.,.METRE.));
#1904 = EDGE_LOOP('NONE',(#4385,#8756,#7721,#13293,#14205,#11414,#5668,#683,#12672,#8048,#5136,#6940,#6518,#7574,#8687,#4590,#3817,#11584,#13975)) ;
#1905 = ORIENTED_EDGE('NONE',*,*,#7739,.T.) ;
#1906 =(GEOMETRIC_REPRESENTATION_CONTEXT(3) GLOBAL_UNCERTAINTY_ASSIGNED_CONTEXT((#14071)) GLOBAL_UNIT_ASSIGNED_CONTEXT((#11614,#1607,#4952)) REPRESENTATION_CONTEXT('NONE','WORKASPACE'));
#1907 = EDGE_CURVE('NONE',#2302,#9670,#4941,.T.) ;
#1908=DIRECTION('NONE',(0.,0.,1.));
#1909=CARTESIAN_POINT('NONE',(-2.79108071915,3.301,0.711915528186));
#1910 = VERTEX_POINT('NONE',#625) ;
#1911 = ORIENTED_EDGE('NONE',*,*,#13365,.F.) ;
#1912=CARTESIAN_POINT('NONE',(-2.603000757242,3.301,0.670327172125));
#1913=DIRECTION('NONE',(0.,-1.,0.));
#1914 = ORIENTED_EDGE('NONE',*,*,#8552,.F.) ;
#1915 = LINE('NONE',#6449,#10378) ;
#1916 = VECTOR('NONE',#9360,1000.) ;
#1917 = ADVANCED_FACE('NONE',(#2819),#5430,.F.) ;
#1918=AXIS2_PLACEMENT_3D('NONE',#7295,#10460,#7369);
#1919 = STYLED_ITEM('NONE',(#13877),#1917) ;
#1920=CARTESIAN_POINT('NONE',(-2.665467835281,3.299999999999,0.628833458361));
#1921 = VERTEX_POINT('NONE',#7291) ;
#1922 = ADVANCED_FACE('NONE',(#7215),#8879,.T.) ;
#1923 = FACE_OUTER_BOUND('NONE',#7382,.T.) ;
#1924=CARTESIAN_POINT('NONE',(-1.783266525769,3.301,0.957389070697));
#1925 = MECHANICAL_DESIGN_GEOMETRIC_PRESENTATION_REPRESENTATION('',(#2610),#7319) ;
#1926 = COLOUR_RGB('',0.647058823529,0.619607843137,0.588235294117) ;
#1927 = ORIENTED_EDGE('NONE',*,*,#8118,.T.) ;
#1928=AXIS2_PLACEMENT_3D('NONE',#8979,#14452,#12341);
#1929 = SURFACE_STYLE_USAGE(.BOTH.,#14174) ;
#1930=CARTESIAN_POINT('NONE',(0.,0.,7.199999999999));
#1931 = EDGE_CURVE('NONE',#2939,#5002,#2047,.T.) ;
#1932=CARTESIAN_POINT('NONE',(-1.7582853441,3.299999999999,0.615726255133));
#1933=CARTESIAN_POINT('NONE',(-1.55257271604,3.301,0.725637040938));
#1934=CARTESIAN_POINT('NONE',(-2.543221481231,3.301,0.61578816232));
#1935 = FILL_AREA_STYLE_COLOUR('',#9991) ;
#1936 = COLOUR_RGB('',0.647058823529,0.619607843137,0.588235294117) ;
#1937 = LINE('NONE',#8708,#13656) ;
#1938 = ORIENTED_EDGE('NONE',*,*,#472,.T.) ;
#1939 =(NAMED_UNIT(*) PLANE_ANGLE_UNIT() SI_UNIT($,.RADIAN.));
#1940 = PRESENTATION_STYLE_ASSIGNMENT((#2915)) ;
#1941 = ORIENTED_EDGE('NONE',*,*,#3518,.T.) ;
#1942 = ORIENTED_EDGE('NONE',*,*,#10321,.F.) ;
#1943=CARTESIAN_POINT('NONE',(-2.312381784606,3.301,0.627906383222));
#1944 =(NAMED_UNIT(*) PLANE_ANGLE_UNIT() SI_UNIT($,.RADIAN.));
#1945=AXIS2_PLACEMENT_3D('NONE',#10282,#4737,#14798);
#1946 = VERTEX_POINT('NONE',#5281) ;
#1947 = LINE('NONE',#13250,#6603) ;
#1948 = EDGE_CURVE('NONE',#3839,#14612,#8629,.T.) ;
#1949=CARTESIAN_POINT('NONE',(-2.813428749957,3.301,0.661036361202));
#1950=CARTESIAN_POINT('NONE',(-2.333861095493,3.301,0.6348661673));
#1951=CARTESIAN_POINT('NONE',(-2.301221483031,3.299999999999,0.642085008008));
#1952 = FACE_OUTER_BOUND('NONE',#9545,.T.) ;
#1953 = COLOUR_RGB('',0.250980392156,0.250980392156,0.250980392156) ;
#1954=CARTESIAN_POINT('NONE',(-2.485338288758,3.299999999999,0.630672484786));
#1955 = VERTEX_POINT('NONE',#700) ;
#1956 = PRESENTATION_LAYER_ASSIGNMENT('','',(#10421)) ;
#1957=CARTESIAN_POINT('NONE',(-2.052416363145,3.301,0.739444253862));
#1958 = FILL_AREA_STYLE_COLOUR('',#13559) ;
#1959 =(NAMED_UNIT(*) SI_UNIT($,.STERADIAN.) SOLID_ANGLE_UNIT());
#1960 = VERTEX_POINT('NONE',#9731) ;
#1961 =(GEOMETRIC_REPRESENTATION_CONTEXT(3) GLOBAL_UNCERTAINTY_ASSIGNED_CONTEXT((#2863)) GLOBAL_UNIT_ASSIGNED_CONTEXT((#7824,#10098,#5375)) REPRESENTATION_CONTEXT('NONE','WORKASPACE'));
#1962=CARTESIAN_POINT('NONE',(0.,3.301,0.));
#1963=CARTESIAN_POINT('NONE',(-1.739678746919,3.299999999999,0.683532147807));
#1964 = FILL_AREA_STYLE('',(#10578)) ;
#1965 = FILL_AREA_STYLE('',(#12046)) ;
#1966 = EDGE_CURVE('NONE',#14258,#7339,#7502,.T.) ;
#1967 = VECTOR('NONE',#10006,1000.) ;
#1968=CARTESIAN_POINT('NONE',(-2.562157698737,3.299999999999,0.915111671114));
#1969 = ORIENTED_EDGE('NONE',*,*,#14517,.T.) ;
#1970 = MECHANICAL_DESIGN_GEOMETRIC_PRESENTATION_REPRESENTATION('',(#2203),#1057) ;
#1971=CARTESIAN_POINT('NONE',(-2.340286635026,3.301,0.617227448673));
#1972=CARTESIAN_POINT('NONE',(-2.324699078981,3.299999999999,0.706489087061));
#1973 = EDGE_LOOP('NONE',(#5237,#4388,#12527,#11824)) ;
#1974 = ORIENTED_EDGE('NONE',*,*,#8360,.F.) ;
#1975 = PRESENTATION_STYLE_ASSIGNMENT((#14081)) ;
#1976 = MECHANICAL_DESIGN_GEOMETRIC_PRESENTATION_REPRESENTATION('',(#4305),#3258) ;
#1977 = EDGE_LOOP('NONE',(#7646,#6492,#11660,#1813)) ;
#1978=DIRECTION('NONE',(-1.,0.,0.));
#1979 = EDGE_CURVE('NONE',#8458,#3608,#7314,.T.) ;
#1980 = SURFACE_SIDE_STYLE('',(#10069)) ;
#1981 = EDGE_CURVE('NONE',#1225,#11743,#11047,.T.) ;
#1982 = FILL_AREA_STYLE_COLOUR('',#1936) ;
#1983 =(NAMED_UNIT(*) PLANE_ANGLE_UNIT() SI_UNIT($,.RADIAN.));
#1984 = ORIENTED_EDGE('NONE',*,*,#8683,.T.) ;
#1985 =(LENGTH_UNIT() NAMED_UNIT(*) SI_UNIT(.MILLI.,.METRE.));
#1986=AXIS2_PLACEMENT_3D('NONE',#7669,#861,#5208);
#1987 =(LENGTH_UNIT() NAMED_UNIT(*) SI_UNIT(.MILLI.,.METRE.));
#1988 = TOROIDAL_SURFACE('NONE',#13946,2.650000000000,0.500000000000) ;
#1989 = ORIENTED_EDGE('NONE',*,*,#4844,.F.) ;
#1990 = VECTOR('NONE',#12468,1000.) ;
#1991 = SURFACE_STYLE_FILL_AREA(#3101) ;
#1992=CARTESIAN_POINT('NONE',(-2.419609323552,3.301,0.638874651521));
#1993 = ADVANCED_FACE('NONE',(#2968),#9657,.F.) ;
#1994 = COLOUR_RGB('',0.647058823529,0.619607843137,0.588235294117) ;
#1995=CARTESIAN_POINT('NONE',(-2.356125080498,3.301,0.695286082899));
#1996 = SURFACE_SIDE_STYLE('',(#6318)) ;
#1997=CARTESIAN_POINT('NONE',(-2.487259802667,3.301,0.637708592696));
#1998 =(LENGTH_UNIT() NAMED_UNIT(*) SI_UNIT(.MILLI.,.METRE.));
#1999 = SURFACE_SIDE_STYLE('',(#8574)) ;
#2000 = VERTEX_POINT('NONE',#3099) ;
#2001 = EDGE_CURVE('NONE',#14308,#13816,#1544,.T.) ;
#2002=CARTESIAN_POINT('NONE',(-2.304686032692,3.299999999999,0.835896981899));
#2003 = SURFACE_STYLE_FILL_AREA(#12156) ;
#2004=CARTESIAN_POINT('NONE',(-2.397296466739,3.301,0.690315052434));
#2005=DIRECTION('NONE',(0.,-1.,0.));
#2006=CARTESIAN_POINT('NONE',(-1.805792564245,3.299999999999,0.708224100913));
#2007 = ORIENTED_EDGE('NONE',*,*,#3983,.T.) ;
#2008 = EDGE_CURVE('NONE',#12404,#4154,#3327,.T.) ;
#2009 = EDGE_LOOP('NONE',(#6155,#5948,#4595,#6225)) ;
#2010 = SURFACE_STYLE_FILL_AREA(#2087) ;
#2011 = FILL_AREA_STYLE_COLOUR('',#2434) ;
#2012=AXIS2_PLACEMENT_3D('NONE',#9411,#8319,#11766);
#2013 =(NAMED_UNIT(*) PLANE_ANGLE_UNIT() SI_UNIT($,.RADIAN.));
#2014 = VERTEX_POINT('NONE',#12140) ;
#2015=CARTESIAN_POINT('NONE',(0.,0.,7.7));
#2016=CARTESIAN_POINT('NONE',(-2.285710233412,3.301,0.640947278447));
#2017 = VERTEX_POINT('NONE',#2062) ;
#2018 = VERTEX_POINT('NONE',#6529) ;
#2019 = VERTEX_POINT('NONE',#6597) ;
#2020 = VECTOR('NONE',#538,1000.) ;
#2021 = ADVANCED_FACE('NONE',(#11243),#11315,.F.) ;
#2022 = FACE_OUTER_BOUND('NONE',#9267,.T.) ;
#2023 = LINE('NONE',#13261,#4340) ;
#2024=CARTESIAN_POINT('NONE',(-2.712964552639,3.301,0.631678333935));
#2025=DIRECTION('NONE',(1.,1.084202172485000E-17,0.));
#2026 = ORIENTED_EDGE('NONE',*,*,#7106,.F.) ;
#2027 = VECTOR('NONE',#5112,1000.) ;
#2028=CARTESIAN_POINT('NONE',(-2.381064922802,3.301,0.66678548266));
#2029=DIRECTION('NONE',(0.,-1.,0.));
#2030 = VECTOR('NONE',#11457,1000.) ;
#2031 = FILL_AREA_STYLE('',(#597)) ;
#2032=DIRECTION('NONE',(0.007092178509,0.,-0.999974850185));
#2033=CARTESIAN_POINT('NONE',(-2.516139394525,3.299999999999,0.931596293747));
#2034=CARTESIAN_POINT('NONE',(-2.291762386433,3.299999999999,0.825757165794));
#2035 = ORIENTED_EDGE('NONE',*,*,#12975,.F.) ;
#2036 = VECTOR('NONE',#7196,1000.) ;
#2037 =(NAMED_UNIT(*) SI_UNIT($,.STERADIAN.) SOLID_ANGLE_UNIT());
#2038 = VECTOR('NONE',#2522,1000.) ;
#2039=CARTESIAN_POINT('NONE',(3.3,-0.7,1.5));
#2040 = ORIENTED_EDGE('NONE',*,*,#8766,.F.) ;
#2041 = LINE('NONE',#830,#12853) ;
#2042 = ORIENTED_EDGE('NONE',*,*,#12031,.F.) ;
#2043 =(NAMED_UNIT(*) PLANE_ANGLE_UNIT() SI_UNIT($,.RADIAN.));
#2044 = FILL_AREA_STYLE_COLOUR('',#7197) ;
#2045 = ORIENTED_EDGE('NONE',*,*,#1040,.F.) ;
#2046=CARTESIAN_POINT('NONE',(-2.47728301994,3.301,0.616442982551));
#2047 = B_SPLINE_CURVE_WITH_KNOTS('NONE',3,(#10912,#11935,#6308,#5201),.UNSPECIFIED.,.F.,.F.,(4,4),(15.000000000000,16.000000000000),.UNSPECIFIED.) ;
#2048 = B_SPLINE_SURFACE_WITH_KNOTS('NONE',3,1,((#8654,#4207),(#3059,#3124),(#12027,#8795),(#13253,#8726)),.UNSPECIFIED.,.F.,.F.,.F.,(4,4),(2,2),(3.000000000000,4.000000000000),(0.,1.),.UNSPECIFIED.) ;
#2049 = SURFACE_STYLE_FILL_AREA(#4240) ;
#2050=CARTESIAN_POINT('NONE',(-1.739697190505,3.301,0.563801307785));
#2051 = CIRCLE('NONE',#14467,0.751525314169) ;
#2052 = PRESENTATION_STYLE_ASSIGNMENT((#13010)) ;
#2053=DIRECTION('NONE',(0.,0.,-1.));
#2054 = ORIENTED_EDGE('NONE',*,*,#14723,.T.) ;
#2055 = B_SPLINE_CURVE_WITH_KNOTS('NONE',3,(#8126,#1231,#2369,#11433),.UNSPECIFIED.,.F.,.F.,(4,4),(27.000000000000,28.000000000000),.UNSPECIFIED.) ;
#2056 = B_SPLINE_CURVE_WITH_KNOTS('NONE',3,(#10756,#13210,#7504,#2050),.UNSPECIFIED.,.F.,.F.,(4,4),(9.000000000000,10.),.UNSPECIFIED.) ;
#2057=DIRECTION('NONE',(0.349299057795,0.,0.937011295675));
#2058=CARTESIAN_POINT('NONE',(-2.818196913411,3.301,0.647215006961));
#2059 = SURFACE_SIDE_STYLE('',(#3175)) ;
#2060 = EDGE_CURVE('NONE',#6361,#13754,#1268,.T.) ;
#2061 = ORIENTED_EDGE('NONE',*,*,#3066,.T.) ;
#2062=CARTESIAN_POINT('NONE',(-2.701834336199,3.299999999999,0.641302491134));
#2063=CARTESIAN_POINT('NONE',(-2.285710233412,3.299999999999,0.640947278447));
#2064 = EDGE_CURVE('NONE',#2018,#521,#1054,.T.) ;
#2065=AXIS2_PLACEMENT_3D('NONE',#1144,#14615,#7077);
#2066 = PRESENTATION_LAYER_ASSIGNMENT('','',(#14477)) ;
#2067 = PRESENTATION_LAYER_ASSIGNMENT('','',(#5776)) ;
#2068=DIRECTION('NONE',(0.999974850185,0.,0.007092178509));
#2069=DIRECTION('NONE',(0.,0.,1.));
#2070 = LINE('NONE',#9738,#7932) ;
#2071 = COLOUR_RGB('',0.250980392156,0.250980392156,0.250980392156) ;
#2072=DIRECTION('NONE',(-0.999974850185,0.,-0.007092178509));
#2073=CARTESIAN_POINT('NONE',(-2.48630236408,3.301,0.634658418036));
#2074=DIRECTION('NONE',(0.,-1.,0.));
#2075 = VECTOR('NONE',#8045,1000.) ;
#2076 = COLOUR_RGB('',0.647058823529,0.619607843137,0.588235294117) ;
#2077=AXIS2_PLACEMENT_3D('NONE',#13612,#10972,#2053);
#2078 = EDGE_CURVE('NONE',#7895,#8304,#3387,.T.) ;
#2079 = FILL_AREA_STYLE_COLOUR('',#11281) ;
#2080 = VERTEX_POINT('NONE',#7728) ;
#2081=CARTESIAN_POINT('NONE',(-1.752747730884,3.301,0.93591516678));
#2082 =(NAMED_UNIT(*) SI_UNIT($,.STERADIAN.) SOLID_ANGLE_UNIT());
#2083=CARTESIAN_POINT('NONE',(-2.561528093917,3.299999999999,0.826339372882));
#2084 = EDGE_CURVE('NONE',#7418,#7862,#7802,.T.) ;
#2085 = ORIENTED_EDGE('NONE',*,*,#6359,.F.) ;
#2086 = VERTEX_POINT('NONE',#1339) ;
#2087 = FILL_AREA_STYLE('',(#12161)) ;
#2088 = SURFACE_SIDE_STYLE('',(#8866)) ;
#2089=DIRECTION('NONE',(-0.362554487503,0.,0.931962576282));
#2090 = ORIENTED_EDGE('NONE',*,*,#7311,.T.) ;
#2091=CARTESIAN_POINT('NONE',(-2.451663407078,3.301,0.878962206015));
#2092 = MECHANICAL_DESIGN_GEOMETRIC_PRESENTATION_REPRESENTATION('',(#11028),#2810) ;
#2093=CARTESIAN_POINT('NONE',(-2.367504634313,3.301,0.830772421658));
#2094=DIRECTION('NONE',(1.,0.,0.));
#2095=DIRECTION('NONE',(0.,0.,1.));
#2096 = EDGE_CURVE('NONE',#2302,#5534,#14100,.T.) ;
#2097 = LINE('NONE',#4276,#11619) ;
#2098 = FACE_OUTER_BOUND('NONE',#5726,.T.) ;
#2099 = ADVANCED_FACE('NONE',(#3512),#2336,.F.) ;
#2100 = ORIENTED_EDGE('NONE',*,*,#12942,.T.) ;
#2101=CARTESIAN_POINT('NONE',(-2.312610557156,3.299999999999,0.827293753315));
#2102 =(LENGTH_UNIT() NAMED_UNIT(*) SI_UNIT(.MILLI.,.METRE.));
#2103=CARTESIAN_POINT('NONE',(-2.285710233412,3.299999999999,0.640947278447));
#2104 = EDGE_LOOP('NONE',(#2007,#10710,#10994,#1735)) ;
#2105=CARTESIAN_POINT('NONE',(-2.772473715671,3.301,0.661326828922));
#2106=DIRECTION('NONE',(0.,-1.,0.));
#2107 = EDGE_CURVE('NONE',#7171,#6379,#2371,.T.) ;
#2108=CARTESIAN_POINT('NONE',(-2.376415768361,3.301,0.635812095253));
#2109 = ORIENTED_EDGE('NONE',*,*,#12472,.T.) ;
#2110 = PLANE('NONE',#7179) ;
#2111 =(NAMED_UNIT(*) PLANE_ANGLE_UNIT() SI_UNIT($,.RADIAN.));
#2112 =(NAMED_UNIT(*) SI_UNIT($,.STERADIAN.) SOLID_ANGLE_UNIT());
#2113 = ORIENTED_EDGE('NONE',*,*,#6541,.F.) ;
#2114 = ORIENTED_EDGE('NONE',*,*,#4654,.F.) ;
#2115=DIRECTION('NONE',(1.,0.,0.));
#2116 = ORIENTED_EDGE('NONE',*,*,#6357,.T.) ;
#2117 = EDGE_CURVE('NONE',#12858,#11736,#10374,.T.) ;
#2118=CARTESIAN_POINT('NONE',(-1.565346301524,3.301,0.691709482088));
#2119 = CIRCLE('NONE',#6337,3.200000000000) ;
#2120 = FILL_AREA_STYLE_COLOUR('',#9934) ;
#2121=DIRECTION('NONE',(0.,0.,-1.));
#2122 = STYLED_ITEM('NONE',(#9329),#10898) ;
#2123 = ORIENTED_EDGE('NONE',*,*,#2137,.F.) ;
#2124 =(NAMED_UNIT(*) SI_UNIT($,.STERADIAN.) SOLID_ANGLE_UNIT());
#2125 = LINE('NONE',#14383,#4438) ;
#2126=DIRECTION('NONE',(0.999974850185,0.,0.007092178509));
#2127 = LINE('NONE',#3388,#2736) ;
#2128 = MECHANICAL_DESIGN_GEOMETRIC_PRESENTATION_REPRESENTATION('',(#1218),#11069) ;
#2129 = SURFACE_SIDE_STYLE('',(#8013)) ;
#2130 = STYLED_ITEM('NONE',(#3966),#11187) ;
#2131 = MECHANICAL_DESIGN_GEOMETRIC_PRESENTATION_REPRESENTATION('',(#8959),#12704) ;
#2132=CARTESIAN_POINT('NONE',(-2.639644260427,3.301,0.906576567133));
#2133 = SURFACE_STYLE_FILL_AREA(#11944) ;
#2134 = FILL_AREA_STYLE('',(#12219)) ;
#2135 = UNCERTAINTY_MEASURE_WITH_UNIT(LENGTH_MEASURE(1.000000000000E-05),#11310,'distance_accuracy_value','NONE');
#2136=DIRECTION('NONE',(1.,0.,0.));
#2137 = EDGE_CURVE('NONE',#12023,#7481,#3775,.T.) ;
#2138 = COLOUR_RGB('',0.647058823529,0.619607843137,0.588235294117) ;
#2139 = SURFACE_STYLE_FILL_AREA(#10029) ;
#2140 = VECTOR('NONE',#13139,1000.) ;
#2141 = ORIENTED_EDGE('NONE',*,*,#6850,.T.) ;
#2142 = PRESENTATION_STYLE_ASSIGNMENT((#7524)) ;
#2143=CARTESIAN_POINT('NONE',(-2.317216537321,3.301,0.627872093431));
#2144 = EDGE_LOOP('NONE',(#719,#14050,#8374,#11348)) ;
#2145 = VERTEX_POINT('NONE',#11480) ;
#2146 = PLANE('NONE',#8898) ;
#2147 = SURFACE_STYLE_FILL_AREA(#11005) ;
#2148 = MECHANICAL_DESIGN_GEOMETRIC_PRESENTATION_REPRESENTATION('',(#2880),#4478) ;
#2149 =(GEOMETRIC_REPRESENTATION_CONTEXT(3) GLOBAL_UNCERTAINTY_ASSIGNED_CONTEXT((#12453)) GLOBAL_UNIT_ASSIGNED_CONTEXT((#5012,#11813,#14126)) REPRESENTATION_CONTEXT('NONE','WORKASPACE'));
#2150 = EDGE_CURVE('NONE',#7880,#2823,#8551,.T.) ;
#2151 = LINE('NONE',#11134,#3137) ;
#2152=DIRECTION('NONE',(0.,0.,1.));
#2153=CARTESIAN_POINT('NONE',(-2.329491787908,3.301,0.630155740645));
#2154=CARTESIAN_POINT('NONE',(-2.221429596218,3.301,0.673033410975));
#2155 = VERTEX_POINT('NONE',#10443) ;
#2156 = EDGE_CURVE('NONE',#2524,#8793,#5837,.T.) ;
#2157 = ORIENTED_EDGE('NONE',*,*,#7311,.F.) ;
#2158=CARTESIAN_POINT('NONE',(-2.333861095493,3.301,0.6348661673));
#2159 = PRESENTATION_LAYER_ASSIGNMENT('','',(#5437)) ;
#2160 = MECHANICAL_DESIGN_GEOMETRIC_PRESENTATION_REPRESENTATION('',(#4718),#13638) ;
#2161=CARTESIAN_POINT('NONE',(-2.643336857002,3.301,0.908234828108));
#2162 = UNCERTAINTY_MEASURE_WITH_UNIT(LENGTH_MEASURE(1.000000000000E-05),#8867,'distance_accuracy_value','NONE');
#2163 = VECTOR('NONE',#6719,1000.) ;
#2164 = LINE('NONE',#6423,#5106) ;
#2165 = FILL_AREA_STYLE('',(#3135)) ;
#2166 = ORIENTED_EDGE('NONE',*,*,#3255,.T.) ;
#2167 = EDGE_CURVE('NONE',#14787,#2510,#2364,.T.) ;
#2168=CARTESIAN_POINT('NONE',(-1.99545210679,3.299999999999,0.903827322299));
#2169=DIRECTION('NONE',(1.,0.,0.));
#2170 = SURFACE_STYLE_FILL_AREA(#11025) ;
#2171=CARTESIAN_POINT('NONE',(-2.408025864834,3.301,0.879271699038));
#2172 = MECHANICAL_DESIGN_GEOMETRIC_PRESENTATION_REPRESENTATION('',(#12506),#5214) ;
#2173 =(GEOMETRIC_REPRESENTATION_CONTEXT(3) GLOBAL_UNCERTAINTY_ASSIGNED_CONTEXT((#11917)) GLOBAL_UNIT_ASSIGNED_CONTEXT((#6966,#5824,#5982)) REPRESENTATION_CONTEXT('NONE','WORKASPACE'));
#2174 =(NAMED_UNIT(*) SI_UNIT($,.STERADIAN.) SOLID_ANGLE_UNIT());
#2175 = VERTEX_POINT('NONE',#3590) ;
#2176 = SURFACE_STYLE_USAGE(.BOTH.,#13475) ;
#2177 = LINE('NONE',#5469,#1120) ;
#2178 = EDGE_CURVE('NONE',#4003,#5594,#7136,.T.) ;
#2179 = UNCERTAINTY_MEASURE_WITH_UNIT(LENGTH_MEASURE(1.000000000000E-05),#12973,'distance_accuracy_value','NONE');
#2180 = COLOUR_RGB('',0.647058823529,0.619607843137,0.588235294117) ;
#2181 = COLOUR_RGB('',0.647058823529,0.619607843137,0.588235294117) ;
#2182 =(LENGTH_UNIT() NAMED_UNIT(*) SI_UNIT(.MILLI.,.METRE.));
#2183 =(NAMED_UNIT(*) SI_UNIT($,.STERADIAN.) SOLID_ANGLE_UNIT());
#2184 = EDGE_LOOP('NONE',(#12892,#1001,#836,#3907,#1411,#6179,#4901,#2141)) ;
#2185 = PRESENTATION_STYLE_ASSIGNMENT((#13088)) ;
#2186 = VERTEX_POINT('NONE',#2564) ;
#2187=CARTESIAN_POINT('NONE',(-2.713594157459,3.299999999999,0.720450632168));
#2188 = STYLED_ITEM('NONE',(#6360),#5190) ;
#2189=CARTESIAN_POINT('NONE',(-1.552818840819,3.301,0.760339860241));
#2190=CARTESIAN_POINT('NONE',(-2.66546274503,3.301,0.614921183651));
#2191 = MECHANICAL_DESIGN_GEOMETRIC_PRESENTATION_REPRESENTATION('',(#4294),#1513) ;
#2192 = ORIENTED_EDGE('NONE',*,*,#2426,.T.) ;
#2193 = PRESENTATION_STYLE_ASSIGNMENT((#10013)) ;
#2194 = ORIENTED_EDGE('NONE',*,*,#1587,.F.) ;
#2195=CARTESIAN_POINT('NONE',(-2.647750805978,3.301,0.628959113856));
#2196 =(GEOMETRIC_REPRESENTATION_CONTEXT(3) GLOBAL_UNCERTAINTY_ASSIGNED_CONTEXT((#4804)) GLOBAL_UNIT_ASSIGNED_CONTEXT((#11099,#1042,#10199)) REPRESENTATION_CONTEXT('NONE','WORKASPACE'));
#2197 = EDGE_CURVE('NONE',#8387,#2296,#13915,.T.) ;
#2198 = UNCERTAINTY_MEASURE_WITH_UNIT(LENGTH_MEASURE(1.000000000000E-05),#685,'distance_accuracy_value','NONE');
#2199=CARTESIAN_POINT('NONE',(-2.376827022548,3.301,0.680603076085));
#2200 =(NAMED_UNIT(*) PLANE_ANGLE_UNIT() SI_UNIT($,.RADIAN.));
#2201=CARTESIAN_POINT('NONE',(-2.713594157459,3.301,0.720450632168));
#2202 = FILL_AREA_STYLE('',(#3514)) ;
#2203 = STYLED_ITEM('NONE',(#11277),#13360) ;
#2204 = LINE('NONE',#14817,#14807) ;
#2205 =(LENGTH_UNIT() NAMED_UNIT(*) SI_UNIT(.MILLI.,.METRE.));
#2206 = PRESENTATION_STYLE_ASSIGNMENT((#3106)) ;
#2207=CARTESIAN_POINT('NONE',(-2.563687867268,3.299999999999,0.871367500768));
#2208 = VECTOR('NONE',#8796,1000.) ;
#2209 = SURFACE_SIDE_STYLE('',(#5498)) ;
#2210 = ORIENTED_EDGE('NONE',*,*,#11073,.F.) ;
#2211 = PLANE('NONE',#1545) ;
#2212 = SURFACE_STYLE_USAGE(.BOTH.,#3330) ;
#2213 =(NAMED_UNIT(*) PLANE_ANGLE_UNIT() SI_UNIT($,.RADIAN.));
#2214 = PRESENTATION_LAYER_ASSIGNMENT('','',(#9289)) ;
#2215 = VERTEX_POINT('NONE',#382) ;
#2216 = FILL_AREA_STYLE('',(#13378)) ;
#2217=CARTESIAN_POINT('NONE',(-2.666760454689,3.299999999999,0.841876045909));
#2218 =(LENGTH_UNIT() NAMED_UNIT(*) SI_UNIT(.MILLI.,.METRE.));
#2219 = EDGE_CURVE('NONE',#6639,#6661,#673,.T.) ;
#2220 = FACE_OUTER_BOUND('NONE',#12014,.T.) ;
#2221 = LINE('NONE',#7747,#14599) ;
#2222=CARTESIAN_POINT('NONE',(-2.755420337475,3.299999999999,0.614283172301));
#2224 = COLOUR_RGB('',0.647058823529,0.619607843137,0.588235294117) ;
#2223=DIRECTION('NONE',(0.,0.,-1.));
#2225=CARTESIAN_POINT('NONE',(-2.487259802667,3.299999999999,0.637708592696));
#2226 = ORIENTED_EDGE('NONE',*,*,#10982,.T.) ;
#2227=CARTESIAN_POINT('NONE',(-2.407635624882,3.299999999999,0.82424909395));
#2228 = ADVANCED_FACE('NONE',(#10515),#6605,.F.) ;
#2229=DIRECTION('NONE',(-0.131714611911,0.,-0.991287678229));
#2230=DIRECTION('NONE',(0.007092178509,0.,-0.999974850185));
#2231 = B_SPLINE_SURFACE_WITH_KNOTS('NONE',3,1,((#14492,#5595),(#4494,#13467),(#3418,#2168),(#9988,#14350)),.UNSPECIFIED.,.F.,.F.,.F.,(4,4),(2,2),(0.,1.),(0.,1.),.UNSPECIFIED.) ;
#2232 = EDGE_CURVE('NONE',#13843,#8734,#6055,.T.) ;
#2233 = SURFACE_STYLE_FILL_AREA(#2165) ;
#2234 = EDGE_CURVE('NONE',#5002,#6621,#1180,.T.) ;
#2235 = ORIENTED_EDGE('NONE',*,*,#12583,.F.) ;
#2236 =(LENGTH_UNIT() NAMED_UNIT(*) SI_UNIT(.MILLI.,.METRE.));
#2237=CARTESIAN_POINT('NONE',(-2.701986767511,3.301,0.711174899319));
#2238=CARTESIAN_POINT('NONE',(-2.425221894515,3.299999999999,0.704528402498));
#2239 = VECTOR('NONE',#11898,1000.) ;
#2240=CARTESIAN_POINT('NONE',(-1.766961098568,3.301,0.737998384387));
#2241 =(GEOMETRIC_REPRESENTATION_CONTEXT(3) GLOBAL_UNCERTAINTY_ASSIGNED_CONTEXT((#9666)) GLOBAL_UNIT_ASSIGNED_CONTEXT((#4201,#14194,#6548)) REPRESENTATION_CONTEXT('NONE','WORKASPACE'));
#2242 = ORIENTED_EDGE('NONE',*,*,#5009,.T.) ;
#2243 = ADVANCED_FACE('NONE',(#14742),#11922,.T.) ;
#2244=DIRECTION('NONE',(-0.938529171967,0.,-0.345199932452));
#2245 = PLANE('NONE',#12355) ;
#2246=DIRECTION('NONE',(0.999974850185,0.,0.007092178509));
#2247 =(GEOMETRIC_REPRESENTATION_CONTEXT(3) GLOBAL_UNCERTAINTY_ASSIGNED_CONTEXT((#1191)) GLOBAL_UNIT_ASSIGNED_CONTEXT((#10477,#5797,#13532)) REPRESENTATION_CONTEXT('NONE','WORKASPACE'));
#2248 = FACE_OUTER_BOUND('NONE',#12744,.T.) ;
#2249 = ORIENTED_EDGE('NONE',*,*,#7180,.F.) ;
#2250=CARTESIAN_POINT('NONE',(-2.022531339528,3.299999999999,0.807330104064));
#2251 = ORIENTED_EDGE('NONE',*,*,#14275,.T.) ;
#2252 = COLOUR_RGB('',0.647058823529,0.619607843137,0.588235294117) ;
#2253=DIRECTION('NONE',(0.,0.,-1.));
#2254=CARTESIAN_POINT('NONE',(-2.563687867268,3.299999999999,0.871367500768));
#2255 = EDGE_CURVE('NONE',#6936,#11159,#4017,.T.) ;
#2256=DIRECTION('NONE',(-0.007092178509,0.,0.999974850185));
#2257 = CLOSED_SHELL('NONE',(#1145,#6633,#2791,#4468,#7116,#8086,#4485,#7221,#9124,#2353,#11424,#14875,#10401,#2838,#8403,#10943,#1655,#1841,#13562,#3420,#11313,#13275,#4557,#3376,#6715,#9367,#7985,#9326,#11246,#2021,#3182,#7663,#2243,#856,#4957,#10732,#12845,#11173,#7265,#2503,#14116,#8919,#12958,#14217,#13103,#12810,#3129,#10761,#2889,#10603,#6662,#1993,#7510,#13193,#6490,#13811,#2397,#13552,#6203,#9282,#3604,#13989,#2729,#13801,#5110,#10513,#8722,#2518,#10839,#12784,#4170,#7124,#5452,#7283,#3623,#14488,#11250,#13118,#8652,#9979,#14168,#5204,#14185,#14134,#2441,#12223,#7855,#7383,#14306,#7042,#9300,#13660,#678,#11751,#14342,#9547,#7595,#749,#5194,#7933,#9261,#2702,#4446,#9156,#2696,#13520,#4811,#3480,#7034,#14157,#10461,#577,#6168,#3869,#3691,#10881,#8573,#14389,#12138,#14088,#1326,#1496,#9374,#8378,#9647,#12658,#4696,#13987,#6260,#14546,#3737,#12064,#10332,#10163,#6986,#5045,#11567,#10271,#10260,#9879,#8186,#10480,#7636,#13405,#7578,#12145,#5361,#12993,#14606,#9899,#10244,#12832,#4536,#2099,#8639,#2813,#1278,#11234,#7478,#1115,#5829,#731,#10384,#11177,#10465,#14036,#10898,#4022,#2998,#9632,#935,#7380,#11985,#10809,#5126,#10548,#6079,#10344,#13477,#9922,#7891,#6458,#1890,#14429,#6465,#13392,#10296,#8243,#11871,#9743,#2654,#6172,#1378,#8743,#11026,#11257,#6554,#3488,#13517,#7828,#10353,#4218,#10566,#12206,#13534,#3147,#1741,#4090,#10422,#12891,#1050,#10609,#11160,#14532,#3865,#9105,#14448,#691,#13955,#8736,#4126,#11187,#1902,#3895,#4378,#7905,#3072,#2978,#2502,#1065,#7409,#13704,#4564,#5481,#1546,#13842,#1917,#13374,#8849,#12473,#9040,#5188,#6530,#4549,#14623,#2923,#1922,#5190,#10175,#8558,#12576,#6911,#1197,#6390,#4280,#7950,#3755,#1169,#8392,#12608,#13829,#9815,#8989,#10805,#1660,#7545,#10170,#6801,#12620,#2410,#14561,#14791,#8589,#14070,#11773,#13109,#3957,#2228,#863,#8043,#11528,#14104,#4235,#14428,#5734,#2520,#2894,#2536,#9943,#13724,#6629,#5690,#12312,#7142,#13360,#5168,#1752,#2415,#14507,#9661,#4041,#429,#4757)) ;
#2258 = MECHANICAL_DESIGN_GEOMETRIC_PRESENTATION_REPRESENTATION('',(#3899),#4141) ;
#2259 = EDGE_LOOP('NONE',(#7421,#6623,#11760,#3730)) ;
#2260 = LINE('NONE',#6731,#9727) ;
#2261 = ORIENTED_EDGE('NONE',*,*,#9098,.F.) ;
#2262 = MECHANICAL_DESIGN_GEOMETRIC_PRESENTATION_REPRESENTATION('',(#9335),#8643) ;
#2263=DIRECTION('NONE',(0.,0.,-1.));
#2264=DIRECTION('NONE',(0.,-1.,0.));
#2265 = FILL_AREA_STYLE_COLOUR('',#11024) ;
#2266=AXIS2_PLACEMENT_3D('NONE',#13510,#9063,#6757);
#2267=DIRECTION('NONE',(1.284980352575000E-16,-1.,0.));
#2268=CARTESIAN_POINT('NONE',(-2.667575853247,3.301,0.7369352548));
#2269 = MECHANICAL_DESIGN_GEOMETRIC_PRESENTATION_REPRESENTATION('',(#6489),#905) ;
#2270=CARTESIAN_POINT('NONE',(-2.355968453579,3.301,0.673202180176));
#2271 = EDGE_CURVE('NONE',#5318,#10189,#11992,.T.) ;
#2272=CARTESIAN_POINT('NONE',(-2.485338288758,3.301,0.630672484786));
#2273 = LINE('NONE',#6752,#12499) ;
#2274 = B_SPLINE_SURFACE_WITH_KNOTS('NONE',3,1,((#5937,#10462),(#3748,#1788),(#12733,#14836),(#4772,#8188)),.UNSPECIFIED.,.F.,.F.,.F.,(4,4),(2,2),(14.000000000000,15.000000000000),(0.,1.),.UNSPECIFIED.) ;
#2275 = B_SPLINE_CURVE_WITH_KNOTS('NONE',3,(#4943,#9466,#9395,#8512),.UNSPECIFIED.,.F.,.F.,(4,4),(28.000000000000,29.000000000000),.UNSPECIFIED.) ;
#2276 = VECTOR('NONE',#11362,1000.) ;
#2277 = FACE_OUTER_BOUND('NONE',#9860,.T.) ;
#2278 = PRESENTATION_LAYER_ASSIGNMENT('','',(#3459)) ;
#2279 = ORIENTED_EDGE('NONE',*,*,#8301,.T.) ;
#2280=AXIS2_PLACEMENT_3D('NONE',#4439,#8826,#14435);
#2281=CARTESIAN_POINT('NONE',(-3.899999999999,0.325,0.299999999999));
#2282 =(LENGTH_UNIT() NAMED_UNIT(*) SI_UNIT(.MILLI.,.METRE.));
#2283 = LINE('NONE',#11333,#12763) ;
#2284 = ORIENTED_EDGE('NONE',*,*,#13493,.F.) ;
#2285=CARTESIAN_POINT('NONE',(-2.58038220164,3.299999999999,0.889778050659));
#2286=CARTESIAN_POINT('NONE',(-1.739697190505,3.301,0.563801307785));
#2287=DIRECTION('NONE',(0.,0.,-1.));
#2288 = STYLED_ITEM('NONE',(#9253),#9979) ;
#2289 = MECHANICAL_DESIGN_GEOMETRIC_PRESENTATION_REPRESENTATION('',(#13794),#3025) ;
#2290 =(GEOMETRIC_REPRESENTATION_CONTEXT(3) GLOBAL_UNCERTAINTY_ASSIGNED_CONTEXT((#2313)) GLOBAL_UNIT_ASSIGNED_CONTEXT((#7440,#5426,#14388)) REPRESENTATION_CONTEXT('NONE','WORKASPACE'));
#2291 = FILL_AREA_STYLE_COLOUR('',#5234) ;
#2292=CARTESIAN_POINT('NONE',(-2.276416837418,3.301,0.869973642013));
#2293 = ORIENTED_EDGE('NONE',*,*,#4680,.F.) ;
#2294=AXIS2_PLACEMENT_3D('NONE',#11942,#2068,#9804);
#2295 = SURFACE_STYLE_FILL_AREA(#8874) ;
#2296 = VERTEX_POINT('NONE',#9569) ;
#2297 = SURFACE_STYLE_FILL_AREA(#13751) ;
#2298 =(NAMED_UNIT(*) SI_UNIT($,.STERADIAN.) SOLID_ANGLE_UNIT());
#2299=CARTESIAN_POINT('NONE',(-2.446059870812,3.301,0.590274708655));
#2300 =(NAMED_UNIT(*) PLANE_ANGLE_UNIT() SI_UNIT($,.RADIAN.));
#2301 = LINE('NONE',#1447,#5324) ;
#2302 = VERTEX_POINT('NONE',#5183) ;
#2303 = LINE('NONE',#14558,#11425) ;
#2304=CARTESIAN_POINT('NONE',(-1.950430666794,3.299999999999,0.672493677868));
#2305 = LINE('NONE',#3485,#13021) ;
#2306 =(NAMED_UNIT(*) SI_UNIT($,.STERADIAN.) SOLID_ANGLE_UNIT());
#2307 = STYLED_ITEM('NONE',(#10405),#4536) ;
#2308 = EDGE_CURVE('NONE',#943,#12539,#9715,.T.) ;
#2309 = ORIENTED_EDGE('NONE',*,*,#3580,.T.) ;
#2310 = ORIENTED_EDGE('NONE',*,*,#5172,.T.) ;
#2311 = SURFACE_SIDE_STYLE('',(#9100)) ;
#2312 = PRESENTATION_STYLE_ASSIGNMENT((#7991)) ;
#2313 = UNCERTAINTY_MEASURE_WITH_UNIT(LENGTH_MEASURE(1.000000000000E-05),#7440,'distance_accuracy_value','NONE');
#2314=CARTESIAN_POINT('NONE',(-1.714303895699,3.299999999999,0.898012801955));
#2315=CARTESIAN_POINT('NONE',(-2.338261152582,3.301,0.639513988825));
#2316 = ORIENTED_EDGE('NONE',*,*,#12174,.T.) ;
#2317=CARTESIAN_POINT('NONE',(-2.431461167227,3.301,0.687015779029));
#2318=CARTESIAN_POINT('NONE',(-1.739198803412,3.301,0.615861623691));
#2319 = ORIENTED_EDGE('NONE',*,*,#14603,.T.) ;
#2320=CARTESIAN_POINT('NONE',(-0.899999999999,0.324999999999,-0.05));
#2321 = EDGE_CURVE('NONE',#14850,#3018,#11845,.T.) ;
#2322 = LINE('NONE',#7044,#5656) ;
#2323 =(NAMED_UNIT(*) SI_UNIT($,.STERADIAN.) SOLID_ANGLE_UNIT());
#2324=CARTESIAN_POINT('NONE',(-2.293064894801,3.301,0.622366164494));
#2325 = EDGE_CURVE('NONE',#8148,#1371,#3086,.T.) ;
#2326 = PRESENTATION_LAYER_ASSIGNMENT('','',(#8706)) ;
#2327=DIRECTION('NONE',(1.,0.,0.));
#2328 = VERTEX_POINT('NONE',#13075) ;
#2329=CARTESIAN_POINT('NONE',(-2.496314347256,3.299999999999,0.823620152803));
#2330=CARTESIAN_POINT('NONE',(3.3,1.,1.));
#2331 = UNCERTAINTY_MEASURE_WITH_UNIT(LENGTH_MEASURE(1.000000000000E-05),#9837,'distance_accuracy_value','NONE');
#2332=CARTESIAN_POINT('NONE',(-2.269005077839,3.301,0.739762060982));
#2333 = ORIENTED_EDGE('NONE',*,*,#10108,.F.) ;
#2334 = PRESENTATION_STYLE_ASSIGNMENT((#12413)) ;
#2335 = ORIENTED_EDGE('NONE',*,*,#10857,.F.) ;
#2336 = PLANE('NONE',#2616) ;
#2337 = FILL_AREA_STYLE('',(#9194)) ;
#2338 = SURFACE_STYLE_FILL_AREA(#4674) ;
#2339 = EDGE_CURVE('NONE',#7916,#9370,#832,.T.) ;
#2340 =(LENGTH_UNIT() NAMED_UNIT(*) SI_UNIT(.MILLI.,.METRE.));
#2341 =(NAMED_UNIT(*) SI_UNIT($,.STERADIAN.) SOLID_ANGLE_UNIT());
#2342=CARTESIAN_POINT('NONE',(-2.713594157459,3.301,0.720450632168));
#2343 = MECHANICAL_DESIGN_GEOMETRIC_PRESENTATION_REPRESENTATION('',(#2615),#7525) ;
#2344 = EDGE_CURVE('NONE',#1486,#9209,#5264,.T.) ;
#2345=DIRECTION('NONE',(-0.999974850185,0.,-0.007092178509));
#2346 =(GEOMETRIC_REPRESENTATION_CONTEXT(3) GLOBAL_UNCERTAINTY_ASSIGNED_CONTEXT((#7108)) GLOBAL_UNIT_ASSIGNED_CONTEXT((#3669,#2423,#11495)) REPRESENTATION_CONTEXT('NONE','WORKASPACE'));
#2347 = EDGE_LOOP('NONE',(#13715,#9457,#8198,#7600)) ;
#2348=DIRECTION('NONE',(0.,-1.,0.));
#2349 = FILL_AREA_STYLE_COLOUR('',#11202) ;
#2350 = LINE('NONE',#11500,#11129) ;
#2351=CARTESIAN_POINT('NONE',(2.,2.,-0.01));
#2352 = VERTEX_POINT('NONE',#1766) ;
#2353 = ADVANCED_FACE('NONE',(#12060),#14294,.F.) ;
#2354=DIRECTION('NONE',(0.,0.,-1.));
#2355=CARTESIAN_POINT('NONE',(-1.694860474421,3.299999999999,0.847829130512));
#2356=CARTESIAN_POINT('NONE',(-2.767385221977,3.299999999999,0.647575381611));
#2357 = PRESENTATION_LAYER_ASSIGNMENT('','',(#2130)) ;
#2358 = ORIENTED_EDGE('NONE',*,*,#8461,.T.) ;
#2359 = MECHANICAL_DESIGN_GEOMETRIC_PRESENTATION_REPRESENTATION('',(#7550),#14790) ;
#2360 = VECTOR('NONE',#4254,1000.) ;
#2361 = ORIENTED_EDGE('NONE',*,*,#2368,.T.) ;
#2362=CARTESIAN_POINT('NONE',(-2.715124325989,3.301,0.676706461821));
#2363 = ORIENTED_EDGE('NONE',*,*,#1092,.F.) ;
#2364 = B_SPLINE_CURVE_WITH_KNOTS('NONE',3,(#12714,#8164,#14812,#5994),.UNSPECIFIED.,.F.,.F.,(4,4),(1.,2.000000000000),.UNSPECIFIED.) ;
#2365 = FILL_AREA_STYLE_COLOUR('',#4700) ;
#2366=CARTESIAN_POINT('NONE',(-2.615948763255,3.301,0.842236420558));
#2367 = ORIENTED_EDGE('NONE',*,*,#11978,.F.) ;
#2368 = EDGE_CURVE('NONE',#7132,#10037,#4302,.T.) ;
#2369=CARTESIAN_POINT('NONE',(-1.918250594675,3.301,0.661442900351));
#2370=CARTESIAN_POINT('NONE',(-2.66546274503,3.301,0.614921183651));
#2371 = CIRCLE('NONE',#5867,3.200000000000) ;
#2372 = ORIENTED_EDGE('NONE',*,*,#14264,.F.) ;
#2373 = LINE('NONE',#13605,#786) ;
#2374 = B_SPLINE_CURVE_WITH_KNOTS('NONE',3,(#14169,#7658,#6527,#698),.UNSPECIFIED.,.F.,.F.,(4,4),(7.000000000000,8.000000000000),.UNSPECIFIED.) ;
#2375=CARTESIAN_POINT('NONE',(-2.052164085223,3.301,0.703873860767));
#2376=DIRECTION('NONE',(0.,-1.,0.));
#2377=CARTESIAN_POINT('NONE',(-2.73155628815,3.301,0.658123355456));
#2378=DIRECTION('NONE',(0.,0.,1.));
#2379 = SURFACE_SIDE_STYLE('',(#11279)) ;
#2380 = PRESENTATION_STYLE_ASSIGNMENT((#7720)) ;
#2381=AXIS2_PLACEMENT_3D('NONE',#10524,#9423,#617);
#2382 =(GEOMETRIC_REPRESENTATION_CONTEXT(3) GLOBAL_UNCERTAINTY_ASSIGNED_CONTEXT((#14498)) GLOBAL_UNIT_ASSIGNED_CONTEXT((#12380,#3417,#1309)) REPRESENTATION_CONTEXT('NONE','WORKASPACE'));
#2383 = ORIENTED_EDGE('NONE',*,*,#14752,.F.) ;
#2384 = ORIENTED_EDGE('NONE',*,*,#4663,.F.) ;
#2385 = LINE('NONE',#430,#1572) ;
#2386 = COLOUR_RGB('',0.647058823529,0.619607843137,0.588235294117) ;
#2387 = SURFACE_STYLE_USAGE(.BOTH.,#11161) ;
#2388=CARTESIAN_POINT('NONE',(-3.899999999999,-0.324999999999,-0.05));
#2389 = FILL_AREA_STYLE('',(#9176)) ;
#2390=CARTESIAN_POINT('NONE',(-2.79108071915,3.301,0.711915528186));
#2391 = ORIENTED_EDGE('NONE',*,*,#8138,.T.) ;
#2392=CARTESIAN_POINT('NONE',(-2.303313565873,3.301,0.70395811786));
#2393 = SURFACE_SIDE_STYLE('',(#5820)) ;
#2394=CARTESIAN_POINT('NONE',(-2.340382203994,3.301,0.630702372367));
#2395 = ORIENTED_EDGE('NONE',*,*,#11459,.F.) ;
#2396=AXIS2_PLACEMENT_3D('NONE',#13631,#14660,#11463);
#2397 = ADVANCED_FACE('NONE',(#974),#7853,.F.) ;
#2398 = FILL_AREA_STYLE('',(#2715)) ;
#2399=DIRECTION('NONE',(1.,0.,0.));
#2400 = MECHANICAL_DESIGN_GEOMETRIC_PRESENTATION_REPRESENTATION('',(#1257),#14581) ;
#2401 = EDGE_CURVE('NONE',#10246,#5200,#10064,.T.) ;
#2402 =(NAMED_UNIT(*) PLANE_ANGLE_UNIT() SI_UNIT($,.RADIAN.));
#2403 = EDGE_LOOP('NONE',(#13207,#5088,#8497,#9783)) ;
#2404 = ORIENTED_EDGE('NONE',*,*,#3310,.F.) ;
#2405=CARTESIAN_POINT('NONE',(-2.31302775029,3.301,0.657410873616));
#2406 = ORIENTED_EDGE('NONE',*,*,#5909,.T.) ;
#2407 =(NAMED_UNIT(*) PLANE_ANGLE_UNIT() SI_UNIT($,.RADIAN.));
#2408 = FILL_AREA_STYLE_COLOUR('',#14098) ;
#2409 = ORIENTED_EDGE('NONE',*,*,#14093,.T.) ;
#2410 = ADVANCED_FACE('NONE',(#12125),#4379,.F.) ;
#2411 = COLOUR_RGB('',0.647058823529,0.619607843137,0.588235294117) ;
#2412 = ORIENTED_EDGE('NONE',*,*,#3245,.T.) ;
#2413 = LINE('NONE',#13431,#5633) ;
#2414 = FACE_OUTER_BOUND('NONE',#14717,.T.) ;
#2415 = ADVANCED_FACE('NONE',(#6958),#13839,.F.) ;
#2416=CARTESIAN_POINT('NONE',(-2.451663407078,3.301,0.878962206015));
#2417 = STYLED_ITEM('NONE',(#3406),#863) ;
#2418 = FILL_AREA_STYLE('',(#3455)) ;
#2419=CARTESIAN_POINT('NONE',(-3.299999999999,-3.299999999999,1.5));
#2420 = STYLED_ITEM('NONE',(#2821),#5481) ;
#2421 = VECTOR('NONE',#10894,1000.) ;
#2422 = SURFACE_STYLE_USAGE(.BOTH.,#5429) ;
#2423 =(NAMED_UNIT(*) PLANE_ANGLE_UNIT() SI_UNIT($,.RADIAN.));
#2424 = ORIENTED_EDGE('NONE',*,*,#3146,.T.) ;
#2425 =(GEOMETRIC_REPRESENTATION_CONTEXT(3) GLOBAL_UNCERTAINTY_ASSIGNED_CONTEXT((#10659)) GLOBAL_UNIT_ASSIGNED_CONTEXT((#14639,#9243,#4567)) REPRESENTATION_CONTEXT('NONE','WORKASPACE'));
#2426 = EDGE_CURVE('NONE',#14284,#9844,#11001,.T.) ;
#2427 = ORIENTED_EDGE('NONE',*,*,#2460,.F.) ;
#2428=CARTESIAN_POINT('NONE',(-3.299999999999,-0.325,0.299999999999));
#2429 = LINE('NONE',#12584,#8324) ;
#2430 = LINE('NONE',#11501,#4450) ;
#2431=DIRECTION('NONE',(-0.007092178509,0.,0.999974850185));
#2432=CARTESIAN_POINT('NONE',(-1.607235836295,3.301,0.72611700111));
#2433 = VECTOR('NONE',#2517,1000.) ;
#2434 = COLOUR_RGB('',0.647058823529,0.619607843137,0.588235294117) ;
#2435=CARTESIAN_POINT('NONE',(-2.643917557988,3.299999999999,0.906546259382));
#2436 = PLANE('NONE',#4988) ;
#2437 =(NAMED_UNIT(*) PLANE_ANGLE_UNIT() SI_UNIT($,.RADIAN.));
#2438=CARTESIAN_POINT('NONE',(-3.299999999999,-3.299999999999,1.5));
#2439 = VECTOR('NONE',#2848,1000.) ;
#2440 =(NAMED_UNIT(*) PLANE_ANGLE_UNIT() SI_UNIT($,.RADIAN.));
#2441 = ADVANCED_FACE('NONE',(#13624),#10574,.F.) ;
#2442 = EDGE_LOOP('NONE',(#13577,#9656,#5744,#11806,#1157,#440)) ;
#2443 = SURFACE_STYLE_USAGE(.BOTH.,#12519) ;
#2444 = MECHANICAL_DESIGN_GEOMETRIC_PRESENTATION_REPRESENTATION('',(#9289),#3172) ;
#2445 = ORIENTED_EDGE('NONE',*,*,#3706,.F.) ;
#2446 = EDGE_CURVE('NONE',#7583,#5589,#519,.T.) ;
#2447 = VERTEX_POINT('NONE',#7994) ;
#2448 = PRESENTATION_LAYER_ASSIGNMENT('','',(#14631)) ;
#2449 = FILL_AREA_STYLE('',(#12528)) ;
#2450 =(GEOMETRIC_REPRESENTATION_CONTEXT(3) GLOBAL_UNCERTAINTY_ASSIGNED_CONTEXT((#12208)) GLOBAL_UNIT_ASSIGNED_CONTEXT((#4930,#9674,#8428)) REPRESENTATION_CONTEXT('NONE','WORKASPACE'));
#2451 = ORIENTED_EDGE('NONE',*,*,#4364,.T.) ;
#2452 = STYLED_ITEM('NONE',(#8071),#1655) ;
#2453 = LINE('NONE',#1451,#5187) ;
#2454=CARTESIAN_POINT('NONE',(-2.368089551792,3.301,0.913243945384));
#2455=CARTESIAN_POINT('NONE',(-2.793511923081,3.299999999999,0.720445310248));
#2456 = FILL_AREA_STYLE_COLOUR('',#5001) ;
#2457 = PRESENTATION_LAYER_ASSIGNMENT('','',(#6440)) ;
#2458 = UNCERTAINTY_MEASURE_WITH_UNIT(LENGTH_MEASURE(1.000000000000E-05),#5919,'distance_accuracy_value','NONE');
#2459 = SURFACE_SIDE_STYLE('',(#14714)) ;
#2460 = EDGE_CURVE('NONE',#1955,#10246,#12465,.T.) ;
#2461 = COLOUR_RGB('',0.647058823529,0.619607843137,0.588235294117) ;
#2462 = ORIENTED_EDGE('NONE',*,*,#7490,.T.) ;
#2463 = ORIENTED_EDGE('NONE',*,*,#4496,.F.) ;
#2464=DIRECTION('NONE',(0.,-1.,0.));
#2465=DIRECTION('NONE',(-0.999974850185,0.,-0.00709217851));
#2466 = UNCERTAINTY_MEASURE_WITH_UNIT(LENGTH_MEASURE(1.000000000000E-05),#14731,'distance_accuracy_value','NONE');
#2467=CARTESIAN_POINT('NONE',(-2.34048662194,3.301,0.645424974182));
#2468 = ORIENTED_EDGE('NONE',*,*,#4229,.T.) ;
#2469=CARTESIAN_POINT('NONE',(-1.946966524652,3.299999999999,0.673385847684));
#2470 = SURFACE_STYLE_FILL_AREA(#5975) ;
#2471 = FILL_AREA_STYLE('',(#13625)) ;
#2472 = EDGE_LOOP('NONE',(#12604,#12561,#4783,#11546)) ;
#2473 = COLOUR_RGB('',0.250980392156,0.250980392156,0.250980392156) ;
#2474 =(LENGTH_UNIT() NAMED_UNIT(*) SI_UNIT(.MILLI.,.METRE.));
#2475 = COLOUR_RGB('',0.647058823529,0.619607843137,0.588235294117) ;
#2476 = SURFACE_STYLE_FILL_AREA(#8228) ;
#2477 = FILL_AREA_STYLE_COLOUR('',#6614) ;
#2478 =(NAMED_UNIT(*) PLANE_ANGLE_UNIT() SI_UNIT($,.RADIAN.));
#2479=CARTESIAN_POINT('NONE',(-1.630850943379,3.299999999999,0.6305119443));
#2480 = PRESENTATION_STYLE_ASSIGNMENT((#11692)) ;
#2481 = ORIENTED_EDGE('NONE',*,*,#5038,.T.) ;
#2482 =(GEOMETRIC_REPRESENTATION_CONTEXT(3) GLOBAL_UNCERTAINTY_ASSIGNED_CONTEXT((#13786)) GLOBAL_UNIT_ASSIGNED_CONTEXT((#9171,#9248,#11676)) REPRESENTATION_CONTEXT('NONE','WORKASPACE'));
#2483=CARTESIAN_POINT('NONE',(-1.737925188611,3.299999999999,0.925608921586));
#2484=DIRECTION('NONE',(-0.007092178509,0.,0.999974850185));
#2485 = SURFACE_STYLE_FILL_AREA(#9271) ;
#2486 = UNCERTAINTY_MEASURE_WITH_UNIT(LENGTH_MEASURE(1.000000000000E-05),#5213,'distance_accuracy_value','NONE');
#2487=DIRECTION('NONE',(0.,-1.,0.));
#2488 = EDGE_LOOP('NONE',(#4869,#5451,#13571,#9325)) ;
#2489 =(NAMED_UNIT(*) SI_UNIT($,.STERADIAN.) SOLID_ANGLE_UNIT());
#2490 = VERTEX_POINT('NONE',#10277) ;
#2491=DIRECTION('NONE',(1.,0.,0.));
#2492 =(NAMED_UNIT(*) SI_UNIT($,.STERADIAN.) SOLID_ANGLE_UNIT());
#2493 =(LENGTH_UNIT() NAMED_UNIT(*) SI_UNIT(.MILLI.,.METRE.));
#2494=CARTESIAN_POINT('NONE',(-2.339326813793,3.301,0.934909084123));
#2495=DIRECTION('NONE',(0.999974850185,0.,0.007092178509));
#2496 = FILL_AREA_STYLE('',(#14598)) ;
#2497 = B_SPLINE_CURVE_WITH_KNOTS('NONE',3,(#638,#1872,#9601,#14047),.UNSPECIFIED.,.F.,.F.,(4,4),(3.000000000000,4.000000000000),.UNSPECIFIED.) ;
#2498 = SURFACE_STYLE_USAGE(.BOTH.,#12570) ;
#2499 = COLOUR_RGB('',0.647058823529,0.619607843137,0.588235294117) ;
#2500 = SURFACE_SIDE_STYLE('',(#9203)) ;
#2501 = SURFACE_STYLE_FILL_AREA(#7147) ;
#2502 = ADVANCED_FACE('NONE',(#13169),#875,.F.) ;
#2503 = ADVANCED_FACE('NONE',(#3273),#13247,.T.) ;
#2504 = LINE('NONE',#4841,#13604) ;
#2505 = EDGE_LOOP('NONE',(#5180,#6894,#8601,#9264)) ;
#2506 = COLOUR_RGB('',0.647058823529,0.619607843137,0.588235294117) ;
#2507=DIRECTION('NONE',(0.,-1.,0.));
#2508 = PLANE('NONE',#5431) ;
#2509=DIRECTION('NONE',(0.,0.,-1.));
#2510 = VERTEX_POINT('NONE',#6549) ;
#2511 = SURFACE_SIDE_STYLE('',(#8416)) ;
#2512=CARTESIAN_POINT('NONE',(-1.740749406585,3.301,0.834489457988));
#2513 =(LENGTH_UNIT() NAMED_UNIT(*) SI_UNIT(.MILLI.,.METRE.));
#2514=CARTESIAN_POINT('NONE',(-2.562157698737,3.301,0.915111671114));
#2515=CARTESIAN_POINT('NONE',(-2.785356667767,3.299999999999,0.73609991123));
#2516 = PLANE('NONE',#7392) ;
#2517=DIRECTION('NONE',(0.,-1.,0.));
#2518 = ADVANCED_FACE('NONE',(#11064),#2146,.F.) ;
#2519 = ORIENTED_EDGE('NONE',*,*,#3941,.F.) ;
#2520 = ADVANCED_FACE('NONE',(#11197),#12373,.F.) ;
#2521 = ORIENTED_EDGE('NONE',*,*,#3935,.F.) ;
#2522=DIRECTION('NONE',(-0.373386312957,0.,0.927675946274));
#2523=DIRECTION('NONE',(0.999974850185,0.,0.007092178509));
#2524 = VERTEX_POINT('NONE',#2217) ;
#2525 = B_SPLINE_SURFACE_WITH_KNOTS('NONE',3,1,((#645,#4792),(#574,#3836),(#5008,#2685),(#11593,#12750)),.UNSPECIFIED.,.F.,.F.,.F.,(4,4),(2,2),(18.000000000000,19.000000000000),(0.,1.),.UNSPECIFIED.) ;
#2526 =(LENGTH_UNIT() NAMED_UNIT(*) SI_UNIT(.MILLI.,.METRE.));
#2527 =(GEOMETRIC_REPRESENTATION_CONTEXT(3) GLOBAL_UNCERTAINTY_ASSIGNED_CONTEXT((#3653)) GLOBAL_UNIT_ASSIGNED_CONTEXT((#2513,#13586,#8028)) REPRESENTATION_CONTEXT('NONE','WORKASPACE'));
#2528 = ORIENTED_EDGE('NONE',*,*,#9812,.F.) ;
#2529=CARTESIAN_POINT('NONE',(-1.552818840819,3.301,0.760339860241));
#2530 = COLOUR_RGB('',0.647058823529,0.619607843137,0.588235294117) ;
#2531 = EDGE_CURVE('NONE',#8260,#13843,#1285,.T.) ;
#2532=CARTESIAN_POINT('NONE',(-2.052416363145,3.301,0.739444253862));
#2533 = LINE('NONE',#5736,#14016) ;
#2534=CARTESIAN_POINT('NONE',(-1.94869551921,3.299999999999,0.672505984153));
#2535 = FACE_OUTER_BOUND('NONE',#7678,.T.) ;
#2536 = ADVANCED_FACE('NONE',(#6684),#4488,.F.) ;
#2537 = MECHANICAL_DESIGN_GEOMETRIC_PRESENTATION_REPRESENTATION('',(#453),#8189) ;
#2538 = FILL_AREA_STYLE('',(#8139)) ;
#2539 =(GEOMETRIC_REPRESENTATION_CONTEXT(3) GLOBAL_UNCERTAINTY_ASSIGNED_CONTEXT((#7159)) GLOBAL_UNIT_ASSIGNED_CONTEXT((#2526,#5593,#12602)) REPRESENTATION_CONTEXT('NONE','WORKASPACE'));
#2540 = ORIENTED_EDGE('NONE',*,*,#8839,.T.) ;
#2541 = COLOUR_RGB('',0.647058823529,0.619607843137,0.588235294117) ;
#2542 = PRESENTATION_LAYER_ASSIGNMENT('','',(#1388)) ;
#2543=DIRECTION('NONE',(0.999974850185,0.,0.007092178509));
#2544 = FILL_AREA_STYLE('',(#8379)) ;
#2545=CARTESIAN_POINT('NONE',(-2.647750805978,3.301,0.628959113856));
#2546=CARTESIAN_POINT('NONE',(-2.401400091403,3.299999999999,0.705945096108));
#2547 =(NAMED_UNIT(*) PLANE_ANGLE_UNIT() SI_UNIT($,.RADIAN.));
#2548 = SURFACE_STYLE_FILL_AREA(#8145) ;
#2549 = FILL_AREA_STYLE_COLOUR('',#3833) ;
#2550=CARTESIAN_POINT('NONE',(-1.757897730363,3.301,0.683402932274));
#2551 = STYLED_ITEM('NONE',(#9182),#2889) ;
#2552 = VERTEX_POINT('NONE',#9299) ;
#2553 = EDGE_CURVE('NONE',#10819,#1586,#10693,.T.) ;
#2554 =(NAMED_UNIT(*) PLANE_ANGLE_UNIT() SI_UNIT($,.RADIAN.));
#2555 = PRESENTATION_LAYER_ASSIGNMENT('','',(#10313)) ;
#2556 = VECTOR('NONE',#10104,1000.) ;
#2557=DIRECTION('NONE',(0.,0.,1.));
#2558=CARTESIAN_POINT('NONE',(-2.308087033146,3.301,0.655699077713));
#2559 = ORIENTED_EDGE('NONE',*,*,#5378,.T.) ;
#2560 = SURFACE_STYLE_USAGE(.BOTH.,#9270) ;
#2561 = SURFACE_STYLE_USAGE(.BOTH.,#1337) ;
#2562 = ORIENTED_EDGE('NONE',*,*,#9812,.T.) ;
#2563=DIRECTION('NONE',(0.,0.,1.));
#2564=CARTESIAN_POINT('NONE',(-2.408302837861,3.299999999999,0.918324024192));
#2565 = LINE('NONE',#7057,#13065) ;
#2566=CARTESIAN_POINT('NONE',(-2.314677204059,3.301,0.916367794752));
#2567 = EDGE_CURVE('NONE',#1307,#9894,#6029,.T.) ;
#2568=CARTESIAN_POINT('NONE',(-2.297424069226,3.301,0.898335530337));
#2569 = SURFACE_SIDE_STYLE('',(#11776)) ;
#2570 =(NAMED_UNIT(*) PLANE_ANGLE_UNIT() SI_UNIT($,.RADIAN.));
#2571=DIRECTION('NONE',(0.,0.,-1.));
#2572=DIRECTION('NONE',(-0.999974850185,0.,-0.007092178509));
#2573 = ORIENTED_EDGE('NONE',*,*,#9911,.T.) ;
#2574=DIRECTION('NONE',(1.,0.,0.));
#2575=CARTESIAN_POINT('NONE',(-2.684770563936,3.299999999999,0.614784245709));
#2576 = SURFACE_STYLE_USAGE(.BOTH.,#9434) ;
#2577=CARTESIAN_POINT('NONE',(-2.269005077839,3.301,0.739762060982));
#2579=DIRECTION('NONE',(0.,-1.,0.));
#2578 = STYLED_ITEM('NONE',(#8609),#10805) ;
#2580=CARTESIAN_POINT('NONE',(-2.325782203696,3.299999999999,0.920780901299));
#2581 = PRESENTATION_STYLE_ASSIGNMENT((#8345)) ;
#2582=CARTESIAN_POINT('NONE',(-2.454718845175,3.301,0.588466458886));
#2583 = EDGE_CURVE('NONE',#10441,#13394,#3821,.T.) ;
#2584 = B_SPLINE_CURVE_WITH_KNOTS('NONE',3,(#14425,#3142,#2240,#1102),.UNSPECIFIED.,.F.,.F.,(4,4),(15.000000000000,16.000000000000),.UNSPECIFIED.) ;
#2585 = VERTEX_POINT('NONE',#4850) ;
#2586 = VECTOR('NONE',#4784,1000.) ;
#2587 = FILL_AREA_STYLE_COLOUR('',#10797) ;
#2588 = EDGE_LOOP('NONE',(#14471,#12337,#10546,#2931)) ;
#2589 = STYLED_ITEM('NONE',(#13058),#11042) ;
#2590=CARTESIAN_POINT('NONE',(-1.805792564245,3.301,0.708224100913));
#2591 = EDGE_LOOP('NONE',(#3460,#9229,#6933,#7360)) ;
#2592 = PRESENTATION_STYLE_ASSIGNMENT((#12669)) ;
#2593 = B_SPLINE_CURVE_WITH_KNOTS('NONE',3,(#10217,#4597,#9277,#6896,#1413,#13720),.UNSPECIFIED.,.F.,.F.,(4,2,4),(2.000000000000,3.000000000000,4.000000000000),.UNSPECIFIED.) ;
#2594=CARTESIAN_POINT('NONE',(-2.221528704777,3.301,0.687007405918));
#2595=CARTESIAN_POINT('NONE',(5.799999999999,0.4,0.));
#2596 = ORIENTED_EDGE('NONE',*,*,#1297,.F.) ;
#2597 = FACE_OUTER_BOUND('NONE',#9034,.T.) ;
#2598 = EDGE_CURVE('NONE',#10855,#7895,#400,.T.) ;
#2599 = PLANE('NONE',#12612) ;
#2600 = ORIENTED_EDGE('NONE',*,*,#12255,.T.) ;
#2601 = MECHANICAL_DESIGN_GEOMETRIC_PRESENTATION_REPRESENTATION('',(#12238),#8494) ;
#2602=DIRECTION('NONE',(0.,-1.,0.));
#2603 = MECHANICAL_DESIGN_GEOMETRIC_PRESENTATION_REPRESENTATION('',(#5161),#4241) ;
#2604 = PRESENTATION_LAYER_ASSIGNMENT('','',(#6587)) ;
#2605 = EDGE_CURVE('NONE',#8569,#13291,#8173,.T.) ;
#2606=CARTESIAN_POINT('NONE',(-2.376303828783,3.299999999999,0.620028967036));
#2607 = LINE('NONE',#13687,#5962) ;
#2608=CARTESIAN_POINT('NONE',(-2.392588692688,3.301,0.681863803664));
#2609 = FILL_AREA_STYLE('',(#656)) ;
#2610 = STYLED_ITEM('NONE',(#1855),#14606) ;
#2611 = FILL_AREA_STYLE_COLOUR('',#14523) ;
#2612 = VERTEX_POINT('NONE',#13739) ;
#2613 =(LENGTH_UNIT() NAMED_UNIT(*) SI_UNIT(.MILLI.,.METRE.));
#2614 =(GEOMETRIC_REPRESENTATION_CONTEXT(3) GLOBAL_UNCERTAINTY_ASSIGNED_CONTEXT((#2458)) GLOBAL_UNIT_ASSIGNED_CONTEXT((#5919,#8326,#7204)) REPRESENTATION_CONTEXT('NONE','WORKASPACE'));
#2615 = STYLED_ITEM('NONE',(#5114),#10809) ;
#2616=AXIS2_PLACEMENT_3D('NONE',#14384,#12211,#2126);
#2617=CARTESIAN_POINT('NONE',(-3.299999999999,3.299999999999,1.5));
#2618 = UNCERTAINTY_MEASURE_WITH_UNIT(LENGTH_MEASURE(1.000000000000E-05),#14481,'distance_accuracy_value','NONE');
#2619=CARTESIAN_POINT('NONE',(-2.288106481093,3.299999999999,0.626955585546));
#2620=CARTESIAN_POINT('NONE',(-2.621037256947,3.301,0.855987867869));
#2621 = EDGE_CURVE('NONE',#10246,#3634,#9437,.T.) ;
#2622=CARTESIAN_POINT('NONE',(-1.658976256131,3.301,0.681501716022));
#2623=CARTESIAN_POINT('NONE',(-2.56357990973,3.299999999999,0.856145827705));
#2624=DIRECTION('NONE',(0.,0.,1.));
#2625 = ORIENTED_EDGE('NONE',*,*,#3005,.F.) ;
#2626 = FACE_OUTER_BOUND('NONE',#14044,.T.) ;
#2627 = VECTOR('NONE',#9391,1000.) ;
#2628 = SURFACE_SIDE_STYLE('',(#8229)) ;
#2629 = EDGE_LOOP('NONE',(#2955,#12121,#8690,#1076)) ;
#2630 = FACE_OUTER_BOUND('NONE',#4220,.T.) ;
#2631 = ORIENTED_EDGE('NONE',*,*,#8852,.F.) ;
#2632 = EDGE_CURVE('NONE',#8680,#13391,#5330,.T.) ;
#2633 = FILL_AREA_STYLE('',(#8157)) ;
#2634 =(NAMED_UNIT(*) PLANE_ANGLE_UNIT() SI_UNIT($,.RADIAN.));
#2635 = UNCERTAINTY_MEASURE_WITH_UNIT(LENGTH_MEASURE(1.000000000000E-05),#7493,'distance_accuracy_value','NONE');
#2636 = PRESENTATION_LAYER_ASSIGNMENT('','',(#5197)) ;
#2637 = COLOUR_RGB('',0.647058823529,0.619607843137,0.588235294117) ;
#2638=DIRECTION('NONE',(-1.284980352575000E-16,1.,0.));
#2639 = ORIENTED_EDGE('NONE',*,*,#13184,.F.) ;
#2641 = VECTOR('NONE',#5544,1000.) ;
#2640 = LINE('NONE',#6292,#6264) ;
#2642 = ORIENTED_EDGE('NONE',*,*,#14171,.F.) ;
#2643=DIRECTION('NONE',(1.,0.,0.));
#2644=CARTESIAN_POINT('NONE',(-2.666760454689,3.301,0.841876045909));
#2645=CARTESIAN_POINT('NONE',(-1.857096160457,3.299999999999,0.96901204209));
#2646 = COLOUR_RGB('',0.647058823529,0.619607843137,0.588235294117) ;
#2647 = FACE_OUTER_BOUND('NONE',#5707,.T.) ;
#2648=CARTESIAN_POINT('NONE',(2.65,3.245314017740000E-16,0.956856893858));
#2649=CARTESIAN_POINT('NONE',(-2.701986767511,3.301,0.711174899319));
#2650 = FACE_OUTER_BOUND('NONE',#8950,.T.) ;
#2651 = VECTOR('NONE',#14054,1000.) ;
#2652=CARTESIAN_POINT('NONE',(-2.999999999999,0.4,0.299999999999));
#2653=DIRECTION('NONE',(-0.007092178509,0.,0.999974850185));
#2654 = ADVANCED_FACE('NONE',(#3889),#2274,.F.) ;
#2655 = B_SPLINE_SURFACE_WITH_KNOTS('NONE',3,1,((#4423,#7694),(#12246,#12107),(#5383,#2101),(#12309,#8945)),.UNSPECIFIED.,.F.,.F.,.F.,(4,4),(2,2),(11.,12.000000000000),(0.,1.),.UNSPECIFIED.) ;
#2656 = COLOUR_RGB('',0.647058823529,0.619607843137,0.588235294117) ;
#2657 = SURFACE_STYLE_FILL_AREA(#9505) ;
#2658 = ORIENTED_EDGE('NONE',*,*,#10993,.F.) ;
#2659 = B_SPLINE_CURVE_WITH_KNOTS('NONE',3,(#5585,#7826,#12172,#13255),.UNSPECIFIED.,.F.,.F.,(4,4),(10.,11.),.UNSPECIFIED.) ;
#2660=CARTESIAN_POINT('NONE',(-2.304686032692,3.301,0.835896981899));
#2661 =(NAMED_UNIT(*) SI_UNIT($,.STERADIAN.) SOLID_ANGLE_UNIT());
#2662=CARTESIAN_POINT('NONE',(-2.999999999999,-0.4,0.));
#2663 = SURFACE_SIDE_STYLE('',(#4847)) ;
#2664 = ORIENTED_EDGE('NONE',*,*,#9999,.T.) ;
#2665 = VECTOR('NONE',#4173,1000.) ;
#2666 =(LENGTH_UNIT() NAMED_UNIT(*) SI_UNIT(.MILLI.,.METRE.));
#2667=DIRECTION('NONE',(0.,-1.,0.));
#2668=CARTESIAN_POINT('NONE',(1.,-3.299999999999,0.5));
#2669 = MECHANICAL_DESIGN_GEOMETRIC_PRESENTATION_REPRESENTATION('',(#7134),#8553) ;
#2670 = FILL_AREA_STYLE_COLOUR('',#6400) ;
#2671 = MECHANICAL_DESIGN_GEOMETRIC_PRESENTATION_REPRESENTATION('',(#14158),#5225) ;
#2672 =(NAMED_UNIT(*) SI_UNIT($,.STERADIAN.) SOLID_ANGLE_UNIT());
#2673 = SURFACE_STYLE_FILL_AREA(#4997) ;
#2674 = ORIENTED_EDGE('NONE',*,*,#11718,.T.) ;
#2675 = SURFACE_STYLE_USAGE(.BOTH.,#5868) ;
#2676 = ORIENTED_EDGE('NONE',*,*,#4994,.T.) ;
#2677 = ORIENTED_EDGE('NONE',*,*,#8667,.T.) ;
#2678 =(NAMED_UNIT(*) PLANE_ANGLE_UNIT() SI_UNIT($,.RADIAN.));
#2679 = VECTOR('NONE',#11138,1000.) ;
#2680 = SURFACE_SIDE_STYLE('',(#11514)) ;
#2681 = EDGE_CURVE('NONE',#4114,#13895,#11305,.T.) ;
#2682 = PRESENTATION_LAYER_ASSIGNMENT('','',(#8802)) ;
#2683=DIRECTION('NONE',(1.,1.084202172485000E-17,0.));
#2684 = ORIENTED_EDGE('NONE',*,*,#3295,.T.) ;
#2685=CARTESIAN_POINT('NONE',(-2.418798550517,3.299999999999,0.616920162324));
#2686 = ORIENTED_EDGE('NONE',*,*,#8698,.F.) ;
#2687=DIRECTION('NONE',(1.224646799147000E-16,1.,0.));
#2688 = SURFACE_SIDE_STYLE('',(#1237)) ;
#2689=CARTESIAN_POINT('NONE',(-2.299999999999,2.,0.));
#2690=CARTESIAN_POINT('NONE',(-2.641701160922,3.301,0.915109003889));
#2691 = COLOUR_RGB('',0.647058823529,0.619607843137,0.588235294117) ;
#2692 = SURFACE_STYLE_FILL_AREA(#727) ;
#2693 = B_SPLINE_CURVE_WITH_KNOTS('NONE',3,(#6985,#7544,#9693,#5089),.UNSPECIFIED.,.F.,.F.,(4,4),(3.000000000000,4.000000000000),.UNSPECIFIED.) ;
#2694 = LINE('NONE',#8443,#5246) ;
#2695 =(GEOMETRIC_REPRESENTATION_CONTEXT(3) GLOBAL_UNCERTAINTY_ASSIGNED_CONTEXT((#12614)) GLOBAL_UNIT_ASSIGNED_CONTEXT((#9424,#2570,#13797)) REPRESENTATION_CONTEXT('NONE','WORKASPACE'));
#2696 = ADVANCED_FACE('NONE',(#13882),#2745,.F.) ;
#2697=DIRECTION('NONE',(0.007092178509,0.,-0.999974850185));
#2698 = ORIENTED_EDGE('NONE',*,*,#2008,.F.) ;
#2699=DIRECTION('NONE',(0.,-1.,0.));
#2700 =(GEOMETRIC_REPRESENTATION_CONTEXT(3) GLOBAL_UNCERTAINTY_ASSIGNED_CONTEXT((#3574)) GLOBAL_UNIT_ASSIGNED_CONTEXT((#14183,#860,#5287)) REPRESENTATION_CONTEXT('NONE','WORKASPACE'));
#2701 = PRESENTATION_LAYER_ASSIGNMENT('','',(#5253)) ;
#2702 = ADVANCED_FACE('NONE',(#6238),#5283,.F.) ;
#2703 = UNCERTAINTY_MEASURE_WITH_UNIT(LENGTH_MEASURE(1.000000000000E-05),#8312,'distance_accuracy_value','NONE');
#2704 = EDGE_CURVE('NONE',#8495,#6268,#10093,.T.) ;
#2705 = COLOUR_RGB('',0.647058823529,0.619607843137,0.588235294117) ;
#2706 = SURFACE_SIDE_STYLE('',(#14255)) ;
#2707=CARTESIAN_POINT('NONE',(-2.41094482902,3.299999999999,0.705877401422));
#2708=DIRECTION('NONE',(0.321638936845,0.,0.946862394598));
#2709 = LINE('NONE',#3785,#7485) ;
#2710 = SURFACE_STYLE_USAGE(.BOTH.,#10734) ;
#2711 = VERTEX_POINT('NONE',#6533) ;
#2712 =(GEOMETRIC_REPRESENTATION_CONTEXT(3) GLOBAL_UNCERTAINTY_ASSIGNED_CONTEXT((#4081)) GLOBAL_UNIT_ASSIGNED_CONTEXT((#5104,#14218,#526)) REPRESENTATION_CONTEXT('NONE','WORKASPACE'));
#2713 = ORIENTED_EDGE('NONE',*,*,#6917,.F.) ;
#2714 = UNCERTAINTY_MEASURE_WITH_UNIT(LENGTH_MEASURE(1.000000000000E-05),#1882,'distance_accuracy_value','NONE');
#2715 = FILL_AREA_STYLE_COLOUR('',#10940) ;
#2716 = LINE('NONE',#7270,#8988) ;
#2717=DIRECTION('NONE',(1.314184451497000E-16,-1.,0.));
#2718 = EDGE_CURVE('NONE',#7632,#3019,#1518,.T.) ;
#2719 = ORIENTED_EDGE('NONE',*,*,#5276,.F.) ;
#2720=DIRECTION('NONE',(1.,0.,0.));
#2721 = FILL_AREA_STYLE_COLOUR('',#11171) ;
#2722 = LINE('NONE',#4964,#2027) ;
#2723 = PLANE('NONE',#5173) ;
#2724 = VERTEX_POINT('NONE',#926) ;
#2725=CARTESIAN_POINT('NONE',(-2.794169386866,3.299999999999,0.716385489421));
#2726 = FILL_AREA_STYLE('',(#9418)) ;
#2727=CARTESIAN_POINT('NONE',(-1.943114802453,3.299999999999,0.619621116343));
#2728=CARTESIAN_POINT('NONE',(-1.705738898331,3.301,0.669023414621));
#2729 = ADVANCED_FACE('NONE',(#5355),#9848,.T.) ;
#2730=CARTESIAN_POINT('NONE',(-2.847810902256,3.301,0.613627905443));
#2731 = FACE_OUTER_BOUND('NONE',#10072,.T.) ;
#2732=CARTESIAN_POINT('NONE',(-2.433668711138,3.299999999999,0.650815636819));
#2733 = LINE('NONE',#14750,#7610) ;
#2734 = MECHANICAL_DESIGN_GEOMETRIC_PRESENTATION_REPRESENTATION('',(#12562),#1101) ;
#2735 = LINE('NONE',#1639,#8046) ;
#2736 = VECTOR('NONE',#2264,1000.) ;
#2737 = B_SPLINE_SURFACE_WITH_KNOTS('NONE',3,1,((#12028,#6487),(#7686,#14334),(#2153,#14199),(#1950,#8869)),.UNSPECIFIED.,.F.,.F.,.F.,(4,4),(2,2),(4.000000000000,5.000000000000),(0.,1.),.UNSPECIFIED.) ;
#2738=DIRECTION('NONE',(0.,-1.,0.));
#2739 = ORIENTED_EDGE('NONE',*,*,#6126,.F.) ;
#2740=CARTESIAN_POINT('NONE',(-2.41094482902,3.301,0.705877401422));
#2741=DIRECTION('NONE',(0.,-1.,0.));
#2742=CARTESIAN_POINT('NONE',(-2.340537503566,3.301,0.652599123372));
#2743 = FACE_OUTER_BOUND('NONE',#8087,.T.) ;
#2744=DIRECTION('NONE',(0.007092178509,0.,-0.999974850185));
#2745 = PLANE('NONE',#7236) ;
#2746 = MECHANICAL_DESIGN_GEOMETRIC_PRESENTATION_REPRESENTATION('',(#5516),#12348) ;
#2747=CARTESIAN_POINT('NONE',(-2.772473715671,3.301,0.661326828922));
#2748 = MECHANICAL_DESIGN_GEOMETRIC_PRESENTATION_REPRESENTATION('',(#894),#6479) ;
#2749=DIRECTION('NONE',(0.,-1.,0.));
#2750=CARTESIAN_POINT('NONE',(2.,2.,0.));
#2751 = ORIENTED_EDGE('NONE',*,*,#11788,.F.) ;
#2752 = SURFACE_STYLE_FILL_AREA(#11733) ;
#2753 = VECTOR('NONE',#12188,1000.) ;
#2754 = ORIENTED_EDGE('NONE',*,*,#8926,.T.) ;
#2755 = VECTOR('NONE',#7849,1000.) ;
#2756 = EDGE_LOOP('NONE',(#12160,#6590,#8773,#2309)) ;
#2757 = VECTOR('NONE',#9386,1000.) ;
#2758=CARTESIAN_POINT('NONE',(3.3,0.7,0.));
#2759 = B_SPLINE_CURVE_WITH_KNOTS('NONE',3,(#2314,#5672,#13698,#4649),.UNSPECIFIED.,.F.,.F.,(4,4),(4.000000000000,5.000000000000),.UNSPECIFIED.) ;
#2760=CARTESIAN_POINT('NONE',(-2.316067551767,3.301,0.808927444139));
#2761 = ORIENTED_EDGE('NONE',*,*,#11428,.F.) ;
#2762 = ORIENTED_EDGE('NONE',*,*,#3427,.T.) ;
#2763=CARTESIAN_POINT('NONE',(-2.,2.,0.));
#2764 = ORIENTED_EDGE('NONE',*,*,#11073,.T.) ;
#2765=CARTESIAN_POINT('NONE',(-3.039736830714,1.,0.5));
#2766 =(GEOMETRIC_REPRESENTATION_CONTEXT(3) GLOBAL_UNCERTAINTY_ASSIGNED_CONTEXT((#3509)) GLOBAL_UNIT_ASSIGNED_CONTEXT((#2282,#14611,#6829)) REPRESENTATION_CONTEXT('NONE','WORKASPACE'));
#2767 = FILL_AREA_STYLE('',(#803)) ;
#2768 =(NAMED_UNIT(*) SI_UNIT($,.STERADIAN.) SOLID_ANGLE_UNIT());
#2769 =(GEOMETRIC_REPRESENTATION_CONTEXT(3) GLOBAL_UNCERTAINTY_ASSIGNED_CONTEXT((#4618)) GLOBAL_UNIT_ASSIGNED_CONTEXT((#10062,#5333,#10892)) REPRESENTATION_CONTEXT('NONE','WORKASPACE'));
#2770 = FACE_BOUND('NONE',#3073,.T.) ;
#2771=CARTESIAN_POINT('NONE',(3.299999999999,3.299999999999,0.299999999999));
#2772 = B_SPLINE_CURVE_WITH_KNOTS('NONE',3,(#5083,#8509,#12971,#11891),.UNSPECIFIED.,.F.,.F.,(4,4),(1.,2.000000000000),.UNSPECIFIED.) ;
#2773 = FILL_AREA_STYLE_COLOUR('',#13107) ;
#2774 = PRESENTATION_STYLE_ASSIGNMENT((#3776)) ;
#2775 = ORIENTED_EDGE('NONE',*,*,#13032,.T.) ;
#2776 = LINE('NONE',#3995,#9281) ;
#2777=AXIS2_PLACEMENT_3D('NONE',#2995,#2152,#2094);
#2778 =(GEOMETRIC_REPRESENTATION_CONTEXT(3) GLOBAL_UNCERTAINTY_ASSIGNED_CONTEXT((#11147)) GLOBAL_UNIT_ASSIGNED_CONTEXT((#2218,#2013,#4204)) REPRESENTATION_CONTEXT('NONE','WORKASPACE'));
#2779 =(NAMED_UNIT(*) PLANE_ANGLE_UNIT() SI_UNIT($,.RADIAN.));
#2780 = FILL_AREA_STYLE_COLOUR('',#14678) ;
#2781 = UNCERTAINTY_MEASURE_WITH_UNIT(LENGTH_MEASURE(1.000000000000E-05),#1709,'distance_accuracy_value','NONE');
#2782=CARTESIAN_POINT('NONE',(-2.431461167227,3.299999999999,0.687015779029));
#2783 = FACE_OUTER_BOUND('NONE',#5882,.T.) ;
#2784=CARTESIAN_POINT('NONE',(-2.397296466739,3.299999999999,0.690315052434));
#2785 = ORIENTED_EDGE('NONE',*,*,#11609,.T.) ;
#2786 = B_SPLINE_CURVE_WITH_KNOTS('NONE',3,(#13957,#3672,#7071,#2740),.UNSPECIFIED.,.F.,.F.,(4,4),(8.000000000000,9.000000000000),.UNSPECIFIED.) ;
#2787 = ORIENTED_EDGE('NONE',*,*,#3476,.T.) ;
#2788 = B_SPLINE_SURFACE_WITH_KNOTS('NONE',3,1,((#12859,#536),(#2805,#3800),(#7277,#2725),(#8612,#9642)),.UNSPECIFIED.,.F.,.F.,.F.,(4,4),(2,2),(1.,2.000000000000),(0.,1.),.UNSPECIFIED.) ;
#2789=CARTESIAN_POINT('NONE',(-1.827069550709,3.299999999999,0.649943044093));
#2790=CARTESIAN_POINT('NONE',(0.,1.,1.5));
#2791 = ADVANCED_FACE('NONE',(#4322),#6900,.T.) ;
#2792 = FILL_AREA_STYLE('',(#11465)) ;
#2793 = STYLED_ITEM('NONE',(#13414),#9943) ;
#2794 = VECTOR('NONE',#2495,999.999999999999) ;
#2795=AXIS2_PLACEMENT_3D('NONE',#3917,#10723,#10565);
#2796 = ORIENTED_EDGE('NONE',*,*,#12774,.F.) ;
#2797 = EDGE_CURVE('NONE',#5539,#5043,#10815,.T.) ;
#2798 = SURFACE_STYLE_USAGE(.BOTH.,#8679) ;
#2799 = VERTEX_POINT('NONE',#13501) ;
#2800=CARTESIAN_POINT('NONE',(-2.701834336199,3.301,0.641302491134));
#2801=CARTESIAN_POINT('NONE',(-1.766961098568,3.299999999999,0.737998384387));
#2802 = B_SPLINE_CURVE_WITH_KNOTS('NONE',3,(#2784,#5029,#7262,#11683),.UNSPECIFIED.,.F.,.F.,(4,4),(11.,12.000000000000),.UNSPECIFIED.) ;
#2803=DIRECTION('NONE',(0.,-1.,0.));
#2804 = ORIENTED_EDGE('NONE',*,*,#13745,.F.) ;
#2805=CARTESIAN_POINT('NONE',(-2.794773315725,3.301,0.713573789161));
#2806 = VERTEX_POINT('NONE',#5489) ;
#2807 = B_SPLINE_CURVE_WITH_KNOTS('NONE',3,(#13659,#5778,#9143,#10458),.UNSPECIFIED.,.F.,.F.,(4,4),(2.000000000000,3.000000000000),.UNSPECIFIED.) ;
#2808=CARTESIAN_POINT('NONE',(-2.386753145569,3.299999999999,0.69912401559));
#2809=CARTESIAN_POINT('NONE',(-2.376303828783,3.301,0.620028967036));
#2810 =(GEOMETRIC_REPRESENTATION_CONTEXT(3) GLOBAL_UNCERTAINTY_ASSIGNED_CONTEXT((#8948)) GLOBAL_UNIT_ASSIGNED_CONTEXT((#11538,#13772,#11616)) REPRESENTATION_CONTEXT('NONE','WORKASPACE'));
#2811 = EDGE_CURVE('NONE',#7049,#8178,#12281,.T.) ;
#2812=DIRECTION('NONE',(1.,-1.264902534566000E-16,0.));
#2813 = ADVANCED_FACE('NONE',(#10306),#3317,.F.) ;
#2814=CARTESIAN_POINT('NONE',(-2.408302837861,3.301,0.918324024192));
#2815=CARTESIAN_POINT('NONE',(-1.918145991831,3.299999999999,0.646694228624));
#2816=DIRECTION('NONE',(0.,-1.,0.));
#2817 = PRESENTATION_LAYER_ASSIGNMENT('','',(#9147)) ;
#2818=CARTESIAN_POINT('NONE',(-2.270915731559,3.299999999999,0.617719451877));
#2819 = FACE_OUTER_BOUND('NONE',#4958,.T.) ;
#2820=CARTESIAN_POINT('NONE',(-1.7073694916,3.301,0.898929600656));
#2821 = PRESENTATION_STYLE_ASSIGNMENT((#1644)) ;
#2822 = FILL_AREA_STYLE_COLOUR('',#11284) ;
#2823 = VERTEX_POINT('NONE',#13722) ;
#2824 = FILL_AREA_STYLE('',(#8110)) ;
#2825=CARTESIAN_POINT('NONE',(-1.740933984092,3.301,0.738182977972));
#2826 = EDGE_CURVE('NONE',#13245,#1764,#827,.T.) ;
#2827 = PLANE('NONE',#5561) ;
#2828=DIRECTION('NONE',(0.,-1.,0.));
#2829=CARTESIAN_POINT('NONE',(5.799999999999,-0.4,0.299999999999));
#2830 = CYLINDRICAL_SURFACE('NONE',#7638,3.200000000000) ;
#2831=CARTESIAN_POINT('NONE',(-2.408302837861,3.301,0.918324024192));
#2832 = ORIENTED_EDGE('NONE',*,*,#5922,.T.) ;
#2833 = FILL_AREA_STYLE('',(#11657)) ;
#2834 = ORIENTED_EDGE('NONE',*,*,#9296,.F.) ;
#2835 = LINE('NONE',#7012,#1436) ;
#2836 = VECTOR('NONE',#4738,1000.) ;
#2837 = ORIENTED_EDGE('NONE',*,*,#7584,.T.) ;
#2838 = ADVANCED_FACE('NONE',(#11487,#4753,#1414,#5840,#10379,#14815,#9280,#5611,#6054,#7998,#13628,#13777,#5823,#1327),#6964,.F.) ;
#2839=DIRECTION('NONE',(-1.284980352575000E-16,1.,0.));
#2840 = LINE('NONE',#11804,#10046) ;
#2841=CARTESIAN_POINT('NONE',(-2.333566237399,3.299999999999,0.808803337215));
#2842 = ORIENTED_EDGE('NONE',*,*,#7021,.T.) ;
#2843 = ORIENTED_EDGE('NONE',*,*,#5467,.F.) ;
#2844=DIRECTION('NONE',(1.,0.,0.));
#2845 = EDGE_LOOP('NONE',(#4492,#11570,#7093,#3975)) ;
#2846 = SURFACE_STYLE_FILL_AREA(#12969) ;
#2847 = STYLED_ITEM('NONE',(#14133),#14217) ;
#2848=DIRECTION('NONE',(-0.999974850185,0.,-0.007092178509));
#2849=CARTESIAN_POINT('NONE',(-2.550397877476,3.299999999999,0.835963530081));
#2850 = VECTOR('NONE',#10730,1000.) ;
#2851 = LINE('NONE',#12899,#8820) ;
#2852 = VERTEX_POINT('NONE',#1616) ;
#2853 = EDGE_CURVE('NONE',#8458,#4655,#3576,.T.) ;
#2854 = FILL_AREA_STYLE_COLOUR('',#5944) ;
#2855 = COLOUR_RGB('',0.250980392156,0.250980392156,0.250980392156) ;
#2856=CARTESIAN_POINT('NONE',(-2.419609323552,3.301,0.638874651521));
#2857 = LINE('NONE',#7628,#12227) ;
#2858=CARTESIAN_POINT('NONE',(-2.424971693129,3.301,0.691241736644));
#2859 = LINE('NONE',#8455,#8910) ;
#2860 = SURFACE_STYLE_FILL_AREA(#10575) ;
#2861 = ORIENTED_EDGE('NONE',*,*,#10698,.T.) ;
#2862 = ORIENTED_EDGE('NONE',*,*,#4633,.F.) ;
#2863 = UNCERTAINTY_MEASURE_WITH_UNIT(LENGTH_MEASURE(1.000000000000E-05),#7824,'distance_accuracy_value','NONE');
#2864 =(NAMED_UNIT(*) PLANE_ANGLE_UNIT() SI_UNIT($,.RADIAN.));
#2865=CARTESIAN_POINT('NONE',(-1.922477723962,3.299999999999,0.768129516705));
#2866=CARTESIAN_POINT('NONE',(-1.94904628028,3.301,0.721957524591));
#2867 = VECTOR('NONE',#1978,1000.) ;
#2868 = PRESENTATION_LAYER_ASSIGNMENT('','',(#10364)) ;
#2869 = ORIENTED_EDGE('NONE',*,*,#11997,.T.) ;
#2870 =(NAMED_UNIT(*) SI_UNIT($,.STERADIAN.) SOLID_ANGLE_UNIT());
#2871=DIRECTION('NONE',(0.991989216912,0.,-0.126322577276));
#2872 = ORIENTED_EDGE('NONE',*,*,#4474,.T.) ;
#2873=CARTESIAN_POINT('NONE',(-2.306220868519,3.301,0.929154727078));
#2874 = VERTEX_POINT('NONE',#14462) ;
#2875 = PLANE('NONE',#2280) ;
#2876 = ORIENTED_EDGE('NONE',*,*,#6374,.T.) ;
#2877=CARTESIAN_POINT('NONE',(-2.454718845175,3.301,0.588466458886));
#2878 = EDGE_CURVE('NONE',#13376,#5869,#8072,.T.) ;
#2879=DIRECTION('NONE',(0.,-1.,0.));
#2880 = STYLED_ITEM('NONE',(#11119),#13811) ;
#2881 = CIRCLE('NONE',#7799,0.751525314169) ;
#2882=CARTESIAN_POINT('NONE',(-2.715124325989,3.299999999999,0.676706461821));
#2883=CARTESIAN_POINT('NONE',(-2.339381895203,3.299999999999,0.920684447433));
#2884 = FILL_AREA_STYLE('',(#3958)) ;
#2885 = B_SPLINE_CURVE_WITH_KNOTS('NONE',3,(#10999,#8786,#13243,#5368),.UNSPECIFIED.,.F.,.F.,(4,4),(7.000000000000,8.000000000000),.UNSPECIFIED.) ;
#2886 = ORIENTED_EDGE('NONE',*,*,#10799,.T.) ;
#2887 = FILL_AREA_STYLE('',(#918)) ;
#2888 = MECHANICAL_DESIGN_GEOMETRIC_PRESENTATION_REPRESENTATION('',(#4030),#12270) ;
#2889 = ADVANCED_FACE('NONE',(#443),#9111,.F.) ;
#2890=CARTESIAN_POINT('NONE',(-1.974765770617,3.299999999999,0.923061550359));
#2891 = VECTOR('NONE',#3531,1000.) ;
#2892=CARTESIAN_POINT('NONE',(-2.301255109149,3.301,0.646826184864));
#2893 = ORIENTED_EDGE('NONE',*,*,#7423,.F.) ;
#2894 = ADVANCED_FACE('NONE',(#9405),#14580,.F.) ;
#2895=DIRECTION('NONE',(0.,1.,0.));
#2896 = VERTEX_POINT('NONE',#12043) ;
#2897 =(NAMED_UNIT(*) PLANE_ANGLE_UNIT() SI_UNIT($,.RADIAN.));
#2898=DIRECTION('NONE',(0.,-1.,0.));
#2899=CARTESIAN_POINT('NONE',(-1.703628443413,3.299999999999,0.73844756218));
#2900=AXIS2_PLACEMENT_3D('NONE',#1930,#13154,#5206);
#2901 = CIRCLE('NONE',#1028,3.085537628748) ;
#2902=CARTESIAN_POINT('NONE',(-1.978285258156,3.301,0.807643913064));
#2903 = SURFACE_STYLE_USAGE(.BOTH.,#9590) ;
#2904 = LINE('NONE',#11946,#4085) ;
#2905 = ORIENTED_EDGE('NONE',*,*,#5620,.T.) ;
#2906 = STYLED_ITEM('NONE',(#13014),#4957) ;
#2907 = LINE('NONE',#13094,#11741) ;
#2908 = ORIENTED_EDGE('NONE',*,*,#7561,.F.) ;
#2909 = EDGE_CURVE('NONE',#374,#2175,#12913,.T.) ;
#2910=CARTESIAN_POINT('NONE',(-2.376415768361,3.299999999999,0.635812095253));
#2911 = ORIENTED_EDGE('NONE',*,*,#10434,.F.) ;
#2912=DIRECTION('NONE',(0.,0.,-1.));
#2913 = PRESENTATION_LAYER_ASSIGNMENT('','',(#12506)) ;
#2914 = LINE('NONE',#3111,#11443) ;
#2915 = SURFACE_STYLE_USAGE(.BOTH.,#3981) ;
#2916 = ORIENTED_EDGE('NONE',*,*,#8878,.F.) ;
#2917 = B_SPLINE_SURFACE_WITH_KNOTS('NONE',3,1,((#5581,#11261),(#10097,#2285),(#3467,#14760),(#2514,#4547)),.UNSPECIFIED.,.F.,.F.,.F.,(4,4),(2,2),(3.000000000000,4.000000000000),(0.,1.),.UNSPECIFIED.) ;
#2918 = VERTEX_POINT('NONE',#8390) ;
#2919=DIRECTION('NONE',(0.,-1.,0.));
#2920 = SURFACE_SIDE_STYLE('',(#8503)) ;
#2921 = SURFACE_STYLE_USAGE(.BOTH.,#12970) ;
#2922=CARTESIAN_POINT('NONE',(-2.390865381974,3.299999999999,0.614809953696));
#2923 = ADVANCED_FACE('NONE',(#10661),#660,.T.) ;
#2924 = PRESENTATION_LAYER_ASSIGNMENT('','',(#4286)) ;
#2925 =(NAMED_UNIT(*) PLANE_ANGLE_UNIT() SI_UNIT($,.RADIAN.));
#2926 = EDGE_LOOP('NONE',(#6325,#14172,#9213,#4661)) ;
#2927 =(NAMED_UNIT(*) PLANE_ANGLE_UNIT() SI_UNIT($,.RADIAN.));
#2928 = VECTOR('NONE',#11193,1000.) ;
#2929 = STYLED_ITEM('NONE',(#9306),#3480) ;
#2930=AXIS2_PLACEMENT_3D('NONE',#1113,#7711,#6796);
#2931 = ORIENTED_EDGE('NONE',*,*,#9562,.T.) ;
#2932=CARTESIAN_POINT('NONE',(-2.333883215155,3.299999999999,0.620392216211));
#2933 = UNCERTAINTY_MEASURE_WITH_UNIT(LENGTH_MEASURE(1.000000000000E-05),#10081,'distance_accuracy_value','NONE');
#2934 = PRESENTATION_LAYER_ASSIGNMENT('','',(#4294)) ;
#2935=DIRECTION('NONE',(0.245553034398,0.,0.969383158146));
#2936=DIRECTION('NONE',(-0.007092178509,0.,0.999974850185));
#2937=DIRECTION('NONE',(-0.999974850185,0.,-0.007092178509));
#2938 = FILL_AREA_STYLE_COLOUR('',#5538) ;
#2939 = VERTEX_POINT('NONE',#13928) ;
#2940=AXIS2_PLACEMENT_3D('NONE',#2750,#406,#4855);
#2941 = EDGE_LOOP('NONE',(#2963,#5193)) ;
#2942 = EDGE_CURVE('NONE',#6845,#7303,#9588,.T.) ;
#2943=CARTESIAN_POINT('NONE',(-2.701834336199,3.301,0.641302491134));
#2944 = UNCERTAINTY_MEASURE_WITH_UNIT(LENGTH_MEASURE(1.000000000000E-05),#378,'distance_accuracy_value','NONE');
#2945 = STYLED_ITEM('NONE',(#1794),#13562) ;
#2946 = COLOUR_RGB('',0.647058823529,0.619607843137,0.588235294117) ;
#2947=CARTESIAN_POINT('NONE',(-2.710853244851,3.299999999999,0.703438408685));
#2948 = ORIENTED_EDGE('NONE',*,*,#4060,.F.) ;

#2950 = FACE_OUTER_BOUND('NONE',#5046,.T.) ;
#2951=DIRECTION('NONE',(0.007092178509,0.,-0.999974850185));
#2952=CARTESIAN_POINT('NONE',(-2.356125080498,3.299999999999,0.695286082899));
#2953 = ORIENTED_EDGE('NONE',*,*,#6006,.T.) ;
#2954=DIRECTION('NONE',(0.,-1.,0.));
#2955 = ORIENTED_EDGE('NONE',*,*,#6765,.F.) ;
#2956=CARTESIAN_POINT('NONE',(-2.317216537321,3.299999999999,0.627872093431));
#2957=CARTESIAN_POINT('NONE',(-2.606938696619,3.301,0.737365315155));
#2958=AXIS2_PLACEMENT_3D('NONE',#10509,#13937,#4897);
#2959 = PLANE('NONE',#10903) ;
#2960=CARTESIAN_POINT('NONE',(-2.455811225115,3.299999999999,0.575357432097));
#2961 =(GEOMETRIC_REPRESENTATION_CONTEXT(3) GLOBAL_UNCERTAINTY_ASSIGNED_CONTEXT((#11900)) GLOBAL_UNIT_ASSIGNED_CONTEXT((#10340,#1456,#13827)) REPRESENTATION_CONTEXT('NONE','WORKASPACE'));
#2962=CARTESIAN_POINT('NONE',(-1.71134431028,3.301,0.847712221265));
#2963 = ORIENTED_EDGE('NONE',*,*,#3233,.F.) ;
#2964 = STYLED_ITEM('NONE',(#7778),#7545) ;
#2965=CARTESIAN_POINT('NONE',(-2.221429596218,3.301,0.673033410975));
#2966=CARTESIAN_POINT('NONE',(-2.305354750381,3.299999999999,0.653098200189));
#2967 = VERTEX_POINT('NONE',#9485) ;
#2968 = FACE_OUTER_BOUND('NONE',#7013,.T.) ;
#2969=DIRECTION('NONE',(0.,-1.,0.));
#2970 = FACE_OUTER_BOUND('NONE',#4168,.T.) ;
#2971 = VERTEX_POINT('NONE',#13067) ;
#2972=CARTESIAN_POINT('NONE',(-1.740749406585,3.299999999999,0.834489457988));
#2973 =(GEOMETRIC_REPRESENTATION_CONTEXT(3) GLOBAL_UNCERTAINTY_ASSIGNED_CONTEXT((#6735)) GLOBAL_UNIT_ASSIGNED_CONTEXT((#7695,#4425,#12372)) REPRESENTATION_CONTEXT('NONE','WORKASPACE'));
#2974=CARTESIAN_POINT('NONE',(-2.606839145611,3.299999999999,0.723328936307));
#2975=DIRECTION('NONE',(-0.999974850185,0.,-0.007092178509));
#2976=CARTESIAN_POINT('NONE',(-2.293064051676,3.299999999999,0.886138592513));
#2977 = LINE('NONE',#9591,#8577) ;
#2978 = ADVANCED_FACE('NONE',(#13124),#3076,.F.) ;
#2979=DIRECTION('NONE',(0.,-1.,0.));
#2980 = ORIENTED_EDGE('NONE',*,*,#11273,.F.) ;
#2981 = FACE_OUTER_BOUND('NONE',#13369,.T.) ;
#2982 = VERTEX_POINT('NONE',#14423) ;
#2983 = MECHANICAL_DESIGN_GEOMETRIC_PRESENTATION_REPRESENTATION('',(#8134),#5987) ;
#2984 = FILL_AREA_STYLE_COLOUR('',#11452) ;
#2985=DIRECTION('NONE',(-0.937651617364,0.,-0.347576530354));
#2986 = PRESENTATION_STYLE_ASSIGNMENT((#997)) ;
#2987 = PRESENTATION_LAYER_ASSIGNMENT('','',(#888)) ;
#2988 = ORIENTED_EDGE('NONE',*,*,#12753,.F.) ;
#2989 = ORIENTED_EDGE('NONE',*,*,#6047,.F.) ;
#2990=CARTESIAN_POINT('NONE',(-2.381064922802,3.301,0.66678548266));
#2991 =(LENGTH_UNIT() NAMED_UNIT(*) SI_UNIT(.MILLI.,.METRE.));
#2992 = ORIENTED_EDGE('NONE',*,*,#12963,.T.) ;
#2993=CARTESIAN_POINT('NONE',(-2.433668711138,3.301,0.650815636819));
#2994 = EDGE_CURVE('NONE',#12069,#7349,#7634,.T.) ;
#2995=CARTESIAN_POINT('NONE',(0.,0.,0.5));
#2996 = VECTOR('NONE',#2871,1000.) ;
#2997=CARTESIAN_POINT('NONE',(-2.378191060558,3.299999999999,0.6706114748));
#2998 = ADVANCED_FACE('NONE',(#13270),#12959,.F.) ;
#2999 = MECHANICAL_DESIGN_GEOMETRIC_PRESENTATION_REPRESENTATION('',(#10747),#10035) ;
#3000=CARTESIAN_POINT('NONE',(-2.392588692688,3.299999999999,0.681863803664));
#3001 = EDGE_CURVE('NONE',#8467,#10819,#6733,.T.) ;
#3002 = FACE_OUTER_BOUND('NONE',#6884,.T.) ;
#3003 = FILL_AREA_STYLE('',(#13060)) ;
#3004 = EDGE_LOOP('NONE',(#4253,#3502,#2035,#10503)) ;
#3005 = EDGE_CURVE('NONE',#5534,#12967,#5032,.T.) ;
#3006 =(LENGTH_UNIT() NAMED_UNIT(*) SI_UNIT(.MILLI.,.METRE.));
#3007=CARTESIAN_POINT('NONE',(-1.739198803412,3.299999999999,0.615861623691));
#3008 = FILL_AREA_STYLE('',(#6056)) ;
#3009 = VECTOR('NONE',#1006,1000.) ;
#3010=AXIS2_PLACEMENT_3D('NONE',#1357,#6922,#12429);
#3011=DIRECTION('NONE',(-0.999974850185,0.,-0.007092178509));
#3012 = ORIENTED_EDGE('NONE',*,*,#3186,.T.) ;
#3013 = EDGE_LOOP('NONE',(#5955,#11791,#760,#5003)) ;
#3014=CARTESIAN_POINT('NONE',(-2.367504634313,3.299999999999,0.830772421658));
#3015=CARTESIAN_POINT('NONE',(-2.407926756275,3.299999999999,0.865297704095));
#3016 = EDGE_CURVE('NONE',#2711,#2014,#3422,.T.) ;
#3017 =(NAMED_UNIT(*) SI_UNIT($,.STERADIAN.) SOLID_ANGLE_UNIT());
#3018 = VERTEX_POINT('NONE',#12318) ;
#3019 = VERTEX_POINT('NONE',#13189) ;
#3020 =(NAMED_UNIT(*) PLANE_ANGLE_UNIT() SI_UNIT($,.RADIAN.));
#3021=CARTESIAN_POINT('NONE',(-2.376827022548,3.299999999999,0.680603076085));
#3022 = EDGE_LOOP('NONE',(#14271,#6580,#14846,#12306)) ;
#3023 = LINE('NONE',#7353,#14789) ;
#3024 = STYLED_ITEM('NONE',(#13263),#10175) ;
#3025 =(GEOMETRIC_REPRESENTATION_CONTEXT(3) GLOBAL_UNCERTAINTY_ASSIGNED_CONTEXT((#8845)) GLOBAL_UNIT_ASSIGNED_CONTEXT((#12144,#10916,#855)) REPRESENTATION_CONTEXT('NONE','WORKASPACE'));
#3026=DIRECTION('NONE',(-0.999974850185,0.,-0.007092178509));
#3027=CARTESIAN_POINT('NONE',(-2.302633968502,3.299999999999,0.634526157833));
#3028=CARTESIAN_POINT('NONE',(-2.47366737495,3.301,0.582202542078));
#3029 = ORIENTED_EDGE('NONE',*,*,#13630,.F.) ;
#3030 = STYLED_ITEM('NONE',(#13225),#2702) ;
#3031 = LINE('NONE',#1779,#13429) ;
#3032 = FACE_OUTER_BOUND('NONE',#3472,.T.) ;
#3033 = EDGE_CURVE('NONE',#2552,#1586,#12838,.T.) ;
#3034 = ORIENTED_EDGE('NONE',*,*,#7191,.F.) ;
#3035=CARTESIAN_POINT('NONE',(-1.818923062534,3.301,0.969282779324));
#3036 =(LENGTH_UNIT() NAMED_UNIT(*) SI_UNIT(.MILLI.,.METRE.));
#3037=CARTESIAN_POINT('NONE',(-2.052680947236,3.301,0.776749777993));
#3038=CARTESIAN_POINT('NONE',(-2.052164085223,3.301,0.703873860767));
#3039=CARTESIAN_POINT('NONE',(-1.739198803412,3.301,0.615861623691));
#3040 = PRESENTATION_STYLE_ASSIGNMENT((#4121)) ;
#3041 = MECHANICAL_DESIGN_GEOMETRIC_PRESENTATION_REPRESENTATION('',(#8450),#11241) ;
#3042 = SURFACE_STYLE_FILL_AREA(#9955) ;
#3043 = LINE('NONE',#1868,#10649) ;
#3044 = ORIENTED_EDGE('NONE',*,*,#3323,.T.) ;
#3045 = SURFACE_STYLE_FILL_AREA(#5500) ;
#3046 = SURFACE_STYLE_FILL_AREA(#5138) ;
#3047=CARTESIAN_POINT('NONE',(-1.929239807901,3.301,0.62058712364));
#3048 = FILL_AREA_STYLE_COLOUR('',#3671) ;
#3049 = SURFACE_STYLE_FILL_AREA(#8361) ;
#3050=DIRECTION('NONE',(0.,0.,-1.));
#3051 = ORIENTED_EDGE('NONE',*,*,#4909,.T.) ;
#3052 = ORIENTED_EDGE('NONE',*,*,#5999,.F.) ;
#3053 =(NAMED_UNIT(*) SI_UNIT($,.STERADIAN.) SOLID_ANGLE_UNIT());
#3054 = FILL_AREA_STYLE_COLOUR('',#10683) ;
#3055 = EDGE_CURVE('NONE',#3859,#408,#12450,.T.) ;
#3056 = EDGE_LOOP('NONE',(#12378,#3678,#416,#4848,#3154,#6721,#8485,#3906,#8357,#10647,#9529,#1031)) ;
#3057=DIRECTION('NONE',(0.,0.,1.));
#3058 = SURFACE_SIDE_STYLE('',(#6410)) ;
#3059=CARTESIAN_POINT('NONE',(-2.282532235571,3.301,0.90536611042));
#3060 = FACE_OUTER_BOUND('NONE',#2488,.T.) ;
#3061=CARTESIAN_POINT('NONE',(-2.391785022508,3.299999999999,0.810449201266));
#3062 = FACE_OUTER_BOUND('NONE',#9782,.T.) ;
#3063=CARTESIAN_POINT('NONE',(0.,0.,1.5));
#3064 = ORIENTED_EDGE('NONE',*,*,#11493,.F.) ;
#3065=DIRECTION('NONE',(-0.707106781186,-0.707106781186,0.));
#3066 = EDGE_CURVE('NONE',#13579,#8522,#5808,.T.) ;
#3067=CARTESIAN_POINT('NONE',(3.3,0.324999999999,0.299999999999));
#3068 = UNCERTAINTY_MEASURE_WITH_UNIT(LENGTH_MEASURE(1.000000000000E-05),#1021,'distance_accuracy_value','NONE');
#3069=CARTESIAN_POINT('NONE',(-1.588586109549,3.301,0.665516266492));
#3070 =(NAMED_UNIT(*) PLANE_ANGLE_UNIT() SI_UNIT($,.RADIAN.));
#3071 =(NAMED_UNIT(*) SI_UNIT($,.STERADIAN.) SOLID_ANGLE_UNIT());
#3072 = ADVANCED_FACE('NONE',(#12681),#8290,.F.) ;
#3073 = EDGE_LOOP('NONE',(#11883,#8239)) ;
#3074 =(GEOMETRIC_REPRESENTATION_CONTEXT(3) GLOBAL_UNCERTAINTY_ASSIGNED_CONTEXT((#8297)) GLOBAL_UNIT_ASSIGNED_CONTEXT((#8733,#732,#3130)) REPRESENTATION_CONTEXT('NONE','WORKASPACE'));
#3075 = FILL_AREA_STYLE_COLOUR('',#1027) ;
#3076 = PLANE('NONE',#618) ;
#3077 = PLANE('NONE',#11151) ;
#3078 = FACE_OUTER_BOUND('NONE',#2144,.T.) ;
#3079 = ORIENTED_EDGE('NONE',*,*,#5091,.T.) ;
#3080 = VECTOR('NONE',#13262,1000.) ;
#3081 = EDGE_CURVE('NONE',#14075,#2823,#10264,.T.) ;
#3082=CARTESIAN_POINT('NONE',(-2.285654927297,3.301,0.633149290197));
#3083 = UNCERTAINTY_MEASURE_WITH_UNIT(LENGTH_MEASURE(1.000000000000E-05),#747,'distance_accuracy_value','NONE');
#3084 = ORIENTED_EDGE('NONE',*,*,#10520,.F.) ;
#3085 = ORIENTED_EDGE('NONE',*,*,#7652,.F.) ;
#3086 = LINE('NONE',#8688,#2421) ;
#3087 = SURFACE_STYLE_FILL_AREA(#7648) ;
#3088 = ORIENTED_EDGE('NONE',*,*,#13717,.F.) ;
#3089=CARTESIAN_POINT('NONE',(-1.,-3.299999999999,0.5));
#3090 = FILL_AREA_STYLE('',(#13141)) ;
#3091 = PRESENTATION_LAYER_ASSIGNMENT('','',(#5412)) ;
#3092=CARTESIAN_POINT('NONE',(-2.713594157459,3.301,0.720450632168));
#3093 = EDGE_CURVE('NONE',#8958,#14238,#2607,.T.) ;
#3094 = ORIENTED_EDGE('NONE',*,*,#13309,.F.) ;
#3095 = SURFACE_SIDE_STYLE('',(#5277)) ;
#3096 = COLOUR_RGB('',0.647058823529,0.619607843137,0.588235294117) ;
#3097 = PRESENTATION_STYLE_ASSIGNMENT((#8478)) ;
#3098 = ORIENTED_EDGE('NONE',*,*,#2704,.F.) ;
#3099=CARTESIAN_POINT('NONE',(-0.8,0.4,0.));
#3100 = SURFACE_STYLE_USAGE(.BOTH.,#4985) ;
#3101 = FILL_AREA_STYLE('',(#13022)) ;
#3102 =(NAMED_UNIT(*) SI_UNIT($,.STERADIAN.) SOLID_ANGLE_UNIT());
#3103 = SURFACE_STYLE_FILL_AREA(#5425) ;
#3104=CARTESIAN_POINT('NONE',(-2.345691263348,3.301,0.706340202998));
#3105=CARTESIAN_POINT('NONE',(-2.206660781465,3.301,0.811762168451));
#3106 = SURFACE_STYLE_USAGE(.BOTH.,#7520) ;
#3107 = VECTOR('NONE',#14509,1000.) ;
#3108 = PRESENTATION_STYLE_ASSIGNMENT((#5068)) ;
#3109=CARTESIAN_POINT('NONE',(-1.740933984092,3.301,0.738182977972));
#3110 = ORIENTED_EDGE('NONE',*,*,#10070,.T.) ;
#3111=CARTESIAN_POINT('NONE',(-2.265166247021,3.301,0.686697912895));
#3112 =(NAMED_UNIT(*) SI_UNIT($,.STERADIAN.) SOLID_ANGLE_UNIT());
#3113=CARTESIAN_POINT('NONE',(-1.55308342491,3.301,0.797645384371));
#3114=CARTESIAN_POINT('NONE',(-2.070469228394,3.301,0.838224223174));
#3115 = ORIENTED_EDGE('NONE',*,*,#594,.T.) ;
#3116=AXIS2_PLACEMENT_3D('NONE',#1200,#7805,#3391);
#3117 = ORIENTED_EDGE('NONE',*,*,#12352,.F.) ;
#3118 =(LENGTH_UNIT() NAMED_UNIT(*) SI_UNIT(.MILLI.,.METRE.));
#3119 = VECTOR('NONE',#13845,1000.) ;
#3120=CARTESIAN_POINT('NONE',(-2.481329174979,3.299999999999,0.931843180247));
#3121=CARTESIAN_POINT('NONE',(-2.207526211562,3.299999999999,0.933785088579));
#3122 = VECTOR('NONE',#2816,1000.) ;
#3123=CARTESIAN_POINT('NONE',(-2.338261152582,3.301,0.639513988825));
#3124=CARTESIAN_POINT('NONE',(-2.282532235571,3.299999999999,0.90536611042));
#3125 = FILL_AREA_STYLE('',(#9901)) ;
#3126=DIRECTION('NONE',(1.,0.,0.));
#3127 = COLOUR_RGB('',0.647058823529,0.619607843137,0.588235294117) ;
#3128 = ORIENTED_EDGE('NONE',*,*,#710,.T.) ;
#3129 = ADVANCED_FACE('NONE',(#2535),#13759,.F.) ;
#3130 =(NAMED_UNIT(*) SI_UNIT($,.STERADIAN.) SOLID_ANGLE_UNIT());
#3131 = B_SPLINE_CURVE_WITH_KNOTS('NONE',3,(#7909,#3289,#4360,#8812),.UNSPECIFIED.,.F.,.F.,(4,4),(5.000000000000,6.000000000000),.UNSPECIFIED.) ;
#3132 = ORIENTED_EDGE('NONE',*,*,#13936,.F.) ;
#3133=DIRECTION('NONE',(-0.007092178509,0.,0.999974850185));
#3134 =(NAMED_UNIT(*) PLANE_ANGLE_UNIT() SI_UNIT($,.RADIAN.));
#3135 = FILL_AREA_STYLE_COLOUR('',#3912) ;
#3136 = ORIENTED_EDGE('NONE',*,*,#4835,.F.) ;
#3137 = VECTOR('NONE',#5510,1000.) ;
#3138 = VECTOR('NONE',#3469,1000.) ;
#3139 = SURFACE_STYLE_USAGE(.BOTH.,#3358) ;
#3140=CARTESIAN_POINT('NONE',(-2.818196913411,3.301,0.647215006961));
#3141=CARTESIAN_POINT('NONE',(-2.701412263596,3.299999999999,0.731329989118));
#3142=CARTESIAN_POINT('NONE',(-1.79030551771,3.301,0.72655384046));
#3143 = COLOUR_RGB('',0.647058823529,0.619607843137,0.588235294117) ;
#3144 = PRESENTATION_LAYER_ASSIGNMENT('','',(#4290)) ;
#3145 = PRESENTATION_STYLE_ASSIGNMENT((#12992)) ;
#3146 = EDGE_CURVE('NONE',#13415,#14284,#7591,.T.) ;
#3147 = ADVANCED_FACE('NONE',(#11278),#7467,.F.) ;
#3148=CARTESIAN_POINT('NONE',(-2.281391838087,3.301,0.836935611256));
#3149 = VERTEX_POINT('NONE',#1884) ;
#3150 = VECTOR('NONE',#11707,1000.) ;
#3151 =(NAMED_UNIT(*) PLANE_ANGLE_UNIT() SI_UNIT($,.RADIAN.));
#3152 =(NAMED_UNIT(*) SI_UNIT($,.STERADIAN.) SOLID_ANGLE_UNIT());
#3153 = FILL_AREA_STYLE_COLOUR('',#13153) ;
#3154 = ORIENTED_EDGE('NONE',*,*,#9617,.F.) ;
#3155 = FACE_OUTER_BOUND('NONE',#13145,.T.) ;
#3156 = EDGE_LOOP('NONE',(#2861,#8768,#4712,#8944)) ;
#3157=CARTESIAN_POINT('NONE',(-2.312381784606,3.299999999999,0.627906383222));
#3158 =(GEOMETRIC_REPRESENTATION_CONTEXT(3) GLOBAL_UNCERTAINTY_ASSIGNED_CONTEXT((#9103)) GLOBAL_UNIT_ASSIGNED_CONTEXT((#11583,#7968,#6769)) REPRESENTATION_CONTEXT('NONE','WORKASPACE'));
#3159 =(GEOMETRIC_REPRESENTATION_CONTEXT(3) GLOBAL_UNCERTAINTY_ASSIGNED_CONTEXT((#7923)) GLOBAL_UNIT_ASSIGNED_CONTEXT((#6333,#1944,#4269)) REPRESENTATION_CONTEXT('NONE','WORKASPACE'));
#3160 = ORIENTED_EDGE('NONE',*,*,#6229,.T.) ;
#3161=CARTESIAN_POINT('NONE',(-2.355570691995,3.299999999999,0.617119048686));
#3162 = MECHANICAL_DESIGN_GEOMETRIC_PRESENTATION_REPRESENTATION('',(#9506),#13233) ;
#3163 = MECHANICAL_DESIGN_GEOMETRIC_PRESENTATION_REPRESENTATION('',(#5477),#11858) ;
#3164 = EDGE_CURVE('NONE',#12205,#3839,#7917,.T.) ;
#3165 = FACE_OUTER_BOUND('NONE',#3004,.T.) ;
#3166=CARTESIAN_POINT('NONE',(-2.665467835281,3.299999999999,0.628833458361));
#3167 = MECHANICAL_DESIGN_GEOMETRIC_PRESENTATION_REPRESENTATION('',(#12314),#5947) ;
#3168 = FILL_AREA_STYLE_COLOUR('',#9117) ;
#3169 = PRESENTATION_STYLE_ASSIGNMENT((#12385)) ;
#3170 = ORIENTED_EDGE('NONE',*,*,#3838,.T.) ;
#3171 = LINE('NONE',#8907,#14592) ;
#3172 =(GEOMETRIC_REPRESENTATION_CONTEXT(3) GLOBAL_UNCERTAINTY_ASSIGNED_CONTEXT((#12460)) GLOBAL_UNIT_ASSIGNED_CONTEXT((#11491,#8100,#5702)) REPRESENTATION_CONTEXT('NONE','WORKASPACE'));
#3173=CARTESIAN_POINT('NONE',(-2.681387913276,3.301,0.722800209841));
#3174 = VECTOR('NONE',#4047,1000.) ;
#3175 = SURFACE_STYLE_FILL_AREA(#14028) ;
#3176 = TOROIDAL_SURFACE('NONE',#14873,3.740172735303,0.751525314169) ;
#3177 = ORIENTED_EDGE('NONE',*,*,#12565,.T.) ;
#3178=CARTESIAN_POINT('NONE',(-1.857096160457,3.301,0.96901204209));
#3179 = LINE('NONE',#11182,#5288) ;
#3180 = VECTOR('NONE',#807,1000.) ;
#3181=DIRECTION('NONE',(-0.007092178509,0.,0.999974850185));
#3182 = ADVANCED_FACE('NONE',(#2770,#14129,#505,#5085,#7398),#3915,.F.) ;
#3183=DIRECTION('NONE',(0.999974850185,0.,0.007092178509));
#3184 =(GEOMETRIC_REPRESENTATION_CONTEXT(3) GLOBAL_UNCERTAINTY_ASSIGNED_CONTEXT((#436)) GLOBAL_UNIT_ASSIGNED_CONTEXT((#4224,#13471,#1167)) REPRESENTATION_CONTEXT('NONE','WORKASPACE'));
#3185=CARTESIAN_POINT('NONE',(-1.918145991831,3.301,0.646694228624));
#3186 = EDGE_CURVE('NONE',#1832,#10785,#7248,.T.) ;
#3187=CARTESIAN_POINT('NONE',(-1.773274020676,3.299999999999,0.649456914113));
#3188 = UNCERTAINTY_MEASURE_WITH_UNIT(LENGTH_MEASURE(1.000000000000E-05),#1355,'distance_accuracy_value','NONE');
#3189 = MECHANICAL_DESIGN_GEOMETRIC_PRESENTATION_REPRESENTATION('',(#4801),#7412) ;
#3190=DIRECTION('NONE',(-0.007092178509,0.,0.999974850185));
#3191 = B_SPLINE_CURVE_WITH_KNOTS('NONE',3,(#7287,#5052,#9577,#14023),.UNSPECIFIED.,.F.,.F.,(4,4),(1.,2.000000000000),.UNSPECIFIED.) ;
#3192 = FILL_AREA_STYLE('',(#788)) ;
#3193 = ORIENTED_EDGE('NONE',*,*,#5896,.F.) ;
#3194 = SURFACE_STYLE_FILL_AREA(#6607) ;
#3195=CARTESIAN_POINT('NONE',(-1.918047542014,3.301,0.632813114141));
#3196 =(LENGTH_UNIT() NAMED_UNIT(*) SI_UNIT(.MILLI.,.METRE.));
#3197 = ORIENTED_EDGE('NONE',*,*,#13108,.T.) ;
#3198 = EDGE_CURVE('NONE',#12957,#1123,#10641,.T.) ;
#3199 = ORIENTED_EDGE('NONE',*,*,#11608,.T.) ;
#3200 = FILL_AREA_STYLE_COLOUR('',#11366) ;
#3201=CARTESIAN_POINT('NONE',(-2.221805677804,3.301,0.726059731072));
#3202 = VERTEX_POINT('NONE',#9541) ;
#3203=CARTESIAN_POINT('NONE',(0.,0.,7.7));
#3204 = COLOUR_RGB('',0.647058823529,0.619607843137,0.588235294117) ;
#3205=CARTESIAN_POINT('NONE',(1.,-3.299999999999,1.));
#3206=DIRECTION('NONE',(-0.999974850185,0.,-0.007092178509));
#3207=DIRECTION('NONE',(0.999974850185,0.,0.007092178509));
#3208 = ORIENTED_EDGE('NONE',*,*,#5563,.T.) ;
#3209 = VECTOR('NONE',#6935,1000.) ;
#3210 = SURFACE_STYLE_USAGE(.BOTH.,#13113) ;
#3211 = ORIENTED_EDGE('NONE',*,*,#867,.F.) ;
#3212 = UNCERTAINTY_MEASURE_WITH_UNIT(LENGTH_MEASURE(1.000000000000E-05),#1998,'distance_accuracy_value','NONE');
#3213=CARTESIAN_POINT('NONE',(-2.302633968502,3.301,0.634526157833));
#3214 = EDGE_LOOP('NONE',(#8964,#14358,#7318,#971)) ;
#3215 = PRESENTATION_LAYER_ASSIGNMENT('','',(#3899)) ;
#3216 = FILL_AREA_STYLE_COLOUR('',#5902) ;
#3217=CARTESIAN_POINT('NONE',(-2.052416363145,3.301,0.739444253862));
#3218 = LINE('NONE',#12189,#825) ;
#3219 = PRESENTATION_LAYER_ASSIGNMENT('','',(#10747)) ;
#3220=CARTESIAN_POINT('NONE',(-2.550550308789,3.299999999999,0.905835938266));
#3221 = SURFACE_STYLE_FILL_AREA(#14356) ;
#3222 = ORIENTED_EDGE('NONE',*,*,#11066,.F.) ;
#3223 = STYLED_ITEM('NONE',(#13311),#8589) ;
#3224=CARTESIAN_POINT('NONE',(-2.559416786128,3.299999999999,0.898099447633));
#3225=CARTESIAN_POINT('NONE',(-2.496981560235,3.301,0.917695083045));
#3226 = VECTOR('NONE',#13817,1000.) ;
#3227 = FACE_OUTER_BOUND('NONE',#9801,.T.) ;
#3228 = ORIENTED_EDGE('NONE',*,*,#7650,.T.) ;
#3229 = VERTEX_POINT('NONE',#12029) ;
#3230 = SURFACE_SIDE_STYLE('',(#3087)) ;
#3231 = ORIENTED_EDGE('NONE',*,*,#6359,.T.) ;
#3232=CARTESIAN_POINT('NONE',(-2.392513469409,3.299999999999,0.627275673672));
#3233 = EDGE_CURVE('NONE',#13410,#1960,#7145,.T.) ;
#3234 =(NAMED_UNIT(*) SI_UNIT($,.STERADIAN.) SOLID_ANGLE_UNIT());
#3235 = PRESENTATION_LAYER_ASSIGNMENT('','',(#13537)) ;
#3236=CARTESIAN_POINT('NONE',(0.,0.,7.199999999999));
#3237 = VECTOR('NONE',#3445,1000.) ;
#3238 = FILL_AREA_STYLE('',(#3168)) ;
#3239=CARTESIAN_POINT('NONE',(-1.978285258156,3.301,0.807643913064));
#3240 = VERTEX_POINT('NONE',#8870) ;
#3241 = LINE('NONE',#4518,#5223) ;
#3242 = ORIENTED_EDGE('NONE',*,*,#13214,.T.) ;
#3243=CARTESIAN_POINT('NONE',(-2.025060207463,3.299999999999,0.67456721428));
#3244 = UNCERTAINTY_MEASURE_WITH_UNIT(LENGTH_MEASURE(1.000000000000E-05),#10616,'distance_accuracy_value','NONE');
#3245 = EDGE_CURVE('NONE',#6936,#13893,#2659,.T.) ;
#3246 = ORIENTED_EDGE('NONE',*,*,#7840,.T.) ;
#3247=CARTESIAN_POINT('NONE',(0.,0.,2.186229122613));
#3248 = COLOUR_RGB('',0.647058823529,0.619607843137,0.588235294117) ;
#3249 = SURFACE_STYLE_USAGE(.BOTH.,#7661) ;
#3250 = VECTOR('NONE',#2936,1000.) ;
#3251 =(LENGTH_UNIT() NAMED_UNIT(*) SI_UNIT(.MILLI.,.METRE.));
#3252 = PRESENTATION_LAYER_ASSIGNMENT('','',(#9596)) ;
#3253=CARTESIAN_POINT('NONE',(-2.534636222652,3.301,0.931465107641));
#3254=CARTESIAN_POINT('NONE',(-2.333566237399,3.301,0.808803337215));
#3255 = EDGE_CURVE('NONE',#1323,#4643,#2097,.T.) ;
#3256=CARTESIAN_POINT('NONE',(-1.929239807901,3.301,0.62058712364));
#3257=CARTESIAN_POINT('NONE',(-1.773409389351,3.301,0.668543471348));
#3258 =(GEOMETRIC_REPRESENTATION_CONTEXT(3) GLOBAL_UNCERTAINTY_ASSIGNED_CONTEXT((#10729)) GLOBAL_UNIT_ASSIGNED_CONTEXT((#2991,#9755,#7531)) REPRESENTATION_CONTEXT('NONE','WORKASPACE'));
#3259=CARTESIAN_POINT('NONE',(-1.857594530533,3.301,0.916951660111));
#3260 = EDGE_CURVE('NONE',#1514,#14324,#4346,.T.) ;
#3261 = FACE_OUTER_BOUND('NONE',#7608,.T.) ;
#3262 = COLOUR_RGB('',0.647058823529,0.619607843137,0.588235294117) ;
#3263 = COLOUR_RGB('',0.647058823529,0.619607843137,0.588235294117) ;
#3264 = ORIENTED_EDGE('NONE',*,*,#1132,.F.) ;
#3265=CARTESIAN_POINT('NONE',(-1.827131081904,3.299999999999,0.658618748919));
#3266 = EDGE_CURVE('NONE',#13042,#8628,#10208,.T.) ;
#3267=CARTESIAN_POINT('NONE',(-1.,3.299999999999,0.5));
#3268 = PRESENTATION_LAYER_ASSIGNMENT('','',(#8444)) ;
#3269=DIRECTION('NONE',(-0.999974850185,0.,-0.007092178509));
#3270 = ORIENTED_EDGE('NONE',*,*,#5133,.T.) ;
#3271 = ORIENTED_EDGE('NONE',*,*,#12854,.T.) ;
#3272 = FILL_AREA_STYLE('',(#3402)) ;
#3273 = FACE_OUTER_BOUND('NONE',#12358,.T.) ;
#3274=DIRECTION('NONE',(1.,0.,0.));
#3275 = STYLED_ITEM('NONE',(#7904),#6203) ;
#3276 = MECHANICAL_DESIGN_GEOMETRIC_PRESENTATION_REPRESENTATION('',(#2307),#6298) ;
#3277=CARTESIAN_POINT('NONE',(0.8,-0.4,0.));
#3278 = FILL_AREA_STYLE('',(#951)) ;
#3279 = LINE('NONE',#1152,#14616) ;
#3280 = FACE_OUTER_BOUND('NONE',#6192,.T.) ;
#3281 = EDGE_CURVE('NONE',#5589,#1123,#8797,.T.) ;
#3282 = VERTEX_POINT('NONE',#5513) ;
#3283 = FILL_AREA_STYLE_COLOUR('',#6080) ;
#3284 = VERTEX_POINT('NONE',#10043) ;
#3285=CARTESIAN_POINT('NONE',(-2.376788971941,3.299999999999,0.675238060169));
#3286=CARTESIAN_POINT('NONE',(-3.299999999999,-1.,0.5));
#3287=DIRECTION('NONE',(-1.,0.,0.));
#3288 = VERTEX_POINT('NONE',#14542) ;
#3289=CARTESIAN_POINT('NONE',(-2.533334105212,3.299999999999,0.809445284656));
#3290 =(LENGTH_UNIT() NAMED_UNIT(*) SI_UNIT(.MILLI.,.METRE.));
#3291 = B_SPLINE_CURVE_WITH_KNOTS('NONE',3,(#1367,#4349,#10048,#3473),.UNSPECIFIED.,.F.,.F.,(4,4),(9.000000000000,10.),.UNSPECIFIED.) ;
#3292=CARTESIAN_POINT('NONE',(-2.340679529671,3.301,0.672624357197));
#3293=DIRECTION('NONE',(-1.224646799147000E-16,1.,0.));
#3294 =(NAMED_UNIT(*) PLANE_ANGLE_UNIT() SI_UNIT($,.RADIAN.));
#3295 = EDGE_CURVE('NONE',#11520,#8467,#4209,.T.) ;
#3296 = EDGE_LOOP('NONE',(#9180,#5432,#4246,#10589)) ;
#3297 = MECHANICAL_DESIGN_GEOMETRIC_PRESENTATION_REPRESENTATION('',(#7285),#12679) ;
#3298 = COLOUR_RGB('',0.250980392156,0.250980392156,0.250980392156) ;
#3299 = EDGE_LOOP('NONE',(#10474,#6659,#14802,#1969)) ;
#3300 = ORIENTED_EDGE('NONE',*,*,#6584,.F.) ;
#3301 = LINE('NONE',#5202,#2163) ;
#3302=CARTESIAN_POINT('NONE',(0.8,-0.4,0.299999999999));
#3303 = VERTEX_POINT('NONE',#2154) ;
#3304=CARTESIAN_POINT('NONE',(-1.657696398465,3.299999999999,0.62338064039));
#3305 = SURFACE_STYLE_FILL_AREA(#5684) ;
#3306 = ORIENTED_EDGE('NONE',*,*,#2178,.F.) ;
#3307=DIRECTION('NONE',(-0.999974850185,0.,-0.007092178509));
#3308 = VERTEX_POINT('NONE',#6690) ;
#3309 = B_SPLINE_CURVE_WITH_KNOTS('NONE',3,(#9333,#14726,#11294,#7115),.UNSPECIFIED.,.F.,.F.,(4,4),(0.,1.),.UNSPECIFIED.) ;
#3310 = EDGE_CURVE('NONE',#6970,#4228,#3279,.T.) ;
#3311=CARTESIAN_POINT('NONE',(-1.752747730884,3.301,0.93591516678));
#3312=CARTESIAN_POINT('NONE',(-2.339381895203,3.301,0.920684447433));
#3313=DIRECTION('NONE',(0.,-1.,0.));
#3314=CARTESIAN_POINT('NONE',(-2.661992291233,3.299999999999,0.85569740015));
#3315 =(LENGTH_UNIT() NAMED_UNIT(*) SI_UNIT(.MILLI.,.METRE.));
#3316 = MECHANICAL_DESIGN_GEOMETRIC_PRESENTATION_REPRESENTATION('',(#5850),#7547) ;
#3317 = PLANE('NONE',#14727) ;
#3318=CARTESIAN_POINT('NONE',(-1.739697190505,3.301,0.563801307785));
#3319 = STYLED_ITEM('NONE',(#10910),#10566) ;
#3320 = COLOUR_RGB('',0.250980392156,0.250980392156,0.250980392156) ;
#3321=CARTESIAN_POINT('NONE',(-2.580253891451,3.299999999999,0.871686717921));
#3322=CARTESIAN_POINT('NONE',(-2.701834336199,3.301,0.641302491134));
#3323 = EDGE_CURVE('NONE',#12674,#11311,#3714,.T.) ;
#3324 = VECTOR('NONE',#12339,1000.) ;
#3325 = MECHANICAL_DESIGN_GEOMETRIC_PRESENTATION_REPRESENTATION('',(#11783),#4008) ;
#3326 = VECTOR('NONE',#12411,1000.) ;
#3327 = CIRCLE('NONE',#3779,3.150000000000) ;
#3328=DIRECTION('NONE',(-0.999974850185,0.,-0.007092178509));
#3329 = ORIENTED_EDGE('NONE',*,*,#11818,.F.) ;
#3330 = SURFACE_SIDE_STYLE('',(#1140)) ;
#3331 = SURFACE_STYLE_FILL_AREA(#14399) ;
#3332 = PLANE('NONE',#6162) ;
#3333 = ORIENTED_EDGE('NONE',*,*,#6963,.F.) ;
#3334 = ORIENTED_EDGE('NONE',*,*,#10905,.F.) ;
#3335 = UNCERTAINTY_MEASURE_WITH_UNIT(LENGTH_MEASURE(1.000000000000E-05),#4533,'distance_accuracy_value','NONE');
#3336=DIRECTION('NONE',(0.999974850185,0.,0.007092178509));
#3337 = VECTOR('NONE',#12299,1000.) ;
#3338=CARTESIAN_POINT('NONE',(-3.039736830714,1.,0.5));
#3339=CARTESIAN_POINT('NONE',(-3.299999999999,0.7,0.));
#3340 = SURFACE_SIDE_STYLE('',(#11508)) ;
#3341=CARTESIAN_POINT('NONE',(-2.302653659568,3.299999999999,0.650497101442));
#3342 = EDGE_CURVE('NONE',#8863,#7135,#13110,.T.) ;
#3343 = VERTEX_POINT('NONE',#7540) ;
#3344 = LINE('NONE',#5586,#2556) ;
#3345 = ORIENTED_EDGE('NONE',*,*,#6799,.T.) ;
#3346 =(NAMED_UNIT(*) PLANE_ANGLE_UNIT() SI_UNIT($,.RADIAN.));
#3347 = EDGE_LOOP('NONE',(#6807,#1860,#8882,#10127)) ;
#3348 = PRESENTATION_STYLE_ASSIGNMENT((#9978)) ;
#3349 = VECTOR('NONE',#4398,1000.) ;
#3350=AXIS2_PLACEMENT_3D('NONE',#3203,#7683,#3274);
#3351 = FACE_OUTER_BOUND('NONE',#12966,.T.) ;
#3352=CARTESIAN_POINT('NONE',(-3.299999999999,-0.7,1.5));
#3353 = UNCERTAINTY_MEASURE_WITH_UNIT(LENGTH_MEASURE(1.000000000000E-05),#11873,'distance_accuracy_value','NONE');
#3354=DIRECTION('NONE',(-3.771137991253000E-16,1.,0.));
#3355=CARTESIAN_POINT('NONE',(-2.301221483031,3.299999999999,0.642085008008));
#3356 = VERTEX_POINT('NONE',#10939) ;
#3357 = EDGE_CURVE('NONE',#7649,#4164,#8080,.T.) ;
#3358 = SURFACE_SIDE_STYLE('',(#6567)) ;
#3359 = SURFACE_STYLE_FILL_AREA(#13403) ;
#3360=CARTESIAN_POINT('NONE',(0.,0.,2.186229122613));
#3361 = PRESENTATION_STYLE_ASSIGNMENT((#9992)) ;
#3362 = MECHANICAL_DESIGN_GEOMETRIC_PRESENTATION_REPRESENTATION('',(#6863),#7118) ;
#3363 = SURFACE_SIDE_STYLE('',(#8814)) ;
#3364 = UNCERTAINTY_MEASURE_WITH_UNIT(LENGTH_MEASURE(1.000000000000E-05),#13741,'distance_accuracy_value','NONE');
#3365 = ORIENTED_EDGE('NONE',*,*,#13566,.T.) ;
#3366 = B_SPLINE_CURVE_WITH_KNOTS('NONE',3,(#5924,#7210,#8249,#11712),.UNSPECIFIED.,.F.,.F.,(4,4),(3.000000000000,4.000000000000),.UNSPECIFIED.) ;
#3367 = FILL_AREA_STYLE_COLOUR('',#409) ;
#3368 = VECTOR('NONE',#2975,1000.) ;
#3369 = MECHANICAL_DESIGN_GEOMETRIC_PRESENTATION_REPRESENTATION('',(#2417),#13912) ;
#3370=DIRECTION('NONE',(-0.007092178509,0.,0.999974850185));
#3371 = ORIENTED_EDGE('NONE',*,*,#12774,.T.) ;
#3372=CARTESIAN_POINT('NONE',(-2.639644260427,3.301,0.906576567133));
#3373=CARTESIAN_POINT('NONE',(-2.2710097805,3.299999999999,0.811305782385));
#3374 = ORIENTED_EDGE('NONE',*,*,#9461,.F.) ;
#3375 = PRESENTATION_STYLE_ASSIGNMENT((#7786)) ;
#3376 = ADVANCED_FACE('NONE',(#13178),#7752,.T.) ;
#3377 =(NAMED_UNIT(*) PLANE_ANGLE_UNIT() SI_UNIT($,.RADIAN.));
#3378 = LINE('NONE',#1403,#13323) ;
#3379 = PRESENTATION_LAYER_ASSIGNMENT('','',(#5685)) ;
#3380 = FILL_AREA_STYLE('',(#7723)) ;
#3381 = ORIENTED_EDGE('NONE',*,*,#12371,.T.) ;
#3382 = PRESENTATION_LAYER_ASSIGNMENT('','',(#1753)) ;
#3383=DIRECTION('NONE',(0.,-1.,0.));
#3384 = UNCERTAINTY_MEASURE_WITH_UNIT(LENGTH_MEASURE(1.000000000000E-05),#8108,'distance_accuracy_value','NONE');
#3385 = SURFACE_STYLE_USAGE(.BOTH.,#11242) ;
#3386 = FACE_OUTER_BOUND('NONE',#9192,.T.) ;
#3387 = LINE('NONE',#8847,#13175) ;
#3388=CARTESIAN_POINT('NONE',(-2.47728301994,3.301,0.616442982551));
#3389 = STYLED_ITEM('NONE',(#3913),#13405) ;
#3390=CARTESIAN_POINT('NONE',(-1.739697190505,3.299999999999,0.563801307785));
#3391=DIRECTION('NONE',(1.,0.,0.));
#3392 =(NAMED_UNIT(*) PLANE_ANGLE_UNIT() SI_UNIT($,.RADIAN.));
#3393=CARTESIAN_POINT('NONE',(-2.550397877476,3.299999999999,0.835963530081));
#3394 = COLOUR_RGB('',0.647058823529,0.619607843137,0.588235294117) ;
#3395=AXIS2_PLACEMENT_3D('NONE',#13099,#5299,#13165);
#3396 = EDGE_LOOP('NONE',(#13259,#14859,#6386,#2559)) ;
#3397=AXIS2_PLACEMENT_3D('NONE',#5964,#3844,#6265);
#3398 = SURFACE_STYLE_FILL_AREA(#12229) ;
#3399=CARTESIAN_POINT('NONE',(-2.390180935766,3.299999999999,0.65904722223));
#3400 = COLOUR_RGB('',1.,1.,1.) ;
#3401 = VERTEX_POINT('NONE',#7893) ;
#3402 = FILL_AREA_STYLE_COLOUR('',#3204) ;
#3403=CARTESIAN_POINT('NONE',(-2.606839145611,3.301,0.723328936307));
#3404 = SURFACE_STYLE_FILL_AREA(#9002) ;
#3405 = PRESENTATION_LAYER_ASSIGNMENT('','',(#6195)) ;
#3406 = PRESENTATION_STYLE_ASSIGNMENT((#12512)) ;
#3407 = EDGE_CURVE('NONE',#4034,#14531,#12776,.T.) ;
#3408=CARTESIAN_POINT('NONE',(-2.650763863663,3.299999999999,0.930641488967));
#3409 = LINE('NONE',#4625,#8951) ;
#3410 = ORIENTED_EDGE('NONE',*,*,#1346,.T.) ;
#3411 = FILL_AREA_STYLE_COLOUR('',#13931) ;
#3412 = STYLED_ITEM('NONE',(#8681),#7478) ;
#3413=CARTESIAN_POINT('NONE',(-2.358380653092,3.301,0.810998052195));
#3414 = PRESENTATION_LAYER_ASSIGNMENT('','',(#5049)) ;
#3415 = EDGE_CURVE('NONE',#12093,#13096,#9074,.T.) ;
#3416 = ORIENTED_EDGE('NONE',*,*,#3245,.F.) ;
#3417 =(NAMED_UNIT(*) PLANE_ANGLE_UNIT() SI_UNIT($,.RADIAN.));
#3418=CARTESIAN_POINT('NONE',(-1.99545210679,3.301,0.903827322299));
#3419=DIRECTION('NONE',(-0.999974850185,0.,-0.007092178509));
#3420 = ADVANCED_FACE('NONE',(#4620),#11342,.F.) ;
#3421 =(NAMED_UNIT(*) PLANE_ANGLE_UNIT() SI_UNIT($,.RADIAN.));
#3422 = B_SPLINE_CURVE_WITH_KNOTS('NONE',3,(#10950,#2238,#895,#5322),.UNSPECIFIED.,.F.,.F.,(4,4),(8.000000000000,9.000000000000),.UNSPECIFIED.) ;
#3423 = VECTOR('NONE',#6272,1000.) ;
#3424 = SURFACE_STYLE_USAGE(.BOTH.,#2379) ;
#3425 = ORIENTED_EDGE('NONE',*,*,#7999,.F.) ;
#3426 = ORIENTED_EDGE('NONE',*,*,#13815,.T.) ;
#3427 = EDGE_CURVE('NONE',#1123,#3834,#13453,.T.) ;
#3428 = FACE_OUTER_BOUND('NONE',#3973,.T.) ;
#3429 = FILL_AREA_STYLE_COLOUR('',#9887) ;
#3430 = STYLED_ITEM('NONE',(#5968),#8086) ;
#3431=CARTESIAN_POINT('NONE',(-3.085537628748,3.778693780695000E-16,1.202431676652));
#3432 = EDGE_CURVE('NONE',#981,#11736,#5789,.T.) ;
#3433 = SURFACE_STYLE_FILL_AREA(#7783) ;
#3434=DIRECTION('NONE',(-1.,0.,0.));
#3435 = ORIENTED_EDGE('NONE',*,*,#9553,.T.) ;
#3436=CARTESIAN_POINT('NONE',(-2.340382203994,3.301,0.630702372367));
#3437=DIRECTION('NONE',(0.,0.,-1.));
#3438 = ORIENTED_EDGE('NONE',*,*,#13197,.F.) ;
#3439 = FILL_AREA_STYLE_COLOUR('',#13904) ;
#3440 = ORIENTED_EDGE('NONE',*,*,#953,.F.) ;
#3441 = EDGE_CURVE('NONE',#13138,#3834,#1291,.T.) ;
#3442 = SURFACE_SIDE_STYLE('',(#9345)) ;
#3443=DIRECTION('NONE',(-0.999974850185,0.,-0.007092178509));
#3444 = ORIENTED_EDGE('NONE',*,*,#2064,.F.) ;
#3445=DIRECTION('NONE',(-0.007092178509,0.,0.999974850185));
#3446 = ORIENTED_EDGE('NONE',*,*,#2234,.T.) ;
#3447 =(LENGTH_UNIT() NAMED_UNIT(*) SI_UNIT(.MILLI.,.METRE.));
#3448=CARTESIAN_POINT('NONE',(3.299999999999,3.299999999999,0.299999999999));
#3449 = VERTEX_POINT('NONE',#3408) ;
#3450=CARTESIAN_POINT('NONE',(0.,0.,0.5));
#3451=CARTESIAN_POINT('NONE',(-2.,-2.,-0.01));
#3452 = PRESENTATION_LAYER_ASSIGNMENT('','',(#11925)) ;
#3453=DIRECTION('NONE',(-0.999974850185,0.,-0.007092178509));
#3454 = MECHANICAL_DESIGN_GEOMETRIC_PRESENTATION_REPRESENTATION('',(#5072),#424) ;
#3455 = FILL_AREA_STYLE_COLOUR('',#9039) ;
#3456=CARTESIAN_POINT('NONE',(-2.563687867268,3.301,0.871367500768));
#3457 = EDGE_CURVE('NONE',#2215,#8464,#9526,.T.) ;
#3458 = B_SPLINE_SURFACE_WITH_KNOTS('NONE',3,1,((#701,#12946),(#6153,#853),(#9803,#5129),(#10610,#553)),.UNSPECIFIED.,.F.,.F.,.F.,(4,4),(2,2),(11.,12.000000000000),(0.,1.),.UNSPECIFIED.) ;
#3459 = STYLED_ITEM('NONE',(#7389),#6390) ;
#3460 = ORIENTED_EDGE('NONE',*,*,#8991,.F.) ;
#3461 = STYLED_ITEM('NONE',(#908),#9899) ;
#3462 = VECTOR('NONE',#9118,1000.) ;
#3463 = LINE('NONE',#2281,#10847) ;
#3464 = PLANE('NONE',#10755) ;
#3465 = SURFACE_STYLE_FILL_AREA(#13513) ;
#3466 = ORIENTED_EDGE('NONE',*,*,#13316,.F.) ;
#3467=CARTESIAN_POINT('NONE',(-2.574339592601,3.301,0.904232314163));
#3468 =(LENGTH_UNIT() NAMED_UNIT(*) SI_UNIT(.MILLI.,.METRE.));
#3469=DIRECTION('NONE',(0.999974850185,0.,0.007092178509));
#3470 = VECTOR('NONE',#12839,1000.) ;
#3471 = VECTOR('NONE',#4571,1000.) ;
#3472 = EDGE_LOOP('NONE',(#13669,#2045,#10179,#6713)) ;
#3473=CARTESIAN_POINT('NONE',(-2.306035261891,3.299999999999,0.90738296511));
#3474 = VERTEX_POINT('NONE',#1361) ;
#3475 = SURFACE_STYLE_USAGE(.BOTH.,#9312) ;
#3476 = EDGE_CURVE('NONE',#3962,#6849,#12662,.T.) ;
#3477 = FACE_OUTER_BOUND('NONE',#7278,.T.) ;
#3478=CARTESIAN_POINT('NONE',(-2.265166247021,3.301,0.686697912895));
#3479 =(LENGTH_UNIT() NAMED_UNIT(*) SI_UNIT(.MILLI.,.METRE.));
#3480 = ADVANCED_FACE('NONE',(#4777),#3615,.F.) ;
#3481 = VERTEX_POINT('NONE',#7379) ;
#3482=CARTESIAN_POINT('NONE',(-2.514031376558,3.299999999999,0.823494497308));
#3483=CARTESIAN_POINT('NONE',(-1.945231410163,3.301,0.673398153735));
#3484=DIRECTION('NONE',(0.007092178509,0.,-0.999974850185));
#3485=CARTESIAN_POINT('NONE',(-2.606839145611,3.301,0.723328936307));
#3486 =(LENGTH_UNIT() NAMED_UNIT(*) SI_UNIT(.MILLI.,.METRE.));
#3487=AXIS2_PLACEMENT_3D('NONE',#13232,#3190,#8640);
#3488 = ADVANCED_FACE('NONE',(#711),#13655,.F.) ;
#3489 = ORIENTED_EDGE('NONE',*,*,#9461,.T.) ;
#3490=CARTESIAN_POINT('NONE',(-1.7582853441,3.299999999999,0.615726255133));
#3491 = EDGE_CURVE('NONE',#10707,#2711,#8421,.T.) ;
#3492=DIRECTION('NONE',(0.,-1.,0.));
#3493 = UNCERTAINTY_MEASURE_WITH_UNIT(LENGTH_MEASURE(1.000000000000E-05),#9616,'distance_accuracy_value','NONE');
#3494 = SURFACE_STYLE_USAGE(.BOTH.,#14649) ;
#3495 = ORIENTED_EDGE('NONE',*,*,#867,.T.) ;
#3496 =(LENGTH_UNIT() NAMED_UNIT(*) SI_UNIT(.MILLI.,.METRE.));
#3497 = SURFACE_STYLE_FILL_AREA(#2471) ;
#3498 = VERTEX_POINT('NONE',#13031) ;
#3499 = PLANE('NONE',#13947) ;
#3500 = SURFACE_STYLE_USAGE(.BOTH.,#9115) ;
#3501 = LINE('NONE',#1119,#3925) ;
#3502 = ORIENTED_EDGE('NONE',*,*,#11780,.F.) ;
#3503 = EDGE_CURVE('NONE',#13041,#6446,#6165,.T.) ;
#3504 = COLOUR_RGB('',0.647058823529,0.619607843137,0.588235294117) ;
#3505 = SURFACE_SIDE_STYLE('',(#12476)) ;
#3506 = ORIENTED_EDGE('NONE',*,*,#11702,.F.) ;
#3507 =(NAMED_UNIT(*) PLANE_ANGLE_UNIT() SI_UNIT($,.RADIAN.));
#3508=CARTESIAN_POINT('NONE',(-2.271014397669,3.301,0.631631062914));
#3509 = UNCERTAINTY_MEASURE_WITH_UNIT(LENGTH_MEASURE(1.000000000000E-05),#2282,'distance_accuracy_value','NONE');
#3510 = ORIENTED_EDGE('NONE',*,*,#2255,.F.) ;
#3511=CARTESIAN_POINT('NONE',(-2.410662989055,3.301,0.666138853302));
#3512 = FACE_OUTER_BOUND('NONE',#1088,.T.) ;
#3513 = FACE_OUTER_BOUND('NONE',#3022,.T.) ;
#3514 = FILL_AREA_STYLE_COLOUR('',#8967) ;
#3515 = LINE('NONE',#6671,#2794) ;
#3516 = MECHANICAL_DESIGN_GEOMETRIC_PRESENTATION_REPRESENTATION('',(#13834),#3074) ;
#3517 = PRESENTATION_STYLE_ASSIGNMENT((#5842)) ;
#3518 = EDGE_CURVE('NONE',#5504,#981,#2977,.T.) ;
#3519 = STYLED_ITEM('NONE',(#9925),#10839) ;
#3520 =(NAMED_UNIT(*) SI_UNIT($,.STERADIAN.) SOLID_ANGLE_UNIT());
#3521=DIRECTION('NONE',(0.,0.,1.));
#3522 = FILL_AREA_STYLE('',(#13576)) ;
#3523 = EDGE_CURVE('NONE',#793,#11063,#7160,.T.) ;
#3524 = B_SPLINE_SURFACE_WITH_KNOTS('NONE',3,1,((#4516,#12625),(#3648,#599),(#9184,#8151),(#4817,#1402)),.UNSPECIFIED.,.F.,.F.,.F.,(4,4),(2,2),(9.000000000000,10.),(0.,1.),.UNSPECIFIED.) ;
#3525=DIRECTION('NONE',(1.,0.,0.));
#3526 = MECHANICAL_DESIGN_GEOMETRIC_PRESENTATION_REPRESENTATION('',(#13383),#9900) ;
#3527 = ORIENTED_EDGE('NONE',*,*,#12565,.F.) ;
#3528 = MECHANICAL_DESIGN_GEOMETRIC_PRESENTATION_REPRESENTATION('',(#8738),#13606) ;
#3529 = FILL_AREA_STYLE('',(#7814)) ;
#3530=CARTESIAN_POINT('NONE',(-2.381064922802,3.299999999999,0.66678548266));
#3531=DIRECTION('NONE',(0.,-1.,0.));
#3532 = FACE_OUTER_BOUND('NONE',#5303,.T.) ;
#3533 = EDGE_LOOP('NONE',(#6370,#8279,#3333,#1914)) ;
#3534 = PRESENTATION_STYLE_ASSIGNMENT((#5643)) ;
#3535 = EDGE_CURVE('NONE',#1658,#4936,#2904,.T.) ;
#3536=CARTESIAN_POINT('NONE',(-1.94904628028,3.301,0.721957524591));
#3537=CARTESIAN_POINT('NONE',(-3.299999999999,1.,2.5));
#3538 = PRESENTATION_LAYER_ASSIGNMENT('','',(#539)) ;
#3539=CARTESIAN_POINT('NONE',(-2.376827022548,3.299999999999,0.680603076085));
#3540=CARTESIAN_POINT('NONE',(-2.276556208829,3.299999999999,0.889624572402));
#3541 = VECTOR('NONE',#9793,1000.) ;
#3542 = PRESENTATION_LAYER_ASSIGNMENT('','',(#9913)) ;
#3543 = SURFACE_STYLE_FILL_AREA(#13591) ;
#3544 = ORIENTED_EDGE('NONE',*,*,#6931,.T.) ;
#3545 = FACE_OUTER_BOUND('NONE',#4583,.T.) ;
#3546 = ORIENTED_EDGE('NONE',*,*,#14800,.F.) ;
#3547 = LINE('NONE',#6326,#5487) ;
#3548=DIRECTION('NONE',(0.999974850185,0.,0.007092178509));
#3549 = EDGE_LOOP('NONE',(#13377,#13881)) ;
#3550=CARTESIAN_POINT('NONE',(-2.339381895203,3.301,0.920684447433));
#3551 = SURFACE_STYLE_FILL_AREA(#4561) ;
#3552 = ORIENTED_EDGE('NONE',*,*,#3055,.T.) ;
#3553=CARTESIAN_POINT('NONE',(-1.594296132205,3.301,0.858953686889));
#3554 =(LENGTH_UNIT() NAMED_UNIT(*) SI_UNIT(.MILLI.,.METRE.));
#3555=DIRECTION('NONE',(0.,-1.,0.));
#3556=CARTESIAN_POINT('NONE',(-1.607488114217,3.299999999999,0.761687394205));
#3557 = SURFACE_STYLE_USAGE(.BOTH.,#5963) ;
#3558 =(NAMED_UNIT(*) PLANE_ANGLE_UNIT() SI_UNIT($,.RADIAN.));
#3559 = PRESENTATION_LAYER_ASSIGNMENT('','',(#4959)) ;
#3560 = VERTEX_POINT('NONE',#6320) ;
#3561 = PRESENTATION_STYLE_ASSIGNMENT((#14860)) ;
#3562 = VECTOR('NONE',#9659,1000.) ;
#3563 = UNCERTAINTY_MEASURE_WITH_UNIT(LENGTH_MEASURE(1.000000000000E-05),#5967,'distance_accuracy_value','NONE');
#3564 =(NAMED_UNIT(*) PLANE_ANGLE_UNIT() SI_UNIT($,.RADIAN.));
#3565=DIRECTION('NONE',(0.,0.,-1.));
#3566 = ORIENTED_EDGE('NONE',*,*,#8199,.T.) ;
#3567=CARTESIAN_POINT('NONE',(-1.945231410163,3.299999999999,0.673398153735));
#3568=CARTESIAN_POINT('NONE',(-1.900474684585,3.301,0.968704386116));
#3569 =(LENGTH_UNIT() NAMED_UNIT(*) SI_UNIT(.MILLI.,.METRE.));
#3570 = ORIENTED_EDGE('NONE',*,*,#6197,.F.) ;
#3571 = VECTOR('NONE',#11980,1000.) ;
#3572=AXIS2_PLACEMENT_3D('NONE',#12471,#2557,#2399);
#3573=CARTESIAN_POINT('NONE',(-1.805792564245,3.301,0.708224100913));
#3574 = UNCERTAINTY_MEASURE_WITH_UNIT(LENGTH_MEASURE(1.000000000000E-05),#14183,'distance_accuracy_value','NONE');
#3575 = B_SPLINE_SURFACE_WITH_KNOTS('NONE',3,1,((#1466,#6955),(#11291,#4507),(#5817,#12394),(#10274,#5899)),.UNSPECIFIED.,.F.,.F.,.F.,(4,4),(2,2),(20.,21.),(0.,1.),.UNSPECIFIED.) ;
#3576 = LINE('NONE',#5905,#12643) ;
#3577 = FACE_OUTER_BOUND('NONE',#3670,.T.) ;
#3578 = EDGE_CURVE('NONE',#11913,#7631,#8349,.T.) ;
#3579 = VECTOR('NONE',#2572,1000.) ;
#3580 = EDGE_CURVE('NONE',#5869,#12412,#5939,.T.) ;
#3581 = FILL_AREA_STYLE('',(#3723)) ;
#3582=CARTESIAN_POINT('NONE',(-2.563687867268,3.301,0.871367500768));
#3583 = ORIENTED_EDGE('NONE',*,*,#2826,.F.) ;
#3584=CARTESIAN_POINT('NONE',(1.699999999999,-2.,-0.01));
#3585 = LINE('NONE',#10369,#13082) ;
#3586 = FACE_OUTER_BOUND('NONE',#1824,.T.) ;
#3587 = ORIENTED_EDGE('NONE',*,*,#13035,.F.) ;
#3588=AXIS2_PLACEMENT_3D('NONE',#5175,#3011,#7487);
#3589 = ORIENTED_EDGE('NONE',*,*,#9845,.F.) ;
#3590=CARTESIAN_POINT('NONE',(-2.561528093917,3.299999999999,0.826339372882));
#3591 = LINE('NONE',#10517,#12470) ;
#3592 = EDGE_CURVE('NONE',#7571,#7227,#9379,.T.) ;
#3593=DIRECTION('NONE',(-0.007092178509,0.,0.999974850185));
#3594=CARTESIAN_POINT('NONE',(-2.305578621182,3.301,0.631885017457));
#3595=DIRECTION('NONE',(-0.999974850185,0.,-0.007092178509));
#3596 = EDGE_CURVE('NONE',#6481,#946,#13093,.T.) ;
#3597 = SURFACE_STYLE_FILL_AREA(#13651) ;
#3598 = UNCERTAINTY_MEASURE_WITH_UNIT(LENGTH_MEASURE(1.000000000000E-05),#13639,'distance_accuracy_value','NONE');
#3599=CARTESIAN_POINT('NONE',(-1.978285258156,3.301,0.807643913064));
#3600 = CIRCLE('NONE',#11814,3.200000000000) ;
#3601 = PRESENTATION_LAYER_ASSIGNMENT('','',(#14186)) ;
#3602=CARTESIAN_POINT('NONE',(-2.586578768981,3.301,0.809067654498));
#3603 = ORIENTED_EDGE('NONE',*,*,#7673,.F.) ;
#3604 = ADVANCED_FACE('NONE',(#6469),#14464,.F.) ;
#3605=AXIS2_PLACEMENT_3D('NONE',#3360,#7702,#1100);
#3606 = PRESENTATION_STYLE_ASSIGNMENT((#6008)) ;
#3607=DIRECTION('NONE',(1.,0.,0.));
#3608 = VERTEX_POINT('NONE',#9811) ;
#3609=DIRECTION('NONE',(-0.999974850185,0.,-0.007092178509));
#3610 = SURFACE_SIDE_STYLE('',(#12359)) ;
#3611 = STYLED_ITEM('NONE',(#13588),#3420) ;
#3612=CARTESIAN_POINT('NONE',(-2.830405792484,3.301,0.613751348693));
#3613 = SURFACE_STYLE_USAGE(.BOTH.,#14475) ;
#3614 = PRESENTATION_STYLE_ASSIGNMENT((#6768)) ;
#3615 = PLANE('NONE',#5473) ;
#3616 = PRESENTATION_LAYER_ASSIGNMENT('','',(#5477)) ;
#3617 = VERTEX_POINT('NONE',#3322) ;
#3618 = PRESENTATION_LAYER_ASSIGNMENT('','',(#6426)) ;
#3619 = ORIENTED_EDGE('NONE',*,*,#12915,.T.) ;
#3620=CARTESIAN_POINT('NONE',(-2.580119829427,3.301,0.852784394404));
#3621=AXIS2_PLACEMENT_3D('NONE',#5768,#14820,#4759);
#3622 = ORIENTED_EDGE('NONE',*,*,#764,.F.) ;
#3623 = ADVANCED_FACE('NONE',(#12010),#785,.F.) ;
#3624=CARTESIAN_POINT('NONE',(-2.368206358308,3.299999999999,0.929713296567));
#3625 = ORIENTED_EDGE('NONE',*,*,#8781,.T.) ;
#3626=CARTESIAN_POINT('NONE',(-2.487107376923,3.301,0.603022477289));
#3627 = SURFACE_SIDE_STYLE('',(#4711)) ;
#3628 = ORIENTED_EDGE('NONE',*,*,#7290,.T.) ;
#3629=CARTESIAN_POINT('NONE',(-2.79535401671,3.299999999999,0.711885220435));
#3630=CARTESIAN_POINT('NONE',(-2.544086911328,3.301,0.737811082447));
#3631=CARTESIAN_POINT('NONE',(-2.265067138462,3.299999999999,0.672723917952));
#3632 = STYLED_ITEM('NONE',(#8053),#3129) ;
#3633 = B_SPLINE_CURVE_WITH_KNOTS('NONE',3,(#1216,#4774,#11339,#9303),.UNSPECIFIED.,.F.,.F.,(4,4),(27.000000000000,28.000000000000),.UNSPECIFIED.) ;
#3634 = VERTEX_POINT('NONE',#8782) ;
#3635 = EDGE_CURVE('NONE',#5220,#9559,#6602,.T.) ;
#3636=CARTESIAN_POINT('NONE',(-2.321204289102,3.299999999999,0.935037615536));
#3637 = SURFACE_SIDE_STYLE('',(#11451)) ;
#3638 = UNCERTAINTY_MEASURE_WITH_UNIT(LENGTH_MEASURE(1.000000000000E-05),#11400,'distance_accuracy_value','NONE');
#3639=CARTESIAN_POINT('NONE',(-2.393336196919,3.299999999999,0.703693967497));
#3640=CARTESIAN_POINT('NONE',(-2.398100375549,3.299999999999,0.671718011713));
#3641 = PLANE('NONE',#13294) ;
#3642 = VERTEX_POINT('NONE',#14246) ;
#3643 = VECTOR('NONE',#12980,1000.) ;
#3644 = STYLED_ITEM('NONE',(#9546),#7034) ;
#3645=CARTESIAN_POINT('NONE',(-2.79108071915,3.301,0.711915528186));
#3646 =(GEOMETRIC_REPRESENTATION_CONTEXT(3) GLOBAL_UNCERTAINTY_ASSIGNED_CONTEXT((#1009)) GLOBAL_UNIT_ASSIGNED_CONTEXT((#9608,#3764,#6035)) REPRESENTATION_CONTEXT('NONE','WORKASPACE'));
#3647 = PRESENTATION_STYLE_ASSIGNMENT((#9112)) ;
#3648=CARTESIAN_POINT('NONE',(-2.295531278295,3.301,0.666643473264));
#3649 = PRESENTATION_STYLE_ASSIGNMENT((#7792)) ;
#3650 = ORIENTED_EDGE('NONE',*,*,#14327,.T.) ;
#3651=CARTESIAN_POINT('NONE',(-2.641701160922,3.301,0.915109003889));
#3652 = VECTOR('NONE',#13222,1000.) ;
#3653 = UNCERTAINTY_MEASURE_WITH_UNIT(LENGTH_MEASURE(1.000000000000E-05),#2513,'distance_accuracy_value','NONE');
#3654 = ORIENTED_EDGE('NONE',*,*,#4515,.T.) ;
#3655 = SURFACE_STYLE_USAGE(.BOTH.,#4526) ;
#3656 = VERTEX_POINT('NONE',#13364) ;
#3657=CARTESIAN_POINT('NONE',(-2.206153292548,3.301,0.740207828274));
#3658=CARTESIAN_POINT('NONE',(1.799999999999,3.299999999999,1.5));
#3659 = EDGE_CURVE('NONE',#11743,#4233,#7807,.T.) ;
#3660=CARTESIAN_POINT('NONE',(-2.368206358308,3.301,0.929713296567));
#3661 = FACE_OUTER_BOUND('NONE',#13856,.T.) ;
#3662 = MECHANICAL_DESIGN_GEOMETRIC_PRESENTATION_REPRESENTATION('',(#1820),#9814) ;
#3663 = PRESENTATION_STYLE_ASSIGNMENT((#10597)) ;
#3664 = VECTOR('NONE',#5030,1000.) ;
#3665 = LINE('NONE',#13437,#7155) ;
#3666 = LINE('NONE',#1561,#1743) ;
#3667 = SURFACE_STYLE_USAGE(.BOTH.,#11641) ;
#3668 = EDGE_CURVE('NONE',#11743,#3835,#762,.T.) ;
#3669 =(LENGTH_UNIT() NAMED_UNIT(*) SI_UNIT(.MILLI.,.METRE.));
#3670 = EDGE_LOOP('NONE',(#10499,#2109,#7332,#10911)) ;
#3671 = COLOUR_RGB('',0.647058823529,0.619607843137,0.588235294117) ;
#3672=CARTESIAN_POINT('NONE',(-2.425221894515,3.301,0.704528402498));
#3673=DIRECTION('NONE',(-0.999974850185,0.,-0.007092178509));
#3674 = EDGE_CURVE('NONE',#5226,#11063,#11438,.T.) ;
#3675 = LINE('NONE',#14572,#9935) ;
#3676 = PRESENTATION_LAYER_ASSIGNMENT('','',(#6489)) ;
#3677 = FILL_AREA_STYLE('',(#12874)) ;
#3678 = ORIENTED_EDGE('NONE',*,*,#4816,.F.) ;
#3679=CARTESIAN_POINT('NONE',(-1.658976256131,3.299999999999,0.681501716022));
#3680=CARTESIAN_POINT('NONE',(-2.603099865801,3.299999999999,0.684301167068));
#3681 = EDGE_CURVE('NONE',#13893,#676,#12084,.T.) ;
#3682 =(NAMED_UNIT(*) PLANE_ANGLE_UNIT() SI_UNIT($,.RADIAN.));
#3683 = FACE_OUTER_BOUND('NONE',#12844,.T.) ;
#3684 = PRESENTATION_STYLE_ASSIGNMENT((#14162)) ;
#3685 =(LENGTH_UNIT() NAMED_UNIT(*) SI_UNIT(.MILLI.,.METRE.));
#3686 = FILL_AREA_STYLE('',(#2291)) ;
#3687 = EDGE_LOOP('NONE',(#10655,#5300,#12106,#12500,#8201,#11761)) ;
#3688=DIRECTION('NONE',(0.,-1.,0.));
#3689 = STYLED_ITEM('NONE',(#8162),#9661) ;
#3690 = ORIENTED_EDGE('NONE',*,*,#588,.F.) ;
#3691 = ADVANCED_FACE('NONE',(#11188,#14527),#1133,.T.) ;
#3692=CARTESIAN_POINT('NONE',(-2.580253891451,3.301,0.871686717921));
#3693 = VERTEX_POINT('NONE',#8986) ;
#3694=CARTESIAN_POINT('NONE',(-2.391785022508,3.299999999999,0.810449201266));
#3695=DIRECTION('NONE',(-1.314184451497000E-16,1.,0.));
#3696=DIRECTION('NONE',(0.007092178509,0.,-0.999974850185));
#3697 = ORIENTED_EDGE('NONE',*,*,#4408,.T.) ;
#3698 = B_SPLINE_SURFACE_WITH_KNOTS('NONE',3,1,((#12734,#705),(#10694,#14033),(#402,#1648),(#6086,#12950)),.UNSPECIFIED.,.F.,.F.,.F.,(4,4),(2,2),(8.000000000000,9.000000000000),(0.,1.),.UNSPECIFIED.) ;
#3699 = SURFACE_STYLE_USAGE(.BOTH.,#9317) ;
#3700=DIRECTION('NONE',(0.88961035806,0.,-0.456720276353));
#3701 = ORIENTED_EDGE('NONE',*,*,#5120,.T.) ;
#3702=AXIS2_PLACEMENT_3D('NONE',#5606,#14570,#9033);
#3703 = COLOUR_RGB('',0.647058823529,0.619607843137,0.588235294117) ;
#3704 =(LENGTH_UNIT() NAMED_UNIT(*) SI_UNIT(.MILLI.,.METRE.));
#3705=CARTESIAN_POINT('NONE',(-2.725303958321,3.299999999999,0.643007647519));
#3706 = EDGE_CURVE('NONE',#7237,#8613,#3665,.T.) ;
#3707=CARTESIAN_POINT('NONE',(-2.470464368018,3.299999999999,0.600645033687));
#3708=DIRECTION('NONE',(0.007092178509,0.,-0.999974850185));
#3709 = VECTOR('NONE',#2667,1000.) ;
#3710 =(LENGTH_UNIT() NAMED_UNIT(*) SI_UNIT(.MILLI.,.METRE.));
#3711 = COLOUR_RGB('',1.,1.,1.) ;
#3712 =(GEOMETRIC_REPRESENTATION_CONTEXT(3) GLOBAL_UNCERTAINTY_ASSIGNED_CONTEXT((#10125)) GLOBAL_UNIT_ASSIGNED_CONTEXT((#1384,#3558,#4641)) REPRESENTATION_CONTEXT('NONE','WORKASPACE'));
#3713 =(NAMED_UNIT(*) PLANE_ANGLE_UNIT() SI_UNIT($,.RADIAN.));
#3714 = B_SPLINE_CURVE_WITH_KNOTS('NONE',3,(#13386,#3341,#8657,#1951),.UNSPECIFIED.,.F.,.F.,(4,4),(1.,2.000000000000),.UNSPECIFIED.) ;
#3715=DIRECTION('NONE',(0.,-1.,0.));
#3716=CARTESIAN_POINT('NONE',(3.899999999999,0.324999999999,0.299999999999));
#3717 = SURFACE_STYLE_USAGE(.BOTH.,#13774) ;
#3718=AXIS2_PLACEMENT_3D('NONE',#1471,#11542,#12551);
#3719 = ORIENTED_EDGE('NONE',*,*,#1132,.T.) ;
#3720=DIRECTION('NONE',(0.,-1.,0.));
#3721 = UNCERTAINTY_MEASURE_WITH_UNIT(LENGTH_MEASURE(1.000000000000E-05),#805,'distance_accuracy_value','NONE');
#3722 = EDGE_CURVE('NONE',#6547,#14766,#10385,.T.) ;
#3723 = FILL_AREA_STYLE_COLOUR('',#1188) ;
#3724=DIRECTION('NONE',(0.,0.,1.));
#3725 = ORIENTED_EDGE('NONE',*,*,#3146,.F.) ;
#3726=DIRECTION('NONE',(0.,-1.,0.));
#3727 =(NAMED_UNIT(*) PLANE_ANGLE_UNIT() SI_UNIT($,.RADIAN.));
#3728 = ORIENTED_EDGE('NONE',*,*,#14839,.T.) ;
#3729=CARTESIAN_POINT('NONE',(-2.420369216353,3.301,0.662451564722));
#3730 = ORIENTED_EDGE('NONE',*,*,#1448,.T.) ;
#3731=DIRECTION('NONE',(0.,0.,1.));
#3732 = SURFACE_STYLE_FILL_AREA(#8011) ;
#3733 = SURFACE_STYLE_USAGE(.BOTH.,#4832) ;
#3734=CARTESIAN_POINT('NONE',(-2.425350409914,3.301,0.621490335455));
#3735 = PRESENTATION_STYLE_ASSIGNMENT((#1558)) ;
#3736=CARTESIAN_POINT('NONE',(-2.392613469828,3.299999999999,0.685357302399));
#3737 = ADVANCED_FACE('NONE',(#10310,#7876),#13505,.F.) ;
#3738=DIRECTION('NONE',(0.,-1.,0.));
#3739 = FILL_AREA_STYLE('',(#9208)) ;
#3740 = EDGE_LOOP('NONE',(#10479,#5185,#8254,#8197)) ;
#3741 = SURFACE_STYLE_FILL_AREA(#5931) ;
#3742 =(NAMED_UNIT(*) PLANE_ANGLE_UNIT() SI_UNIT($,.RADIAN.));
#3743 = COLOUR_RGB('',0.647058823529,0.619607843137,0.588235294117) ;
#3744=CARTESIAN_POINT('NONE',(3.15,3.857637417314000E-16,2.186229122613));
#3745 = FILL_AREA_STYLE_COLOUR('',#1681) ;
#3747 = SURFACE_SIDE_STYLE('',(#8187)) ;
#3746 = VECTOR('NONE',#2803,1000.) ;
#3748=CARTESIAN_POINT('NONE',(-2.403011006166,3.301,0.669187702008));
#3749=CARTESIAN_POINT('NONE',(3.3,-1.,2.5));
#3750=CARTESIAN_POINT('NONE',(-2.401496751873,3.299999999999,0.627211961027));
#3751 = EDGE_CURVE('NONE',#13642,#13415,#9290,.T.) ;
#3752=CARTESIAN_POINT('NONE',(-2.399911048344,3.301,0.614745798602));
#3753 =(LENGTH_UNIT() NAMED_UNIT(*) SI_UNIT(.MILLI.,.METRE.));
#3754 = ORIENTED_EDGE('NONE',*,*,#8138,.F.) ;
#3755 = ADVANCED_FACE('NONE',(#2650),#7062,.F.) ;
#3756 = EDGE_CURVE('NONE',#395,#8501,#3880,.T.) ;
#3757 = VERTEX_POINT('NONE',#8331) ;
#3758 = MECHANICAL_DESIGN_GEOMETRIC_PRESENTATION_REPRESENTATION('',(#2122),#5390) ;
#3759 = SURFACE_SIDE_STYLE('',(#7089)) ;
#3760 = ORIENTED_EDGE('NONE',*,*,#8418,.T.) ;
#3761=DIRECTION('NONE',(-0.999974850185,0.,-0.007092178509));
#3762 = LINE('NONE',#6174,#13995) ;
#3763 = ORIENTED_EDGE('NONE',*,*,#14053,.F.) ;
#3764 =(NAMED_UNIT(*) PLANE_ANGLE_UNIT() SI_UNIT($,.RADIAN.));
#3765 =(NAMED_UNIT(*) PLANE_ANGLE_UNIT() SI_UNIT($,.RADIAN.));
#3766 = ORIENTED_EDGE('NONE',*,*,#12431,.F.) ;
#3767 = PRESENTATION_LAYER_ASSIGNMENT('','',(#5398)) ;
#3768 = SURFACE_SIDE_STYLE('',(#2846)) ;
#3769=AXIS2_PLACEMENT_3D('NONE',#7947,#11317,#13572);
#3770 = EDGE_CURVE('NONE',#2017,#751,#3366,.T.) ;
#3771=CARTESIAN_POINT('NONE',(-2.305354750381,3.299999999999,0.653098200189));
#3772 = FACE_OUTER_BOUND('NONE',#2845,.T.) ;
#3773 = FILL_AREA_STYLE('',(#4568)) ;
#3774=CARTESIAN_POINT('NONE',(-2.648418018957,3.299999999999,0.723034044098));
#3775 = B_SPLINE_CURVE_WITH_KNOTS('NONE',3,(#8240,#1412,#13791,#11554),.UNSPECIFIED.,.F.,.F.,(4,4),(19.000000000000,20.),.UNSPECIFIED.) ;
#3776 = SURFACE_STYLE_USAGE(.BOTH.,#4945) ;
#3777 = ORIENTED_EDGE('NONE',*,*,#1793,.F.) ;
#3778 = VECTOR('NONE',#14297,1000.) ;
#3779=AXIS2_PLACEMENT_3D('NONE',#7589,#9872,#7660);
#3780 = PRESENTATION_STYLE_ASSIGNMENT((#5969)) ;
#3781 = EDGE_CURVE('NONE',#4039,#6573,#4741,.T.) ;
#3782 = UNCERTAINTY_MEASURE_WITH_UNIT(LENGTH_MEASURE(1.000000000000E-05),#4545,'distance_accuracy_value','NONE');
#3783=CARTESIAN_POINT('NONE',(-2.285710233412,3.299999999999,0.640947278447));
#3784=CARTESIAN_POINT('NONE',(-2.431461167227,3.301,0.687015779029));
#3785=CARTESIAN_POINT('NONE',(-2.206660781465,3.301,0.811762168451));
#3786 = PRESENTATION_STYLE_ASSIGNMENT((#1830)) ;
#3787 = ORIENTED_EDGE('NONE',*,*,#1816,.T.) ;
#3788 = B_SPLINE_CURVE_WITH_KNOTS('NONE',3,(#4007,#5035,#11911,#9558),.UNSPECIFIED.,.F.,.F.,(4,4),(4.000000000000,5.000000000000),.UNSPECIFIED.) ;
#3789 = ORIENTED_EDGE('NONE',*,*,#710,.F.) ;
#3790 = VECTOR('NONE',#7172,1000.) ;
#3791=CARTESIAN_POINT('NONE',(-2.205287862451,3.301,0.618184908146));
#3792 = PRESENTATION_STYLE_ASSIGNMENT((#13847)) ;
#3793 = ORIENTED_EDGE('NONE',*,*,#14024,.T.) ;
#3794 = ORIENTED_EDGE('NONE',*,*,#6270,.T.) ;
#3795 =(LENGTH_UNIT() NAMED_UNIT(*) SI_UNIT(.MILLI.,.METRE.));
#3796 = LINE('NONE',#12922,#8143) ;
#3797 = EDGE_CURVE('NONE',#7349,#10414,#4975,.T.) ;
#3798 = VECTOR('NONE',#2828,1000.) ;
#3799 = ORIENTED_EDGE('NONE',*,*,#13227,.T.) ;
#3801 = PRESENTATION_LAYER_ASSIGNMENT('','',(#10156)) ;
#3800=CARTESIAN_POINT('NONE',(-2.794773315725,3.299999999999,0.713573789161));
#3802 = EDGE_LOOP('NONE',(#497,#11921,#6583,#2358)) ;
#3803=CARTESIAN_POINT('NONE',(-2.410662989055,3.301,0.666138853302));
#3804 = COLOUR_RGB('',0.647058823529,0.619607843137,0.588235294117) ;
#3805 = FACE_BOUND('NONE',#10804,.T.) ;
#3806=DIRECTION('NONE',(-0.999974850185,0.,-0.007092178509));
#3807=DIRECTION('NONE',(1.314184451497000E-16,-1.,0.));
#3808 = VECTOR('NONE',#4874,1000.) ;
#3809=DIRECTION('NONE',(-0.999974850185,0.,-0.007092178509));
#3810 = LINE('NONE',#1347,#4974) ;
#3811 = B_SPLINE_SURFACE_WITH_KNOTS('NONE',3,1,((#10198,#5974),(#10496,#10276),(#2392,#4889),(#13838,#8065)),.UNSPECIFIED.,.F.,.F.,.F.,(4,4),(2,2),(0.,1.),(0.,1.),.UNSPECIFIED.) ;
#3812 =(GEOMETRIC_REPRESENTATION_CONTEXT(3) GLOBAL_UNCERTAINTY_ASSIGNED_CONTEXT((#6421)) GLOBAL_UNIT_ASSIGNED_CONTEXT((#14449,#11303,#5415)) REPRESENTATION_CONTEXT('NONE','WORKASPACE'));
#3813 = ORIENTED_EDGE('NONE',*,*,#8461,.F.) ;
#3814=CARTESIAN_POINT('NONE',(-2.701834336199,3.301,0.641302491134));
#3815=CARTESIAN_POINT('NONE',(-2.793511923081,3.301,0.720445310248));
#3816=CARTESIAN_POINT('NONE',(-2.738015227702,3.299999999999,0.614406615551));
#3817 = ORIENTED_EDGE('NONE',*,*,#3849,.F.) ;
#3818 = STYLED_ITEM('NONE',(#13665),#12958) ;
#3819 = PRESENTATION_LAYER_ASSIGNMENT('','',(#2417)) ;
#3820 = FILL_AREA_STYLE('',(#6158)) ;
#3821 = LINE('NONE',#2825,#3709) ;
#3822=CARTESIAN_POINT('NONE',(-2.559363214998,3.301,0.670636665148));
#3823=AXIS2_PLACEMENT_3D('NONE',#6065,#5917,#2643);
#3824=CARTESIAN_POINT('NONE',(0.,0.,0.5));
#3825=DIRECTION('NONE',(0.,-1.,0.));
#3826 = ORIENTED_EDGE('NONE',*,*,#9262,.F.) ;
#3827 = COLOUR_RGB('',0.647058823529,0.619607843137,0.588235294117) ;
#3828 = ORIENTED_EDGE('NONE',*,*,#6319,.F.) ;
#3829=CARTESIAN_POINT('NONE',(-2.580253891451,3.299999999999,0.871686717921));
#3830 = VERTEX_POINT('NONE',#10451) ;
#3831 = FACE_OUTER_BOUND('NONE',#6788,.T.) ;
#3832=CARTESIAN_POINT('NONE',(-1.773274020676,3.299999999999,0.649456914113));
#3833 = COLOUR_RGB('',0.647058823529,0.619607843137,0.588235294117) ;
#3834 = VERTEX_POINT('NONE',#1560) ;
#3835 = VERTEX_POINT('NONE',#14090) ;
#3836=CARTESIAN_POINT('NONE',(-2.410297968692,3.299999999999,0.614672130856));
#3837=DIRECTION('NONE',(0.,-1.,0.));
#3838 = EDGE_CURVE('NONE',#12731,#7571,#6070,.T.) ;
#3839 = VERTEX_POINT('NONE',#389) ;
#3840=DIRECTION('NONE',(0.,0.,1.));
#3841=CARTESIAN_POINT('NONE',(-2.306035261891,3.299999999999,0.90738296511));
#3842 = PRESENTATION_LAYER_ASSIGNMENT('','',(#8341)) ;
#3843 = PRESENTATION_STYLE_ASSIGNMENT((#3989)) ;
#3844=DIRECTION('NONE',(0.,1.,0.));
#3845 = PRESENTATION_LAYER_ASSIGNMENT('','',(#1761)) ;
#3846=DIRECTION('NONE',(-0.007092178509,0.,0.999974850185));
#3847=DIRECTION('NONE',(0.345199932434,0.,-0.938529171974));
#3848 = COLOUR_RGB('',0.647058823529,0.619607843137,0.588235294117) ;
#3849 = EDGE_CURVE('NONE',#12245,#917,#10598,.T.) ;
#3850 = UNCERTAINTY_MEASURE_WITH_UNIT(LENGTH_MEASURE(1.000000000000E-05),#452,'distance_accuracy_value','NONE');
#3851 = FILL_AREA_STYLE_COLOUR('',#2473) ;
#3852 = MECHANICAL_DESIGN_GEOMETRIC_PRESENTATION_REPRESENTATION('',(#2452),#6914) ;
#3853=DIRECTION('NONE',(0.007092178509,0.,-0.999974850185));
#3854=CARTESIAN_POINT('NONE',(-2.40935956794,3.299999999999,0.693473622903));
#3855=CARTESIAN_POINT('NONE',(-2.484932793369,3.301,0.630675360704));
#3856=CARTESIAN_POINT('NONE',(-1.827106469332,3.301,0.65514845375));
#3857 = LINE('NONE',#6123,#3664) ;
#3858 = EDGE_CURVE('NONE',#4929,#6204,#1776,.T.) ;
#3859 = VERTEX_POINT('NONE',#12935) ;
#3860 = PRESENTATION_LAYER_ASSIGNMENT('','',(#10706)) ;
#3861 = EDGE_LOOP('NONE',(#6647,#1974,#13474,#8830)) ;
#3862 = EDGE_CURVE('NONE',#1175,#8613,#11778,.T.) ;
#3863 = UNCERTAINTY_MEASURE_WITH_UNIT(LENGTH_MEASURE(1.000000000000E-05),#3468,'distance_accuracy_value','NONE');
#3864=CARTESIAN_POINT('NONE',(-1.621381567201,3.299999999999,0.885657628431));
#3865 = ADVANCED_FACE('NONE',(#10680),#9110,.F.) ;
#3866 = B_SPLINE_CURVE_WITH_KNOTS('NONE',3,(#2190,#5754,#11174,#7860),.UNSPECIFIED.,.F.,.F.,(4,4),(5.000000000000,6.000000000000),.UNSPECIFIED.) ;
#3867 = FACE_OUTER_BOUND('NONE',#6114,.T.) ;
#3868 = ORIENTED_EDGE('NONE',*,*,#14587,.F.) ;
#3869 = ADVANCED_FACE('NONE',(#13143),#8836,.F.) ;
#3870 = LINE('NONE',#7199,#1233) ;
#3871 = ORIENTED_EDGE('NONE',*,*,#1024,.F.) ;
#3872 = COLOUR_RGB('',0.250980392156,0.250980392156,0.250980392156) ;
#3873=CARTESIAN_POINT('NONE',(-2.563687867268,3.299999999999,0.871367500768));
#3874 = ORIENTED_EDGE('NONE',*,*,#13066,.F.) ;
#3875=CARTESIAN_POINT('NONE',(-1.668728691614,3.299999999999,0.588597830522));
#3876 = LINE('NONE',#3953,#5749) ;
#3877 =(GEOMETRIC_REPRESENTATION_CONTEXT(3) GLOBAL_UNCERTAINTY_ASSIGNED_CONTEXT((#7750)) GLOBAL_UNIT_ASSIGNED_CONTEXT((#10481,#13819,#417)) REPRESENTATION_CONTEXT('NONE','WORKASPACE'));
#3878=CARTESIAN_POINT('NONE',(-3.299999999999,3.299999999999,0.));
#3879 = EDGE_CURVE('NONE',#5140,#2874,#11467,.T.) ;
#3880 = LINE('NONE',#11563,#1074) ;
#3881 = FILL_AREA_STYLE('',(#4026)) ;
#3882 = ORIENTED_EDGE('NONE',*,*,#1359,.T.) ;
#3883 = COLOUR_RGB('',0.647058823529,0.619607843137,0.588235294117) ;
#3884 = PLANE('NONE',#4227) ;
#3885=CARTESIAN_POINT('NONE',(-2.368089551792,3.299999999999,0.913243945384));
#3886 = SURFACE_STYLE_USAGE(.BOTH.,#4984) ;
#3887=CARTESIAN_POINT('NONE',(-1.714303895699,3.301,0.898012801955));
#3888=CARTESIAN_POINT('NONE',(-0.880617391387,2.499402530603,7.7));
#3889 = FACE_OUTER_BOUND('NONE',#10665,.T.) ;
#3890 = COLOUR_RGB('',0.647058823529,0.619607843137,0.588235294117) ;
#3891 = FILL_AREA_STYLE('',(#14105)) ;
#3892 =(NAMED_UNIT(*) SI_UNIT($,.STERADIAN.) SOLID_ANGLE_UNIT());
#3893=CARTESIAN_POINT('NONE',(-2.608948016449,3.299999999999,0.629234317088));
#3894=DIRECTION('NONE',(-1.,1.224646799147000E-16,0.));
#3895 = ADVANCED_FACE('NONE',(#14301),#6589,.F.) ;
#3896=CARTESIAN_POINT('NONE',(-2.386753145569,3.301,0.69912401559));
#3897 = SURFACE_STYLE_FILL_AREA(#8424) ;
#3898 = VERTEX_POINT('NONE',#5549) ;
#3899 = STYLED_ITEM('NONE',(#2312),#8392) ;
#3900=CARTESIAN_POINT('NONE',(-2.573867499598,3.299999999999,0.837668686466));
#3901 = ORIENTED_EDGE('NONE',*,*,#6047,.T.) ;
#3902 = COLOUR_RGB('',0.647058823529,0.619607843137,0.588235294117) ;
#3903 = FILL_AREA_STYLE('',(#10552)) ;
#3904 = LINE('NONE',#13752,#9102) ;
#3905 = SURFACE_SIDE_STYLE('',(#3049)) ;
#3906 = ORIENTED_EDGE('NONE',*,*,#3596,.F.) ;
#3907 = ORIENTED_EDGE('NONE',*,*,#5321,.T.) ;
#3908=DIRECTION('NONE',(0.,0.,1.));
#3909 = ORIENTED_EDGE('NONE',*,*,#8752,.T.) ;
#3910 = SURFACE_SIDE_STYLE('',(#7321)) ;
#3911 = SURFACE_SIDE_STYLE('',(#1736)) ;
#3912 = COLOUR_RGB('',0.647058823529,0.619607843137,0.588235294117) ;
#3913 = PRESENTATION_STYLE_ASSIGNMENT((#7175)) ;
#3914 = COLOUR_RGB('',0.647058823529,0.619607843137,0.588235294117) ;
#3915 = PLANE('NONE',#4076) ;
#3916=CARTESIAN_POINT('NONE',(-2.454718845175,3.299999999999,0.588466458886));
#3917=CARTESIAN_POINT('NONE',(-2.755420337475,3.301,0.614283172301));
#3918 = EDGE_CURVE('NONE',#12925,#3282,#14019,.T.) ;
#3919 = VERTEX_POINT('NONE',#6804) ;
#3920=CARTESIAN_POINT('NONE',(-2.070469228394,3.301,0.838224223174));
#3921 = PRESENTATION_LAYER_ASSIGNMENT('','',(#13318)) ;
#3922 = VECTOR('NONE',#3837,1000.) ;
#3923=CARTESIAN_POINT('NONE',(-2.451663407078,3.299999999999,0.878962206015));
#3924 = PRESENTATION_LAYER_ASSIGNMENT('','',(#12153)) ;
#3925 = VECTOR('NONE',#14799,1000.) ;
#3926 = UNCERTAINTY_MEASURE_WITH_UNIT(LENGTH_MEASURE(1.000000000000E-05),#11498,'distance_accuracy_value','NONE');
#3927=CARTESIAN_POINT('NONE',(-2.431461167227,3.301,0.687015779029));
#3928=DIRECTION('NONE',(0.,-1.,0.));
#3929=CARTESIAN_POINT('NONE',(-2.333861095493,3.299999999999,0.6348661673));
#3930 = EDGE_LOOP('NONE',(#2751,#14502,#14450,#13347)) ;
#3931 = EDGE_LOOP('NONE',(#14113,#10014,#8608,#4293)) ;
#3932 = PRESENTATION_LAYER_ASSIGNMENT('','',(#10293)) ;
#3933 = B_SPLINE_SURFACE_WITH_KNOTS('NONE',3,1,((#14139,#3355),(#13264,#6497),(#3213,#891),(#11021,#4427)),.UNSPECIFIED.,.F.,.F.,.F.,(4,4),(2,2),(2.000000000000,3.000000000000),(0.,1.),.UNSPECIFIED.) ;
#3934 = SURFACE_STYLE_FILL_AREA(#1964) ;
#3935 = EDGE_CURVE('NONE',#10844,#11770,#3866,.T.) ;
#3936 = FILL_AREA_STYLE_COLOUR('',#8039) ;
#3937=DIRECTION('NONE',(0.866746770637,0.,-0.49874846926));
#3938 = STYLED_ITEM('NONE',(#6937),#10244) ;
#3939 =(GEOMETRIC_REPRESENTATION_CONTEXT(3) GLOBAL_UNCERTAINTY_ASSIGNED_CONTEXT((#11476)) GLOBAL_UNIT_ASSIGNED_CONTEXT((#11650,#5205,#779)) REPRESENTATION_CONTEXT('NONE','WORKASPACE'));
#3940 = VECTOR('NONE',#5888,1000.) ;
#3941 = EDGE_CURVE('NONE',#2447,#9894,#3501,.T.) ;
#3942 = ORIENTED_EDGE('NONE',*,*,#13079,.T.) ;
#3943 = SURFACE_STYLE_USAGE(.BOTH.,#14076) ;
#3944 = STYLED_ITEM('NONE',(#4814),#2838) ;
#3945 = SURFACE_SIDE_STYLE('',(#14224)) ;
#3946=CARTESIAN_POINT('NONE',(-2.399911048344,3.301,0.614745798602));
#3947 = UNCERTAINTY_MEASURE_WITH_UNIT(LENGTH_MEASURE(1.000000000000E-05),#3704,'distance_accuracy_value','NONE');
#3948 = SURFACE_STYLE_USAGE(.BOTH.,#8684) ;
#3949 = ORIENTED_EDGE('NONE',*,*,#2084,.F.) ;
#3950=CARTESIAN_POINT('NONE',(-1.945231410163,3.299999999999,0.673398153735));
#3951 = ORIENTED_EDGE('NONE',*,*,#12326,.F.) ;
#3952=CARTESIAN_POINT('NONE',(-2.395868713299,3.301,0.673730224867));
#3953=CARTESIAN_POINT('NONE',(-2.460806603498,3.301,0.703527378515));
#3954=DIRECTION('NONE',(0.999974850185,0.,0.00709217851));
#3955 = STYLED_ITEM('NONE',(#5388),#6172) ;
#3956=AXIS2_PLACEMENT_3D('NONE',#13455,#13390,#7755);
#3957 = ADVANCED_FACE('NONE',(#6882),#11716,.F.) ;
#3958 = FILL_AREA_STYLE_COLOUR('',#1541) ;
#3959 = FACE_OUTER_BOUND('NONE',#11931,.T.) ;
#3960=DIRECTION('NONE',(-0.342741495853,0.,-0.939429756299));
#3961 = FILL_AREA_STYLE_COLOUR('',#11785) ;
#3962 = VERTEX_POINT('NONE',#12335) ;
#3963=CARTESIAN_POINT('NONE',(-3.899999999999,-0.324999999999,-0.05));
#3964=CARTESIAN_POINT('NONE',(-2.527370231196,3.301,0.703055285512));
#3965 = LINE('NONE',#2742,#13673) ;
#3966 = PRESENTATION_STYLE_ASSIGNMENT((#4987)) ;
#3967 = EDGE_LOOP('NONE',(#2600,#6231,#7852,#9234)) ;
#3968 = EDGE_CURVE('NONE',#4899,#8393,#11468,.T.) ;
#3969=DIRECTION('NONE',(0.,-1.,0.));
#3970 = FACE_OUTER_BOUND('NONE',#5914,.T.) ;
#3971 = PRESENTATION_STYLE_ASSIGNMENT((#10541)) ;
#3972=CARTESIAN_POINT('NONE',(-2.41094482902,3.301,0.705877401422));
#3973 = EDGE_LOOP('NONE',(#2409,#11143,#14366,#12395)) ;
#3974 =(NAMED_UNIT(*) PLANE_ANGLE_UNIT() SI_UNIT($,.RADIAN.));
#3975 = ORIENTED_EDGE('NONE',*,*,#13301,.T.) ;
#3976 = PRESENTATION_STYLE_ASSIGNMENT((#1800)) ;
#3977 = MECHANICAL_DESIGN_GEOMETRIC_PRESENTATION_REPRESENTATION('',(#11807),#492) ;
#3978 = ORIENTED_EDGE('NONE',*,*,#8288,.F.) ;
#3979=CARTESIAN_POINT('NONE',(-2.73155628815,3.299999999999,0.658123355456));
#3980=DIRECTION('NONE',(-0.007092178509,0.,0.999974850185));
#3981 = SURFACE_SIDE_STYLE('',(#11805)) ;
#3982 = ORIENTED_EDGE('NONE',*,*,#7584,.F.) ;
#3983 = EDGE_CURVE('NONE',#2971,#1591,#3378,.T.) ;
#3984 = ORIENTED_EDGE('NONE',*,*,#8864,.F.) ;
#3985=CARTESIAN_POINT('NONE',(-2.648418018957,3.301,0.723034044098));
#3986 = FACE_OUTER_BOUND('NONE',#13849,.T.) ;
#3987=CARTESIAN_POINT('NONE',(-2.340286635026,3.301,0.617227448673));
#3988 = B_SPLINE_CURVE_WITH_KNOTS('NONE',3,(#10487,#13049,#14057,#12830),.UNSPECIFIED.,.F.,.F.,(4,4),(3.000000000000,4.000000000000),.UNSPECIFIED.) ;
#3989 = SURFACE_STYLE_USAGE(.BOTH.,#1738) ;
#3990 =(GEOMETRIC_REPRESENTATION_CONTEXT(3) GLOBAL_UNCERTAINTY_ASSIGNED_CONTEXT((#12190)) GLOBAL_UNIT_ASSIGNED_CONTEXT((#7477,#14418,#1283)) REPRESENTATION_CONTEXT('NONE','WORKASPACE'));
#3991=CARTESIAN_POINT('NONE',(-2.106211892943,3.299999999999,0.739930350746));
#3992 = B_SPLINE_CURVE_WITH_KNOTS('NONE',3,(#1538,#12771,#3640,#5900),.UNSPECIFIED.,.F.,.F.,(4,4),(14.000000000000,15.000000000000),.UNSPECIFIED.) ;
#3993 = PLANE('NONE',#1206) ;
#3994 = VERTEX_POINT('NONE',#6728) ;
#3995=CARTESIAN_POINT('NONE',(-2.847810902256,3.299999999999,0.613627905443));
#3996 = UNCERTAINTY_MEASURE_WITH_UNIT(LENGTH_MEASURE(1.000000000000E-05),#13709,'distance_accuracy_value','NONE');
#3997 = COLOUR_RGB('',0.647058823529,0.619607843137,0.588235294117) ;
#3998 = LINE('NONE',#5313,#3643) ;
#3999=CARTESIAN_POINT('NONE',(-2.420369216353,3.299999999999,0.662451564722));
#4000=CARTESIAN_POINT('NONE',(0.,0.,0.956856893858));
#4001 =(GEOMETRIC_REPRESENTATION_CONTEXT(3) GLOBAL_UNCERTAINTY_ASSIGNED_CONTEXT((#6537)) GLOBAL_UNIT_ASSIGNED_CONTEXT((#848,#12137,#5278)) REPRESENTATION_CONTEXT('NONE','WORKASPACE'));
#4002 = ORIENTED_EDGE('NONE',*,*,#3751,.T.) ;
#4003 = VERTEX_POINT('NONE',#11236) ;
#4004 = UNCERTAINTY_MEASURE_WITH_UNIT(LENGTH_MEASURE(1.000000000000E-05),#3554,'distance_accuracy_value','NONE');
#4005 = PRESENTATION_STYLE_ASSIGNMENT((#14069)) ;
#4006 = VECTOR('NONE',#10213,1000.) ;
#4007=CARTESIAN_POINT('NONE',(-2.339326813793,3.299999999999,0.934909084123));
#4008 =(GEOMETRIC_REPRESENTATION_CONTEXT(3) GLOBAL_UNCERTAINTY_ASSIGNED_CONTEXT((#5666)) GLOBAL_UNIT_ASSIGNED_CONTEXT((#5696,#12487,#4529)) REPRESENTATION_CONTEXT('NONE','WORKASPACE'));
#4009=AXIS2_PLACEMENT_3D('NONE',#13372,#2348,#12228);
#4010 =(NAMED_UNIT(*) PLANE_ANGLE_UNIT() SI_UNIT($,.RADIAN.));
#4011 = EDGE_LOOP('NONE',(#9096,#9926,#13426,#2166)) ;
#4012=DIRECTION('NONE',(0.94224312022,0.,-0.334929697692));
#4013=CARTESIAN_POINT('NONE',(-2.345691263348,3.301,0.706340202998));
#4014 = ORIENTED_EDGE('NONE',*,*,#1122,.F.) ;
#4015 = FACE_OUTER_BOUND('NONE',#5022,.T.) ;
#4016 = VERTEX_POINT('NONE',#1186) ;
#4017 = LINE('NONE',#5335,#13218) ;
#4018 =(NAMED_UNIT(*) PLANE_ANGLE_UNIT() SI_UNIT($,.RADIAN.));
#4019 = PRESENTATION_LAYER_ASSIGNMENT('','',(#7798)) ;
#4020=AXIS2_PLACEMENT_3D('NONE',#2015,#3057,#11006);
#4021 = EDGE_CURVE('NONE',#7970,#917,#5826,.T.) ;
#4022 = ADVANCED_FACE('NONE',(#5614),#4734,.F.) ;
#4023 = FILL_AREA_STYLE_COLOUR('',#13684) ;
#4024 = FILL_AREA_STYLE_COLOUR('',#4058) ;
#4025 = FILL_AREA_STYLE_COLOUR('',#10145) ;
#4026 = FILL_AREA_STYLE_COLOUR('',#5107) ;
#4027 = EDGE_LOOP('NONE',(#6959,#10363,#1628,#6930)) ;
#4028=CARTESIAN_POINT('NONE',(-2.448671365021,3.299999999999,0.575844779842));
#4029 =(GEOMETRIC_REPRESENTATION_CONTEXT(3) GLOBAL_UNCERTAINTY_ASSIGNED_CONTEXT((#4500)) GLOBAL_UNIT_ASSIGNED_CONTEXT((#14181,#11117,#5357)) REPRESENTATION_CONTEXT('NONE','WORKASPACE'));
#4030 = STYLED_ITEM('NONE',(#6923),#12138) ;
#4031 = VECTOR('NONE',#776,1000.) ;
#4032 =(NAMED_UNIT(*) SI_UNIT($,.STERADIAN.) SOLID_ANGLE_UNIT());
#4033 = EDGE_CURVE('NONE',#6847,#7227,#990,.T.) ;
#4034 = VERTEX_POINT('NONE',#859) ;
#4035=DIRECTION('NONE',(-1.,1.264902534566000E-16,0.));
#4036=CARTESIAN_POINT('NONE',(2.55,2.549999999999,1.));
#4037 = FILL_AREA_STYLE_COLOUR('',#1051) ;
#4038 =(NAMED_UNIT(*) SI_UNIT($,.STERADIAN.) SOLID_ANGLE_UNIT());
#4039 = VERTEX_POINT('NONE',#9878) ;
#4040=DIRECTION('NONE',(0.,0.,-1.));
#4041 = ADVANCED_FACE('NONE',(#4326),#6150,.T.) ;
#4042=DIRECTION('NONE',(0.,0.,-1.));
#4043 = PRESENTATION_LAYER_ASSIGNMENT('','',(#9953)) ;
#4044=AXIS2_PLACEMENT_3D('NONE',#5682,#6800,#1256);
#4045 = SURFACE_SIDE_STYLE('',(#12147)) ;
#4046=CARTESIAN_POINT('NONE',(-2.413133344842,3.299999999999,0.649401604865));
#4047=DIRECTION('NONE',(0.999974850185,0.,0.007092178509));
#4048 = UNCERTAINTY_MEASURE_WITH_UNIT(LENGTH_MEASURE(1.000000000000E-05),#11196,'distance_accuracy_value','NONE');
#4049=CARTESIAN_POINT('NONE',(-2.393336196919,3.299999999999,0.703693967497));
#4050 =(GEOMETRIC_REPRESENTATION_CONTEXT(3) GLOBAL_UNCERTAINTY_ASSIGNED_CONTEXT((#6560)) GLOBAL_UNIT_ASSIGNED_CONTEXT((#1985,#8769,#14094)) REPRESENTATION_CONTEXT('NONE','WORKASPACE'));
#4051 =(NAMED_UNIT(*) SI_UNIT($,.STERADIAN.) SOLID_ANGLE_UNIT());
#4052 = EDGE_CURVE('NONE',#3284,#13514,#8636,.T.) ;
#4053 = ORIENTED_EDGE('NONE',*,*,#477,.T.) ;
#4054=CARTESIAN_POINT('NONE',(-1.766961098568,3.301,0.737998384387));
#4055 = VERTEX_POINT('NONE',#2974) ;
#4056 = FILL_AREA_STYLE('',(#14117)) ;
#4057 = PRESENTATION_LAYER_ASSIGNMENT('','',(#3818)) ;
#4058 = COLOUR_RGB('',0.647058823529,0.619607843137,0.588235294117) ;
#4059 = UNCERTAINTY_MEASURE_WITH_UNIT(LENGTH_MEASURE(1.000000000000E-05),#4647,'distance_accuracy_value','NONE');
#4060 = EDGE_CURVE('NONE',#6344,#12563,#2070,.T.) ;
#4061=DIRECTION('NONE',(0.999974850185,0.,0.007092178509));
#4062 = SURFACE_SIDE_STYLE('',(#2003)) ;
#4063 = ORIENTED_EDGE('NONE',*,*,#1706,.T.) ;
#4064 = ORIENTED_EDGE('NONE',*,*,#7673,.T.) ;
#4065 = MECHANICAL_DESIGN_GEOMETRIC_PRESENTATION_REPRESENTATION('',(#10421),#3812) ;
#4066 = LINE('NONE',#9536,#8167) ;
#4067 = ORIENTED_EDGE('NONE',*,*,#5705,.F.) ;
#4068=CARTESIAN_POINT('NONE',(-1.740749406585,3.301,0.834489457988));
#4069 = LINE('NONE',#9686,#11703) ;
#4070 = FILL_AREA_STYLE_COLOUR('',#373) ;
#4071=AXIS2_PLACEMENT_3D('NONE',#2648,#1494,#8097);
#4072=CARTESIAN_POINT('NONE',(-2.376788971941,3.299999999999,0.675238060169));
#4073=CARTESIAN_POINT('NONE',(-0.999999999999,-3.299999999999,1.5));
#4074 = ORIENTED_EDGE('NONE',*,*,#1226,.T.) ;
#4075 = EDGE_CURVE('NONE',#5594,#6036,#6494,.T.) ;
#4076=AXIS2_PLACEMENT_3D('NONE',#12758,#12829,#1818);
#4077 = VECTOR('NONE',#11293,1000.) ;
#4078 = ORIENTED_EDGE('NONE',*,*,#2137,.T.) ;
#4079=DIRECTION('NONE',(0.,-1.,0.));
#4080 = LINE('NONE',#8596,#11402) ;
#4081 = UNCERTAINTY_MEASURE_WITH_UNIT(LENGTH_MEASURE(1.000000000000E-05),#5104,'distance_accuracy_value','NONE');
#4082 = COLOUR_RGB('',0.647058823529,0.619607843137,0.588235294117) ;
#4083=CARTESIAN_POINT('NONE',(3.3,-3.299999999999,1.));
#4084 = ORIENTED_EDGE('NONE',*,*,#7866,.F.) ;
#4085 = VECTOR('NONE',#1867,1000.) ;
#4086=CARTESIAN_POINT('NONE',(-2.292955209241,3.301,0.870792151638));
#4087 = ORIENTED_EDGE('NONE',*,*,#1559,.F.) ;
#4088=CARTESIAN_POINT('NONE',(-1.607488114217,3.299999999999,0.761687394205));
#4089=CARTESIAN_POINT('NONE',(-2.408025864834,3.299999999999,0.879271699038));
#4090 = ADVANCED_FACE('NONE',(#5358),#10528,.F.) ;
#4091 = PRESENTATION_LAYER_ASSIGNMENT('','',(#9506)) ;
#4092 = SURFACE_STYLE_FILL_AREA(#450) ;
#4093 = ORIENTED_EDGE('NONE',*,*,#7191,.T.) ;
#4094 = ORIENTED_EDGE('NONE',*,*,#10830,.F.) ;
#4095 = SURFACE_STYLE_FILL_AREA(#14148) ;
#4096 = SURFACE_STYLE_USAGE(.BOTH.,#11840) ;
#4097=CARTESIAN_POINT('NONE',(-2.345691263348,3.299999999999,0.706340202998));
#4098 = ORIENTED_EDGE('NONE',*,*,#2567,.T.) ;
#4099 = ORIENTED_EDGE('NONE',*,*,#10978,.F.) ;
#4100=CARTESIAN_POINT('NONE',(-2.641701160922,3.301,0.915109003889));
#4101=CARTESIAN_POINT('NONE',(-2.715124325989,3.301,0.676706461821));
#4102 = VERTEX_POINT('NONE',#620) ;
#4103 =(NAMED_UNIT(*) SI_UNIT($,.STERADIAN.) SOLID_ANGLE_UNIT());
#4104 = STYLED_ITEM('NONE',(#7129),#7383) ;
#4105=CARTESIAN_POINT('NONE',(-2.393667800553,3.299999999999,0.675679832889));
#4106=CARTESIAN_POINT('NONE',(-2.469192572951,3.299999999999,0.575262526803));
#4107 = MECHANICAL_DESIGN_GEOMETRIC_PRESENTATION_REPRESENTATION('',(#10706),#3184) ;
#4108 = EDGE_LOOP('NONE',(#9380,#13388,#2383,#6510,#5406,#11127,#11941,#6592,#8825,#13002,#8821,#11034,#2042,#999,#4572,#10555,#4347,#1013,#6102,#3984,#6695,#12635,#10930,#8273,#1487,#3329,#2916,#13743,#10759,#10365,#7813,#3300,#13615)) ;
#4109=CARTESIAN_POINT('NONE',(-2.052416363145,3.299999999999,0.739444253862));
#4110 = PRESENTATION_LAYER_ASSIGNMENT('','',(#2964)) ;
#4111 = EDGE_CURVE('NONE',#11230,#1946,#12457,.T.) ;
#4112 = SURFACE_STYLE_USAGE(.BOTH.,#4763) ;
#4113=CARTESIAN_POINT('NONE',(-2.31302775029,3.299999999999,0.657410873616));
#4114 = VERTEX_POINT('NONE',#7582) ;
#4115=CARTESIAN_POINT('NONE',(-1.783266525769,3.301,0.957389070697));
#4116=DIRECTION('NONE',(0.927675946274,0.,0.373386312957));
#4117 = FACE_OUTER_BOUND('NONE',#5309,.T.) ;
#4118 = SURFACE_STYLE_USAGE(.BOTH.,#10985) ;
#4119=CARTESIAN_POINT('NONE',(-2.052416363145,3.299999999999,0.739444253862));
#4120=AXIS2_PLACEMENT_3D('NONE',#10945,#6118,#5241);
#4121 = SURFACE_STYLE_USAGE(.BOTH.,#6396) ;
#4122 = MECHANICAL_DESIGN_GEOMETRIC_PRESENTATION_REPRESENTATION('',(#1103),#14658) ;
#4123 = FILL_AREA_STYLE('',(#1935)) ;
#4124 = EDGE_CURVE('NONE',#12912,#3284,#8425,.T.) ;
#4125 = LINE('NONE',#7670,#10883) ;
#4126 = ADVANCED_FACE('NONE',(#3959),#12067,.T.) ;
#4127 = SURFACE_STYLE_FILL_AREA(#3192) ;
#4128 = ORIENTED_EDGE('NONE',*,*,#5543,.T.) ;
#4129 = COLOUR_RGB('',0.250980392156,0.250980392156,0.250980392156) ;
#4130=CARTESIAN_POINT('NONE',(-2.792518868051,3.299999999999,0.716771517753));
#4131=CARTESIAN_POINT('NONE',(-1.918145991831,3.301,0.646694228624));
#4132=DIRECTION('NONE',(0.,0.,-1.));
#4133 = STYLED_ITEM('NONE',(#4673),#8989) ;
#4134 = ORIENTED_EDGE('NONE',*,*,#14332,.F.) ;
#4135 = EDGE_LOOP('NONE',(#10008,#3813,#6885,#474)) ;
#4136 = EDGE_LOOP('NONE',(#1588,#12538,#10174,#6099)) ;
#4137=CARTESIAN_POINT('NONE',(-2.999999999999,0.4,0.299999999999));
#4138 = PRESENTATION_STYLE_ASSIGNMENT((#2921)) ;
#4139=CARTESIAN_POINT('NONE',(-3.299999999999,-0.7,0.));
#4140 = STYLED_ITEM('NONE',(#9847),#429) ;
#4141 =(GEOMETRIC_REPRESENTATION_CONTEXT(3) GLOBAL_UNCERTAINTY_ASSIGNED_CONTEXT((#4059)) GLOBAL_UNIT_ASSIGNED_CONTEXT((#4647,#3564,#4724)) REPRESENTATION_CONTEXT('NONE','WORKASPACE'));
#4142 = FILL_AREA_STYLE('',(#10864)) ;
#4143 = ORIENTED_EDGE('NONE',*,*,#2156,.F.) ;
#4144 = EDGE_CURVE('NONE',#10866,#10455,#9503,.T.) ;
#4145 =(NAMED_UNIT(*) PLANE_ANGLE_UNIT() SI_UNIT($,.RADIAN.));
#4146 = B_SPLINE_CURVE_WITH_KNOTS('NONE',3,(#8109,#12183,#9982,#9065),.UNSPECIFIED.,.F.,.F.,(4,4),(6.000000000000,7.000000000000),.UNSPECIFIED.) ;
#4147 = LINE('NONE',#10941,#11532) ;
#4148 = ORIENTED_EDGE('NONE',*,*,#14247,.T.) ;
#4149=CARTESIAN_POINT('NONE',(-1.922477723962,3.301,0.768129516705));
#4150 = FILL_AREA_STYLE('',(#14208)) ;
#4151 = SURFACE_SIDE_STYLE('',(#7329)) ;
#4152 = STYLED_ITEM('NONE',(#476),#8652) ;
#4153=CARTESIAN_POINT('NONE',(-2.681387913276,3.299999999999,0.722800209841));
#4154 = VERTEX_POINT('NONE',#12868) ;
#4155 = EDGE_CURVE('NONE',#5257,#12002,#3191,.T.) ;
#4156 = LINE('NONE',#9352,#795) ;
#4157=CARTESIAN_POINT('NONE',(-1.82708801002,3.299999999999,0.652545748922));
#4158 =(GEOMETRIC_REPRESENTATION_CONTEXT(3) GLOBAL_UNCERTAINTY_ASSIGNED_CONTEXT((#7763)) GLOBAL_UNIT_ASSIGNED_CONTEXT((#13380,#9756,#4413)) REPRESENTATION_CONTEXT('NONE','WORKASPACE'));
#4159 = SURFACE_SIDE_STYLE('',(#1836)) ;
#4160 = VERTEX_POINT('NONE',#2815) ;
#4161 =(GEOMETRIC_REPRESENTATION_CONTEXT(3) GLOBAL_UNCERTAINTY_ASSIGNED_CONTEXT((#6843)) GLOBAL_UNIT_ASSIGNED_CONTEXT((#11552,#6812,#11312)) REPRESENTATION_CONTEXT('NONE','WORKASPACE'));
#4162 = PLANE('NONE',#13483) ;
#4163 = FILL_AREA_STYLE_COLOUR('',#8943) ;
#4164 = VERTEX_POINT('NONE',#12936) ;
#4165 = FILL_AREA_STYLE_COLOUR('',#3914) ;
#4166 = ORIENTED_EDGE('NONE',*,*,#9359,.F.) ;
#4167 = SURFACE_STYLE_USAGE(.BOTH.,#14156) ;
#4168 = EDGE_LOOP('NONE',(#2316,#7054,#2719,#9605)) ;
#4169 = LINE('NONE',#10752,#3778) ;
#4170 = ADVANCED_FACE('NONE',(#7359),#5738,.F.) ;
#4171 = STYLED_ITEM('NONE',(#14816),#6715) ;
#4172 = VECTOR('NONE',#1061,1000.) ;
#4173=DIRECTION('NONE',(0.,-1.,0.));
#4174=CARTESIAN_POINT('NONE',(-2.479614226236,3.301,0.584484282275));
#4175 = FILL_AREA_STYLE_COLOUR('',#11950) ;
#4176 =(NAMED_UNIT(*) SI_UNIT($,.STERADIAN.) SOLID_ANGLE_UNIT());
#4177 = ORIENTED_EDGE('NONE',*,*,#14607,.T.) ;
#4178 = SURFACE_STYLE_FILL_AREA(#14236) ;
#4179 = B_SPLINE_CURVE_WITH_KNOTS('NONE',3,(#554,#1784,#9511,#8483),.UNSPECIFIED.,.F.,.F.,(4,4),(1.,2.000000000000),.UNSPECIFIED.) ;
#4180 = B_SPLINE_CURVE_WITH_KNOTS('NONE',3,(#13132,#5259,#8892,#904),.UNSPECIFIED.,.F.,.F.,(4,4),(5.000000000000,6.000000000000),.UNSPECIFIED.) ;
#4181 =(NAMED_UNIT(*) PLANE_ANGLE_UNIT() SI_UNIT($,.RADIAN.));
#4182=AXIS2_PLACEMENT_3D('NONE',#4000,#4954,#1609);
#4183 = CIRCLE('NONE',#11485,3.200000000000) ;
#4184 = ORIENTED_EDGE('NONE',*,*,#12472,.F.) ;
#4185=CARTESIAN_POINT('NONE',(-2.320177786709,3.301,0.65835835571));
#4186 = FACE_OUTER_BOUND('NONE',#14078,.T.) ;
#4187 = SURFACE_STYLE_USAGE(.BOTH.,#9660) ;
#4188=CARTESIAN_POINT('NONE',(-2.106211892943,3.299999999999,0.739930350746));
#4189 = EDGE_CURVE('NONE',#7916,#7819,#11043,.T.) ;
#4190 = STYLED_ITEM('NONE',(#1222),#4468) ;
#4191=CARTESIAN_POINT('NONE',(-2.487259802667,3.301,0.637708592696));
#4192=CARTESIAN_POINT('NONE',(-2.401496751873,3.301,0.627211961027));
#4193 = ORIENTED_EDGE('NONE',*,*,#10926,.T.) ;
#4194=CARTESIAN_POINT('NONE',(-2.324699078981,3.299999999999,0.706489087061));
#4195=CARTESIAN_POINT('NONE',(-2.376827022548,3.299999999999,0.680603076085));
#4196 = PRESENTATION_STYLE_ASSIGNMENT((#7181)) ;
#4197=DIRECTION('NONE',(0.,0.,1.));
#4198 = FACE_OUTER_BOUND('NONE',#4011,.T.) ;
#4199 = ORIENTED_EDGE('NONE',*,*,#10533,.F.) ;
#4200 = EDGE_LOOP('NONE',(#1444,#12668,#12777,#4376)) ;
#4201 =(LENGTH_UNIT() NAMED_UNIT(*) SI_UNIT(.MILLI.,.METRE.));
#4202 = SURFACE_STYLE_USAGE(.BOTH.,#1077) ;
#4203 = EDGE_CURVE('NONE',#5176,#9844,#11280,.T.) ;
#4204 =(NAMED_UNIT(*) SI_UNIT($,.STERADIAN.) SOLID_ANGLE_UNIT());
#4205=CARTESIAN_POINT('NONE',(-2.559363214998,3.301,0.670636665148));
#4206=CARTESIAN_POINT('NONE',(-2.206153292548,3.301,0.740207828274));
#4207=CARTESIAN_POINT('NONE',(-2.294376552045,3.299999999999,0.917260418749));
#4208 = EDGE_CURVE('NONE',#3962,#6020,#13546,.T.) ;
#4209 = LINE('NONE',#7687,#12297) ;
#4210=AXIS2_PLACEMENT_3D('NONE',#7559,#7637,#12191);
#4211 = ORIENTED_EDGE('NONE',*,*,#12568,.F.) ;
#4212 = ORIENTED_EDGE('NONE',*,*,#6183,.T.) ;
#4213 = FILL_AREA_STYLE_COLOUR('',#14170) ;
#4214 = LINE('NONE',#736,#2239) ;
#4215 = UNCERTAINTY_MEASURE_WITH_UNIT(LENGTH_MEASURE(1.000000000000E-05),#12437,'distance_accuracy_value','NONE');
#4216=CARTESIAN_POINT('NONE',(-2.725303958321,3.301,0.643007647519));
#4217=DIRECTION('NONE',(-0.931962576284,0.,-0.362554487497));
#4218 = ADVANCED_FACE('NONE',(#9168),#6857,.F.) ;
#4219 = SURFACE_STYLE_USAGE(.BOTH.,#5525) ;
#4220 = EDGE_LOOP('NONE',(#2992,#8905,#12463,#11629)) ;
#4221 = PRESENTATION_LAYER_ASSIGNMENT('','',(#2847)) ;
#4222 =(NAMED_UNIT(*) SI_UNIT($,.STERADIAN.) SOLID_ANGLE_UNIT());
#4223=CARTESIAN_POINT('NONE',(-2.67896933376,3.301,0.80841238764));
#4224 =(LENGTH_UNIT() NAMED_UNIT(*) SI_UNIT(.MILLI.,.METRE.));
#4225=CARTESIAN_POINT('NONE',(-2.481329174979,3.301,0.931843180247));
#4226 = SURFACE_STYLE_FILL_AREA(#14221) ;
#4227=AXIS2_PLACEMENT_3D('NONE',#1421,#4982,#13802);
#4228 = VERTEX_POINT('NONE',#4245) ;
#4229 = EDGE_CURVE('NONE',#10866,#5293,#11782,.T.) ;
#4230 = PRESENTATION_LAYER_ASSIGNMENT('','',(#2589)) ;
#4231 = PLANE('NONE',#1780) ;
#4232 = FACE_OUTER_BOUND('NONE',#8942,.T.) ;
#4233 = VERTEX_POINT('NONE',#8767) ;
#4234=DIRECTION('NONE',(0.999974850185,0.,0.007092178509));
#4235 = ADVANCED_FACE('NONE',(#1674),#12900,.F.) ;
#4236 = ORIENTED_EDGE('NONE',*,*,#1270,.F.) ;
#4237 = FILL_AREA_STYLE_COLOUR('',#9498) ;
#4238 = ORIENTED_EDGE('NONE',*,*,#13062,.T.) ;
#4239 = STYLED_ITEM('NONE',(#1334),#14875) ;
#4240 = FILL_AREA_STYLE('',(#12271)) ;
#4241 =(GEOMETRIC_REPRESENTATION_CONTEXT(3) GLOBAL_UNCERTAINTY_ASSIGNED_CONTEXT((#7597)) GLOBAL_UNIT_ASSIGNED_CONTEXT((#1787,#2897,#6237)) REPRESENTATION_CONTEXT('NONE','WORKASPACE'));
#4242 = STYLED_ITEM('NONE',(#5501),#1890) ;
#4243=CARTESIAN_POINT('NONE',(-2.308492081909,3.301,0.629244098306));
#4244=CARTESIAN_POINT('NONE',(0.,0.,7.199999999999));
#4245=CARTESIAN_POINT('NONE',(-3.299999999999,0.324999999999,0.299999999999));
#4246 = ORIENTED_EDGE('NONE',*,*,#14710,.F.) ;
#4247=CARTESIAN_POINT('NONE',(-3.299999999999,0.7,1.5));
#4248 = EDGE_CURVE('NONE',#14395,#6639,#384,.T.) ;
#4249 = LINE('NONE',#12408,#4006) ;
#4250 = MECHANICAL_DESIGN_GEOMETRIC_PRESENTATION_REPRESENTATION('',(#12939),#12469) ;
#4251 =(GEOMETRIC_REPRESENTATION_CONTEXT(3) GLOBAL_UNCERTAINTY_ASSIGNED_CONTEXT((#5532)) GLOBAL_UNIT_ASSIGNED_CONTEXT((#1179,#5542,#14576)) REPRESENTATION_CONTEXT('NONE','WORKASPACE'));
#4252=CARTESIAN_POINT('NONE',(3.899999999999,-0.325,0.299999999999));
#4253 = ORIENTED_EDGE('NONE',*,*,#9617,.T.) ;
#4254=DIRECTION('NONE',(0.,-1.,0.));
#4255=CARTESIAN_POINT('NONE',(-2.725776051324,3.299999999999,0.709571275216));
#4256=CARTESIAN_POINT('NONE',(-0.899999999999,-0.325,-0.05));
#4257=CARTESIAN_POINT('NONE',(-2.052416363145,3.301,0.739444253862));
#4258 = SURFACE_STYLE_USAGE(.BOTH.,#1996) ;
#4259 = COLOUR_RGB('',0.647058823529,0.619607843137,0.588235294117) ;
#4260 = MECHANICAL_DESIGN_GEOMETRIC_PRESENTATION_REPRESENTATION('',(#9207),#14111) ;
#4261 = B_SPLINE_SURFACE_WITH_KNOTS('NONE',3,1,((#5082,#5015),(#9540,#11747),(#422,#14055),(#1669,#13980)),.UNSPECIFIED.,.F.,.F.,.F.,(4,4),(2,2),(2.000000000000,3.000000000000),(0.,1.),.UNSPECIFIED.) ;
#4262 = PRESENTATION_LAYER_ASSIGNMENT('','',(#13216)) ;
#4263 = FILL_AREA_STYLE('',(#10775)) ;
#4264 = ORIENTED_EDGE('NONE',*,*,#396,.T.) ;
#4265=DIRECTION('NONE',(0.,-1.,0.));
#4266 = VERTEX_POINT('NONE',#3991) ;
#4267 = ORIENTED_EDGE('NONE',*,*,#1184,.F.) ;
#4268=DIRECTION('NONE',(-0.999974850185,0.,-0.007092178509));
#4269 =(NAMED_UNIT(*) SI_UNIT($,.STERADIAN.) SOLID_ANGLE_UNIT());
#4270 = PRESENTATION_LAYER_ASSIGNMENT('','',(#14578)) ;
#4271 = LINE('NONE',#3201,#4382) ;
#4272 = ORIENTED_EDGE('NONE',*,*,#4923,.T.) ;
#4273 = LINE('NONE',#12166,#13434) ;
#4274 = LINE('NONE',#7462,#3009) ;
#4275 = SURFACE_STYLE_FILL_AREA(#3278) ;
#4276=CARTESIAN_POINT('NONE',(-2.847810902256,3.301,0.613627905443));
#4277 = EDGE_LOOP('NONE',(#10924,#851,#9826,#1522)) ;
#4278 = SURFACE_STYLE_USAGE(.BOTH.,#7624) ;
#4279 = ORIENTED_EDGE('NONE',*,*,#2344,.F.) ;
#4280 = ADVANCED_FACE('NONE',(#5965),#8292,.F.) ;
#4281=CARTESIAN_POINT('NONE',(-2.333566237399,3.299999999999,0.808803337215));
#4282 =(NAMED_UNIT(*) SI_UNIT($,.STERADIAN.) SOLID_ANGLE_UNIT());
#4283=DIRECTION('NONE',(0.,-1.,0.));
#4284 =(LENGTH_UNIT() NAMED_UNIT(*) SI_UNIT(.MILLI.,.METRE.));
#4285 = ORIENTED_EDGE('NONE',*,*,#9987,.F.) ;
#4286 = STYLED_ITEM('NONE',(#12026),#12891) ;
#4287 = VECTOR('NONE',#6375,1000.) ;
#4288 = SURFACE_SIDE_STYLE('',(#965)) ;
#4289=CARTESIAN_POINT('NONE',(-2.633920209044,3.299999999999,0.930760950177));
#4290 = STYLED_ITEM('NONE',(#610),#2353) ;
#4291 = FILL_AREA_STYLE_COLOUR('',#969) ;
#4292 = EDGE_CURVE('NONE',#4160,#11377,#2275,.T.) ;
#4293 = ORIENTED_EDGE('NONE',*,*,#3659,.T.) ;
#4294 = STYLED_ITEM('NONE',(#4875),#13392) ;
#4295 = EDGE_CURVE('NONE',#4228,#1832,#6112,.T.) ;
#4296 = FILL_AREA_STYLE('',(#6575)) ;
#4297 = SURFACE_STYLE_FILL_AREA(#1108) ;
#4298 = SURFACE_STYLE_FILL_AREA(#7707) ;
#4299 = ORIENTED_EDGE('NONE',*,*,#10334,.T.) ;
#4300=DIRECTION('NONE',(0.,-1.,0.));
#4301 = EDGE_LOOP('NONE',(#4064,#5916,#12226,#9725)) ;
#4302 = LINE('NONE',#3373,#1967) ;
#4303 =(GEOMETRIC_REPRESENTATION_CONTEXT(3) GLOBAL_UNCERTAINTY_ASSIGNED_CONTEXT((#13918)) GLOBAL_UNIT_ASSIGNED_CONTEXT((#10564,#10721,#13910)) REPRESENTATION_CONTEXT('NONE','WORKASPACE'));
#4304=CARTESIAN_POINT('NONE',(-2.44904589177,3.299999999999,0.589068176892));
#4305 = STYLED_ITEM('NONE',(#10038),#2518) ;
#4306 = ORIENTED_EDGE('NONE',*,*,#5266,.F.) ;
#4307 = EDGE_CURVE('NONE',#12093,#7625,#11603,.T.) ;
#4308=CARTESIAN_POINT('NONE',(-1.630850943379,3.299999999999,0.6305119443));
#4309 = COLOUR_RGB('',1.,1.,1.) ;
#4310 = LINE('NONE',#6655,#2641) ;
#4311=CARTESIAN_POINT('NONE',(-2.479614226236,3.299999999999,0.584484282275));
#4312=AXIS2_PLACEMENT_3D('NONE',#4499,#8213,#1382);
#4313 = ORIENTED_EDGE('NONE',*,*,#13062,.F.) ;
#4314 = EDGE_CURVE('NONE',#8628,#14770,#6116,.T.) ;
#4315=CARTESIAN_POINT('NONE',(-2.615948763255,3.301,0.842236420558));
#4316 = ORIENTED_EDGE('NONE',*,*,#1363,.F.) ;
#4317=CARTESIAN_POINT('NONE',(-0.880617391387,2.499402530603,7.698999999999));
#4318 = VECTOR('NONE',#4854,1000.) ;
#4319=CARTESIAN_POINT('NONE',(-1.739678746919,3.301,0.683532147807));
#4320 =(NAMED_UNIT(*) PLANE_ANGLE_UNIT() SI_UNIT($,.RADIAN.));
#4321 = FILL_AREA_STYLE_COLOUR('',#14316) ;
#4322 = FACE_OUTER_BOUND('NONE',#6367,.T.) ;
#4323 = FILL_AREA_STYLE('',(#13302)) ;
#4324=CARTESIAN_POINT('NONE',(-2.515416004456,3.301,0.917564339388));
#4325 = EDGE_CURVE('NONE',#10556,#1303,#13550,.T.) ;
#4326 = FACE_OUTER_BOUND('NONE',#9310,.T.) ;
#4327 = UNCERTAINTY_MEASURE_WITH_UNIT(LENGTH_MEASURE(1.000000000000E-05),#12209,'distance_accuracy_value','NONE');
#4328 = SURFACE_SIDE_STYLE('',(#12286)) ;
#4329 = VECTOR('NONE',#6869,1000.) ;
#4330=CARTESIAN_POINT('NONE',(-2.340596791722,3.299999999999,0.660958566776));
#4331=CARTESIAN_POINT('NONE',(-2.632765633702,3.299999999999,0.737182141301));
#4332 = ORIENTED_EDGE('NONE',*,*,#8852,.T.) ;
#4333 =(LENGTH_UNIT() NAMED_UNIT(*) SI_UNIT(.MILLI.,.METRE.));
#4334=CARTESIAN_POINT('NONE',(-3.740172735303,4.580390568547000E-16,1.571543008235));
#4335 = SURFACE_STYLE_USAGE(.BOTH.,#12292) ;
#4336 = ORIENTED_EDGE('NONE',*,*,#11132,.F.) ;
#4337 = ORIENTED_EDGE('NONE',*,*,#3407,.F.) ;
#4338 = SURFACE_STYLE_USAGE(.BOTH.,#1810) ;
#4339=DIRECTION('NONE',(0.999974850185,0.,0.007092178509));
#4340 = VECTOR('NONE',#1016,1000.) ;
#4341 = PLANE('NONE',#9594) ;
#4342=CARTESIAN_POINT('NONE',(-1.740749406585,3.299999999999,0.834489457988));
#4343=CARTESIAN_POINT('NONE',(-2.335942800976,3.301,0.822823566679));
#4344=DIRECTION('NONE',(0.707106781186,0.707106781186,0.));
#4345 = FACE_OUTER_BOUND('NONE',#8648,.T.) ;
#4346 = LINE('NONE',#6413,#9258) ;
#4347 = ORIENTED_EDGE('NONE',*,*,#12174,.F.) ;
#4348 = VECTOR('NONE',#2699,1000.) ;
#4349=CARTESIAN_POINT('NONE',(-2.293064051676,3.299999999999,0.886138592513));
#4350 = ORIENTED_EDGE('NONE',*,*,#5442,.T.) ;
#4351 = MECHANICAL_DESIGN_GEOMETRIC_PRESENTATION_REPRESENTATION('',(#4825),#642) ;
#4352=CARTESIAN_POINT('NONE',(3.3,-0.7,0.299999999999));
#4353 = UNCERTAINTY_MEASURE_WITH_UNIT(LENGTH_MEASURE(1.000000000000E-05),#4284,'distance_accuracy_value','NONE');
#4354 = LINE('NONE',#14756,#3080) ;
#4355=CARTESIAN_POINT('NONE',(-2.666852463179,3.301,0.722903300441));
#4356=CARTESIAN_POINT('NONE',(-2.291762386433,3.301,0.825757165794));
#4357 = ORIENTED_EDGE('NONE',*,*,#5705,.T.) ;
#4358 = VECTOR('NONE',#5101,1000.) ;
#4359 = VECTOR('NONE',#8961,1000.) ;
#4360=CARTESIAN_POINT('NONE',(-2.549188688235,3.299999999999,0.815010059299));
#4361=DIRECTION('NONE',(0.,0.,1.));
#4362=CARTESIAN_POINT('NONE',(-2.340780408026,3.301,0.686847887764));
#4363=DIRECTION('NONE',(0.,0.,1.));
#4364 = EDGE_CURVE('NONE',#6249,#12294,#4183,.T.) ;
#4365 = ORIENTED_EDGE('NONE',*,*,#8955,.T.) ;
#4366 = ORIENTED_EDGE('NONE',*,*,#8025,.F.) ;
#4367 = MECHANICAL_DESIGN_GEOMETRIC_PRESENTATION_REPRESENTATION('',(#4152),#662) ;
#4368=CARTESIAN_POINT('NONE',(-2.207526211562,3.301,0.933785088579));
#4369 = STYLED_ITEM('NONE',(#7051),#9367) ;
#4370 = UNCERTAINTY_MEASURE_WITH_UNIT(LENGTH_MEASURE(1.000000000000E-05),#6688,'distance_accuracy_value','NONE');
#4371=CARTESIAN_POINT('NONE',(-1.857594530533,3.301,0.916951660111));
#4372 = VERTEX_POINT('NONE',#14202) ;
#4373 = ORIENTED_EDGE('NONE',*,*,#12849,.T.) ;
#4374 = LINE('NONE',#8559,#4512) ;
#4375 = FACE_OUTER_BOUND('NONE',#7495,.T.) ;
#4376 = ORIENTED_EDGE('NONE',*,*,#5028,.T.) ;
#4377=CARTESIAN_POINT('NONE',(-2.455402686888,3.299999999999,0.917989975253));
#4378 = ADVANCED_FACE('NONE',(#2098),#7541,.F.) ;
#4379 = B_SPLINE_SURFACE_WITH_KNOTS('NONE',3,1,((#12329,#13350),(#1610,#8146),(#3568,#8066),(#438,#8303)),.UNSPECIFIED.,.F.,.F.,.F.,(4,4),(2,2),(1.,2.000000000000),(0.,1.),.UNSPECIFIED.) ;
#4380 = FILL_AREA_STYLE('',(#8834)) ;
#4381 = EDGE_CURVE('NONE',#5182,#11496,#13179,.T.) ;
#4382 = VECTOR('NONE',#7745,1000.) ;
#4383 =(NAMED_UNIT(*) PLANE_ANGLE_UNIT() SI_UNIT($,.RADIAN.));
#4384 = ORIENTED_EDGE('NONE',*,*,#4879,.F.) ;
#4385 = ORIENTED_EDGE('NONE',*,*,#6640,.F.) ;
#4386=CARTESIAN_POINT('NONE',(-2.324699078981,3.299999999999,0.706489087061));
#4387 = UNCERTAINTY_MEASURE_WITH_UNIT(LENGTH_MEASURE(1.000000000000E-05),#1340,'distance_accuracy_value','NONE');
#4388 = ORIENTED_EDGE('NONE',*,*,#11709,.F.) ;
#4389=DIRECTION('NONE',(0.362554487503,0.,-0.931962576282));
#4390 = FILL_AREA_STYLE_COLOUR('',#10738) ;
#4391 = VECTOR('NONE',#6017,1000.) ;
#4392 =(GEOMETRIC_REPRESENTATION_CONTEXT(3) GLOBAL_UNCERTAINTY_ASSIGNED_CONTEXT((#11422)) GLOBAL_UNIT_ASSIGNED_CONTEXT((#1248,#2547,#12325)) REPRESENTATION_CONTEXT('NONE','WORKASPACE'));
#4393 = FILL_AREA_STYLE('',(#14455)) ;
#4394 = MECHANICAL_DESIGN_GEOMETRIC_PRESENTATION_REPRESENTATION('',(#6743),#2290) ;
#4395=DIRECTION('NONE',(-0.999974850185,0.,-0.007092178509));
#4396 = EDGE_CURVE('NONE',#11844,#14766,#12104,.T.) ;
#4397=DIRECTION('NONE',(-1.314184451497000E-16,1.,0.));
#4398=DIRECTION('NONE',(0.999974850185,0.,0.007092178509));
#4399 = SURFACE_STYLE_USAGE(.BOTH.,#12698) ;
#4400 =(NAMED_UNIT(*) PLANE_ANGLE_UNIT() SI_UNIT($,.RADIAN.));
#4401 = SURFACE_STYLE_USAGE(.BOTH.,#4328) ;
#4402=CARTESIAN_POINT('NONE',(-2.559160162967,3.301,0.844323635766));
#4403 = STYLED_ITEM('NONE',(#8949),#10260) ;
#4404 = STYLED_ITEM('NONE',(#5920),#6801) ;
#4405 = PRESENTATION_LAYER_ASSIGNMENT('','',(#11233)) ;
#4406 = FILL_AREA_STYLE_COLOUR('',#5624) ;
#4407 = ORIENTED_EDGE('NONE',*,*,#7739,.F.) ;
#4408 = EDGE_CURVE('NONE',#7819,#11750,#6488,.T.) ;
#4409 =(NAMED_UNIT(*) SI_UNIT($,.STERADIAN.) SOLID_ANGLE_UNIT());
#4410=CARTESIAN_POINT('NONE',(-2.533334105212,3.299999999999,0.809445284656));
#4411 = ORIENTED_EDGE('NONE',*,*,#4396,.F.) ;
#4412 = ORIENTED_EDGE('NONE',*,*,#12836,.T.) ;
#4413 =(NAMED_UNIT(*) SI_UNIT($,.STERADIAN.) SOLID_ANGLE_UNIT());
#4414=CARTESIAN_POINT('NONE',(-1.857594530533,3.299999999999,0.916951660111));
#4415=CARTESIAN_POINT('NONE',(-1.7,-2.,-0.01));
#4416=CARTESIAN_POINT('NONE',(0.,0.,0.5));
#4417=CARTESIAN_POINT('NONE',(-2.418798550517,3.301,0.616920162324));
#4418 = SURFACE_STYLE_USAGE(.BOTH.,#13525) ;
#4419 = ORIENTED_EDGE('NONE',*,*,#3016,.F.) ;
#4420 = FACE_OUTER_BOUND('NONE',#11097,.T.) ;
#4421 = ORIENTED_EDGE('NONE',*,*,#10915,.T.) ;
#4422 = EDGE_CURVE('NONE',#5678,#10707,#7689,.T.) ;
#4423=CARTESIAN_POINT('NONE',(-2.335942800976,3.301,0.822823566679));
#4424=CARTESIAN_POINT('NONE',(-2.642732928143,3.301,0.911046528367));
#4425 =(NAMED_UNIT(*) PLANE_ANGLE_UNIT() SI_UNIT($,.RADIAN.));
#4426 = LINE('NONE',#3550,#2075) ;
#4427=CARTESIAN_POINT('NONE',(-2.305578621182,3.299999999999,0.631885017457));
#4428 = ORIENTED_EDGE('NONE',*,*,#8878,.T.) ;
#4429 = SURFACE_SIDE_STYLE('',(#7769)) ;
#4430=CARTESIAN_POINT('NONE',(-0.880617391387,2.499402530603,7.7));
#4431=CARTESIAN_POINT('NONE',(-2.301221483031,3.301,0.642085008008));
#4432=DIRECTION('NONE',(0.,0.,1.));
#4433 = ORIENTED_EDGE('NONE',*,*,#11524,.F.) ;
#4434 = VERTEX_POINT('NONE',#13112) ;
#4435 = PRESENTATION_LAYER_ASSIGNMENT('','',(#11525)) ;
#4436 = SURFACE_STYLE_FILL_AREA(#4296) ;
#4437 =(LENGTH_UNIT() NAMED_UNIT(*) SI_UNIT(.MILLI.,.METRE.));
#4438 = VECTOR('NONE',#14669,1000.) ;
#4439=CARTESIAN_POINT('NONE',(-2.621037256947,3.301,0.855987867869));
#4440 = ORIENTED_EDGE('NONE',*,*,#12595,.F.) ;
#4441 = FACE_OUTER_BOUND('NONE',#9097,.T.) ;
#4442 = FILL_AREA_STYLE_COLOUR('',#7137) ;
#4443 =(NAMED_UNIT(*) PLANE_ANGLE_UNIT() SI_UNIT($,.RADIAN.));
#4444 = ORIENTED_EDGE('NONE',*,*,#10520,.T.) ;
#4445=CARTESIAN_POINT('NONE',(-2.376415768361,3.299999999999,0.635812095253));
#4446 = ADVANCED_FACE('NONE',(#1952),#10793,.F.) ;
#4448 = PRESENTATION_STYLE_ASSIGNMENT((#14508)) ;
#4447 = B_SPLINE_SURFACE_WITH_KNOTS('NONE',3,1,((#5191,#2960),(#5271,#4106),(#4174,#4311),(#14089,#1774)),.UNSPECIFIED.,.F.,.F.,.F.,(4,4),(2,2),(1.,2.000000000000),(0.,1.),.UNSPECIFIED.) ;
#4449 = FILL_AREA_STYLE('',(#2120)) ;
#4450 = VECTOR('NONE',#12585,1000.) ;
#4451=DIRECTION('NONE',(0.338211162479,0.,-0.941070246886));
#4452 = VERTEX_POINT('NONE',#7894) ;
#4453 = LINE('NONE',#7864,#7787) ;
#4454 = LINE('NONE',#6253,#11928) ;
#4455 = ORIENTED_EDGE('NONE',*,*,#9635,.F.) ;
#4456=CARTESIAN_POINT('NONE',(-3.899999999999,-0.324999999999,0.299999999999));
#4457=CARTESIAN_POINT('NONE',(-1.594296132205,3.299999999999,0.858953686889));
#4458 = EDGE_CURVE('NONE',#8467,#2552,#9007,.T.) ;
#4459 = COLOUR_RGB('',0.250980392156,0.250980392156,0.250980392156) ;
#4460=CARTESIAN_POINT('NONE',(-1.787413567045,3.301,0.563462886214));
#4461=AXIS2_PLACEMENT_3D('NONE',#6934,#2229,#10110);
#4462 = MECHANICAL_DESIGN_GEOMETRIC_PRESENTATION_REPRESENTATION('',(#4242),#12705) ;
#4463=CARTESIAN_POINT('NONE',(-2.580119829427,3.301,0.852784394404));
#4464=CARTESIAN_POINT('NONE',(-1.978285258156,3.299999999999,0.807643913064));
#4465 = ORIENTED_EDGE('NONE',*,*,#1798,.F.) ;
#4466 =(GEOMETRIC_REPRESENTATION_CONTEXT(3) GLOBAL_UNCERTAINTY_ASSIGNED_CONTEXT((#7988)) GLOBAL_UNIT_ASSIGNED_CONTEXT((#7938,#5554,#2124)) REPRESENTATION_CONTEXT('NONE','WORKASPACE'));
#4467=DIRECTION('NONE',(-0.999974850185,0.,-0.007092178509));
#4468 = ADVANCED_FACE('NONE',(#4555),#9150,.T.) ;
#4469 = PRESENTATION_LAYER_ASSIGNMENT('','',(#11560)) ;
#4470 = FILL_AREA_STYLE('',(#4406)) ;
#4471 = EDGE_LOOP('NONE',(#2293,#1164,#9600,#7926)) ;
#4472=DIRECTION('NONE',(1.,-1.264902534566000E-16,0.));
#4473 = FILL_AREA_STYLE_COLOUR('',#12848) ;
#4474 = EDGE_CURVE('NONE',#12198,#800,#1084,.T.) ;
#4475=CARTESIAN_POINT('NONE',(-2.559462323557,3.301,0.684610660091));
#4476 = VERTEX_POINT('NONE',#2292) ;
#4477=CARTESIAN_POINT('NONE',(-2.712964552639,3.299999999999,0.631678333935));
#4478 =(GEOMETRIC_REPRESENTATION_CONTEXT(3) GLOBAL_UNCERTAINTY_ASSIGNED_CONTEXT((#5728)) GLOBAL_UNIT_ASSIGNED_CONTEXT((#2205,#5567,#8248)) REPRESENTATION_CONTEXT('NONE','WORKASPACE'));
#4479 = VECTOR('NONE',#3336,1000.) ;
#4480 = SURFACE_SIDE_STYLE('',(#4552)) ;
#4481 = UNCERTAINTY_MEASURE_WITH_UNIT(LENGTH_MEASURE(1.000000000000E-05),#12964,'distance_accuracy_value','NONE');
#4482 = EDGE_CURVE('NONE',#1435,#1751,#14624,.T.) ;
#4483 = SURFACE_SIDE_STYLE('',(#3543)) ;
#4484 = ORIENTED_EDGE('NONE',*,*,#963,.F.) ;
#4485 = ADVANCED_FACE('NONE',(#3280),#8691,.T.) ;
#4486 = ORIENTED_EDGE('NONE',*,*,#6712,.F.) ;
#4487 = PRESENTATION_LAYER_ASSIGNMENT('','',(#6853)) ;
#4488 = B_SPLINE_SURFACE_WITH_KNOTS('NONE',3,1,((#8933,#1356),(#5782,#7885),(#13379,#10317),(#2512,#7000)),.UNSPECIFIED.,.F.,.F.,.F.,(4,4),(2,2),(19.000000000000,20.),(0.,1.),.UNSPECIFIED.) ;
#4489 = SURFACE_SIDE_STYLE('',(#9082)) ;
#4490 = STYLED_ITEM('NONE',(#695),#5045) ;
#4491=CARTESIAN_POINT('NONE',(-2.457412891615,3.301,0.809983744997));
#4492 = ORIENTED_EDGE('NONE',*,*,#4719,.F.) ;
#4493=DIRECTION('NONE',(0.,-1.,0.));
#4494=CARTESIAN_POINT('NONE',(-2.011769824982,3.301,0.88028601156));
#4495 = SURFACE_STYLE_FILL_AREA(#1239) ;
#4496 = EDGE_CURVE('NONE',#7098,#5067,#3344,.T.) ;
#4497 = SURFACE_STYLE_FILL_AREA(#5530) ;
#4498 = COLOUR_RGB('',0.647058823529,0.619607843137,0.588235294117) ;
#4499=CARTESIAN_POINT('NONE',(0.,0.,1.));
#4500 = UNCERTAINTY_MEASURE_WITH_UNIT(LENGTH_MEASURE(1.000000000000E-05),#14181,'distance_accuracy_value','NONE');
#4501 = MECHANICAL_DESIGN_GEOMETRIC_PRESENTATION_REPRESENTATION('',(#10663),#13001) ;
#4502 = ORIENTED_EDGE('NONE',*,*,#2234,.F.) ;
#4503 = VERTEX_POINT('NONE',#14545) ;
#4504 =(NAMED_UNIT(*) PLANE_ANGLE_UNIT() SI_UNIT($,.RADIAN.));
#4505=DIRECTION('NONE',(-0.007092178509,0.,0.999974850185));
#4506 = UNCERTAINTY_MEASURE_WITH_UNIT(LENGTH_MEASURE(1.000000000000E-05),#1742,'distance_accuracy_value','NONE');
#4507=CARTESIAN_POINT('NONE',(-1.757577800259,3.299999999999,0.882956449549));
#4508 = ORIENTED_EDGE('NONE',*,*,#8333,.T.) ;
#4509 = LINE('NONE',#8631,#3562) ;
#4510=CARTESIAN_POINT('NONE',(-2.648418018957,3.299999999999,0.723034044098));
#4511 = VERTEX_POINT('NONE',#407) ;
#4512 = VECTOR('NONE',#7433,1000.) ;
#4513 = MECHANICAL_DESIGN_GEOMETRIC_PRESENTATION_REPRESENTATION('',(#6163),#7612) ;
#4514 = FILL_AREA_STYLE('',(#14579)) ;
#4515 = EDGE_CURVE('NONE',#6268,#1831,#13813,.T.) ;
#4516=CARTESIAN_POINT('NONE',(-2.314826930551,3.301,0.669189264504));
#4517 = FILL_AREA_STYLE('',(#9185)) ;
#4518=CARTESIAN_POINT('NONE',(-1.98947133851,3.301,0.672216787491));
#4519 = ORIENTED_EDGE('NONE',*,*,#2308,.F.) ;
#4520=AXIS2_PLACEMENT_3D('NONE',#14480,#10100,#11071);
#4521=CARTESIAN_POINT('NONE',(-1.699999999999,2.,-0.01));
#4522=AXIS2_PLACEMENT_3D('NONE',#14868,#7114,#4807);
#4523 = SURFACE_SIDE_STYLE('',(#2485)) ;
#4524 = UNCERTAINTY_MEASURE_WITH_UNIT(LENGTH_MEASURE(1.000000000000E-05),#8915,'distance_accuracy_value','NONE');
#4525 = B_SPLINE_CURVE_WITH_KNOTS('NONE',3,(#11713,#3736,#8250,#9204),.UNSPECIFIED.,.F.,.F.,(4,4),(12.000000000000,13.000000000000),.UNSPECIFIED.) ;
#4526 = SURFACE_SIDE_STYLE('',(#11392)) ;
#4527 = B_SPLINE_CURVE_WITH_KNOTS('NONE',3,(#1746,#8737,#10800,#10651),.UNSPECIFIED.,.F.,.F.,(4,4),(33.000000000000,34.000000000000),.UNSPECIFIED.) ;
#4528=CARTESIAN_POINT('NONE',(-2.340286635026,3.299999999999,0.617227448673));
#4529 =(NAMED_UNIT(*) SI_UNIT($,.STERADIAN.) SOLID_ANGLE_UNIT());
#4530 = STYLED_ITEM('NONE',(#9760),#13477) ;
#4531 = SURFACE_STYLE_USAGE(.BOTH.,#1341) ;
#4532=CARTESIAN_POINT('NONE',(-1.826731129137,3.299999999999,0.602226667552));
#4533 =(LENGTH_UNIT() NAMED_UNIT(*) SI_UNIT(.MILLI.,.METRE.));
#4534 = PRESENTATION_LAYER_ASSIGNMENT('','',(#10929)) ;
#4535=CARTESIAN_POINT('NONE',(-2.221528704777,3.301,0.687007405918));
#4536 = ADVANCED_FACE('NONE',(#9523),#11510,.F.) ;
#4537=CARTESIAN_POINT('NONE',(-2.559160162967,3.299999999999,0.844323635766));
#4538 = PRESENTATION_LAYER_ASSIGNMENT('','',(#13462)) ;
#4539=CARTESIAN_POINT('NONE',(-2.221138464825,3.301,0.63198480083));
#4540 = ORIENTED_EDGE('NONE',*,*,#5996,.T.) ;
#4541=AXIS2_PLACEMENT_3D('NONE',#9260,#11378,#9109);
#4542 =(NAMED_UNIT(*) PLANE_ANGLE_UNIT() SI_UNIT($,.RADIAN.));
#4543 = STYLED_ITEM('NONE',(#9778),#2894) ;
#4544 = EDGE_LOOP('NONE',(#3199,#10209,#7641,#9717)) ;
#4545 =(LENGTH_UNIT() NAMED_UNIT(*) SI_UNIT(.MILLI.,.METRE.));
#4546=DIRECTION('NONE',(0.007092178509,0.,-0.999974850185));
#4547=CARTESIAN_POINT('NONE',(-2.562157698737,3.299999999999,0.915111671114));
#4548 =(GEOMETRIC_REPRESENTATION_CONTEXT(3) GLOBAL_UNCERTAINTY_ASSIGNED_CONTEXT((#5693)) GLOBAL_UNIT_ASSIGNED_CONTEXT((#6399,#1071,#8925)) REPRESENTATION_CONTEXT('NONE','WORKASPACE'));
#4549 = ADVANCED_FACE('NONE',(#6169),#12813,.T.) ;
#4550 = FILL_AREA_STYLE_COLOUR('',#4756) ;
#4551=CARTESIAN_POINT('NONE',(-2.533334105212,3.301,0.809445284656));
#4552 = SURFACE_STYLE_FILL_AREA(#12435) ;
#4553 = SURFACE_STYLE_FILL_AREA(#3686) ;
#4554 = EDGE_CURVE('NONE',#4476,#14395,#8269,.T.) ;
#4555 = FACE_OUTER_BOUND('NONE',#11553,.T.) ;
#4556 = ORIENTED_EDGE('NONE',*,*,#10743,.T.) ;
#4557 = ADVANCED_FACE('NONE',(#7305),#8272,.T.) ;
#4558 = ORIENTED_EDGE('NONE',*,*,#1641,.F.) ;
#4559 = PRESENTATION_LAYER_ASSIGNMENT('','',(#6924)) ;
#4560 = PRESENTATION_LAYER_ASSIGNMENT('','',(#10478)) ;
#4561 = FILL_AREA_STYLE('',(#9238)) ;
#4562 = ORIENTED_EDGE('NONE',*,*,#4938,.F.) ;
#4563 = SURFACE_STYLE_FILL_AREA(#14853) ;
#4564 = ADVANCED_FACE('NONE',(#6397),#14112,.F.) ;
#4565=CARTESIAN_POINT('NONE',(-2.470464368018,3.299999999999,0.600645033687));
#4566 = FACE_OUTER_BOUND('NONE',#9048,.T.) ;
#4567 =(NAMED_UNIT(*) SI_UNIT($,.STERADIAN.) SOLID_ANGLE_UNIT());
#4568 = FILL_AREA_STYLE_COLOUR('',#2224) ;
#4569 = VECTOR('NONE',#2683,1000.) ;
#4570 =(LENGTH_UNIT() NAMED_UNIT(*) SI_UNIT(.MILLI.,.METRE.));
#4571=DIRECTION('NONE',(0.245553034398,0.,0.969383158146));
#4572 = ORIENTED_EDGE('NONE',*,*,#12094,.F.) ;
#4573 = LINE('NONE',#9099,#6224) ;
#4574 = UNCERTAINTY_MEASURE_WITH_UNIT(LENGTH_MEASURE(1.000000000000E-05),#9010,'distance_accuracy_value','NONE');
#4575 = LINE('NONE',#5468,#11653) ;
#4576=DIRECTION('NONE',(-1.,0.,0.));
#4577 = EDGE_CURVE('NONE',#5504,#12858,#2907,.T.) ;
#4578 = MECHANICAL_DESIGN_GEOMETRIC_PRESENTATION_REPRESENTATION('',(#3430),#6473) ;
#4579=DIRECTION('NONE',(1.,0.,0.));
#4580 = ORIENTED_EDGE('NONE',*,*,#9200,.F.) ;
#4581 = FILL_AREA_STYLE_COLOUR('',#5798) ;
#4582=CARTESIAN_POINT('NONE',(-2.419553574988,3.301,0.631014279365));
#4583 = EDGE_LOOP('NONE',(#2061,#1710,#1385,#9629)) ;
#4584 = STYLED_ITEM('NONE',(#9791),#9105) ;
#4585 = SURFACE_STYLE_FILL_AREA(#5753) ;
#4586=CARTESIAN_POINT('NONE',(-2.712964552639,3.301,0.631678333935));
#4587=CARTESIAN_POINT('NONE',(-2.559462323557,3.301,0.684610660091));
#4588 = VECTOR('NONE',#10998,1000.) ;
#4589 = ORIENTED_EDGE('NONE',*,*,#8489,.F.) ;
#4590 = ORIENTED_EDGE('NONE',*,*,#4021,.T.) ;
#4591 = SURFACE_STYLE_FILL_AREA(#9343) ;
#4592=CARTESIAN_POINT('NONE',(-2.205287862451,3.299999999999,0.618184908146));
#4593 = EDGE_CURVE('NONE',#9998,#7801,#5362,.T.) ;
#4594 =(NAMED_UNIT(*) PLANE_ANGLE_UNIT() SI_UNIT($,.RADIAN.));
#4595 = ORIENTED_EDGE('NONE',*,*,#4111,.F.) ;
#4596 =(NAMED_UNIT(*) SI_UNIT($,.STERADIAN.) SOLID_ANGLE_UNIT());
#4597=CARTESIAN_POINT('NONE',(-1.721459763476,3.299999999999,0.68366136334));
#4598=CARTESIAN_POINT('NONE',(-2.415737983181,3.299999999999,0.6471995853));
#4599 = FILL_AREA_STYLE('',(#10152)) ;
#4600 =(GEOMETRIC_REPRESENTATION_CONTEXT(3) GLOBAL_UNCERTAINTY_ASSIGNED_CONTEXT((#4667)) GLOBAL_UNIT_ASSIGNED_CONTEXT((#514,#6404,#3112)) REPRESENTATION_CONTEXT('NONE','WORKASPACE'));
#4601 = LINE('NONE',#10380,#9612) ;
#4602 = LINE('NONE',#5564,#6852) ;
#4603=CARTESIAN_POINT('NONE',(0.,0.,2.186229122613));
#4604=DIRECTION('NONE',(-5.004010026856000E-16,-1.,0.));
#4605 =(NAMED_UNIT(*) SI_UNIT($,.STERADIAN.) SOLID_ANGLE_UNIT());
#4606 =(NAMED_UNIT(*) SI_UNIT($,.STERADIAN.) SOLID_ANGLE_UNIT());
#4607 = MECHANICAL_DESIGN_GEOMETRIC_PRESENTATION_REPRESENTATION('',(#10765),#10284) ;
#4608 = VERTEX_POINT('NONE',#13157) ;
#4609=DIRECTION('NONE',(0.,-1.,0.));
#4610=CARTESIAN_POINT('NONE',(-2.73155628815,3.301,0.658123355456));
#4611 = EDGE_LOOP('NONE',(#9825,#5836,#9941,#1984)) ;
#4612 = PRESENTATION_STYLE_ASSIGNMENT((#7884)) ;
#4613 = SURFACE_SIDE_STYLE('',(#13516)) ;
#4614 = MECHANICAL_DESIGN_GEOMETRIC_PRESENTATION_REPRESENTATION('',(#11714),#12630) ;
#4615 =(LENGTH_UNIT() NAMED_UNIT(*) SI_UNIT(.MILLI.,.METRE.));
#4616=DIRECTION('NONE',(0.,0.,-1.));
#4617 = MECHANICAL_DESIGN_GEOMETRIC_PRESENTATION_REPRESENTATION('',(#2793),#5559) ;
#4618 = UNCERTAINTY_MEASURE_WITH_UNIT(LENGTH_MEASURE(1.000000000000E-05),#10062,'distance_accuracy_value','NONE');
#4619 =(GEOMETRIC_REPRESENTATION_CONTEXT(3) GLOBAL_UNCERTAINTY_ASSIGNED_CONTEXT((#10272)) GLOBAL_UNIT_ASSIGNED_CONTEXT((#7621,#4145,#14268)) REPRESENTATION_CONTEXT('NONE','WORKASPACE'));
#4620 = FACE_OUTER_BOUND('NONE',#6610,.T.) ;
#4621 = EDGE_LOOP('NONE',(#2242,#1223,#2249,#4148)) ;
#4622 = B_SPLINE_CURVE_WITH_KNOTS('NONE',3,(#8808,#11413,#14346,#5314),.UNSPECIFIED.,.F.,.F.,(4,4),(12.000000000000,13.000000000000),.UNSPECIFIED.) ;
#4623 = ORIENTED_EDGE('NONE',*,*,#5651,.F.) ;
#4624 = MECHANICAL_DESIGN_GEOMETRIC_PRESENTATION_REPRESENTATION('',(#3944),#12880) ;
#4625=CARTESIAN_POINT('NONE',(-2.401496751873,3.301,0.627211961027));
#4626 = ORIENTED_EDGE('NONE',*,*,#14006,.F.) ;
#4627=CARTESIAN_POINT('NONE',(-2.448671365021,3.301,0.575844779842));
#4628 =(NAMED_UNIT(*) SI_UNIT($,.STERADIAN.) SOLID_ANGLE_UNIT());
#4629 = VECTOR('NONE',#12983,1000.) ;
#4630 = ORIENTED_EDGE('NONE',*,*,#4633,.T.) ;
#4631 = EDGE_CURVE('NONE',#757,#12118,#7031,.T.) ;
#4632 = FACE_OUTER_BOUND('NONE',#4933,.T.) ;
#4633 = EDGE_CURVE('NONE',#2328,#9496,#1937,.T.) ;
#4634 = VERTEX_POINT('NONE',#9882) ;
#4635=CARTESIAN_POINT('NONE',(-1.552818840819,3.299999999999,0.760339860241));
#4636=CARTESIAN_POINT('NONE',(-1.94904628028,3.301,0.721957524591));
#4637=CARTESIAN_POINT('NONE',(-2.221805677804,3.301,0.726059731072));
#4638=CARTESIAN_POINT('NONE',(-2.725303958321,3.301,0.643007647519));
#4639 = FILL_AREA_STYLE_COLOUR('',#1313) ;
#4640=DIRECTION('NONE',(0.991287678229,0.,-0.131714611911));
#4641 =(NAMED_UNIT(*) SI_UNIT($,.STERADIAN.) SOLID_ANGLE_UNIT());
#4642 = ORIENTED_EDGE('NONE',*,*,#10830,.T.) ;
#4643 = VERTEX_POINT('NONE',#6321) ;
#4644=DIRECTION('NONE',(0.,-1.,0.));
#4645 = EDGE_CURVE('NONE',#13096,#2971,#3043,.T.) ;
#4646 =(NAMED_UNIT(*) SI_UNIT($,.STERADIAN.) SOLID_ANGLE_UNIT());
#4647 =(LENGTH_UNIT() NAMED_UNIT(*) SI_UNIT(.MILLI.,.METRE.));
#4648 = UNCERTAINTY_MEASURE_WITH_UNIT(LENGTH_MEASURE(1.000000000000E-05),#13051,'distance_accuracy_value','NONE');
#4649=CARTESIAN_POINT('NONE',(-1.694362087446,3.299999999999,0.899889462966));
#4650 = FACE_OUTER_BOUND('NONE',#14684,.T.) ;
#4651 = ORIENTED_EDGE('NONE',*,*,#3255,.F.) ;
#4652=CARTESIAN_POINT('NONE',(-1.671356058189,3.299999999999,0.714383260638));
#4653 = LINE('NONE',#2394,#8862) ;
#4654 = EDGE_CURVE('NONE',#14258,#11222,#10991,.T.) ;
#4655 = VERTEX_POINT('NONE',#14184) ;
#4656 = B_SPLINE_CURVE_WITH_KNOTS('NONE',3,(#2882,#1025,#11850,#8542),.UNSPECIFIED.,.F.,.F.,(4,4),(4.000000000000,5.000000000000),.UNSPECIFIED.) ;
#4657 = SURFACE_STYLE_USAGE(.BOTH.,#4735) ;
#4658 =(NAMED_UNIT(*) SI_UNIT($,.STERADIAN.) SOLID_ANGLE_UNIT());
#4659 = EDGE_CURVE('NONE',#7625,#2971,#4125,.T.) ;
#4660=CARTESIAN_POINT('NONE',(0.8,-2.710505431213000E-17,0.));
#4661 = ORIENTED_EDGE('NONE',*,*,#11055,.T.) ;
#4662 = ORIENTED_EDGE('NONE',*,*,#3093,.T.) ;
#4663 = EDGE_CURVE('NONE',#11587,#8899,#6540,.T.) ;
#4664 = SURFACE_STYLE_USAGE(.BOTH.,#5988) ;
#4665=DIRECTION('NONE',(0.,0.,-1.));
#4666=DIRECTION('NONE',(0.007092178509,0.,-0.999974850185));
#4667 = UNCERTAINTY_MEASURE_WITH_UNIT(LENGTH_MEASURE(1.000000000000E-05),#514,'distance_accuracy_value','NONE');
#4668=CARTESIAN_POINT('NONE',(-2.313166227056,3.301,0.615361023832));
#4669 = ORIENTED_EDGE('NONE',*,*,#3260,.T.) ;
#4670 = FACE_OUTER_BOUND('NONE',#3347,.T.) ;
#4671 = ORIENTED_EDGE('NONE',*,*,#5881,.F.) ;
#4672=CARTESIAN_POINT('NONE',(-2.701986767511,3.299999999999,0.711174899319));
#4673 = PRESENTATION_STYLE_ASSIGNMENT((#14813)) ;
#4674 = FILL_AREA_STYLE('',(#6599)) ;
#4675 =(NAMED_UNIT(*) PLANE_ANGLE_UNIT() SI_UNIT($,.RADIAN.));
#4676=CARTESIAN_POINT('NONE',(0.999999999999,6.75,1.5));
#4677 = VECTOR('NONE',#7897,1000.) ;
#4678 = LINE('NONE',#2730,#6883) ;
#4679 = FILL_AREA_STYLE_COLOUR('',#5485) ;
#4680 = EDGE_CURVE('NONE',#13100,#4655,#11120,.T.) ;
#4681=CARTESIAN_POINT('NONE',(-2.285825712582,3.299999999999,0.657229477911));
#4682=DIRECTION('NONE',(-0.999974850185,0.,-0.007092178509));
#4683 = SURFACE_SIDE_STYLE('',(#2657)) ;
#4684 = COLOUR_RGB('',0.647058823529,0.619607843137,0.588235294117) ;
#4685 = ORIENTED_EDGE('NONE',*,*,#5533,.T.) ;
#4686 =(LENGTH_UNIT() NAMED_UNIT(*) SI_UNIT(.MILLI.,.METRE.));
#4687 =(LENGTH_UNIT() NAMED_UNIT(*) SI_UNIT(.MILLI.,.METRE.));
#4688=CARTESIAN_POINT('NONE',(-2.395868713299,3.299999999999,0.673730224867));
#4689=CARTESIAN_POINT('NONE',(0.,0.,24.30954544295));
#4690 =(NAMED_UNIT(*) PLANE_ANGLE_UNIT() SI_UNIT($,.RADIAN.));
#4691 =(NAMED_UNIT(*) SI_UNIT($,.STERADIAN.) SOLID_ANGLE_UNIT());
#4692=CARTESIAN_POINT('NONE',(-1.64714409788,3.299999999999,0.848167552084));
#4693 = LINE('NONE',#3612,#9723) ;
#4694=CARTESIAN_POINT('NONE',(-1.827069550709,3.301,0.649943044093));
#4695 = COLOUR_RGB('',0.501960784313,0.250980392156,0.250980392156) ;
#4696 = ADVANCED_FACE('NONE',(#5496),#5770,.T.) ;
#4697=CARTESIAN_POINT('NONE',(-2.484932793369,3.301,0.630675360704));
#4698 = MECHANICAL_DESIGN_GEOMETRIC_PRESENTATION_REPRESENTATION('',(#14552),#10135) ;
#4699 = ORIENTED_EDGE('NONE',*,*,#9482,.F.) ;
#4700 = COLOUR_RGB('',0.250980392156,0.250980392156,0.250980392156) ;
#4701 =(GEOMETRIC_REPRESENTATION_CONTEXT(3) GLOBAL_UNCERTAINTY_ASSIGNED_CONTEXT((#9548)) GLOBAL_UNIT_ASSIGNED_CONTEXT((#8182,#5932,#9581)) REPRESENTATION_CONTEXT('NONE','WORKASPACE'));
#4702 = ORIENTED_EDGE('NONE',*,*,#919,.T.) ;
#4703 = EDGE_LOOP('NONE',(#7085,#12754,#5312,#9334)) ;
#4704=CARTESIAN_POINT('NONE',(-2.712964552639,3.299999999999,0.631678333935));
#4705 = LINE('NONE',#2594,#3226) ;
#4706=PRODUCT_DEFINITION_FORMATION('�κ�','',#9428);
#4707 = ORIENTED_EDGE('NONE',*,*,#10502,.T.) ;
#4708 = B_SPLINE_CURVE_WITH_KNOTS('NONE',3,(#1563,#13872,#11403,#12574),.UNSPECIFIED.,.F.,.F.,(4,4),(0.,1.),.UNSPECIFIED.) ;
#4709 = VECTOR('NONE',#14407,1000.) ;
#4710 = SURFACE_STYLE_USAGE(.BOTH.,#14490) ;
#4711 = SURFACE_STYLE_FILL_AREA(#13681) ;
#4712 = ORIENTED_EDGE('NONE',*,*,#10070,.F.) ;
#4713=CARTESIAN_POINT('NONE',(-1.55308342491,3.301,0.797645384371));
#4714 = LINE('NONE',#10182,#8423) ;
#4715 = SURFACE_SIDE_STYLE('',(#6862)) ;
#4716=CARTESIAN_POINT('NONE',(-2.483112157816,3.301,0.637862783361));
#4717 = CIRCLE('NONE',#2900,3.150000000000) ;
#4718 = STYLED_ITEM('NONE',(#9068),#12145) ;
#4719 = EDGE_CURVE('NONE',#3018,#411,#6823,.T.) ;
#4720 = ORIENTED_EDGE('NONE',*,*,#11507,.F.) ;
#4721=CARTESIAN_POINT('NONE',(-2.731690350175,3.301,0.677025678973));
#4722 = PRESENTATION_LAYER_ASSIGNMENT('','',(#2420)) ;
#4723 = PLANE('NONE',#5507) ;
#4724 =(NAMED_UNIT(*) SI_UNIT($,.STERADIAN.) SOLID_ANGLE_UNIT());
#4725 = SURFACE_STYLE_USAGE(.BOTH.,#1536) ;
#4726 = SURFACE_STYLE_USAGE(.BOTH.,#10349) ;
#4727=CARTESIAN_POINT('NONE',(-1.94869551921,3.299999999999,0.672505984153));
#4728 = SURFACE_SIDE_STYLE('',(#2470)) ;
#4729=CARTESIAN_POINT('NONE',(-1.773144805261,3.301,0.631237947217));
#4730 = ORIENTED_EDGE('NONE',*,*,#9287,.T.) ;
#4731 =(GEOMETRIC_REPRESENTATION_CONTEXT(3) GLOBAL_UNCERTAINTY_ASSIGNED_CONTEXT((#12320)) GLOBAL_UNIT_ASSIGNED_CONTEXT((#558,#11651,#1649)) REPRESENTATION_CONTEXT('NONE','WORKASPACE'));
#4732 = TOROIDAL_SURFACE('NONE',#3572,3.740172735303,0.751525314169) ;
#4733 = UNCERTAINTY_MEASURE_WITH_UNIT(LENGTH_MEASURE(1.000000000000E-05),#10382,'distance_accuracy_value','NONE');
#4734 = B_SPLINE_SURFACE_WITH_KNOTS('NONE',3,1,((#2324,#14182),(#6467,#1864),(#782,#12083),(#7518,#7666)),.UNSPECIFIED.,.F.,.F.,.F.,(4,4),(2,2),(7.000000000000,8.000000000000),(0.,1.),.UNSPECIFIED.) ;
#4735 = SURFACE_SIDE_STYLE('',(#14797)) ;
#4736 = EDGE_CURVE('NONE',#8232,#13935,#11326,.T.) ;
#4737=DIRECTION('NONE',(0.,1.,0.));
#4738=DIRECTION('NONE',(0.,0.,1.));
#4740 = EDGE_LOOP('NONE',(#13497,#6257,#994,#2893)) ;
#4739 =(NAMED_UNIT(*) PLANE_ANGLE_UNIT() SI_UNIT($,.RADIAN.));
#4741 = B_SPLINE_CURVE_WITH_KNOTS('NONE',3,(#9649,#619,#2732,#1638),.UNSPECIFIED.,.F.,.F.,(4,4),(16.000000000000,17.000000000000),.UNSPECIFIED.) ;
#4742 = ORIENTED_EDGE('NONE',*,*,#9187,.T.) ;
#4743 = EDGE_CURVE('NONE',#4936,#3919,#2273,.T.) ;
#4744 = STYLED_ITEM('NONE',(#14781),#12784) ;
#4745=CARTESIAN_POINT('NONE',(-1.714303895699,3.299999999999,0.898012801955));
#4746 = SURFACE_STYLE_USAGE(.BOTH.,#6134) ;
#4747 = FILL_AREA_STYLE('',(#7130)) ;
#4748 = ORIENTED_EDGE('NONE',*,*,#8288,.T.) ;
#4749 = PRESENTATION_LAYER_ASSIGNMENT('','',(#7598)) ;
#4750 = ORIENTED_EDGE('NONE',*,*,#2084,.T.) ;
#4751 =(LENGTH_UNIT() NAMED_UNIT(*) SI_UNIT(.MILLI.,.METRE.));
#4752 =(NAMED_UNIT(*) PLANE_ANGLE_UNIT() SI_UNIT($,.RADIAN.));
#4753 = FACE_BOUND('NONE',#1473,.T.) ;
#4754=CARTESIAN_POINT('NONE',(-2.106211892943,3.301,0.739930350746));
#4755 = PRESENTATION_STYLE_ASSIGNMENT((#10948)) ;
#4756 = COLOUR_RGB('',0.250980392156,0.250980392156,0.250980392156) ;
#4757 = ADVANCED_FACE('NONE',(#3261),#5632,.F.) ;
#4758=DIRECTION('NONE',(-1.,0.,0.));
#4759=DIRECTION('NONE',(0.,0.,-1.));
#4760=CARTESIAN_POINT('NONE',(-1.671356058189,3.301,0.714383260638));
#4761 = VECTOR('NONE',#3809,1000.) ;
#4762 = PRESENTATION_LAYER_ASSIGNMENT('','',(#5927)) ;
#4763 = SURFACE_SIDE_STYLE('',(#14826)) ;
#4764 = ORIENTED_EDGE('NONE',*,*,#9091,.F.) ;
#4765 = VECTOR('NONE',#13609,1000.) ;
#4766=CARTESIAN_POINT('NONE',(-1.694860474421,3.301,0.847829130512));
#4767 = FILL_AREA_STYLE('',(#2349)) ;
#4768=CARTESIAN_POINT('NONE',(-2.094508917951,3.301,0.680147964718));
#4769 = ORIENTED_EDGE('NONE',*,*,#5402,.F.) ;
#4770 = EDGE_CURVE('NONE',#9455,#9863,#5847,.T.) ;
#4771 = FACE_OUTER_BOUND('NONE',#4200,.T.) ;
#4772=CARTESIAN_POINT('NONE',(-2.395868713299,3.301,0.673730224867));
#4773 = VECTOR('NONE',#12811,1000.) ;
#4774=CARTESIAN_POINT('NONE',(-1.93048270534,3.299999999999,0.673502756813));
#4775 = FACE_OUTER_BOUND('NONE',#4136,.T.) ;
#4776 = UNCERTAINTY_MEASURE_WITH_UNIT(LENGTH_MEASURE(1.000000000000E-05),#1039,'distance_accuracy_value','NONE');
#4777 = FACE_OUTER_BOUND('NONE',#7924,.T.) ;
#4778 = STYLED_ITEM('NONE',(#5584),#13552) ;
#4779 = MECHANICAL_DESIGN_GEOMETRIC_PRESENTATION_REPRESENTATION('',(#3644),#14632) ;
#4780 = ORIENTED_EDGE('NONE',*,*,#6931,.F.) ;
#4781=DIRECTION('NONE',(0.007092178509,0.,-0.999974850185));
#4782 = MECHANICAL_DESIGN_GEOMETRIC_PRESENTATION_REPRESENTATION('',(#8341),#14177) ;
#4783 = ORIENTED_EDGE('NONE',*,*,#11345,.F.) ;
#4784=DIRECTION('NONE',(0.,0.,-1.));
#4785 = VECTOR('NONE',#10085,1000.) ;
#4786 = ORIENTED_EDGE('NONE',*,*,#13630,.T.) ;
#4787=CARTESIAN_POINT('NONE',(2.,2.,-0.01));
#4788=CARTESIAN_POINT('NONE',(-2.265166247021,3.301,0.686697912895));
#4789 = PLANE('NONE',#13271) ;
#4790 = ORIENTED_EDGE('NONE',*,*,#10897,.T.) ;
#4791 = EDGE_CURVE('NONE',#12002,#9538,#4708,.T.) ;
#4792=CARTESIAN_POINT('NONE',(-2.399911048344,3.299999999999,0.614745798602));
#4793 = LINE('NONE',#10256,#5119) ;
#4794 = ORIENTED_EDGE('NONE',*,*,#3186,.F.) ;
#4795 =(LENGTH_UNIT() NAMED_UNIT(*) SI_UNIT(.MILLI.,.METRE.));
#4796 = FILL_AREA_STYLE_COLOUR('',#3248) ;
#4797=CARTESIAN_POINT('NONE',(-2.712964552639,3.299999999999,0.631678333935));
#4798 = COLOUR_RGB('',0.647058823529,0.619607843137,0.588235294117) ;
#4799 =(LENGTH_UNIT() NAMED_UNIT(*) SI_UNIT(.MILLI.,.METRE.));
#4800 = ORIENTED_EDGE('NONE',*,*,#2156,.T.) ;
#4801 = STYLED_ITEM('NONE',(#11839),#7510) ;
#4802 = SURFACE_STYLE_USAGE(.BOTH.,#7030) ;
#4803 = SURFACE_STYLE_USAGE(.BOTH.,#9397) ;
#4804 = UNCERTAINTY_MEASURE_WITH_UNIT(LENGTH_MEASURE(1.000000000000E-05),#11099,'distance_accuracy_value','NONE');
#4805 = FILL_AREA_STYLE_COLOUR('',#12439) ;
#4806=CARTESIAN_POINT('NONE',(-2.643917557988,3.301,0.906546259382));
#4807=DIRECTION('NONE',(0.999974850185,0.,0.007092178509));
#4808=DIRECTION('NONE',(0.007092178509,0.,-0.999974850185));
#4809 = ORIENTED_EDGE('NONE',*,*,#4381,.F.) ;
#4810 = VECTOR('NONE',#11533,1000.) ;
#4811 = ADVANCED_FACE('NONE',(#14751),#7065,.F.) ;
#4812=CARTESIAN_POINT('NONE',(-2.563687867268,3.301,0.871367500768));
#4813 = COLOUR_RGB('',0.647058823529,0.619607843137,0.588235294117) ;
#4814 = PRESENTATION_STYLE_ASSIGNMENT((#4657)) ;
#4815=DIRECTION('NONE',(0.007092178509,0.,-0.999974850185));
#4816 = EDGE_CURVE('NONE',#7227,#14132,#3810,.T.) ;
#4817=CARTESIAN_POINT('NONE',(-2.285710233412,3.301,0.640947278447));
#4818 = B_SPLINE_CURVE_WITH_KNOTS('NONE',3,(#9655,#4113,#10763,#2966),.UNSPECIFIED.,.F.,.F.,(4,4),(0.,1.),.UNSPECIFIED.) ;
#4819 =(NAMED_UNIT(*) PLANE_ANGLE_UNIT() SI_UNIT($,.RADIAN.));
#4820 = ORIENTED_EDGE('NONE',*,*,#10624,.T.) ;
#4821 = VECTOR('NONE',#4644,1000.) ;
#4822=CARTESIAN_POINT('NONE',(-1.94904628028,3.301,0.721957524591));
#4823 = SURFACE_STYLE_FILL_AREA(#12708) ;
#4824 =(NAMED_UNIT(*) SI_UNIT($,.STERADIAN.) SOLID_ANGLE_UNIT());
#4825 = STYLED_ITEM('NONE',(#6461),#8849) ;
#4826 = UNCERTAINTY_MEASURE_WITH_UNIT(LENGTH_MEASURE(1.000000000000E-05),#9080,'distance_accuracy_value','NONE');
#4827 = VERTEX_POINT('NONE',#4979) ;
#4828 = EDGE_CURVE('NONE',#2724,#9011,#8332,.T.) ;
#4829 = ORIENTED_EDGE('NONE',*,*,#4828,.T.) ;
#4830=CARTESIAN_POINT('NONE',(-2.666852463179,3.299999999999,0.722903300441));
#4831=DIRECTION('NONE',(0.999974850185,0.,0.007092178509));
#4832 = SURFACE_SIDE_STYLE('',(#8916)) ;
#4833 = EDGE_CURVE('NONE',#10821,#4827,#7213,.T.) ;
#4834 =(LENGTH_UNIT() NAMED_UNIT(*) SI_UNIT(.MILLI.,.METRE.));
#4835 = EDGE_CURVE('NONE',#12731,#6847,#5769,.T.) ;
#4836 = PRESENTATION_STYLE_ASSIGNMENT((#6427)) ;
#4837 = STYLED_ITEM('NONE',(#9709),#8243) ;
#4838 =(GEOMETRIC_REPRESENTATION_CONTEXT(3) GLOBAL_UNCERTAINTY_ASSIGNED_CONTEXT((#2198)) GLOBAL_UNIT_ASSIGNED_CONTEXT((#685,#4018,#13282)) REPRESENTATION_CONTEXT('NONE','WORKASPACE'));
#4839=CARTESIAN_POINT('NONE',(-1.703628443413,3.301,0.73844756218));
#4840=CARTESIAN_POINT('NONE',(-2.294529598992,3.301,0.683744627587));
#4841=CARTESIAN_POINT('NONE',(-1.752747730884,3.301,0.93591516678));
#4842 = ORIENTED_EDGE('NONE',*,*,#12390,.T.) ;
#4843 = LINE('NONE',#10456,#11309) ;
#4844 = EDGE_CURVE('NONE',#7523,#3282,#4908,.T.) ;
#4845 = PRESENTATION_STYLE_ASSIGNMENT((#2576)) ;
#4846=CARTESIAN_POINT('NONE',(-1.985225815397,3.299999999999,0.807594688155));
#4847 = SURFACE_STYLE_FILL_AREA(#1505) ;
#4848 = ORIENTED_EDGE('NONE',*,*,#8993,.F.) ;
#4849 =(NAMED_UNIT(*) PLANE_ANGLE_UNIT() SI_UNIT($,.RADIAN.));
#4850=CARTESIAN_POINT('NONE',(-1.588586109549,3.299999999999,0.665516266492));
#4851 = FILL_AREA_STYLE('',(#8344)) ;
#4852 = FILL_AREA_STYLE('',(#13963)) ;
#4853=CARTESIAN_POINT('NONE',(-2.392588692688,3.301,0.681863803664));
#4854=DIRECTION('NONE',(0.,-1.,0.));
#4855=DIRECTION('NONE',(1.,0.,0.));
#4856 = ORIENTED_EDGE('NONE',*,*,#5391,.T.) ;
#4857 = PRESENTATION_LAYER_ASSIGNMENT('','',(#9593)) ;
#4858 = COLOUR_RGB('',0.647058823529,0.619607843137,0.588235294117) ;
#4859 = MECHANICAL_DESIGN_GEOMETRIC_PRESENTATION_REPRESENTATION('',(#1595),#10522) ;
#4860 = EDGE_CURVE('NONE',#3202,#1284,#2735,.T.) ;
#4861 = ORIENTED_EDGE('NONE',*,*,#401,.T.) ;
#4862=CARTESIAN_POINT('NONE',(-2.291762386433,3.301,0.825757165794));
#4863 = ORIENTED_EDGE('NONE',*,*,#4835,.T.) ;
#4864 = LINE('NONE',#4788,#2757) ;
#4865 = ORIENTED_EDGE('NONE',*,*,#11086,.T.) ;
#4866 = B_SPLINE_SURFACE_WITH_KNOTS('NONE',3,1,((#11082,#6939),(#8047,#10178),(#5732,#4868),(#5958,#10333)),.UNSPECIFIED.,.F.,.F.,.F.,(4,4),(2,2),(13.000000000000,14.000000000000),(0.,1.),.UNSPECIFIED.) ;
#4867=CARTESIAN_POINT('NONE',(-2.339326813793,3.299999999999,0.934909084123));
#4868=CARTESIAN_POINT('NONE',(-2.392563915549,3.299999999999,0.678370304928));
#4869 = ORIENTED_EDGE('NONE',*,*,#9098,.T.) ;
#4870 = MECHANICAL_DESIGN_GEOMETRIC_PRESENTATION_REPRESENTATION('',(#3024),#13335) ;
#4871 = LINE('NONE',#7460,#8978) ;
#4872 =(GEOMETRIC_REPRESENTATION_CONTEXT(3) GLOBAL_UNCERTAINTY_ASSIGNED_CONTEXT((#8977)) GLOBAL_UNIT_ASSIGNED_CONTEXT((#9806,#10022,#14179)) REPRESENTATION_CONTEXT('NONE','WORKASPACE'));
#4873 = PRESENTATION_LAYER_ASSIGNMENT('','',(#6992)) ;
#4874=DIRECTION('NONE',(0.007092178509,0.,-0.999974850185));
#4875 = PRESENTATION_STYLE_ASSIGNMENT((#7396)) ;
#4876=DIRECTION('NONE',(-1.,1.084202172485000E-17,0.));
#4877 = FACE_BOUND('NONE',#7408,.T.) ;
#4878 = COLOUR_RGB('',0.647058823529,0.619607843137,0.588235294117) ;
#4879 = EDGE_CURVE('NONE',#9496,#8863,#392,.T.) ;
#4880=CARTESIAN_POINT('NONE',(-1.98947133851,3.301,0.672216787491));
#4881 = B_SPLINE_CURVE_WITH_KNOTS('NONE',3,(#13303,#1060,#6315,#2972),.UNSPECIFIED.,.F.,.F.,(4,4),(19.000000000000,20.),.UNSPECIFIED.) ;
#4882 = EDGE_LOOP('NONE',(#2090,#5153,#14715,#13841)) ;
#4883 = VECTOR('NONE',#1829,1000.) ;
#4884 = PRESENTATION_LAYER_ASSIGNMENT('','',(#11966)) ;
#4885 = SURFACE_STYLE_FILL_AREA(#1599) ;
#4886=DIRECTION('NONE',(0.,-1.,0.));
#4887=CARTESIAN_POINT('NONE',(-2.480463744881,3.301,0.80982026012));
#4888=CARTESIAN_POINT('NONE',(-0.8,-2.710505431213000E-17,0.299999999999));
#4889=CARTESIAN_POINT('NONE',(-2.303313565873,3.299999999999,0.70395811786));
#4890 =(NAMED_UNIT(*) PLANE_ANGLE_UNIT() SI_UNIT($,.RADIAN.));
#4891 = ORIENTED_EDGE('NONE',*,*,#2797,.T.) ;
#4892 = ORIENTED_EDGE('NONE',*,*,#10158,.F.) ;
#4893 = COLOUR_RGB('',1.,1.,1.) ;
#4894=DIRECTION('NONE',(-1.,0.,0.));
#4895 = EDGE_LOOP('NONE',(#2872,#1759,#5457,#13072)) ;
#4896 = ORIENTED_EDGE('NONE',*,*,#3033,.F.) ;
#4897=DIRECTION('NONE',(0.007092178509,0.,-0.999974850185));
#4898=DIRECTION('NONE',(0.345199932452,0.,-0.938529171967));
#4899 = VERTEX_POINT('NONE',#6073) ;
#4900=DIRECTION('NONE',(0.,-1.,0.));
#4901 = ORIENTED_EDGE('NONE',*,*,#462,.T.) ;
#4902=CARTESIAN_POINT('NONE',(-2.67896933376,3.299999999999,0.80841238764));
#4903=CARTESIAN_POINT('NONE',(-2.511524719074,3.301,0.703167667539));
#4904 = FACE_OUTER_BOUND('NONE',#4740,.T.) ;
#4905 = FACE_OUTER_BOUND('NONE',#6100,.T.) ;
#4906 =(GEOMETRIC_REPRESENTATION_CONTEXT(3) GLOBAL_UNCERTAINTY_ASSIGNED_CONTEXT((#5895)) GLOBAL_UNIT_ASSIGNED_CONTEXT((#8462,#14000,#14283)) REPRESENTATION_CONTEXT('NONE','WORKASPACE'));
#4907 = FACE_OUTER_BOUND('NONE',#9970,.T.) ;
#4908 = LINE('NONE',#11715,#11826) ;
#4909 = EDGE_CURVE('NONE',#9538,#3898,#12723,.T.) ;
#4910 = ORIENTED_EDGE('NONE',*,*,#9799,.T.) ;
#4911 =(NAMED_UNIT(*) PLANE_ANGLE_UNIT() SI_UNIT($,.RADIAN.));
#4912=CARTESIAN_POINT('NONE',(-2.712964552639,3.301,0.631678333935));
#4913 = MECHANICAL_DESIGN_GEOMETRIC_PRESENTATION_REPRESENTATION('',(#13368),#14299) ;
#4914 = LINE('NONE',#3888,#14380) ;
#4915 = PRESENTATION_STYLE_ASSIGNMENT((#399)) ;
#4917 = LINE('NONE',#6999,#8496) ;
#4916 = STYLED_ITEM('NONE',(#10077),#10603) ;
#4918=CARTESIAN_POINT('NONE',(-2.515416004456,3.299999999999,0.917564339388));
#4919=CARTESIAN_POINT('NONE',(-2.281391838087,3.299999999999,0.836935611256));
#4920 = SURFACE_STYLE_FILL_AREA(#4852) ;
#4921 = LINE('NONE',#3822,#14833) ;
#4922=CARTESIAN_POINT('NONE',(-2.451911569405,3.301,0.588486369088));
#4923 = EDGE_CURVE('NONE',#3634,#11699,#470,.T.) ;
#4924 = ORIENTED_EDGE('NONE',*,*,#3164,.F.) ;
#4925=CARTESIAN_POINT('NONE',(-2.291762386433,3.301,0.825757165794));
#4926 = ORIENTED_EDGE('NONE',*,*,#12400,.T.) ;
#4927 = PRESENTATION_LAYER_ASSIGNMENT('','',(#6339)) ;
#4928 = EDGE_CURVE('NONE',#9384,#12475,#10601,.T.) ;
#4929 = VERTEX_POINT('NONE',#10312) ;
#4930 =(LENGTH_UNIT() NAMED_UNIT(*) SI_UNIT(.MILLI.,.METRE.));
#4931 = FACE_OUTER_BOUND('NONE',#8994,.T.) ;
#4932 =(NAMED_UNIT(*) SI_UNIT($,.STERADIAN.) SOLID_ANGLE_UNIT());
#4933 = EDGE_LOOP('NONE',(#9689,#9652,#13012,#12117)) ;
#4934 = VERTEX_POINT('NONE',#5349) ;
#4935=CARTESIAN_POINT('NONE',(-2.515416004456,3.299999999999,0.917564339388));
#4936 = VERTEX_POINT('NONE',#9578) ;
#4937=CARTESIAN_POINT('NONE',(-3.740172735303,4.580390568547000E-16,1.571543008235));
#4938 = EDGE_CURVE('NONE',#917,#6970,#9870,.T.) ;
#4939 = MECHANICAL_DESIGN_GEOMETRIC_PRESENTATION_REPRESENTATION('',(#14086),#9902) ;
#4940=AXIS2_PLACEMENT_3D('NONE',#6775,#13531,#9155);
#4941 = CIRCLE('NONE',#13617,0.500000000000) ;
#4942 = EDGE_CURVE('NONE',#7831,#10942,#1704,.T.) ;
#4943=CARTESIAN_POINT('NONE',(-1.918145991831,3.299999999999,0.646694228624));
#4944 = VECTOR('NONE',#3960,1000.) ;
#4945 = SURFACE_SIDE_STYLE('',(#1532)) ;
#4946 = EDGE_LOOP('NONE',(#2406,#8560,#1111,#10047)) ;
#4947 = LINE('NONE',#10727,#9508) ;
#4948 = CIRCLE('NONE',#541,0.299999999999) ;
#4949 = FACE_OUTER_BOUND('NONE',#6093,.T.) ;
#4950=CARTESIAN_POINT('NONE',(3.3,0.7,1.5));
#4951 = UNCERTAINTY_MEASURE_WITH_UNIT(LENGTH_MEASURE(1.000000000000E-05),#5598,'distance_accuracy_value','NONE');
#4952 =(NAMED_UNIT(*) SI_UNIT($,.STERADIAN.) SOLID_ANGLE_UNIT());
#4953=CARTESIAN_POINT('NONE',(3.3,1.,2.5));
#4954=DIRECTION('NONE',(0.,0.,-1.));
#4955 =(NAMED_UNIT(*) PLANE_ANGLE_UNIT() SI_UNIT($,.RADIAN.));
#4956 = ORIENTED_EDGE('NONE',*,*,#1931,.T.) ;
#4957 = ADVANCED_FACE('NONE',(#1923),#13146,.T.) ;
#4958 = EDGE_LOOP('NONE',(#9533,#8623,#2521,#9966)) ;
#4959 = STYLED_ITEM('NONE',(#9240),#11773) ;
#4960 = FILL_AREA_STYLE('',(#3936)) ;
#4961=CARTESIAN_POINT('NONE',(-1.657056555041,3.301,0.900154047115));
#4962 = ORIENTED_EDGE('NONE',*,*,#1569,.T.) ;
#4963=CARTESIAN_POINT('NONE',(-1.694362087446,3.299999999999,0.899889462966));
#4964=CARTESIAN_POINT('NONE',(-2.271014397669,3.299999999999,0.631631062914));
#4965 = STYLED_ITEM('NONE',(#4836),#12576) ;
#4966 = SURFACE_STYLE_USAGE(.BOTH.,#5913) ;
#4967 = ORIENTED_EDGE('NONE',*,*,#2271,.F.) ;
#4969 = CIRCLE('NONE',#2396,0.400000000000) ;
#4968=CARTESIAN_POINT('NONE',(-2.648418018957,3.301,0.723034044098));
#4970 = ORIENTED_EDGE('NONE',*,*,#12376,.F.) ;
#4971 = SURFACE_STYLE_FILL_AREA(#10593) ;
#4972=CARTESIAN_POINT('NONE',(0.,0.,24.30954544295));
#4973 = EDGE_CURVE('NONE',#1591,#12546,#621,.T.) ;
#4974 = VECTOR('NONE',#4682,1000.) ;
#4975 = LINE('NONE',#2814,#10450) ;
#4976 = PRESENTATION_LAYER_ASSIGNMENT('','',(#4744)) ;
#4977=DIRECTION('NONE',(0.,0.,1.));
#4978 = ORIENTED_EDGE('NONE',*,*,#6189,.T.) ;
#4979=CARTESIAN_POINT('NONE',(-2.323176201807,3.301,0.694084866093));
#4980 = B_SPLINE_SURFACE_WITH_KNOTS('NONE',3,1,((#13348,#6793),(#2315,#1393),(#2467,#9104),(#12462,#13554)),.UNSPECIFIED.,.F.,.F.,.F.,(4,4),(2,2),(5.000000000000,6.000000000000),(0.,1.),.UNSPECIFIED.) ;
#4981 = PRESENTATION_LAYER_ASSIGNMENT('','',(#2188)) ;
#4982=DIRECTION('NONE',(-0.918129806929,0.,-0.396279771914));
#4983=DIRECTION('NONE',(-0.887386942262,0.,0.461025394855));
#4984 = SURFACE_SIDE_STYLE('',(#11720)) ;
#4985 = SURFACE_SIDE_STYLE('',(#6388)) ;
#4986=DIRECTION('NONE',(0.,0.,-1.));
#4987 = SURFACE_STYLE_USAGE(.BOTH.,#7219) ;
#4988=AXIS2_PLACEMENT_3D('NONE',#11505,#10320,#14761);
#4989 =(LENGTH_UNIT() NAMED_UNIT(*) SI_UNIT(.MILLI.,.METRE.));
#4990 = SURFACE_SIDE_STYLE('',(#556)) ;
#4991=CARTESIAN_POINT('NONE',(-2.276416837418,3.299999999999,0.869973642013));
#4992 = VECTOR('NONE',#12496,1000.) ;
#4993=CARTESIAN_POINT('NONE',(-2.621037256947,3.299999999999,0.855987867869));
#4994 = EDGE_CURVE('NONE',#2982,#2724,#11779,.T.) ;
#4995 = COLOUR_RGB('',0.647058823529,0.619607843137,0.588235294117) ;
#4996 = FILL_AREA_STYLE('',(#10770)) ;
#4997 = FILL_AREA_STYLE('',(#562)) ;
#4998 = ORIENTED_EDGE('NONE',*,*,#3722,.T.) ;
#4999 = EDGE_CURVE('NONE',#11841,#11391,#1501,.T.) ;
#5000=CARTESIAN_POINT('NONE',(-2.516139394525,3.301,0.931596293747));
#5001 = COLOUR_RGB('',0.647058823529,0.619607843137,0.588235294117) ;
#5002 = VERTEX_POINT('NONE',#6304) ;
#5003 = ORIENTED_EDGE('NONE',*,*,#14703,.T.) ;
#5004 = COLOUR_RGB('',0.250980392156,0.250980392156,0.250980392156) ;
#5005 = STYLED_ITEM('NONE',(#5371),#2503) ;
#5006 = ORIENTED_EDGE('NONE',*,*,#5638,.F.) ;
#5007 = ORIENTED_EDGE('NONE',*,*,#1641,.T.) ;
#5008=CARTESIAN_POINT('NONE',(-2.418798550517,3.301,0.616920162324));
#5009 = EDGE_CURVE('NONE',#2155,#5037,#11947,.T.) ;
#5010=CARTESIAN_POINT('NONE',(-0.999999999999,-3.039736830714,0.5));
#5011 = ORIENTED_EDGE('NONE',*,*,#14379,.F.) ;
#5012 =(LENGTH_UNIT() NAMED_UNIT(*) SI_UNIT(.MILLI.,.METRE.));
#5013 = COLOUR_RGB('',0.647058823529,0.619607843137,0.588235294117) ;
#5014=AXIS2_PLACEMENT_3D('NONE',#734,#811,#510);
#5015=CARTESIAN_POINT('NONE',(-2.445963416946,3.299999999999,0.576675017148));
#5016 = EDGE_CURVE('NONE',#9108,#3303,#3031,.T.) ;
#5017=CARTESIAN_POINT('NONE',(2.299999999999,-2.,0.));
#5018 = COLOUR_RGB('',0.647058823529,0.619607843137,0.588235294117) ;
#5019=DIRECTION('NONE',(0.,-1.,0.));
#5020 = PRESENTATION_STYLE_ASSIGNMENT((#1529)) ;
#5021=CARTESIAN_POINT('NONE',(-2.559072083606,3.301,0.629588055003));
#5022 = EDGE_LOOP('NONE',(#13970,#11002,#14403,#13411)) ;
#5023 = SURFACE_SIDE_STYLE('',(#10648)) ;
#5024 = PRESENTATION_LAYER_ASSIGNMENT('','',(#9520)) ;
#5025=AXIS2_PLACEMENT_3D('NONE',#7014,#5872,#13595);
#5026 = SURFACE_SIDE_STYLE('',(#7548)) ;
#5027 = LINE('NONE',#2620,#12864) ;
#5028 = EDGE_CURVE('NONE',#3835,#667,#12938,.T.) ;
#5029=CARTESIAN_POINT('NONE',(-2.400399955798,3.299999999999,0.692476587922));
#5030=DIRECTION('NONE',(0.,-1.,0.));
#5031 = ORIENTED_EDGE('NONE',*,*,#14359,.F.) ;
#5032 = CIRCLE('NONE',#12105,0.500000000000) ;
#5033 = ORIENTED_EDGE('NONE',*,*,#8540,.F.) ;
#5034 = SURFACE_STYLE_USAGE(.BOTH.,#8310) ;
#5035=CARTESIAN_POINT('NONE',(-2.321204289102,3.299999999999,0.935037615536));
#5036 =(LENGTH_UNIT() NAMED_UNIT(*) SI_UNIT(.MILLI.,.METRE.));
#5037 = VERTEX_POINT('NONE',#844) ;
#5038 = EDGE_CURVE('NONE',#14013,#11520,#14166,.T.) ;
#5039 =(NAMED_UNIT(*) SI_UNIT($,.STERADIAN.) SOLID_ANGLE_UNIT());
#5040=DIRECTION('NONE',(0.,-1.,0.));
#5041 = FILL_AREA_STYLE_COLOUR('',#10494) ;
#5042=DIRECTION('NONE',(-0.007092178509,0.,0.999974850185));
#5043 = VERTEX_POINT('NONE',#4109) ;
#5044=CARTESIAN_POINT('NONE',(-2.223278147826,3.301,0.933673370226));
#5045 = ADVANCED_FACE('NONE',(#6226),#5274,.F.) ;
#5046 = EDGE_LOOP('NONE',(#7126,#7194,#14067,#10559,#7384,#13782)) ;
#5047=CARTESIAN_POINT('NONE',(-2.715016368452,3.301,0.661484788758));
#5048 = FILL_AREA_STYLE_COLOUR('',#5865) ;
#5049 = STYLED_ITEM('NONE',(#8999),#10401) ;
#5050=CARTESIAN_POINT('NONE',(-2.686072681374,3.299999999999,0.736804068694));
#5051=CARTESIAN_POINT('NONE',(-2.470464368018,3.301,0.600645033687));
#5052=CARTESIAN_POINT('NONE',(-2.302132934779,3.299999999999,0.814578720332));
#5053=AXIS2_PLACEMENT_3D('NONE',#8716,#4197,#14256);
#5054 =(GEOMETRIC_REPRESENTATION_CONTEXT(3) GLOBAL_UNCERTAINTY_ASSIGNED_CONTEXT((#4387)) GLOBAL_UNIT_ASSIGNED_CONTEXT((#1340,#11631,#13860)) REPRESENTATION_CONTEXT('NONE','WORKASPACE'));
#5055 = EDGE_CURVE('NONE',#14153,#7253,#3241,.T.) ;
#5056=CARTESIAN_POINT('NONE',(-1.857096160457,3.299999999999,0.96901204209));
#5057=CARTESIAN_POINT('NONE',(-2.305354750381,3.301,0.653098200189));
#5058 = LINE('NONE',#13019,#11186) ;
#5059=CARTESIAN_POINT('NONE',(-1.971775419278,3.299999999999,0.868423071751));
#5060 = ORIENTED_EDGE('NONE',*,*,#11893,.T.) ;
#5061 = COLOUR_RGB('',0.647058823529,0.619607843137,0.588235294117) ;
#5062 = PRESENTATION_LAYER_ASSIGNMENT('','',(#11427)) ;
#5063=CARTESIAN_POINT('NONE',(-2.221528704777,3.301,0.687007405918));
#5064=CARTESIAN_POINT('NONE',(-2.413505653777,3.301,0.627126789609));
#5065 = SURFACE_STYLE_FILL_AREA(#634) ;
#5066=CARTESIAN_POINT('NONE',(-2.481329174979,3.301,0.931843180247));
#5067 = VERTEX_POINT('NONE',#6591) ;
#5068 = SURFACE_STYLE_USAGE(.BOTH.,#14043) ;
#5069 = VERTEX_POINT('NONE',#7794) ;
#5070 = MECHANICAL_DESIGN_GEOMETRIC_PRESENTATION_REPRESENTATION('',(#3223),#8871) ;
#5071 = ORIENTED_EDGE('NONE',*,*,#7192,.T.) ;
#5072 = STYLED_ITEM('NONE',(#13428),#9632) ;
#5073 = PRESENTATION_STYLE_ASSIGNMENT((#13896)) ;
#5074=DIRECTION('NONE',(-0.007092178509,0.,0.999974850185));
#5075 = ORIENTED_EDGE('NONE',*,*,#4144,.F.) ;
#5076 = VERTEX_POINT('NONE',#10211) ;
#5077 = PRESENTATION_STYLE_ASSIGNMENT((#1445)) ;
#5078=CARTESIAN_POINT('NONE',(-2.268905526831,3.301,0.725725682133));
#5079 = ORIENTED_EDGE('NONE',*,*,#4816,.T.) ;
#5080=DIRECTION('NONE',(0.,0.,-1.));
#5081 =(NAMED_UNIT(*) PLANE_ANGLE_UNIT() SI_UNIT($,.RADIAN.));
#5082=CARTESIAN_POINT('NONE',(-2.445963416946,3.301,0.576675017148));
#5083=CARTESIAN_POINT('NONE',(-2.305354750381,3.301,0.653098200189));
#5084 = PRESENTATION_LAYER_ASSIGNMENT('','',(#3689)) ;
#5085 = FACE_BOUND('NONE',#9754,.T.) ;
#5086=CARTESIAN_POINT('NONE',(-2.457412891615,3.299999999999,0.809983744997));
#5087 = SURFACE_STYLE_FILL_AREA(#583) ;
#5088 = ORIENTED_EDGE('NONE',*,*,#9140,.F.) ;
#5089=CARTESIAN_POINT('NONE',(-2.562157698737,3.301,0.915111671114));
#5090 = EDGE_CURVE('NONE',#1323,#5856,#8973,.T.) ;
#5091 = EDGE_CURVE('NONE',#10855,#9257,#13292,.T.) ;
#5092 = LINE('NONE',#2856,#8122) ;
#5093 = MECHANICAL_DESIGN_GEOMETRIC_PRESENTATION_REPRESENTATION('',(#5340),#6741) ;
#5094 = MECHANICAL_DESIGN_GEOMETRIC_PRESENTATION_REPRESENTATION('',(#9596),#12389) ;
#5095 = UNCERTAINTY_MEASURE_WITH_UNIT(LENGTH_MEASURE(1.000000000000E-05),#778,'distance_accuracy_value','NONE');
#5096 = LINE('NONE',#1826,#12691) ;
#5097 = SURFACE_STYLE_FILL_AREA(#10731) ;
#5098=CARTESIAN_POINT('NONE',(-2.324699078981,3.301,0.706489087061));
#5099 =(NAMED_UNIT(*) SI_UNIT($,.STERADIAN.) SOLID_ANGLE_UNIT());
#5100 = ORIENTED_EDGE('NONE',*,*,#1719,.T.) ;
#5101=DIRECTION('NONE',(0.007092178509,0.,-0.999974850185));
#5102 = STYLED_ITEM('NONE',(#7154),#2654) ;
#5103 = B_SPLINE_SURFACE_WITH_KNOTS('NONE',3,1,((#8337,#10605),(#6993,#6076),(#10390,#551),(#9507,#3885)),.UNSPECIFIED.,.F.,.F.,.F.,(4,4),(2,2),(7.000000000000,8.000000000000),(0.,1.),.UNSPECIFIED.) ;
#5104 =(LENGTH_UNIT() NAMED_UNIT(*) SI_UNIT(.MILLI.,.METRE.));
#5105 = UNCERTAINTY_MEASURE_WITH_UNIT(LENGTH_MEASURE(1.000000000000E-05),#13621,'distance_accuracy_value','NONE');
#5106 = VECTOR('NONE',#2025,1000.) ;
#5107 = COLOUR_RGB('',0.647058823529,0.619607843137,0.588235294117) ;
#5108 = EDGE_CURVE('NONE',#740,#10142,#3171,.T.) ;
#5109 = ORIENTED_EDGE('NONE',*,*,#8818,.T.) ;
#5110 = ADVANCED_FACE('NONE',(#11108),#8840,.F.) ;
#5111=CARTESIAN_POINT('NONE',(0.399999999999,-2.710505431213000E-17,0.299999999999));
#5112=DIRECTION('NONE',(-0.007092178509,0.,0.999974850185));
#5113 = UNCERTAINTY_MEASURE_WITH_UNIT(LENGTH_MEASURE(1.000000000000E-05),#3290,'distance_accuracy_value','NONE');
#5114 = PRESENTATION_STYLE_ASSIGNMENT((#3948)) ;
#5115 = EDGE_LOOP('NONE',(#13246,#7315,#13803,#6550)) ;
#5116=DIRECTION('NONE',(0.,0.,-1.));
#5117 = VERTEX_POINT('NONE',#12336) ;
#5118=CARTESIAN_POINT('NONE',(-2.221429596218,3.299999999999,0.673033410975));
#5119 = VECTOR('NONE',#3700,999.999999999999) ;
#5120 = EDGE_CURVE('NONE',#4372,#7132,#2260,.T.) ;
#5121=CARTESIAN_POINT('NONE',(-2.667575853247,3.299999999999,0.7369352548));
#5122 =(NAMED_UNIT(*) SI_UNIT($,.STERADIAN.) SOLID_ANGLE_UNIT());
#5123 = SURFACE_STYLE_USAGE(.BOTH.,#692) ;
#5124=CARTESIAN_POINT('NONE',(-2.487259802667,3.299999999999,0.637708592696));
#5125 = ORIENTED_EDGE('NONE',*,*,#12268,.F.) ;
#5126 = ADVANCED_FACE('NONE',(#5616),#8308,.T.) ;
#5127=DIRECTION('NONE',(0.999974850185,0.,0.007092178509));
#5128 = ORIENTED_EDGE('NONE',*,*,#3001,.T.) ;
#5129=CARTESIAN_POINT('NONE',(-2.404431239367,3.299999999999,0.693508576368));
#5130 =(NAMED_UNIT(*) SI_UNIT($,.STERADIAN.) SOLID_ANGLE_UNIT());
#5131 = EDGE_LOOP('NONE',(#3051,#12842,#9607,#13814)) ;
#5132=CARTESIAN_POINT('NONE',(-1.857096160457,3.299999999999,0.96901204209));
#5133 = EDGE_CURVE('NONE',#11203,#571,#13564,.T.) ;
#5134 = FILL_AREA_STYLE_COLOUR('',#11632) ;
#5135 = EDGE_LOOP('NONE',(#10806,#6353,#5165,#10947,#12919,#14140,#9855,#9914,#6291,#1869,#3170,#10514)) ;
#5136 = ORIENTED_EDGE('NONE',*,*,#13815,.F.) ;
#5137 = SURFACE_SIDE_STYLE('',(#6251)) ;
#5138 = FILL_AREA_STYLE('',(#12342)) ;
#5139=CARTESIAN_POINT('NONE',(-2.999999999999,0.4,0.));
#5140 = VERTEX_POINT('NONE',#12781) ;
#5141 = EDGE_LOOP('NONE',(#5609,#8064,#9451,#12438,#12467,#3246,#4956,#3446,#5910,#9753,#4264,#9346,#13858,#2674,#13756,#8804,#1069,#576,#9836,#14627,#14724)) ;
#5142=CARTESIAN_POINT('NONE',(-2.305578621182,3.299999999999,0.631885017457));
#5143=DIRECTION('NONE',(-1.,1.224646799147000E-16,0.));
#5144 = EDGE_CURVE('NONE',#14226,#1921,#9654,.T.) ;
#5145=CARTESIAN_POINT('NONE',(-1.714303895699,3.301,0.898012801955));
#5146 = PLANE('NONE',#5215) ;
#5147 =(GEOMETRIC_REPRESENTATION_CONTEXT(3) GLOBAL_UNCERTAINTY_ASSIGNED_CONTEXT((#13988)) GLOBAL_UNIT_ASSIGNED_CONTEXT((#5870,#10407,#491)) REPRESENTATION_CONTEXT('NONE','WORKASPACE'));
#5148=CARTESIAN_POINT('NONE',(-2.399911048344,3.299999999999,0.614745798602));
#5149=CARTESIAN_POINT('NONE',(-2.511524719074,3.301,0.703167667539));
#5150 = LINE('NONE',#9465,#9285) ;
#5151 = ORIENTED_EDGE('NONE',*,*,#4593,.T.) ;
#5152 = SURFACE_STYLE_USAGE(.BOTH.,#882) ;
#5153 = ORIENTED_EDGE('NONE',*,*,#5378,.F.) ;
#5154=DIRECTION('NONE',(-0.999974850185,0.,-0.007092178509));
#5155 = ORIENTED_EDGE('NONE',*,*,#11406,.T.) ;
#5156 =(GEOMETRIC_REPRESENTATION_CONTEXT(3) GLOBAL_UNCERTAINTY_ASSIGNED_CONTEXT((#9471)) GLOBAL_UNIT_ASSIGNED_CONTEXT((#714,#14114,#5292)) REPRESENTATION_CONTEXT('NONE','WORKASPACE'));
#5157 = LINE('NONE',#11753,#3423) ;
#5159=CARTESIAN_POINT('NONE',(-2.410662989055,3.299999999999,0.666138853302));
#5158 = PRESENTATION_LAYER_ASSIGNMENT('','',(#12012)) ;
#5160=CARTESIAN_POINT('NONE',(-2.338261152582,3.299999999999,0.639513988825));
#5161 = STYLED_ITEM('NONE',(#8487),#10465) ;
#5162 = FACE_OUTER_BOUND('NONE',#9921,.T.) ;
#5163 = EDGE_LOOP('NONE',(#8649,#6170,#11015,#14147,#12886,#10190,#12520,#2713,#7233,#7121,#2796,#6063,#8322,#13249)) ;
#5164 = FILL_AREA_STYLE_COLOUR('',#8987) ;
#5165 = ORIENTED_EDGE('NONE',*,*,#13050,.T.) ;
#5166 = UNCERTAINTY_MEASURE_WITH_UNIT(LENGTH_MEASURE(1.000000000000E-05),#5512,'distance_accuracy_value','NONE');
#5167 = SURFACE_STYLE_USAGE(.BOTH.,#7556) ;
#5168 = ADVANCED_FACE('NONE',(#2630),#12498,.F.) ;
#5169 = VECTOR('NONE',#3726,1000.) ;
#5170=CARTESIAN_POINT('NONE',(-3.039736830714,-1.,1.5));
#5171 = MECHANICAL_DESIGN_GEOMETRIC_PRESENTATION_REPRESENTATION('',(#11557),#4251) ;
#5172 = EDGE_CURVE('NONE',#14143,#7237,#14801,.T.) ;
#5173=AXIS2_PLACEMENT_3D('NONE',#12711,#11697,#2638);
#5174 = STYLED_ITEM('NONE',(#14453),#2099) ;
#5175=CARTESIAN_POINT('NONE',(-2.631900203605,3.301,0.615159221173));
#5176 = VERTEX_POINT('NONE',#3582) ;
#5177 = B_SPLINE_CURVE_WITH_KNOTS('NONE',3,(#1920,#9938,#913,#13081),.UNSPECIFIED.,.F.,.F.,(4,4),(2.000000000000,3.000000000000),.UNSPECIFIED.) ;
#5178 = FACE_OUTER_BOUND('NONE',#14768,.T.) ;
#5179=CARTESIAN_POINT('NONE',(-2.793137619644,3.301,0.720447964942));
#5180 = ORIENTED_EDGE('NONE',*,*,#2060,.T.) ;
#5181 = PRESENTATION_STYLE_ASSIGNMENT((#10818)) ;
#5182 = VERTEX_POINT('NONE',#7125) ;
#5183=CARTESIAN_POINT('NONE',(-3.15,0.,2.186229122613));
#5184=CARTESIAN_POINT('NONE',(-1.725686908372,3.299999999999,0.912681507997));
#5185 = ORIENTED_EDGE('NONE',*,*,#8498,.F.) ;
#5186 =(GEOMETRIC_REPRESENTATION_CONTEXT(3) GLOBAL_UNCERTAINTY_ASSIGNED_CONTEXT((#5874)) GLOBAL_UNIT_ASSIGNED_CONTEXT((#10449,#13796,#388)) REPRESENTATION_CONTEXT('NONE','WORKASPACE'));
#5187 = VECTOR('NONE',#6941,1000.) ;
#5188 = ADVANCED_FACE('NONE',(#6969),#8078,.F.) ;
#5189 = SURFACE_SIDE_STYLE('',(#7503)) ;
#5190 = ADVANCED_FACE('NONE',(#10810),#8175,.T.) ;
#5191=CARTESIAN_POINT('NONE',(-2.455811225115,3.301,0.575357432097));
#5192=CARTESIAN_POINT('NONE',(-2.466943657978,3.299999999999,0.592434914011));
#5193 = ORIENTED_EDGE('NONE',*,*,#10068,.F.) ;
#5194 = ADVANCED_FACE('NONE',(#3867),#6033,.F.) ;
#5195=CARTESIAN_POINT('NONE',(-2.455811225115,3.299999999999,0.575357432097));
#5196 = COLOUR_RGB('',0.647058823529,0.619607843137,0.588235294117) ;
#5197 = STYLED_ITEM('NONE',(#10696),#12206) ;
#5198 = PRESENTATION_STYLE_ASSIGNMENT((#771)) ;
#5199=CARTESIAN_POINT('NONE',(-2.415737983181,3.301,0.6471995853));
#5200 = VERTEX_POINT('NONE',#6507) ;
#5201=CARTESIAN_POINT('NONE',(-2.410662989055,3.301,0.666138853302));
#5202=CARTESIAN_POINT('NONE',(-2.314826930551,3.301,0.669189264504));
#5203 = PLANE('NONE',#10845) ;
#5204 = ADVANCED_FACE('NONE',(#11029),#5325,.F.) ;
#5205 =(NAMED_UNIT(*) PLANE_ANGLE_UNIT() SI_UNIT($,.RADIAN.));
#5206=DIRECTION('NONE',(1.,0.,0.));
#5207 = PRESENTATION_STYLE_ASSIGNMENT((#5286)) ;
#5208=DIRECTION('NONE',(1.,0.,0.));
#5209 = PRESENTATION_LAYER_ASSIGNMENT('','',(#812)) ;
#5210=CARTESIAN_POINT('NONE',(-1.857096160457,3.301,0.96901204209));
#5211 = ORIENTED_EDGE('NONE',*,*,#6677,.T.) ;
#5212 = EDGE_CURVE('NONE',#10414,#7162,#2733,.T.) ;
#5213 =(LENGTH_UNIT() NAMED_UNIT(*) SI_UNIT(.MILLI.,.METRE.));
#5214 =(GEOMETRIC_REPRESENTATION_CONTEXT(3) GLOBAL_UNCERTAINTY_ASSIGNED_CONTEXT((#9337)) GLOBAL_UNIT_ASSIGNED_CONTEXT((#5228,#6040,#8724)) REPRESENTATION_CONTEXT('NONE','WORKASPACE'));
#5215=AXIS2_PLACEMENT_3D('NONE',#3537,#8032,#7892);
#5216 = UNCERTAINTY_MEASURE_WITH_UNIT(LENGTH_MEASURE(1.000000000000E-05),#8481,'distance_accuracy_value','NONE');
#5217=CARTESIAN_POINT('NONE',(-2.514026286307,3.301,0.809582222598));
#5218 =(NAMED_UNIT(*) SI_UNIT($,.STERADIAN.) SOLID_ANGLE_UNIT());
#5219=CARTESIAN_POINT('NONE',(-2.021128493468,3.299999999999,0.854191212864));
#5220 = VERTEX_POINT('NONE',#2652) ;
#5221 = ORIENTED_EDGE('NONE',*,*,#11066,.T.) ;
#5222 =(NAMED_UNIT(*) PLANE_ANGLE_UNIT() SI_UNIT($,.RADIAN.));
#5223 = VECTOR('NONE',#14664,1000.) ;
#5224=CARTESIAN_POINT('NONE',(-2.340537503566,3.301,0.652599123372));
#5225 =(GEOMETRIC_REPRESENTATION_CONTEXT(3) GLOBAL_UNCERTAINTY_ASSIGNED_CONTEXT((#1606)) GLOBAL_UNIT_ASSIGNED_CONTEXT((#3496,#2043,#9930)) REPRESENTATION_CONTEXT('NONE','WORKASPACE'));
#5226 = VERTEX_POINT('NONE',#9425) ;
#5227 = SURFACE_STYLE_USAGE(.BOTH.,#9829) ;
#5228 =(LENGTH_UNIT() NAMED_UNIT(*) SI_UNIT(.MILLI.,.METRE.));
#5229 = SURFACE_SIDE_STYLE('',(#13254)) ;
#5230 =(NAMED_UNIT(*) PLANE_ANGLE_UNIT() SI_UNIT($,.RADIAN.));
#5231=AXIS2_PLACEMENT_3D('NONE',#6146,#13948,#2812);
#5232 = LINE('NONE',#8658,#3180) ;
#5233=CARTESIAN_POINT('NONE',(0.,0.,0.5));
#5234 = COLOUR_RGB('',0.250980392156,0.250980392156,0.250980392156) ;
#5235 = VECTOR('NONE',#6876,1000.) ;
#5236 = SURFACE_STYLE_FILL_AREA(#10794) ;
#5237 = ORIENTED_EDGE('NONE',*,*,#14289,.T.) ;
#5238 = EDGE_CURVE('NONE',#6425,#13671,#469,.T.) ;
#5239=CARTESIAN_POINT('NONE',(-2.304686032692,3.301,0.835896981899));
#5240 = B_SPLINE_CURVE_WITH_KNOTS('NONE',3,(#10611,#11938,#14503,#3372),.UNSPECIFIED.,.F.,.F.,(4,4),(3.000000000000,4.000000000000),.UNSPECIFIED.) ;
#5241=DIRECTION('NONE',(1.,0.,0.));
#5242 = UNCERTAINTY_MEASURE_WITH_UNIT(LENGTH_MEASURE(1.000000000000E-05),#3479,'distance_accuracy_value','NONE');
#5243 = LINE('NONE',#14210,#5844) ;
#5244 = PLANE('NONE',#1149) ;
#5245 = VERTEX_POINT('NONE',#10452) ;
#5246 = VECTOR('NONE',#7177,1000.) ;
#5247 =(NAMED_UNIT(*) PLANE_ANGLE_UNIT() SI_UNIT($,.RADIAN.));
#5248 = LINE('NONE',#1899,#12354) ;
#5249=AXIS2_PLACEMENT_3D('NONE',#14602,#13727,#3521);
#5250=CARTESIAN_POINT('NONE',(-2.665467835281,3.301,0.628833458361));
#5251 =(NAMED_UNIT(*) SI_UNIT($,.STERADIAN.) SOLID_ANGLE_UNIT());
#5252 =(GEOMETRIC_REPRESENTATION_CONTEXT(3) GLOBAL_UNCERTAINTY_ASSIGNED_CONTEXT((#9181)) GLOBAL_UNIT_ASSIGNED_CONTEXT((#11945,#5359,#784)) REPRESENTATION_CONTEXT('NONE','WORKASPACE'));
#5253 = STYLED_ITEM('NONE',(#11209),#7116) ;
#5254 =(LENGTH_UNIT() NAMED_UNIT(*) SI_UNIT(.MILLI.,.METRE.));
#5255 = VECTOR('NONE',#8591,1000.) ;
#5256 = ORIENTED_EDGE('NONE',*,*,#13466,.F.) ;
#5257 = VERTEX_POINT('NONE',#10526) ;
#5258 = MECHANICAL_DESIGN_GEOMETRIC_PRESENTATION_REPRESENTATION('',(#1761),#13938) ;
#5259=CARTESIAN_POINT('NONE',(-2.36061897157,3.299999999999,0.933073622354));
#5260=CARTESIAN_POINT('NONE',(-2.355968453579,3.301,0.673202180176));
#5261 = ORIENTED_EDGE('NONE',*,*,#6539,.F.) ;
#5262 = SURFACE_SIDE_STYLE('',(#12123)) ;
#5263 = ORIENTED_EDGE('NONE',*,*,#1828,.T.) ;
#5264 = LINE('NONE',#10751,#9259) ;
#5265 = SURFACE_STYLE_USAGE(.BOTH.,#1767) ;
#5266 = EDGE_CURVE('NONE',#14238,#6064,#4525,.T.) ;
#5267 = VERTEX_POINT('NONE',#7211) ;
#5268=CARTESIAN_POINT('NONE',(-2.294634901836,3.301,0.698591997215));
#5269 = PRESENTATION_LAYER_ASSIGNMENT('','',(#13708)) ;
#5270 =(NAMED_UNIT(*) SI_UNIT($,.STERADIAN.) SOLID_ANGLE_UNIT());
#5271=CARTESIAN_POINT('NONE',(-2.469192572951,3.301,0.575262526803));
#5272 = SURFACE_SIDE_STYLE('',(#1703)) ;
#5273 = ORIENTED_EDGE('NONE',*,*,#13632,.T.) ;
#5274 = PLANE('NONE',#8783) ;
#5275 = COLOUR_RGB('',0.647058823529,0.619607843137,0.588235294117) ;
#5276 = EDGE_CURVE('NONE',#10441,#757,#735,.T.) ;
#5277 = SURFACE_STYLE_FILL_AREA(#9800) ;
#5278 =(NAMED_UNIT(*) SI_UNIT($,.STERADIAN.) SOLID_ANGLE_UNIT());
#5279 = EDGE_CURVE('NONE',#11803,#1910,#13728,.T.) ;
#5280 = ORIENTED_EDGE('NONE',*,*,#6197,.T.) ;
#5281=CARTESIAN_POINT('NONE',(-1.740749406585,3.301,0.834489457988));
#5282 = EDGE_CURVE('NONE',#6811,#5182,#6071,.T.) ;
#5283 = PLANE('NONE',#2294) ;
#5284=DIRECTION('NONE',(1.,0.,0.));
#5285=CARTESIAN_POINT('NONE',(-1.943114802453,3.301,0.619621116343));
#5286 = SURFACE_STYLE_USAGE(.BOTH.,#4045) ;
#5287 =(NAMED_UNIT(*) SI_UNIT($,.STERADIAN.) SOLID_ANGLE_UNIT());
#5288 = VECTOR('NONE',#5558,1000.) ;
#5289=DIRECTION('NONE',(0.,-1.,0.));
#5290=DIRECTION('NONE',(0.999974850185,0.,0.007092178509));
#5291 = EDGE_CURVE('NONE',#14226,#9619,#3666,.T.) ;
#5292 =(NAMED_UNIT(*) SI_UNIT($,.STERADIAN.) SOLID_ANGLE_UNIT());
#5293 = VERTEX_POINT('NONE',#3599) ;
#5294 = PRESENTATION_STYLE_ASSIGNMENT((#12015)) ;
#5295 = PRESENTATION_LAYER_ASSIGNMENT('','',(#639)) ;
#5296=CARTESIAN_POINT('NONE',(-2.559739296584,3.301,0.723662985245));
#5297 = PLANE('NONE',#8641) ;
#5298=CARTESIAN_POINT('NONE',(-1.552818840819,3.301,0.760339860241));
#5299=DIRECTION('NONE',(0.937011295675,0.,-0.349299057795));
#5300 = ORIENTED_EDGE('NONE',*,*,#6357,.F.) ;
#5301 = EDGE_LOOP('NONE',(#14852,#10764,#13358,#12826)) ;
#5302 = SURFACE_STYLE_FILL_AREA(#6686) ;
#5303 = EDGE_LOOP('NONE',(#2953,#12812,#10896,#8581)) ;
#5304=CARTESIAN_POINT('NONE',(-2.376881886215,3.301,0.688338680428));
#5305 = EDGE_CURVE('NONE',#6405,#3919,#8172,.T.) ;
#5306=DIRECTION('NONE',(1.,0.,0.));
#5307 = CIRCLE('NONE',#6236,3.150000000000) ;
#5308 = VECTOR('NONE',#3492,1000.) ;
#5309 = EDGE_LOOP('NONE',(#892,#11808,#4589,#4685)) ;
#5310=DIRECTION('NONE',(-0.007092178509,0.,0.999974850185));
#5311 = SURFACE_STYLE_FILL_AREA(#7542) ;
#5312 = ORIENTED_EDGE('NONE',*,*,#1469,.F.) ;
#5313=CARTESIAN_POINT('NONE',(-5.799999999999,-0.4,0.299999999999));
#5314=CARTESIAN_POINT('NONE',(-2.323176201807,3.299999999999,0.694084866093));
#5315 = STYLED_ITEM('NONE',(#5639),#8639) ;
#5316 =(NAMED_UNIT(*) SI_UNIT($,.STERADIAN.) SOLID_ANGLE_UNIT());
#5317=CARTESIAN_POINT('NONE',(-2.631900203605,3.299999999999,0.615159221173));
#5318 = VERTEX_POINT('NONE',#12645) ;
#5319 = STYLED_ITEM('NONE',(#3786),#9326) ;
#5320=CARTESIAN_POINT('NONE',(-2.404431239367,3.301,0.693508576368));
#5321 = EDGE_CURVE('NONE',#5200,#10855,#5925,.T.) ;
#5322=CARTESIAN_POINT('NONE',(-2.41094482902,3.299999999999,0.705877401422));
#5323 = FILL_AREA_STYLE('',(#13125)) ;
#5324 = VECTOR('NONE',#11434,1000.) ;
#5325 = PLANE('NONE',#6637) ;
#5326 = EDGE_LOOP('NONE',(#1249,#11141,#10406,#643)) ;
#5327 = MECHANICAL_DESIGN_GEOMETRIC_PRESENTATION_REPRESENTATION('',(#11939),#6727) ;
#5328 =(GEOMETRIC_REPRESENTATION_CONTEXT(3) GLOBAL_UNCERTAINTY_ASSIGNED_CONTEXT((#13769)) GLOBAL_UNIT_ASSIGNED_CONTEXT((#6377,#1851,#6453)) REPRESENTATION_CONTEXT('NONE','WORKASPACE'));
#5329=DIRECTION('NONE',(1.,0.,0.));
#5330 = B_SPLINE_CURVE_WITH_KNOTS('NONE',3,(#3679,#8488,#11726,#1711),.UNSPECIFIED.,.F.,.F.,(4,4),(17.000000000000,18.000000000000),.UNSPECIFIED.) ;
#5331=CARTESIAN_POINT('NONE',(-2.608948016449,3.301,0.629234317088));
#5332 = ORIENTED_EDGE('NONE',*,*,#3295,.F.) ;
#5333 =(NAMED_UNIT(*) PLANE_ANGLE_UNIT() SI_UNIT($,.RADIAN.));
#5334 = ORIENTED_EDGE('NONE',*,*,#3592,.F.) ;
#5335=CARTESIAN_POINT('NONE',(-2.304686032692,3.301,0.835896981899));
#5336 = FILL_AREA_STYLE_COLOUR('',#5529) ;
#5337 = MECHANICAL_DESIGN_GEOMETRIC_PRESENTATION_REPRESENTATION('',(#5102),#1383) ;
#5338 = ORIENTED_EDGE('NONE',*,*,#9072,.T.) ;
#5339=CARTESIAN_POINT('NONE',(-2.303313565873,3.301,0.70395811786));
#5340 = STYLED_ITEM('NONE',(#8739),#10170) ;
#5341 = MECHANICAL_DESIGN_GEOMETRIC_PRESENTATION_REPRESENTATION('',(#10304),#3939) ;
#5342=AXIS2_PLACEMENT_3D('NONE',#10902,#9724,#1777);
#5343=CARTESIAN_POINT('NONE',(-2.667575853247,3.301,0.7369352548));
#5344 = B_SPLINE_CURVE_WITH_KNOTS('NONE',3,(#1724,#7165,#10625,#13894),.UNSPECIFIED.,.F.,.F.,(4,4),(18.000000000000,19.000000000000),.UNSPECIFIED.) ;
#5345 = PRESENTATION_STYLE_ASSIGNMENT((#13288)) ;
#5346=CARTESIAN_POINT('NONE',(-2.407818103734,3.299999999999,0.6520595583));
#5347 = ORIENTED_EDGE('NONE',*,*,#7772,.F.) ;
#5348=AXIS2_PLACEMENT_3D('NONE',#8917,#13361,#1058);
#5349=CARTESIAN_POINT('NONE',(-2.333861095493,3.299999999999,0.6348661673));
#5350 = LINE('NONE',#9579,#5862) ;
#5351=AXIS2_PLACEMENT_3D('NONE',#4491,#6563,#8881);
#5352 = ORIENTED_EDGE('NONE',*,*,#12452,.F.) ;
#5353=CARTESIAN_POINT('NONE',(-2.715232283527,3.301,0.691928134884));
#5354 = LINE('NONE',#3448,#12350) ;
#5355 = FACE_OUTER_BOUND('NONE',#11358,.T.) ;
#5356=CARTESIAN_POINT('NONE',(-2.367397561674,3.301,0.815675516406));
#5357 =(NAMED_UNIT(*) SI_UNIT($,.STERADIAN.) SOLID_ANGLE_UNIT());
#5358 = FACE_OUTER_BOUND('NONE',#3931,.T.) ;
#5359 =(NAMED_UNIT(*) PLANE_ANGLE_UNIT() SI_UNIT($,.RADIAN.));
#5360 = VECTOR('NONE',#9669,1000.) ;
#5361 = ADVANCED_FACE('NONE',(#9137),#3332,.F.) ;
#5362 = LINE('NONE',#9813,#5360) ;
#5363=CARTESIAN_POINT('NONE',(-1.79030551771,3.299999999999,0.72655384046));
#5364 = ORIENTED_EDGE('NONE',*,*,#4229,.F.) ;
#5365 =(NAMED_UNIT(*) PLANE_ANGLE_UNIT() SI_UNIT($,.RADIAN.));
#5366=DIRECTION('NONE',(-1.,1.224646799147000E-16,0.));
#5367 = LINE('NONE',#11679,#9088) ;
#5368=CARTESIAN_POINT('NONE',(-2.368089551792,3.299999999999,0.913243945384));
#5369 = ORIENTED_EDGE('NONE',*,*,#6945,.T.) ;
#5370 = ORIENTED_EDGE('NONE',*,*,#6451,.T.) ;
#5371 = PRESENTATION_STYLE_ASSIGNMENT((#945)) ;
#5372 = VERTEX_POINT('NONE',#9064) ;
#5373 = FILL_AREA_STYLE('',(#7535)) ;
#5374 = EDGE_CURVE('NONE',#8685,#14324,#14167,.T.) ;
#5375 =(NAMED_UNIT(*) SI_UNIT($,.STERADIAN.) SOLID_ANGLE_UNIT());
#5376=DIRECTION('NONE',(-0.007092178509,0.,0.999974850185));
#5377=CARTESIAN_POINT('NONE',(-2.785356667767,3.301,0.73609991123));
#5378 = EDGE_CURVE('NONE',#6036,#14728,#10393,.T.) ;
#5379 =(GEOMETRIC_REPRESENTATION_CONTEXT(3) GLOBAL_UNCERTAINTY_ASSIGNED_CONTEXT((#3563)) GLOBAL_UNIT_ASSIGNED_CONTEXT((#5967,#14858,#5891)) REPRESENTATION_CONTEXT('NONE','WORKASPACE'));
#5380 = SURFACE_STYLE_USAGE(.BOTH.,#1011) ;
#5381 = B_SPLINE_CURVE_WITH_KNOTS('NONE',3,(#1079,#5509,#4692,#2355),.UNSPECIFIED.,.F.,.F.,(4,4),(18.000000000000,19.000000000000),.UNSPECIFIED.) ;
#5382 = EDGE_LOOP('NONE',(#13134,#11724,#13023,#1577)) ;
#5383=CARTESIAN_POINT('NONE',(-2.312610557156,3.301,0.827293753315));
#5384=CARTESIAN_POINT('NONE',(-2.544086911328,3.301,0.737811082447));
#5385 = UNCERTAINTY_MEASURE_WITH_UNIT(LENGTH_MEASURE(1.000000000000E-05),#10164,'distance_accuracy_value','NONE');
#5386=CARTESIAN_POINT('NONE',(-2.431461167227,3.299999999999,0.687015779029));
#5387 = SURFACE_STYLE_FILL_AREA(#9983) ;
#5388 = PRESENTATION_STYLE_ASSIGNMENT((#9985)) ;
#5389 = EDGE_LOOP('NONE',(#10036,#8117,#7234,#7782,#3552)) ;
#5390 =(GEOMETRIC_REPRESENTATION_CONTEXT(3) GLOBAL_UNCERTAINTY_ASSIGNED_CONTEXT((#5105)) GLOBAL_UNIT_ASSIGNED_CONTEXT((#13621,#7111,#12615)) REPRESENTATION_CONTEXT('NONE','WORKASPACE'));
#5391 = EDGE_CURVE('NONE',#12563,#6249,#2283,.T.) ;
#5392=DIRECTION('NONE',(0.999974850185,0.,0.007092178509));
#5393 = FACE_OUTER_BOUND('NONE',#2591,.T.) ;
#5394=DIRECTION('NONE',(0.,1.,0.));
#5395 = B_SPLINE_CURVE_WITH_KNOTS('NONE',3,(#3929,#5160,#13119,#13922),.UNSPECIFIED.,.F.,.F.,(4,4),(5.000000000000,6.000000000000),.UNSPECIFIED.) ;
#5396=DIRECTION('NONE',(-0.007092178509,0.,0.999974850185));
#5397 = PRESENTATION_STYLE_ASSIGNMENT((#8816)) ;
#5398 = STYLED_ITEM('NONE',(#3976),#14429) ;
#5399 = ORIENTED_EDGE('NONE',*,*,#4515,.F.) ;
#5400 = PRESENTATION_LAYER_ASSIGNMENT('','',(#6574)) ;
#5401 = PLANE('NONE',#7688) ;
#5402 = EDGE_CURVE('NONE',#8393,#946,#13375,.T.) ;
#5403 = UNCERTAINTY_MEASURE_WITH_UNIT(LENGTH_MEASURE(1.000000000000E-05),#11890,'distance_accuracy_value','NONE');
#5404 =(NAMED_UNIT(*) SI_UNIT($,.STERADIAN.) SOLID_ANGLE_UNIT());
#5405 = ORIENTED_EDGE('NONE',*,*,#6074,.T.) ;
#5406 = ORIENTED_EDGE('NONE',*,*,#4292,.F.) ;
#5407 = SURFACE_STYLE_FILL_AREA(#14368) ;
#5408 = ORIENTED_EDGE('NONE',*,*,#3781,.F.) ;
#5409=DIRECTION('NONE',(-0.999974850185,0.,-0.007092178509));
#5410 = PRESENTATION_LAYER_ASSIGNMENT('','',(#14552)) ;
#5411=CARTESIAN_POINT('NONE',(-2.460806603498,3.301,0.703527378515));
#5412 = STYLED_ITEM('NONE',(#5796),#10480) ;
#5413=CARTESIAN_POINT('NONE',(-2.466943657978,3.301,0.592434914011));
#5414 = ORIENTED_EDGE('NONE',*,*,#2232,.F.) ;
#5415 =(NAMED_UNIT(*) SI_UNIT($,.STERADIAN.) SOLID_ANGLE_UNIT());
#5416 = ORIENTED_EDGE('NONE',*,*,#10089,.F.) ;
#5417=CARTESIAN_POINT('NONE',(-2.276556208829,3.301,0.889624572402));
#5418 = EDGE_CURVE('NONE',#9106,#9108,#2429,.T.) ;
#5419 =(NAMED_UNIT(*) PLANE_ANGLE_UNIT() SI_UNIT($,.RADIAN.));
#5420 = ORIENTED_EDGE('NONE',*,*,#4325,.T.) ;
#5421 = FILL_AREA_STYLE_COLOUR('',#14317) ;
#5422 = FILL_AREA_STYLE('',(#4390)) ;
#5423 = FILL_AREA_STYLE_COLOUR('',#5566) ;
#5424 = FILL_AREA_STYLE('',(#10837)) ;
#5425 = FILL_AREA_STYLE('',(#12081)) ;
#5426 =(NAMED_UNIT(*) PLANE_ANGLE_UNIT() SI_UNIT($,.RADIAN.));
#5427=CARTESIAN_POINT('NONE',(0.,0.,-0.05));
#5428 = VECTOR('NONE',#1118,1000.) ;
#5429 = SURFACE_SIDE_STYLE('',(#14605)) ;
#5430 = B_SPLINE_SURFACE_WITH_KNOTS('NONE',3,1,((#10607,#6009),(#475,#2575),(#7072,#552),(#4912,#9432)),.UNSPECIFIED.,.F.,.F.,.F.,(4,4),(2,2),(5.000000000000,6.000000000000),(0.,1.),.UNSPECIFIED.) ;
#5431=AXIS2_PLACEMENT_3D('NONE',#7959,#6996,#12424);
#5432 = ORIENTED_EDGE('NONE',*,*,#838,.F.) ;
#5433 = LINE('NONE',#13240,#6665) ;
#5434=CARTESIAN_POINT('NONE',(-1.7073694916,3.301,0.898929600656));
#5435=CARTESIAN_POINT('NONE',(-2.021128493468,3.301,0.854191212864));
#5436 = ORIENTED_EDGE('NONE',*,*,#9441,.T.) ;
#5437 = STYLED_ITEM('NONE',(#3517),#12473) ;
#5438 = ORIENTED_EDGE('NONE',*,*,#12322,.F.) ;
#5439=DIRECTION('NONE',(-0.007092178509,0.,0.999974850185));
#5440 = VECTOR('NONE',#7336,1000.) ;
#5441 = SURFACE_STYLE_USAGE(.BOTH.,#7681) ;
#5442 = EDGE_CURVE('NONE',#12118,#13391,#5576,.T.) ;
#5443 = ORIENTED_EDGE('NONE',*,*,#5940,.F.) ;
#5444 = VECTOR('NONE',#9427,1000.) ;
#5445 = FILL_AREA_STYLE_COLOUR('',#2180) ;
#5446 = FILL_AREA_STYLE_COLOUR('',#8653) ;
#5447=DIRECTION('NONE',(0.,0.,1.));
#5448 = PRESENTATION_STYLE_ASSIGNMENT((#5380)) ;
#5449 =(GEOMETRIC_REPRESENTATION_CONTEXT(3) GLOBAL_UNCERTAINTY_ASSIGNED_CONTEXT((#8459)) GLOBAL_UNIT_ASSIGNED_CONTEXT((#9539,#5081,#7394)) REPRESENTATION_CONTEXT('NONE','WORKASPACE'));
#5450=DIRECTION('NONE',(-1.,-1.084202172485000E-17,0.));
#5451 = ORIENTED_EDGE('NONE',*,*,#5291,.F.) ;
#5452 = ADVANCED_FACE('NONE',(#8997),#2508,.T.) ;
#5453=CARTESIAN_POINT('NONE',(-2.648418018957,3.301,0.723034044098));
#5454=CARTESIAN_POINT('NONE',(-2.681387913276,3.301,0.722800209841));
#5455 = SURFACE_SIDE_STYLE('',(#1096)) ;
#5456 = EDGE_CURVE('NONE',#4228,#6405,#2350,.T.) ;
#5457 = ORIENTED_EDGE('NONE',*,*,#11933,.T.) ;
#5458 =(GEOMETRIC_REPRESENTATION_CONTEXT(3) GLOBAL_UNCERTAINTY_ASSIGNED_CONTEXT((#10356)) GLOBAL_UNIT_ASSIGNED_CONTEXT((#8637,#6395,#13090)) REPRESENTATION_CONTEXT('NONE','WORKASPACE'));
#5459=CARTESIAN_POINT('NONE',(-1.705738898331,3.299999999999,0.669023414621));
#5460=CARTESIAN_POINT('NONE',(-2.323176201807,3.301,0.694084866093));
#5461=CARTESIAN_POINT('NONE',(-2.847810902256,3.301,0.613627905443));
#5462 = VECTOR('NONE',#12803,1000.) ;
#5463 = MECHANICAL_DESIGN_GEOMETRIC_PRESENTATION_REPRESENTATION('',(#9775),#857) ;
#5464 =(GEOMETRIC_REPRESENTATION_CONTEXT(3) GLOBAL_UNCERTAINTY_ASSIGNED_CONTEXT((#11289)) GLOBAL_UNIT_ASSIGNED_CONTEXT((#9036,#5608,#1177)) REPRESENTATION_CONTEXT('NONE','WORKASPACE'));
#5465 = ORIENTED_EDGE('NONE',*,*,#1548,.F.) ;
#5466 = VECTOR('NONE',#6220,1000.) ;
#5467 = EDGE_CURVE('NONE',#1658,#6405,#14681,.T.) ;
#5468=CARTESIAN_POINT('NONE',(-2.666852463179,3.301,0.722903300441));
#5469=CARTESIAN_POINT('NONE',(-1.657696398465,3.301,0.62338064039));
#5470 = ORIENTED_EDGE('NONE',*,*,#11149,.T.) ;
#5471 = ORIENTED_EDGE('NONE',*,*,#4381,.T.) ;
#5472 = SURFACE_SIDE_STYLE('',(#14438)) ;
#5473=AXIS2_PLACEMENT_3D('NONE',#2831,#6244,#14041);
#5474 =(LENGTH_UNIT() NAMED_UNIT(*) SI_UNIT(.MILLI.,.METRE.));
#5475 = ORIENTED_EDGE('NONE',*,*,#12376,.T.) ;
#5476=CARTESIAN_POINT('NONE',(0.8,-2.710505431213000E-17,0.299999999999));
#5477 = STYLED_ITEM('NONE',(#8594),#6986) ;
#5478=DIRECTION('NONE',(0.946862394598,0.,-0.321638936845));
#5479=CARTESIAN_POINT('NONE',(-2.563795824805,3.301,0.886589173831));
#5480 = VECTOR('NONE',#6636,1000.) ;
#5481 = ADVANCED_FACE('NONE',(#6154),#12652,.F.) ;
#5482=DIRECTION('NONE',(0.941070246886,0.,0.338211162479));
#5483 = ORIENTED_EDGE('NONE',*,*,#4833,.F.) ;
#5484=CARTESIAN_POINT('NONE',(-2.221528704777,3.299999999999,0.687007405918));
#5485 = COLOUR_RGB('',1.,1.,1.) ;
#5486 = FILL_AREA_STYLE('',(#2408)) ;
#5487 = VECTOR('NONE',#2839,1000.) ;
#5488 = SURFACE_STYLE_USAGE(.BOTH.,#7869) ;
#5489=CARTESIAN_POINT('NONE',(-1.739678746919,3.299999999999,0.683532147807));
#5490 = MECHANICAL_DESIGN_GEOMETRIC_PRESENTATION_REPRESENTATION('',(#3632),#2961) ;
#5491=CARTESIAN_POINT('NONE',(-1.739198803412,3.299999999999,0.615861623691));
#5492=CARTESIAN_POINT('NONE',(-2.457412891615,3.301,0.809983744997));
#5493 = EDGE_CURVE('NONE',#10556,#408,#4914,.T.) ;
#5494=CARTESIAN_POINT('NONE',(-5.799999999999,0.4,0.299999999999));
#5495 = PRESENTATION_LAYER_ASSIGNMENT('','',(#12562)) ;
#5496 = FACE_OUTER_BOUND('NONE',#1405,.T.) ;
#5497 = B_SPLINE_SURFACE_WITH_KNOTS('NONE',3,1,((#9022,#2304),(#5807,#2534),(#11219,#12383),(#3483,#14783)),.UNSPECIFIED.,.F.,.F.,.F.,(4,4),(2,2),(26.000000000000,27.000000000000),(0.,1.),.UNSPECIFIED.) ;
#5498 = SURFACE_STYLE_FILL_AREA(#10225) ;
#5499 = ORIENTED_EDGE('NONE',*,*,#9449,.F.) ;
#5500 = FILL_AREA_STYLE('',(#14397)) ;
#5501 = PRESENTATION_STYLE_ASSIGNMENT((#1280)) ;
#5502=CARTESIAN_POINT('NONE',(-2.425350409914,3.301,0.621490335455));
#5503 = FILL_AREA_STYLE('',(#7452)) ;
#5504 = VERTEX_POINT('NONE',#2577) ;
#5505 = EDGE_LOOP('NONE',(#7753,#8306,#824,#5033,#13265,#4316,#8930,#6293)) ;
#5506 = SURFACE_STYLE_FILL_AREA(#6613) ;
#5507=AXIS2_PLACEMENT_3D('NONE',#11678,#7032,#2465);
#5508=CARTESIAN_POINT('NONE',(-2.738015227702,3.301,0.614406615551));
#5509=CARTESIAN_POINT('NONE',(-1.607826535789,3.299999999999,0.809403770746));
#5510=DIRECTION('NONE',(0.999974850185,0.,0.007092178509));
#5511=CARTESIAN_POINT('NONE',(-2.415737983181,3.301,0.6471995853));
#5512 =(LENGTH_UNIT() NAMED_UNIT(*) SI_UNIT(.MILLI.,.METRE.));
#5513=CARTESIAN_POINT('NONE',(0.399999999999,-2.710505431213000E-17,0.));
#5514 =(NAMED_UNIT(*) SI_UNIT($,.STERADIAN.) SOLID_ANGLE_UNIT());
#5515 = VERTEX_POINT('NONE',#9435) ;
#5516 = STYLED_ITEM('NONE',(#12820),#7985) ;
#5517=CARTESIAN_POINT('NONE',(-2.305354750381,3.301,0.653098200189));
#5518 = ORIENTED_EDGE('NONE',*,*,#3706,.T.) ;
#5519=AXIS2_PLACEMENT_3D('NONE',#3964,#4116,#11861);
#5520=CARTESIAN_POINT('NONE',(-2.333861095493,3.299999999999,0.6348661673));
#5521 =(NAMED_UNIT(*) PLANE_ANGLE_UNIT() SI_UNIT($,.RADIAN.));
#5522=CARTESIAN_POINT('NONE',(-2.701986767511,3.299999999999,0.711174899319));
#5523 = UNCERTAINTY_MEASURE_WITH_UNIT(LENGTH_MEASURE(1.000000000000E-05),#372,'distance_accuracy_value','NONE');
#5524=CARTESIAN_POINT('NONE',(-2.469192572951,3.301,0.575262526803));
#5525 = SURFACE_SIDE_STYLE('',(#2233)) ;
#5526 = ORIENTED_EDGE('NONE',*,*,#13887,.T.) ;
#5527=CARTESIAN_POINT('NONE',(-1.705738898331,3.301,0.669023414621));
#5528=CARTESIAN_POINT('NONE',(-2.314826930551,3.301,0.669189264504));
#5529 = COLOUR_RGB('',1.,1.,1.) ;
#5530 = FILL_AREA_STYLE('',(#7913)) ;
#5531=DIRECTION('NONE',(0.999974850185,0.,0.007092178509));
#5532 = UNCERTAINTY_MEASURE_WITH_UNIT(LENGTH_MEASURE(1.000000000000E-05),#1179,'distance_accuracy_value','NONE');
#5533 = EDGE_CURVE('NONE',#14092,#6811,#3600,.T.) ;
#5534 = VERTEX_POINT('NONE',#3744) ;
#5535 = MECHANICAL_DESIGN_GEOMETRIC_PRESENTATION_REPRESENTATION('',(#11925),#1129) ;
#5536=CARTESIAN_POINT('NONE',(-2.563795824805,3.299999999999,0.886589173831));
#5537 = SURFACE_STYLE_USAGE(.BOTH.,#14431) ;
#5538 = COLOUR_RGB('',0.250980392156,0.250980392156,0.250980392156) ;
#5539 = VERTEX_POINT('NONE',#4846) ;
#5540=CARTESIAN_POINT('NONE',(-2.631900203605,3.301,0.615159221173));
#5541 = ORIENTED_EDGE('NONE',*,*,#4844,.T.) ;
#5542 =(NAMED_UNIT(*) PLANE_ANGLE_UNIT() SI_UNIT($,.RADIAN.));
#5543 = EDGE_CURVE('NONE',#10455,#3401,#1420,.T.) ;
#5544=DIRECTION('NONE',(0.,0.,-1.));
#5545 =(GEOMETRIC_REPRESENTATION_CONTEXT(3) GLOBAL_UNCERTAINTY_ASSIGNED_CONTEXT((#1174)) GLOBAL_UNIT_ASSIGNED_CONTEXT((#9898,#14128,#7748)) REPRESENTATION_CONTEXT('NONE','WORKASPACE'));
#5546 = VECTOR('NONE',#1429,1000.) ;
#5547 = LINE('NONE',#14661,#3107) ;
#5548 = VECTOR('NONE',#9567,1000.) ;
#5549=CARTESIAN_POINT('NONE',(-2.367504634313,3.299999999999,0.830772421658));
#5550 = VERTEX_POINT('NONE',#2662) ;
#5551 = EDGE_CURVE('NONE',#12058,#9455,#8432,.T.) ;
#5552=CARTESIAN_POINT('NONE',(0.,0.,7.698999999999));
#5553 = ORIENTED_EDGE('NONE',*,*,#8360,.T.) ;
#5554 =(NAMED_UNIT(*) PLANE_ANGLE_UNIT() SI_UNIT($,.RADIAN.));
#5555 = UNCERTAINTY_MEASURE_WITH_UNIT(LENGTH_MEASURE(1.000000000000E-05),#5474,'distance_accuracy_value','NONE');
#5556 = SURFACE_STYLE_FILL_AREA(#7941) ;
#5557 = ORIENTED_EDGE('NONE',*,*,#3323,.F.) ;
#5558=DIRECTION('NONE',(0.49874846926,0.,0.866746770637));
#5559 =(GEOMETRIC_REPRESENTATION_CONTEXT(3) GLOBAL_UNCERTAINTY_ASSIGNED_CONTEXT((#11137)) GLOBAL_UNIT_ASSIGNED_CONTEXT((#7992,#13622,#12545)) REPRESENTATION_CONTEXT('NONE','WORKASPACE'));
#5560 =(NAMED_UNIT(*) SI_UNIT($,.STERADIAN.) SOLID_ANGLE_UNIT());
#5561=AXIS2_PLACEMENT_3D('NONE',#8705,#11050,#3183);
#5562=AXIS2_PLACEMENT_3D('NONE',#12272,#6658,#13488);
#5563 = EDGE_CURVE('NONE',#10404,#3474,#7528,.T.) ;
#5564=CARTESIAN_POINT('NONE',(-2.268905526831,3.301,0.725725682133));
#5565 = EDGE_CURVE('NONE',#14165,#4102,#14030,.T.) ;
#5566 = COLOUR_RGB('',1.,1.,1.) ;
#5567 =(NAMED_UNIT(*) PLANE_ANGLE_UNIT() SI_UNIT($,.RADIAN.));
#5568=DIRECTION('NONE',(0.,-1.,0.));
#5569 = B_SPLINE_CURVE_WITH_KNOTS('NONE',3,(#3014,#6511,#13131,#754),.UNSPECIFIED.,.F.,.F.,(4,4),(12.000000000000,13.000000000000),.UNSPECIFIED.) ;
#5570 = SURFACE_STYLE_USAGE(.BOTH.,#1204) ;
#5571 = VECTOR('NONE',#3593,1000.) ;
#5572 = MECHANICAL_DESIGN_GEOMETRIC_PRESENTATION_REPRESENTATION('',(#11233),#8195) ;
#5573 = SURFACE_STYLE_USAGE(.BOTH.,#8857) ;
#5574 = ORIENTED_EDGE('NONE',*,*,#14773,.F.) ;
#5575 = PRESENTATION_STYLE_ASSIGNMENT((#2212)) ;
#5576 = LINE('NONE',#10091,#2891) ;
#5577 = ORIENTED_EDGE('NONE',*,*,#8993,.T.) ;
#5578=DIRECTION('NONE',(-1.,0.,0.));
#5579=CARTESIAN_POINT('NONE',(-1.628709739177,3.301,0.695598206233));
#5580 = FILL_AREA_STYLE_COLOUR('',#14476) ;
#5581=CARTESIAN_POINT('NONE',(-2.580253891451,3.301,0.871686717921));
#5582 = COLOUR_RGB('',0.250980392156,0.250980392156,0.250980392156) ;
#5583 = FILL_AREA_STYLE('',(#8114)) ;
#5584 = PRESENTATION_STYLE_ASSIGNMENT((#5863)) ;
#5585=CARTESIAN_POINT('NONE',(-2.304686032692,3.301,0.835896981899));
#5586=CARTESIAN_POINT('NONE',(2.999999999999,-0.4,0.299999999999));
#5587 = ORIENTED_EDGE('NONE',*,*,#2339,.F.) ;
#5588 = SURFACE_STYLE_USAGE(.BOTH.,#12307) ;
#5589 = VERTEX_POINT('NONE',#3816) ;
#5590 = SURFACE_STYLE_FILL_AREA(#1089) ;
#5591=DIRECTION('NONE',(0.999974850185,0.,0.007092178509));
#5592 = EDGE_CURVE('NONE',#6703,#9522,#478,.T.) ;
#5593 =(NAMED_UNIT(*) PLANE_ANGLE_UNIT() SI_UNIT($,.RADIAN.));
#5594 = VERTEX_POINT('NONE',#7217) ;
#5595=CARTESIAN_POINT('NONE',(-2.021128493468,3.299999999999,0.854191212864));
#5596 =(NAMED_UNIT(*) SI_UNIT($,.STERADIAN.) SOLID_ANGLE_UNIT());
#5597=CARTESIAN_POINT('NONE',(-2.376303828783,3.301,0.620028967036));
#5598 =(LENGTH_UNIT() NAMED_UNIT(*) SI_UNIT(.MILLI.,.METRE.));
#5599 = LINE('NONE',#11527,#10690) ;
#5600 = ORIENTED_EDGE('NONE',*,*,#7650,.F.) ;
#5601 = UNCERTAINTY_MEASURE_WITH_UNIT(LENGTH_MEASURE(1.000000000000E-05),#8970,'distance_accuracy_value','NONE');
#5602 = COLOUR_RGB('',0.647058823529,0.619607843137,0.588235294117) ;
#5603=DIRECTION('NONE',(-0.345199932452,0.,0.938529171967));
#5605 = PRESENTATION_LAYER_ASSIGNMENT('','',(#12252)) ;
#5604 = PLANE('NONE',#980) ;
#5606=CARTESIAN_POINT('NONE',(-2.27110844661,3.301,0.825217393422));
#5607 = ORIENTED_EDGE('NONE',*,*,#3198,.T.) ;
#5608 =(NAMED_UNIT(*) PLANE_ANGLE_UNIT() SI_UNIT($,.RADIAN.));
#5609 = ORIENTED_EDGE('NONE',*,*,#2605,.T.) ;
#5610 = EDGE_CURVE('NONE',#6455,#593,#3965,.T.) ;
#5611 = FACE_BOUND('NONE',#1808,.T.) ;
#5612 =(LENGTH_UNIT() NAMED_UNIT(*) SI_UNIT(.MILLI.,.METRE.));
#5613 = LINE('NONE',#4586,#8761) ;
#5614 = FACE_OUTER_BOUND('NONE',#12783,.T.) ;
#5615 = ORIENTED_EDGE('NONE',*,*,#7788,.F.) ;
#5616 = FACE_OUTER_BOUND('NONE',#12790,.T.) ;
#5617 = ORIENTED_EDGE('NONE',*,*,#9474,.F.) ;
#5618 = LINE('NONE',#2329,#7558) ;
#5619=CARTESIAN_POINT('NONE',(-3.085537628748,3.778693780695000E-16,1.940654339818));
#5620 = EDGE_CURVE('NONE',#5037,#2490,#4179,.T.) ;
#5621 = ORIENTED_EDGE('NONE',*,*,#14001,.F.) ;
#5622 = SURFACE_STYLE_FILL_AREA(#6813) ;
#5623=CARTESIAN_POINT('NONE',(-2.696374443533,3.301,0.80828894439));
#5624 = COLOUR_RGB('',0.647058823529,0.619607843137,0.588235294117) ;
#5625=AXIS2_PLACEMENT_3D('NONE',#854,#7434,#6532);
#5626=DIRECTION('NONE',(0.999974850185,0.,0.007092178509));
#5627 = MECHANICAL_DESIGN_GEOMETRIC_PRESENTATION_REPRESENTATION('',(#8742),#7552) ;
#5628 = EDGE_CURVE('NONE',#14850,#12254,#5240,.T.) ;
#5629 = SURFACE_STYLE_FILL_AREA(#2496) ;
#5630 = FILL_AREA_STYLE('',(#4679)) ;
#5631 = EDGE_CURVE('NONE',#12902,#5550,#3675,.T.) ;
#5632 = PLANE('NONE',#7354) ;
#5633 = VECTOR('NONE',#11395,1000.) ;
#5634 = COLOUR_RGB('',1.,1.,1.) ;
#5635 = VECTOR('NONE',#4389,1000.) ;
#5636=DIRECTION('NONE',(0.,-1.,0.));
#5637 = VERTEX_POINT('NONE',#6581) ;
#5638 = EDGE_CURVE('NONE',#7370,#9678,#4374,.T.) ;
#5639 = PRESENTATION_STYLE_ASSIGNMENT((#4335)) ;
#5640 = SURFACE_SIDE_STYLE('',(#6758)) ;
#5641 = ORIENTED_EDGE('NONE',*,*,#8176,.T.) ;
#5642 = SURFACE_SIDE_STYLE('',(#10316)) ;
#5643 = SURFACE_STYLE_USAGE(.BOTH.,#11259) ;
#5644 = FACE_OUTER_BOUND('NONE',#2629,.T.) ;
#5645 = PRESENTATION_LAYER_ASSIGNMENT('','',(#2880)) ;
#5646 = PRESENTATION_LAYER_ASSIGNMENT('','',(#12956)) ;
#5647 = FILL_AREA_STYLE('',(#9070)) ;
#5648 = LINE('NONE',#2515,#3138) ;
#5649=CARTESIAN_POINT('NONE',(-2.388496842135,3.301,0.629409723761));
#5650 = PRESENTATION_STYLE_ASSIGNMENT((#4418)) ;
#5651 = EDGE_CURVE('NONE',#9559,#2000,#4509,.T.) ;
#5652 = EDGE_LOOP('NONE',(#14046,#2739,#12740,#5803,#1043,#3034,#10004)) ;
#5653=DIRECTION('NONE',(0.,-1.,0.));
#5654 = EDGE_LOOP('NONE',(#2762,#7507,#3587,#5607)) ;
#5655=CARTESIAN_POINT('NONE',(-2.445963416946,3.301,0.576675017148));
#5656 = VECTOR('NONE',#4815,1000.) ;
#5657=CARTESIAN_POINT('NONE',(-2.376788971941,3.301,0.675238060169));
#5658 = SURFACE_STYLE_USAGE(.BOTH.,#4489) ;
#5659 = LINE('NONE',#13602,#13106) ;
#5660 = ORIENTED_EDGE('NONE',*,*,#14688,.T.) ;
#5661=DIRECTION('NONE',(-0.007092178509,0.,0.999974850185));
#5662 = LINE('NONE',#11440,#1498) ;
#5663 = SURFACE_STYLE_USAGE(.BOTH.,#6779) ;
#5664=CARTESIAN_POINT('NONE',(-2.461705842647,3.299999999999,0.588416904607));
#5665=CARTESIAN_POINT('NONE',(2.65,0.,7.199999999999));
#5666 = UNCERTAINTY_MEASURE_WITH_UNIT(LENGTH_MEASURE(1.000000000000E-05),#5696,'distance_accuracy_value','NONE');
#5667 = VECTOR('NONE',#6806,1000.) ;
#5668 = ORIENTED_EDGE('NONE',*,*,#7652,.T.) ;
#5669 = UNCERTAINTY_MEASURE_WITH_UNIT(LENGTH_MEASURE(1.000000000000E-05),#10288,'distance_accuracy_value','NONE');
#5670 = PRESENTATION_LAYER_ASSIGNMENT('','',(#12759)) ;
#5671 = STYLED_ITEM('NONE',(#14539),#856) ;
#5672=CARTESIAN_POINT('NONE',(-1.7073694916,3.299999999999,0.898929600656));
#5673 = FILL_AREA_STYLE('',(#10196)) ;
#5674 = ORIENTED_EDGE('NONE',*,*,#10082,.F.) ;
#5675 = SURFACE_STYLE_USAGE(.BOTH.,#1250) ;
#5676 = PRESENTATION_STYLE_ASSIGNMENT((#1251)) ;
#5677=CARTESIAN_POINT('NONE',(-2.580253891451,3.299999999999,0.871686717921));
#5678 = VERTEX_POINT('NONE',#2317) ;
#5679 = MECHANICAL_DESIGN_GEOMETRIC_PRESENTATION_REPRESENTATION('',(#13216),#8069) ;
#5680 = PRESENTATION_LAYER_ASSIGNMENT('','',(#12073)) ;
#5681 = SURFACE_STYLE_USAGE(.BOTH.,#13111) ;
#5682=CARTESIAN_POINT('NONE',(-2.830405792484,3.301,0.613751348693));
#5683 = SURFACE_STYLE_FILL_AREA(#1185) ;
#5684 = FILL_AREA_STYLE('',(#10139)) ;
#5685 = STYLED_ITEM('NONE',(#6983),#13118) ;
#5686 = ORIENTED_EDGE('NONE',*,*,#5467,.T.) ;
#5687 = SURFACE_STYLE_USAGE(.BOTH.,#1260) ;
#5688 = VERTEX_POINT('NONE',#13416) ;
#5689 =(GEOMETRIC_REPRESENTATION_CONTEXT(3) GLOBAL_UNCERTAINTY_ASSIGNED_CONTEXT((#7182)) GLOBAL_UNIT_ASSIGNED_CONTEXT((#7619,#14335,#952)) REPRESENTATION_CONTEXT('NONE','WORKASPACE'));
#5690 = ADVANCED_FACE('NONE',(#4441),#13776,.F.) ;
#5691 =(GEOMETRIC_REPRESENTATION_CONTEXT(3) GLOBAL_UNCERTAINTY_ASSIGNED_CONTEXT((#10570)) GLOBAL_UNIT_ASSIGNED_CONTEXT((#3118,#9828,#12097)) REPRESENTATION_CONTEXT('NONE','WORKASPACE'));
#5692 = FACE_OUTER_BOUND('NONE',#11065,.T.) ;
#5693 = UNCERTAINTY_MEASURE_WITH_UNIT(LENGTH_MEASURE(1.000000000000E-05),#6399,'distance_accuracy_value','NONE');
#5694 = ORIENTED_EDGE('NONE',*,*,#4189,.F.) ;
#5695 = PLANE('NONE',#14667) ;
#5696 =(LENGTH_UNIT() NAMED_UNIT(*) SI_UNIT(.MILLI.,.METRE.));
#5697 = MECHANICAL_DESIGN_GEOMETRIC_PRESENTATION_REPRESENTATION('',(#3389),#1292) ;
#5698=CARTESIAN_POINT('NONE',(-3.299999999999,3.299999999999,1.5));
#5699 = VECTOR('NONE',#4363,1000.) ;
#5700 = SURFACE_STYLE_USAGE(.BOTH.,#8098) ;
#5701 = COLOUR_RGB('',0.647058823529,0.619607843137,0.588235294117) ;
#5702 =(NAMED_UNIT(*) SI_UNIT($,.STERADIAN.) SOLID_ANGLE_UNIT());
#5703 = VECTOR('NONE',#12349,1000.) ;
#5704 = MECHANICAL_DESIGN_GEOMETRIC_PRESENTATION_REPRESENTATION('',(#13708),#11642) ;
#5705 = EDGE_CURVE('NONE',#3994,#1722,#3301,.T.) ;
#5706 = LINE('NONE',#11121,#12701) ;
#5707 = EDGE_LOOP('NONE',(#1786,#2319,#14402,#1905,#12261,#1938,#6091,#10410)) ;
#5708 = VECTOR('NONE',#6340,1000.) ;
#5709=DIRECTION('NONE',(1.,-1.264902534566000E-16,0.));
#5710 =(GEOMETRIC_REPRESENTATION_CONTEXT(3) GLOBAL_UNCERTAINTY_ASSIGNED_CONTEXT((#1321)) GLOBAL_UNIT_ASSIGNED_CONTEXT((#12990,#2864,#10739)) REPRESENTATION_CONTEXT('NONE','WORKASPACE'));
#5711 = FILL_AREA_STYLE_COLOUR('',#13387) ;
#5712 = ORIENTED_EDGE('NONE',*,*,#13735,.F.) ;
#5713 = FACE_OUTER_BOUND('NONE',#14049,.T.) ;
#5714=DIRECTION('NONE',(0.,-1.,0.));
#5715 = LINE('NONE',#3403,#5546) ;
#5716 = B_SPLINE_CURVE_WITH_KNOTS('NONE',3,(#10521,#11634,#2728,#1493,#12795,#386),.UNSPECIFIED.,.F.,.F.,(4,2,4),(2.000000000000,3.000000000000,4.000000000000),.UNSPECIFIED.) ;
#5717 =(NAMED_UNIT(*) SI_UNIT($,.STERADIAN.) SOLID_ANGLE_UNIT());
#5718 = COLOUR_RGB('',0.647058823529,0.619607843137,0.588235294117) ;
#5719=CARTESIAN_POINT('NONE',(3.085537628748,0.,1.940654339818));
#5720=DIRECTION('NONE',(0.007092178509,0.,-0.999974850185));
#5721=DIRECTION('NONE',(0.,-1.,0.));
#5722 = EDGE_CURVE('NONE',#11458,#9998,#13479,.T.) ;
#5723 = SURFACE_STYLE_USAGE(.BOTH.,#4483) ;
#5724 = ORIENTED_EDGE('NONE',*,*,#8176,.F.) ;
#5725=CARTESIAN_POINT('NONE',(-2.335942800976,3.301,0.822823566679));
#5726 = EDGE_LOOP('NONE',(#10049,#12242,#4519,#8974)) ;
#5727 = FACE_OUTER_BOUND('NONE',#2403,.T.) ;
#5728 = UNCERTAINTY_MEASURE_WITH_UNIT(LENGTH_MEASURE(1.000000000000E-05),#2205,'distance_accuracy_value','NONE');
#5729 = LINE('NONE',#7092,#12818) ;
#5730 = ORIENTED_EDGE('NONE',*,*,#4075,.T.) ;
#5731=DIRECTION('NONE',(-0.007092178509,0.,0.999974850185));
#5732=CARTESIAN_POINT('NONE',(-2.392563915549,3.301,0.678370304928));
#5733 = ORIENTED_EDGE('NONE',*,*,#10012,.T.) ;
#5734 = ADVANCED_FACE('NONE',(#2970),#1615,.F.) ;
#5735=CARTESIAN_POINT('NONE',(-2.094508917951,3.299999999999,0.680147964718));
#5736=CARTESIAN_POINT('NONE',(-2.603099865801,3.301,0.684301167068));
#5737 = EDGE_CURVE('NONE',#13671,#7132,#2709,.T.) ;
#5738 = PLANE('NONE',#2077) ;
#5739 = STYLED_ITEM('NONE',(#11772),#9040) ;
#5740 = VERTEX_POINT('NONE',#10350) ;
#5741 = LINE('NONE',#1534,#4329) ;
#5742=DIRECTION('NONE',(0.,0.,-1.));
#5743=CARTESIAN_POINT('NONE',(-2.355570691995,3.301,0.617119048686));
#5744 = ORIENTED_EDGE('NONE',*,*,#9834,.T.) ;
#5745=CARTESIAN_POINT('NONE',(-2.643917557988,3.301,0.906546259382));
#5746 =(NAMED_UNIT(*) SI_UNIT($,.STERADIAN.) SOLID_ANGLE_UNIT());
#5747 = LINE('NONE',#9179,#2030) ;
#5748 = ORIENTED_EDGE('NONE',*,*,#12431,.T.) ;
#5749 = VECTOR('NONE',#13076,1000.) ;
#5750 = EDGE_CURVE('NONE',#10737,#11150,#3992,.T.) ;
#5751 =(NAMED_UNIT(*) SI_UNIT($,.STERADIAN.) SOLID_ANGLE_UNIT());
#5752=CARTESIAN_POINT('NONE',(2.299999999999,2.,-0.01));
#5753 = FILL_AREA_STYLE('',(#8073)) ;
#5754=CARTESIAN_POINT('NONE',(-2.684770563936,3.301,0.614784245709));
#5755 = VECTOR('NONE',#12837,1000.) ;
#5756 = ORIENTED_EDGE('NONE',*,*,#2368,.F.) ;
#5757 = ORIENTED_EDGE('NONE',*,*,#1032,.F.) ;
#5758 = FACE_OUTER_BOUND('NONE',#9415,.T.) ;
#5759=DIRECTION('NONE',(1.,0.,0.));
#5760 =(NAMED_UNIT(*) SI_UNIT($,.STERADIAN.) SOLID_ANGLE_UNIT());
#5761 = ORIENTED_EDGE('NONE',*,*,#4364,.F.) ;
#5762=CARTESIAN_POINT('NONE',(-2.347103545,3.301,0.808707325799));
#5763 = SURFACE_STYLE_USAGE(.BOTH.,#2129) ;
#5764 = SURFACE_STYLE_FILL_AREA(#11397) ;
#5765 = VECTOR('NONE',#14065,1000.) ;
#5766=CARTESIAN_POINT('NONE',(-2.573867499598,3.301,0.837668686466));
#5767 = PLANE('NONE',#11308) ;
#5768=CARTESIAN_POINT('NONE',(0.,3.301,0.));
#5769 = LINE('NONE',#13654,#12278) ;
#5770 = B_SPLINE_SURFACE_WITH_KNOTS('NONE',3,1,((#6604,#3393),(#4402,#4537),(#9058,#1134),(#3456,#2207)),.UNSPECIFIED.,.F.,.F.,.F.,(4,4),(2,2),(3.000000000000,4.000000000000),(0.,1.),.UNSPECIFIED.) ;
#5771 = PRESENTATION_LAYER_ASSIGNMENT('','',(#6724)) ;
#5772 = PLANE('NONE',#10359) ;
#5773 = PRESENTATION_LAYER_ASSIGNMENT('','',(#1137)) ;
#5774 = VERTEX_POINT('NONE',#1394) ;
#5775 =(GEOMETRIC_REPRESENTATION_CONTEXT(3) GLOBAL_UNCERTAINTY_ASSIGNED_CONTEXT((#8033)) GLOBAL_UNIT_ASSIGNED_CONTEXT((#9927,#14365,#6579)) REPRESENTATION_CONTEXT('NONE','WORKASPACE'));
#5776 = STYLED_ITEM('NONE',(#5345),#3869) ;
#5777 = PLANE('NONE',#4009) ;
#5778=CARTESIAN_POINT('NONE',(-2.549975804872,3.299999999999,0.925991028066));
#5779 =(NAMED_UNIT(*) PLANE_ANGLE_UNIT() SI_UNIT($,.RADIAN.));
#5780 = ORIENTED_EDGE('NONE',*,*,#3055,.F.) ;
#5781=CARTESIAN_POINT('NONE',(-2.399791817409,3.299999999999,0.655111061699));
#5782=CARTESIAN_POINT('NONE',(-1.71134431028,3.301,0.847712221265));
#5783 = SURFACE_SIDE_STYLE('',(#5860)) ;
#5784 = STYLED_ITEM('NONE',(#3534),#2536) ;
#5785 = FILL_AREA_STYLE('',(#12360)) ;
#5786 = EDGE_CURVE('NONE',#2852,#1435,#5819,.T.) ;
#5787 = VECTOR('NONE',#10218,1000.) ;
#5788=AXIS2_PLACEMENT_3D('NONE',#8372,#7324,#12831);
#5789 = LINE('NONE',#8116,#7622) ;
#5790 = ORIENTED_EDGE('NONE',*,*,#3518,.F.) ;
#5791 = B_SPLINE_CURVE_WITH_KNOTS('NONE',3,(#3318,#4460,#6979,#14521),.UNSPECIFIED.,.F.,.F.,(4,4),(10.,11.),.UNSPECIFIED.) ;
#5792=AXIS2_PLACEMENT_3D('NONE',#3451,#14596,#11247);
#5793=CARTESIAN_POINT('NONE',(-1.621381567201,3.301,0.885657628431));
#5794 = ORIENTED_EDGE('NONE',*,*,#1587,.T.) ;
#5795 = FILL_AREA_STYLE_COLOUR('',#8595) ;
#5796 = PRESENTATION_STYLE_ASSIGNMENT((#10177)) ;
#5797 =(NAMED_UNIT(*) PLANE_ANGLE_UNIT() SI_UNIT($,.RADIAN.));
#5798 = COLOUR_RGB('',0.647058823529,0.619607843137,0.588235294117) ;
#5799=AXIS2_PLACEMENT_3D('NONE',#11140,#2223,#1153);
#5800 = ORIENTED_EDGE('NONE',*,*,#11604,.T.) ;
#5801 = EDGE_CURVE('NONE',#4016,#9863,#14312,.T.) ;
#5802 = FILL_AREA_STYLE_COLOUR('',#4858) ;
#5803 = ORIENTED_EDGE('NONE',*,*,#13227,.F.) ;
#5804=CARTESIAN_POINT('NONE',(-2.794169386866,3.299999999999,0.716385489421));
#5805=CARTESIAN_POINT('NONE',(-2.304686032692,3.299999999999,0.835896981899));
#5806 = EDGE_CURVE('NONE',#6787,#395,#10427,.T.) ;
#5807=CARTESIAN_POINT('NONE',(-1.94869551921,3.301,0.672505984153));
#5808 = LINE('NONE',#12535,#13257) ;
#5809 = PRESENTATION_STYLE_ASSIGNMENT((#3424)) ;
#5810 = UNCERTAINTY_MEASURE_WITH_UNIT(LENGTH_MEASURE(1.000000000000E-05),#4615,'distance_accuracy_value','NONE');
#5811 = FILL_AREA_STYLE_COLOUR('',#7954) ;
#5812 = EDGE_LOOP('NONE',(#7607,#12485,#14843,#4556)) ;
#5813 = PLANE('NONE',#7896) ;
#5814 = SURFACE_STYLE_FILL_AREA(#13619) ;
#5815 = UNCERTAINTY_MEASURE_WITH_UNIT(LENGTH_MEASURE(1.000000000000E-05),#6313,'distance_accuracy_value','NONE');
#5816=CARTESIAN_POINT('NONE',(-0.8,-2.710505431213000E-17,0.299999999999));
#5817=CARTESIAN_POINT('NONE',(-1.802937596751,3.301,0.917339306591));
#5818 = EDGE_CURVE('NONE',#8148,#10821,#13699,.T.) ;
#5819 = LINE('NONE',#14794,#1400) ;
#5820 = SURFACE_STYLE_FILL_AREA(#1395) ;
#5821 = ORIENTED_EDGE('NONE',*,*,#11775,.F.) ;
#5822=CARTESIAN_POINT('NONE',(-2.559416786128,3.301,0.898099447633));
#5823 = FACE_BOUND('NONE',#5951,.T.) ;
#5824 =(NAMED_UNIT(*) PLANE_ANGLE_UNIT() SI_UNIT($,.RADIAN.));
#5825 = LINE('NONE',#11690,#2836) ;
#5826 = LINE('NONE',#8904,#3462) ;
#5827=CARTESIAN_POINT('NONE',(-1.918145991831,3.299999999999,0.646694228624));
#5828 = ORIENTED_EDGE('NONE',*,*,#5999,.T.) ;
#5829 = ADVANCED_FACE('NONE',(#14651),#3811,.F.) ;
#5830 = SURFACE_STYLE_FILL_AREA(#2633) ;
#5831 = PRESENTATION_STYLE_ASSIGNMENT((#11475)) ;
#5832 = UNCERTAINTY_MEASURE_WITH_UNIT(LENGTH_MEASURE(1.000000000000E-05),#1745,'distance_accuracy_value','NONE');
#5833 = LINE('NONE',#4668,#7790) ;
#5834 = ORIENTED_EDGE('NONE',*,*,#1363,.T.) ;
#5835 = LINE('NONE',#5915,#1838) ;
#5836 = ORIENTED_EDGE('NONE',*,*,#4770,.F.) ;
#5837 = LINE('NONE',#4902,#10909) ;
#5838 =(LENGTH_UNIT() NAMED_UNIT(*) SI_UNIT(.MILLI.,.METRE.));
#5839 = CYLINDRICAL_SURFACE('NONE',#8270,3.150000000000) ;
#5840 = FACE_BOUND('NONE',#5163,.T.) ;
#5841 = COLOUR_RGB('',0.647058823529,0.619607843137,0.588235294117) ;
#5842 = SURFACE_STYLE_USAGE(.BOTH.,#1131) ;
#5843=CARTESIAN_POINT('NONE',(-2.767385221977,3.301,0.647575381611));
#5844 = VECTOR('NONE',#2935,1000.) ;
#5845 = FILL_AREA_STYLE('',(#10383)) ;
#5846=CARTESIAN_POINT('NONE',(-0.899999999999,-0.325,0.299999999999));
#5847 = LINE('NONE',#8251,#3122) ;
#5848=CARTESIAN_POINT('NONE',(-1.857096160457,3.301,0.96901204209));
#5849 = ORIENTED_EDGE('NONE',*,*,#9262,.T.) ;
#5850 = STYLED_ITEM('NONE',(#9298),#11173) ;
#5851 =(GEOMETRIC_REPRESENTATION_CONTEXT(3) GLOBAL_UNCERTAINTY_ASSIGNED_CONTEXT((#9954)) GLOBAL_UNIT_ASSIGNED_CONTEXT((#1987,#1856,#4032)) REPRESENTATION_CONTEXT('NONE','WORKASPACE'));
#5852 = VECTOR('NONE',#11060,1000.) ;
#5853=DIRECTION('NONE',(0.,0.,1.));
#5854=CARTESIAN_POINT('NONE',(-2.399791817409,3.299999999999,0.655111061699));
#5855=CARTESIAN_POINT('NONE',(-2.340679529671,3.299999999999,0.672624357197));
#5856 = VERTEX_POINT('NONE',#12464) ;
#5857 =(NAMED_UNIT(*) PLANE_ANGLE_UNIT() SI_UNIT($,.RADIAN.));
#5858=CARTESIAN_POINT('NONE',(-1.628709739177,3.299999999999,0.695598206233));
#5859 = B_SPLINE_CURVE_WITH_KNOTS('NONE',3,(#1630,#7281,#8242,#383),.UNSPECIFIED.,.F.,.F.,(4,4),(7.000000000000,8.000000000000),.UNSPECIFIED.) ;
#5860 = SURFACE_STYLE_FILL_AREA(#11503) ;
#5861=CARTESIAN_POINT('NONE',(-2.395868713299,3.301,0.673730224867));
#5862 = VECTOR('NONE',#13016,1000.) ;
#5863 = SURFACE_STYLE_USAGE(.BOTH.,#3340) ;
#5864 = SURFACE_SIDE_STYLE('',(#1434)) ;
#5865 = COLOUR_RGB('',1.,1.,1.) ;
#5866 = STYLED_ITEM('NONE',(#6974),#10732) ;
#5867=AXIS2_PLACEMENT_3D('NONE',#12638,#3731,#2491);
#5868 = SURFACE_SIDE_STYLE('',(#13744)) ;
#5869 = VERTEX_POINT('NONE',#11374) ;
#5870 =(LENGTH_UNIT() NAMED_UNIT(*) SI_UNIT(.MILLI.,.METRE.));
#5871 = EDGE_LOOP('NONE',(#5577,#3136,#12788,#7961)) ;
#5872=DIRECTION('NONE',(0.,0.,1.));
#5873 = SURFACE_STYLE_USAGE(.BOTH.,#2680) ;
#5874 = UNCERTAINTY_MEASURE_WITH_UNIT(LENGTH_MEASURE(1.000000000000E-05),#10449,'distance_accuracy_value','NONE');
#5875 = EDGE_CURVE('NONE',#3149,#12163,#1324,.T.) ;
#5876 = ORIENTED_EDGE('NONE',*,*,#6126,.T.) ;
#5877=AXIS2_PLACEMENT_3D('NONE',#4603,#7806,#1063);
#5878 = VECTOR('NONE',#2507,1000.) ;
#5879 = SURFACE_STYLE_USAGE(.BOTH.,#1589) ;
#5880=CARTESIAN_POINT('NONE',(-2.340286635026,3.301,0.617227448673));
#5881 = EDGE_CURVE('NONE',#9123,#9678,#2859,.T.) ;
#5882 = EDGE_LOOP('NONE',(#4272,#8076,#14694,#7533)) ;
#5883 = PRESENTATION_STYLE_ASSIGNMENT((#7020)) ;
#5884 = SURFACE_STYLE_USAGE(.BOTH.,#2688) ;
#5885=DIRECTION('NONE',(0.999974850185,0.,0.007092178509));
#5886 = SURFACE_STYLE_USAGE(.BOTH.,#1312) ;
#5887 =(NAMED_UNIT(*) PLANE_ANGLE_UNIT() SI_UNIT($,.RADIAN.));
#5888=DIRECTION('NONE',(0.999974850185,0.,0.007092178509));
#5889=AXIS2_PLACEMENT_3D('NONE',#14106,#10464,#1508);
#5890 = EDGE_CURVE('NONE',#7801,#12139,#707,.T.) ;
#5891 =(NAMED_UNIT(*) SI_UNIT($,.STERADIAN.) SOLID_ANGLE_UNIT());
#5892 = ORIENTED_EDGE('NONE',*,*,#11978,.T.) ;
#5893 = FILL_AREA_STYLE_COLOUR('',#4129) ;
#5894 = STYLED_ITEM('NONE',(#2185),#5734) ;
#5895 = UNCERTAINTY_MEASURE_WITH_UNIT(LENGTH_MEASURE(1.000000000000E-05),#8462,'distance_accuracy_value','NONE');
#5896 = EDGE_CURVE('NONE',#11989,#1955,#12908,.T.) ;
#5897=CARTESIAN_POINT('NONE',(-2.294376552045,3.299999999999,0.917260418749));
#5898=CARTESIAN_POINT('NONE',(-1.980887962984,3.299999999999,0.807625453752));
#5899=CARTESIAN_POINT('NONE',(-1.857594530533,3.299999999999,0.916951660111));
#5900=CARTESIAN_POINT('NONE',(-2.395868713299,3.299999999999,0.673730224867));
#5901 = VERTEX_POINT('NONE',#12840) ;
#5902 = COLOUR_RGB('',0.647058823529,0.619607843137,0.588235294117) ;
#5903 = B_SPLINE_CURVE_WITH_KNOTS('NONE',3,(#12695,#8067,#10352,#5677),.UNSPECIFIED.,.F.,.F.,(4,4),(4.000000000000,5.000000000000),.UNSPECIFIED.) ;
#5904 = B_SPLINE_SURFACE_WITH_KNOTS('NONE',3,1,((#5260,#9711),(#9786,#2952),(#4013,#4097),(#7568,#1972)),.UNSPECIFIED.,.F.,.F.,.F.,(4,4),(2,2),(1.,2.000000000000),(0.,1.),.UNSPECIFIED.) ;
#5905=CARTESIAN_POINT('NONE',(-2.320177786709,3.301,0.65835835571));
#5906 = SURFACE_SIDE_STYLE('',(#12700)) ;
#5907=AXIS2_PLACEMENT_3D('NONE',#8624,#7585,#13084);
#5908=CARTESIAN_POINT('NONE',(-1.594296132205,3.299999999999,0.858953686889));
#5909 = EDGE_CURVE('NONE',#6064,#10784,#2802,.T.) ;
#5910 = ORIENTED_EDGE('NONE',*,*,#12951,.T.) ;
#5911 =(GEOMETRIC_REPRESENTATION_CONTEXT(3) GLOBAL_UNCERTAINTY_ASSIGNED_CONTEXT((#3863)) GLOBAL_UNIT_ASSIGNED_CONTEXT((#3468,#1360,#7078)) REPRESENTATION_CONTEXT('NONE','WORKASPACE'));
#5912=DIRECTION('NONE',(-0.999974850185,0.,-0.007092178509));
#5913 = SURFACE_SIDE_STYLE('',(#13787)) ;
#5914 = EDGE_LOOP('NONE',(#957,#10874,#8430,#13711)) ;
#5915=CARTESIAN_POINT('NONE',(2.299999999999,-2.,-0.01));
#5916 = ORIENTED_EDGE('NONE',*,*,#12400,.F.) ;
#5917=DIRECTION('NONE',(0.,0.,-1.));
#5918 = LINE('NONE',#3803,#8625) ;
#5919 =(LENGTH_UNIT() NAMED_UNIT(*) SI_UNIT(.MILLI.,.METRE.));
#5920 = PRESENTATION_STYLE_ASSIGNMENT((#11558)) ;
#5921=DIRECTION('NONE',(0.,-1.,0.));
#5922 = EDGE_CURVE('NONE',#6639,#12002,#1893,.T.) ;
#5923=CARTESIAN_POINT('NONE',(-2.292955209241,3.301,0.870792151638));
#5924=CARTESIAN_POINT('NONE',(-2.701834336199,3.299999999999,0.641302491134));
#5925 = LINE('NONE',#6002,#4761) ;
#5926 =(GEOMETRIC_REPRESENTATION_CONTEXT(3) GLOBAL_UNCERTAINTY_ASSIGNED_CONTEXT((#11453)) GLOBAL_UNIT_ASSIGNED_CONTEXT((#11968,#5230,#8510)) REPRESENTATION_CONTEXT('NONE','WORKASPACE'));
#5927 = STYLED_ITEM('NONE',(#8828),#2397) ;
#5928=DIRECTION('NONE',(0.,0.,-1.));
#5929 = ORIENTED_EDGE('NONE',*,*,#10158,.T.) ;
#5930 = PRESENTATION_LAYER_ASSIGNMENT('','',(#4530)) ;
#5931 = FILL_AREA_STYLE('',(#1566)) ;
#5932 =(NAMED_UNIT(*) PLANE_ANGLE_UNIT() SI_UNIT($,.RADIAN.));
#5933 = SURFACE_SIDE_STYLE('',(#6010)) ;
#5934=CARTESIAN_POINT('NONE',(0.,0.,1.5));
#5935 =(NAMED_UNIT(*) PLANE_ANGLE_UNIT() SI_UNIT($,.RADIAN.));
#5936 = PRESENTATION_STYLE_ASSIGNMENT((#12654)) ;
#5937=CARTESIAN_POINT('NONE',(-2.410662989055,3.301,0.666138853302));
#5938 =(NAMED_UNIT(*) SI_UNIT($,.STERADIAN.) SOLID_ANGLE_UNIT());
#5939 = CIRCLE('NONE',#2940,0.299999999999) ;
#5940 = EDGE_CURVE('NONE',#4154,#12404,#7697,.T.) ;
#5941 = LINE('NONE',#9304,#1739) ;
#5942 = LINE('NONE',#10469,#14408) ;
#5943 = FILL_AREA_STYLE_COLOUR('',#13229) ;
#5944 = COLOUR_RGB('',0.647058823529,0.619607843137,0.588235294117) ;
#5945 = ORIENTED_EDGE('NONE',*,*,#8766,.T.) ;
#5946=CARTESIAN_POINT('NONE',(-2.648418018957,3.301,0.723034044098));
#5947 =(GEOMETRIC_REPRESENTATION_CONTEXT(3) GLOBAL_UNCERTAINTY_ASSIGNED_CONTEXT((#3083)) GLOBAL_UNIT_ASSIGNED_CONTEXT((#747,#8606,#1900)) REPRESENTATION_CONTEXT('NONE','WORKASPACE'));
#5948 = ORIENTED_EDGE('NONE',*,*,#9287,.F.) ;
#5949=DIRECTION('NONE',(0.,0.,-1.));
#5950 = VECTOR('NONE',#8475,1000.) ;
#5951 = EDGE_LOOP('NONE',(#3440,#13346,#8731,#11934,#7838,#733,#12962,#1582)) ;
#5952 = FILL_AREA_STYLE('',(#5795)) ;
#5953=DIRECTION('NONE',(-0.007092178509,0.,0.999974850185));
#5954=CARTESIAN_POINT('NONE',(-2.205287862451,3.301,0.618184908146));
#5955 = ORIENTED_EDGE('NONE',*,*,#2942,.T.) ;
#5956 = PLANE('NONE',#9059) ;
#5957 = VECTOR('NONE',#11270,1000.) ;
#5958=CARTESIAN_POINT('NONE',(-2.392588692688,3.301,0.681863803664));
#5959 = ORIENTED_EDGE('NONE',*,*,#11737,.F.) ;
#5960 = FILL_AREA_STYLE('',(#10259)) ;
#5961=CARTESIAN_POINT('NONE',(-2.106211892943,3.299999999999,0.739930350746));
#5962 = VECTOR('NONE',#1381,1000.) ;
#5963 = SURFACE_SIDE_STYLE('',(#9166)) ;
#5964=CARTESIAN_POINT('NONE',(-2.692953105702,3.301,0.732723507551));
#5965 = FACE_OUTER_BOUND('NONE',#6175,.T.) ;
#5966 = PRESENTATION_LAYER_ASSIGNMENT('','',(#4801)) ;
#5967 =(LENGTH_UNIT() NAMED_UNIT(*) SI_UNIT(.MILLI.,.METRE.));
#5968 = PRESENTATION_STYLE_ASSIGNMENT((#4802)) ;
#5969 = SURFACE_STYLE_USAGE(.BOTH.,#1602) ;
#5970 = FACE_OUTER_BOUND('NONE',#6202,.T.) ;
#5971 = UNCERTAINTY_MEASURE_WITH_UNIT(LENGTH_MEASURE(1.000000000000E-05),#3486,'distance_accuracy_value','NONE');
#5972=CARTESIAN_POINT('NONE',(-2.285710233412,3.301,0.640947278447));
#5973=DIRECTION('NONE',(0.999974850185,0.,0.007092178509));
#5974=CARTESIAN_POINT('NONE',(-2.324699078981,3.299999999999,0.706489087061));
#5975 = FILL_AREA_STYLE('',(#11375)) ;
#5976=CARTESIAN_POINT('NONE',(-2.413505653777,3.301,0.627126789609));
#5977 = EDGE_LOOP('NONE',(#10795,#8889,#774,#4662)) ;
#5978 = MECHANICAL_DESIGN_GEOMETRIC_PRESENTATION_REPRESENTATION('',(#12573),#12114) ;
#5979 = ORIENTED_EDGE('NONE',*,*,#12489,.T.) ;
#5980 = VECTOR('NONE',#13977,999.999999999999) ;
#5981=DIRECTION('NONE',(0.,0.,1.));
#5982 =(NAMED_UNIT(*) SI_UNIT($,.STERADIAN.) SOLID_ANGLE_UNIT());
#5983 = EDGE_CURVE('NONE',#12412,#5869,#10543,.T.) ;
#5984 = PRESENTATION_STYLE_ASSIGNMENT((#9263)) ;
#5985=CARTESIAN_POINT('NONE',(-2.320177786709,3.299999999999,0.65835835571));
#5986 = ORIENTED_EDGE('NONE',*,*,#1981,.T.) ;
#5987 =(GEOMETRIC_REPRESENTATION_CONTEXT(3) GLOBAL_UNCERTAINTY_ASSIGNED_CONTEXT((#13357)) GLOBAL_UNIT_ASSIGNED_CONTEXT((#10628,#12889,#4932)) REPRESENTATION_CONTEXT('NONE','WORKASPACE'));
#5988 = SURFACE_SIDE_STYLE('',(#4591)) ;
#5989 = MECHANICAL_DESIGN_GEOMETRIC_PRESENTATION_REPRESENTATION('',(#1807),#11419) ;
#5990 = UNCERTAINTY_MEASURE_WITH_UNIT(LENGTH_MEASURE(1.000000000000E-05),#8298,'distance_accuracy_value','NONE');
#5991=DIRECTION('NONE',(0.,0.,-1.));
#5992 = EDGE_LOOP('NONE',(#8695,#9390,#7527,#11972,#6867,#6732,#6032,#5352)) ;
#5993=CARTESIAN_POINT('NONE',(-1.668728691614,3.299999999999,0.588597830522));
#5994=CARTESIAN_POINT('NONE',(-2.793511923081,3.301,0.720445310248));
#5995=CARTESIAN_POINT('NONE',(-2.419553574988,3.299999999999,0.631014279365));
#5996 = EDGE_CURVE('NONE',#2186,#11587,#14211,.T.) ;
#5997 =(NAMED_UNIT(*) SI_UNIT($,.STERADIAN.) SOLID_ANGLE_UNIT());
#5998 = COLOUR_RGB('',0.647058823529,0.619607843137,0.588235294117) ;
#5999 = EDGE_CURVE('NONE',#12159,#3288,#10733,.T.) ;
#6000 = PLANE('NONE',#2381) ;
#6001=DIRECTION('NONE',(0.007092178509,0.,-0.999974850185));
#6002=CARTESIAN_POINT('NONE',(-2.603983878753,3.301,0.808944211248));
#6003=DIRECTION('NONE',(0.,-1.,0.));
#6004 = LINE('NONE',#3602,#1916) ;
#6005 = ORIENTED_EDGE('NONE',*,*,#6342,.F.) ;
#6006 = EDGE_CURVE('NONE',#1349,#1730,#1684,.T.) ;
#6007 = PRESENTATION_LAYER_ASSIGNMENT('','',(#4152)) ;
#6008 = SURFACE_STYLE_USAGE(.BOTH.,#12727) ;
#6009=CARTESIAN_POINT('NONE',(-2.66546274503,3.299999999999,0.614921183651));
#6010 = SURFACE_STYLE_FILL_AREA(#4767) ;
#6011=CARTESIAN_POINT('NONE',(-2.073527232118,3.301,0.657738820371));
#6012 =(GEOMETRIC_REPRESENTATION_CONTEXT(3) GLOBAL_UNCERTAINTY_ASSIGNED_CONTEXT((#14668)) GLOBAL_UNIT_ASSIGNED_CONTEXT((#520,#12039,#1959)) REPRESENTATION_CONTEXT('NONE','WORKASPACE'));
#6013 = SURFACE_STYLE_FILL_AREA(#3677) ;
#6014 = ORIENTED_EDGE('NONE',*,*,#7106,.T.) ;
#6015=CARTESIAN_POINT('NONE',(-2.384173936207,3.301,0.630142237598));
#6016 = EDGE_CURVE('NONE',#757,#8680,#664,.T.) ;
#6017=DIRECTION('NONE',(0.,-1.,0.));
#6018=CARTESIAN_POINT('NONE',(-2.419609323552,3.301,0.638874651521));
#6019 = LINE('NONE',#11868,#12066) ;
#6020 = VERTEX_POINT('NONE',#8599) ;
#6021 = VECTOR('NONE',#5376,1000.) ;
#6022=CARTESIAN_POINT('NONE',(-2.276416837418,3.301,0.869973642013));
#6023 = VECTOR('NONE',#8398,1000.) ;
#6024 =(GEOMETRIC_REPRESENTATION_CONTEXT(3) GLOBAL_UNCERTAINTY_ASSIGNED_CONTEXT((#1465)) GLOBAL_UNIT_ASSIGNED_CONTEXT((#8152,#4739,#11544)) REPRESENTATION_CONTEXT('NONE','WORKASPACE'));
#6025 = ORIENTED_EDGE('NONE',*,*,#8282,.F.) ;
#6026=DIRECTION('NONE',(0.,-1.,0.));
#6027 = ORIENTED_EDGE('NONE',*,*,#13823,.T.) ;
#6028 = EDGE_CURVE('NONE',#4934,#8751,#5395,.T.) ;
#6029 = B_SPLINE_CURVE_WITH_KNOTS('NONE',3,(#6159,#12878,#14032,#4918),.UNSPECIFIED.,.F.,.F.,(4,4),(5.000000000000,6.000000000000),.UNSPECIFIED.) ;
#6030=CARTESIAN_POINT('NONE',(-1.773144805261,3.299999999999,0.631237947217));
#6031 = PRESENTATION_STYLE_ASSIGNMENT((#13597)) ;
#6032 = ORIENTED_EDGE('NONE',*,*,#13863,.F.) ;
#6033 = B_SPLINE_SURFACE_WITH_KNOTS('NONE',3,1,((#14002,#9854),(#8750,#13195),(#3148,#7639),(#12116,#2034)),.UNSPECIFIED.,.F.,.F.,.F.,(4,4),(2,2),(2.000000000000,3.000000000000),(0.,1.),.UNSPECIFIED.) ;
#6034 = ORIENTED_EDGE('NONE',*,*,#9169,.F.) ;
#6035 =(NAMED_UNIT(*) SI_UNIT($,.STERADIAN.) SOLID_ANGLE_UNIT());
#6036 = VERTEX_POINT('NONE',#5098) ;
#6037 = MECHANICAL_DESIGN_GEOMETRIC_PRESENTATION_REPRESENTATION('',(#12153),#5775) ;
#6038 = PRESENTATION_STYLE_ASSIGNMENT((#6180)) ;
#6039=AXIS2_PLACEMENT_3D('NONE',#4256,#11248,#10307);
#6040 =(NAMED_UNIT(*) PLANE_ANGLE_UNIT() SI_UNIT($,.RADIAN.));
#6041=DIRECTION('NONE',(0.999974850185,0.,0.007092178509));
#6042=CARTESIAN_POINT('NONE',(-2.641082409328,3.301,0.9114325567));
#6043=DIRECTION('NONE',(-0.999974850185,0.,-0.007092178509));
#6044 =(NAMED_UNIT(*) PLANE_ANGLE_UNIT() SI_UNIT($,.RADIAN.));
#6045 = FACE_OUTER_BOUND('NONE',#8972,.T.) ;
#6046 = COLOUR_RGB('',0.647058823529,0.619607843137,0.588235294117) ;
#6047 = EDGE_CURVE('NONE',#9274,#10201,#6200,.T.) ;
#6048 = FILL_AREA_STYLE('',(#14788)) ;
#6049 = LINE('NONE',#10652,#3470) ;
#6050=CARTESIAN_POINT('NONE',(-1.658976256131,3.301,0.681501716022));
#6051=CARTESIAN_POINT('NONE',(-2.550397877476,3.299999999999,0.835963530081));
#6052 = ORIENTED_EDGE('NONE',*,*,#5592,.T.) ;
#6053 = UNCERTAINTY_MEASURE_WITH_UNIT(LENGTH_MEASURE(1.000000000000E-05),#11420,'distance_accuracy_value','NONE');
#6054 = FACE_BOUND('NONE',#6874,.T.) ;
#6055 = B_SPLINE_CURVE_WITH_KNOTS('NONE',3,(#10820,#684,#3157,#2956),.UNSPECIFIED.,.F.,.F.,(4,4),(3.000000000000,4.000000000000),.UNSPECIFIED.) ;
#6056 = FILL_AREA_STYLE_COLOUR('',#1295) ;
#6057=CARTESIAN_POINT('NONE',(-2.308087033146,3.299999999999,0.655699077713));
#6058 = ORIENTED_EDGE('NONE',*,*,#8409,.T.) ;
#6059 =(LENGTH_UNIT() NAMED_UNIT(*) SI_UNIT(.MILLI.,.METRE.));
#6060 = FACE_OUTER_BOUND('NONE',#5871,.T.) ;
#6061 =(LENGTH_UNIT() NAMED_UNIT(*) SI_UNIT(.MILLI.,.METRE.));
#6062=CARTESIAN_POINT('NONE',(-2.79535401671,3.301,0.711885220435));
#6063 = ORIENTED_EDGE('NONE',*,*,#7325,.F.) ;
#6064 = VERTEX_POINT('NONE',#7407) ;
#6065=CARTESIAN_POINT('NONE',(0.,0.,1.));
#6066=CARTESIAN_POINT('NONE',(-2.340382203994,3.299999999999,0.630702372367));
#6067 = EDGE_CURVE('NONE',#11166,#8514,#9467,.T.) ;
#6068 =(NAMED_UNIT(*) PLANE_ANGLE_UNIT() SI_UNIT($,.RADIAN.));
#6069=CARTESIAN_POINT('NONE',(-1.588586109549,3.301,0.665516266492));
#6070 = LINE('NONE',#14022,#14180) ;
#6071 = LINE('NONE',#12572,#584) ;
#6072 = ORIENTED_EDGE('NONE',*,*,#10024,.T.) ;
#6073=CARTESIAN_POINT('NONE',(-2.603099865801,3.301,0.684301167068));
#6074 = EDGE_CURVE('NONE',#14153,#12058,#815,.T.) ;
#6075 = SURFACE_STYLE_FILL_AREA(#3739) ;
#6076=CARTESIAN_POINT('NONE',(-2.349831199457,3.299999999999,0.920610337238));
#6077 = SURFACE_SIDE_STYLE('',(#11646)) ;
#6078 = SURFACE_STYLE_FILL_AREA(#397) ;
#6079 = ADVANCED_FACE('NONE',(#739),#3933,.T.) ;
#6080 = COLOUR_RGB('',0.647058823529,0.619607843137,0.588235294117) ;
#6081 = SURFACE_STYLE_FILL_AREA(#10766) ;
#6082 = ORIENTED_EDGE('NONE',*,*,#9083,.T.) ;
#6084 = PRESENTATION_STYLE_ASSIGNMENT((#12732)) ;
#6083 = VECTOR('NONE',#1037,1000.) ;
#6085 =(LENGTH_UNIT() NAMED_UNIT(*) SI_UNIT(.MILLI.,.METRE.));
#6086=CARTESIAN_POINT('NONE',(-2.41094482902,3.301,0.705877401422));
#6087 = LINE('NONE',#8564,#3798) ;
#6088 = SURFACE_STYLE_FILL_AREA(#11654) ;
#6089=CARTESIAN_POINT('NONE',(3.085537628748,0.,1.202431676652));
#6090 =(NAMED_UNIT(*) SI_UNIT($,.STERADIAN.) SOLID_ANGLE_UNIT());
#6091 = ORIENTED_EDGE('NONE',*,*,#13015,.T.) ;
#6092 =(NAMED_UNIT(*) PLANE_ANGLE_UNIT() SI_UNIT($,.RADIAN.));
#6093 = EDGE_LOOP('NONE',(#13598,#6193,#4238,#5071,#12367,#1075,#8271,#4856,#2451,#5211,#11282,#13402,#873,#12053,#10197,#13457)) ;
#6094 =(GEOMETRIC_REPRESENTATION_CONTEXT(3) GLOBAL_UNCERTAINTY_ASSIGNED_CONTEXT((#6432)) GLOBAL_UNIT_ASSIGNED_CONTEXT((#3251,#12006,#4038)) REPRESENTATION_CONTEXT('NONE','WORKASPACE'));
#6095=CARTESIAN_POINT('NONE',(-2.561528093917,3.299999999999,0.826339372882));
#6096 = EDGE_LOOP('NONE',(#13976,#11907,#12985,#3079)) ;
#6097 = PRESENTATION_STYLE_ASSIGNMENT((#494)) ;
#6098=CARTESIAN_POINT('NONE',(-2.36061897157,3.299999999999,0.933073622354));
#6099 = ORIENTED_EDGE('NONE',*,*,#11933,.F.) ;
#6100 = EDGE_LOOP('NONE',(#2395,#3570,#11595,#984)) ;
#6101=DIRECTION('NONE',(0.,-1.,0.));
#6102 = ORIENTED_EDGE('NONE',*,*,#6189,.F.) ;
#6103 = PRESENTATION_LAYER_ASSIGNMENT('','',(#9444)) ;
#6104 = VECTOR('NONE',#14101,1000.) ;
#6105 = STYLED_ITEM('NONE',(#6084),#10422) ;
#6106 = FILL_AREA_STYLE_COLOUR('',#3127) ;
#6107 = LINE('NONE',#11816,#13087) ;
#6108=CARTESIAN_POINT('NONE',(-2.640407025665,3.299999999999,0.908567542738));
#6109 = EDGE_CURVE('NONE',#10435,#12245,#10111,.T.) ;
#6110=DIRECTION('NONE',(1.314184451497000E-16,-1.,0.));
#6111 = FACE_OUTER_BOUND('NONE',#13657,.T.) ;
#6112 = LINE('NONE',#12974,#10305) ;
#6113=CARTESIAN_POINT('NONE',(1.699999999999,2.,-0.01));
#6114 = EDGE_LOOP('NONE',(#1207,#12987,#14278,#14192)) ;
#6115=DIRECTION('NONE',(-0.007092178509,0.,0.999974850185));
#6116 = B_SPLINE_CURVE_WITH_KNOTS('NONE',3,(#7026,#11529,#729,#7400),.UNSPECIFIED.,.F.,.F.,(4,4),(17.000000000000,18.000000000000),.UNSPECIFIED.) ;
#6117 = STYLED_ITEM('NONE',(#8090),#11313) ;
#6118=DIRECTION('NONE',(0.,0.,1.));
#6119 = UNCERTAINTY_MEASURE_WITH_UNIT(LENGTH_MEASURE(1.000000000000E-05),#13705,'distance_accuracy_value','NONE');
#6120=DIRECTION('NONE',(-0.007092178509,0.,0.999974850185));
#6121=CARTESIAN_POINT('NONE',(-2.2710097805,3.299999999999,0.811305782385));
#6122=CARTESIAN_POINT('NONE',(-2.47728301994,3.299999999999,0.616442982551));
#6123=CARTESIAN_POINT('NONE',(-1.740749406585,3.301,0.834489457988));
#6124 = EDGE_LOOP('NONE',(#5557,#8580,#11625,#11479)) ;
#6125 = ORIENTED_EDGE('NONE',*,*,#13422,.T.) ;
#6126 = EDGE_CURVE('NONE',#14500,#9998,#7696,.T.) ;
#6127=CARTESIAN_POINT('NONE',(-1.827106469332,3.299999999999,0.65514845375));
#6128 = VECTOR('NONE',#8367,1000.) ;
#6129=CARTESIAN_POINT('NONE',(-2.785356667767,3.301,0.73609991123));
#6130 = ORIENTED_EDGE('NONE',*,*,#5983,.F.) ;
#6131 = VECTOR('NONE',#2571,1000.) ;
#6132=CARTESIAN_POINT('NONE',(-2.710853244851,3.301,0.703438408685));
#6133 = VERTEX_POINT('NONE',#6424) ;
#6134 = SURFACE_SIDE_STYLE('',(#6973)) ;
#6135=CARTESIAN_POINT('NONE',(-2.631900203605,3.301,0.615159221173));
#6136 =(GEOMETRIC_REPRESENTATION_CONTEXT(3) GLOBAL_UNCERTAINTY_ASSIGNED_CONTEXT((#7915)) GLOBAL_UNIT_ASSIGNED_CONTEXT((#11322,#8095,#12417)) REPRESENTATION_CONTEXT('NONE','WORKASPACE'));
#6137=CARTESIAN_POINT('NONE',(-2.792518868051,3.301,0.716771517753));
#6138 = ORIENTED_EDGE('NONE',*,*,#462,.F.) ;
#6140 = PRESENTATION_LAYER_ASSIGNMENT('','',(#11110)) ;
#6139 = PRESENTATION_STYLE_ASSIGNMENT((#682)) ;
#6141 = ORIENTED_EDGE('NONE',*,*,#12583,.T.) ;
#6142 = SURFACE_SIDE_STYLE('',(#7647)) ;
#6143=CARTESIAN_POINT('NONE',(-1.737925188611,3.299999999999,0.925608921586));
#6144=CARTESIAN_POINT('NONE',(-1.783266525769,3.299999999999,0.957389070697));
#6145 = STYLED_ITEM('NONE',(#12421),#4757) ;
#6146=CARTESIAN_POINT('NONE',(-3.899999999999,0.325,-0.05));
#6147=DIRECTION('NONE',(0.999974850185,0.,0.007092178509));
#6148=DIRECTION('NONE',(-0.007092178509,0.,0.999974850185));
#6149 =(NAMED_UNIT(*) SI_UNIT($,.STERADIAN.) SOLID_ANGLE_UNIT());
#6150 = B_SPLINE_SURFACE_WITH_KNOTS('NONE',3,1,((#3039,#5491),(#9809,#1932),(#8853,#8565),(#13305,#3187),(#3257,#13155),(#7732,#13028),(#6394,#10988)),.UNSPECIFIED.,.F.,.F.,.F.,(4,3,4),(2,2),(0.,1.,2.000000000000),(0.,1.),.UNSPECIFIED.) ;
#6151 = LINE('NONE',#14095,#528) ;
#6152 = LINE('NONE',#12580,#9920) ;
#6153=CARTESIAN_POINT('NONE',(-2.400399955798,3.301,0.692476587922));
#6154 = FACE_OUTER_BOUND('NONE',#5135,.T.) ;
#6155 = ORIENTED_EDGE('NONE',*,*,#12316,.T.) ;
#6156 = MECHANICAL_DESIGN_GEOMETRIC_PRESENTATION_REPRESENTATION('',(#12759),#5911) ;
#6157 = VECTOR('NONE',#13808,1000.) ;
#6158 = FILL_AREA_STYLE_COLOUR('',#6219) ;
#6159=CARTESIAN_POINT('NONE',(-2.550550308789,3.299999999999,0.905835938266));
#6160 = PRESENTATION_STYLE_ASSIGNMENT((#8263)) ;
#6161 = SURFACE_STYLE_FILL_AREA(#12735) ;
#6162=AXIS2_PLACEMENT_3D('NONE',#12504,#1425,#6681);
#6163 = STYLED_ITEM('NONE',(#8088),#2228) ;
#6164 = SURFACE_SIDE_STYLE('',(#11655)) ;
#6165 = LINE('NONE',#5066,#14856) ;
#6166 = ORIENTED_EDGE('NONE',*,*,#3668,.T.) ;
#6167 = EDGE_CURVE('NONE',#14395,#5257,#7765,.T.) ;
#6168 = ADVANCED_FACE('NONE',(#12185),#11213,.F.) ;
#6169 = FACE_OUTER_BOUND('NONE',#3802,.T.) ;
#6170 = ORIENTED_EDGE('NONE',*,*,#4155,.F.) ;
#6171 = ORIENTED_EDGE('NONE',*,*,#2255,.T.) ;
#6172 = ADVANCED_FACE('NONE',(#7549),#4866,.F.) ;
#6173 = PRESENTATION_LAYER_ASSIGNMENT('','',(#2929)) ;
#6174=CARTESIAN_POINT('NONE',(3.299999999999,3.299999999999,0.));
#6175 = EDGE_LOOP('NONE',(#13547,#12420,#4407,#3625)) ;
#6176 = EDGE_LOOP('NONE',(#1049,#1368,#7708,#3231)) ;
#6177 = FILL_AREA_STYLE('',(#1733)) ;
#6178 = PLANE('NONE',#12377) ;
#6179 = ORIENTED_EDGE('NONE',*,*,#6748,.T.) ;
#6180 = SURFACE_STYLE_USAGE(.BOTH.,#3768) ;
#6181 = COLOUR_RGB('',0.647058823529,0.619607843137,0.588235294117) ;
#6182 =(GEOMETRIC_REPRESENTATION_CONTEXT(3) GLOBAL_UNCERTAINTY_ASSIGNED_CONTEXT((#11307)) GLOBAL_UNIT_ASSIGNED_CONTEXT((#9012,#13260,#6419)) REPRESENTATION_CONTEXT('NONE','WORKASPACE'));
#6183 = EDGE_CURVE('NONE',#1722,#793,#9093,.T.) ;
#6184 = PLANE('NONE',#8779) ;
#6185 = SURFACE_STYLE_USAGE(.BOTH.,#502) ;
#6186=CARTESIAN_POINT('NONE',(-1.991698736239,3.299999999999,0.619276541746));
#6187=AXIS2_PLACEMENT_3D('NONE',#13472,#9023,#7914);
#6188 = LINE('NONE',#10722,#7640) ;
#6189 = EDGE_CURVE('NONE',#1235,#8858,#4793,.T.) ;
#6191 = STYLED_ITEM('NONE',(#10525),#3755) ;
#6190=CARTESIAN_POINT('NONE',(-2.333566237399,3.301,0.808803337215));
#6192 = EDGE_LOOP('NONE',(#884,#9532,#10472,#12901)) ;
#6193 = ORIENTED_EDGE('NONE',*,*,#13725,.T.) ;
#6194=AXIS2_PLACEMENT_3D('NONE',#13966,#405,#3894);
#6195 = STYLED_ITEM('NONE',(#8202),#7142) ;
#6196=CARTESIAN_POINT('NONE',(-2.,-2.,-0.01));
#6197 = EDGE_CURVE('NONE',#12210,#3757,#5659,.T.) ;
#6198=CARTESIAN_POINT('NONE',(-2.424971693129,3.299999999999,0.691241736644));
#6199=DIRECTION('NONE',(0.,0.,-1.));
#6200 = LINE('NONE',#8521,#4629) ;
#6201=CARTESIAN_POINT('NONE',(-2.541683831448,3.301,0.9135724289));
#6202 = EDGE_LOOP('NONE',(#9766,#14655,#3211,#9489)) ;
#6203 = ADVANCED_FACE('NONE',(#14633),#2599,.F.) ;
#6204 = VERTEX_POINT('NONE',#1523) ;
#6205 = MECHANICAL_DESIGN_GEOMETRIC_PRESENTATION_REPRESENTATION('',(#3412),#622) ;
#6206 = SURFACE_SIDE_STYLE('',(#1755)) ;
#6207 = FILL_AREA_STYLE('',(#10953)) ;
#6208 = ORIENTED_EDGE('NONE',*,*,#12753,.T.) ;
#6209 = FILL_AREA_STYLE_COLOUR('',#5718) ;
#6210 = PRESENTATION_STYLE_ASSIGNMENT((#11767)) ;
#6211 = EDGE_CURVE('NONE',#6216,#4003,#2301,.T.) ;
#6212 =(LENGTH_UNIT() NAMED_UNIT(*) SI_UNIT(.MILLI.,.METRE.));
#6213 = VERTEX_POINT('NONE',#9159) ;
#6214 = VECTOR('NONE',#4886,1000.) ;
#6215 = FILL_AREA_STYLE_COLOUR('',#7699) ;
#6216 = VERTEX_POINT('NONE',#5880) ;
#6217 = SURFACE_SIDE_STYLE('',(#1699)) ;
#6218 = FILL_AREA_STYLE_COLOUR('',#1926) ;
#6219 = COLOUR_RGB('',0.647058823529,0.619607843137,0.588235294117) ;
#6220=DIRECTION('NONE',(-0.007092178509,0.,0.999974850185));
#6221=CARTESIAN_POINT('NONE',(-2.301221483031,3.299999999999,0.642085008008));
#6222=DIRECTION('NONE',(0.,-1.,0.));
#6223=CARTESIAN_POINT('NONE',(-1.694860474421,3.301,0.847829130512));
#6224 = VECTOR('NONE',#13551,1000.) ;
#6225 = ORIENTED_EDGE('NONE',*,*,#8315,.T.) ;
#6226 = FACE_OUTER_BOUND('NONE',#6096,.T.) ;
#6227 = VECTOR('NONE',#13959,1000.) ;
#6228 = FILL_AREA_STYLE_COLOUR('',#8267) ;
#6229 = EDGE_CURVE('NONE',#11458,#10844,#14851,.T.) ;
#6230 = SURFACE_STYLE_FILL_AREA(#6306) ;
#6231 = ORIENTED_EDGE('NONE',*,*,#594,.F.) ;
#6232 = FILL_AREA_STYLE('',(#5421)) ;
#6233 = FACE_OUTER_BOUND('NONE',#4946,.T.) ;
#6234 =(NAMED_UNIT(*) PLANE_ANGLE_UNIT() SI_UNIT($,.RADIAN.));
#6235 = ORIENTED_EDGE('NONE',*,*,#1839,.F.) ;
#6236=AXIS2_PLACEMENT_3D('NONE',#1023,#4361,#8884);
#6237 =(NAMED_UNIT(*) SI_UNIT($,.STERADIAN.) SOLID_ANGLE_UNIT());
#6238 = FACE_OUTER_BOUND('NONE',#9191,.T.) ;
#6239 = VECTOR('NONE',#10424,1000.) ;
#6240=CARTESIAN_POINT('NONE',(-1.900474684585,3.299999999999,0.968704386116));
#6241 = SURFACE_SIDE_STYLE('',(#4920)) ;
#6242=CARTESIAN_POINT('NONE',(-2.340596791722,3.299999999999,0.660958566776));
#6243 = LINE('NONE',#14038,#9757) ;
#6244=DIRECTION('NONE',(0.999974850185,0.,0.007092178509));
#6245 = ORIENTED_EDGE('NONE',*,*,#13286,.F.) ;
#6246 = EDGE_LOOP('NONE',(#14291,#11953,#998,#2787)) ;
#6247 = VECTOR('NONE',#4609,1000.) ;
#6248=CARTESIAN_POINT('NONE',(-2.384173936207,3.301,0.630142237598));
#6249 = VERTEX_POINT('NONE',#11357) ;
#6250 = PRESENTATION_LAYER_ASSIGNMENT('','',(#12843)) ;
#6251 = SURFACE_STYLE_FILL_AREA(#3903) ;
#6252 = UNCERTAINTY_MEASURE_WITH_UNIT(LENGTH_MEASURE(1.000000000000E-05),#3196,'distance_accuracy_value','NONE');
#6253=CARTESIAN_POINT('NONE',(-2.606938696619,3.299999999999,0.737365315155));
#6254 = LINE('NONE',#14398,#7777) ;
#6255 = SURFACE_STYLE_USAGE(.BOTH.,#3905) ;
#6256 = B_SPLINE_CURVE_WITH_KNOTS('NONE',3,(#6552,#6485,#9831,#11198),.UNSPECIFIED.,.F.,.F.,(4,4),(3.000000000000,4.000000000000),.UNSPECIFIED.) ;
#6257 = ORIENTED_EDGE('NONE',*,*,#1106,.T.) ;
#6258 = VERTEX_POINT('NONE',#1306) ;
#6259 =(LENGTH_UNIT() NAMED_UNIT(*) SI_UNIT(.MILLI.,.METRE.));
#6260 = ADVANCED_FACE('NONE',(#4632),#8044,.T.) ;
#6261=CARTESIAN_POINT('NONE',(-1.802937596751,3.301,0.917339306591));
#6262 =(NAMED_UNIT(*) PLANE_ANGLE_UNIT() SI_UNIT($,.RADIAN.));
#6263 = VECTOR('NONE',#7241,1000.) ;
#6264 = VECTOR('NONE',#14079,1000.) ;
#6265=DIRECTION('NONE',(0.,0.,1.));
#6266 = SURFACE_STYLE_FILL_AREA(#9903) ;
#6267 = FACE_OUTER_BOUND('NONE',#8436,.T.) ;
#6268 = VERTEX_POINT('NONE',#722) ;
#6269=DIRECTION('NONE',(-0.999974850185,0.,-0.007092178509));
#6270 = EDGE_CURVE('NONE',#1910,#4503,#4066,.T.) ;
#6271 = MECHANICAL_DESIGN_GEOMETRIC_PRESENTATION_REPRESENTATION('',(#8888),#2527) ;
#6272=DIRECTION('NONE',(-0.999974850185,0.,-0.007092178509));
#6273=AXIS2_PLACEMENT_3D('NONE',#4888,#12982,#9400);
#6274 = STYLED_ITEM('NONE',(#2052),#3895) ;
#6275 = UNCERTAINTY_MEASURE_WITH_UNIT(LENGTH_MEASURE(1.000000000000E-05),#7082,'distance_accuracy_value','NONE');
#6276 = B_SPLINE_CURVE_WITH_KNOTS('NONE',3,(#7266,#1542,#5320,#9916),.UNSPECIFIED.,.F.,.F.,(4,4),(11.,12.000000000000),.UNSPECIFIED.) ;
#6277=CARTESIAN_POINT('NONE',(-3.15,0.,0.5));
#6278=CARTESIAN_POINT('NONE',(-1.82708801002,3.301,0.652545748922));
#6279 =(LENGTH_UNIT() NAMED_UNIT(*) SI_UNIT(.MILLI.,.METRE.));
#6280 = EDGE_CURVE('NONE',#3343,#7135,#13978,.T.) ;
#6281 = ORIENTED_EDGE('NONE',*,*,#8210,.F.) ;
#6282 = EDGE_LOOP('NONE',(#7028,#13775,#13925,#12943)) ;
#6283 = MECHANICAL_DESIGN_GEOMETRIC_PRESENTATION_REPRESENTATION('',(#5784),#11473) ;
#6284 =(NAMED_UNIT(*) PLANE_ANGLE_UNIT() SI_UNIT($,.RADIAN.));
#6285 =(GEOMETRIC_REPRESENTATION_CONTEXT(3) GLOBAL_UNCERTAINTY_ASSIGNED_CONTEXT((#8348)) GLOBAL_UNIT_ASSIGNED_CONTEXT((#13680,#2300,#12374)) REPRESENTATION_CONTEXT('NONE','WORKASPACE'));
#6286 = MECHANICAL_DESIGN_GEOMETRIC_PRESENTATION_REPRESENTATION('',(#4171),#11484) ;
#6287 = PRESENTATION_STYLE_ASSIGNMENT((#13933)) ;
#6288 = EDGE_LOOP('NONE',(#4790,#2113,#2040,#4412)) ;
#6289 = EDGE_CURVE('NONE',#6379,#6811,#11666,.T.) ;
#6290 = SURFACE_STYLE_USAGE(.BOTH.,#12921) ;
#6291 = ORIENTED_EDGE('NONE',*,*,#12975,.T.) ;
#6292=CARTESIAN_POINT('NONE',(-0.880617391387,-2.499402530603,7.698999999999));
#6293 = ORIENTED_EDGE('NONE',*,*,#5786,.F.) ;
#6294=CARTESIAN_POINT('NONE',(-3.299999999999,-1.,2.5));
#6295 = LINE('NONE',#14229,#10237) ;
#6296 = ORIENTED_EDGE('NONE',*,*,#12130,.F.) ;
#6297=CARTESIAN_POINT('NONE',(-3.299999999999,-1.,1.5));
#6298 =(GEOMETRIC_REPRESENTATION_CONTEXT(3) GLOBAL_UNCERTAINTY_ASSIGNED_CONTEXT((#14209)) GLOBAL_UNIT_ASSIGNED_CONTEXT((#12591,#6092,#566)) REPRESENTATION_CONTEXT('NONE','WORKASPACE'));
#6299=CARTESIAN_POINT('NONE',(-2.221429596218,3.301,0.673033410975));
#6300 = SURFACE_STYLE_FILL_AREA(#7425) ;
#6301 = EDGE_CURVE('NONE',#723,#6878,#9582,.T.) ;
#6302 =(NAMED_UNIT(*) SI_UNIT($,.STERADIAN.) SOLID_ANGLE_UNIT());
#6303 = ORIENTED_EDGE('NONE',*,*,#9896,.F.) ;
#6304=CARTESIAN_POINT('NONE',(-2.410662989055,3.301,0.666138853302));
#6305 = SURFACE_SIDE_STYLE('',(#10762)) ;
#6306 = FILL_AREA_STYLE('',(#3961)) ;
#6307 = ORIENTED_EDGE('NONE',*,*,#1092,.T.) ;
#6308=CARTESIAN_POINT('NONE',(-2.420369216353,3.301,0.662451564722));
#6309=CARTESIAN_POINT('NONE',(-2.317216537321,3.299999999999,0.627872093431));
#6310 = SURFACE_STYLE_USAGE(.BOTH.,#9035) ;
#6311 = SURFACE_STYLE_USAGE(.BOTH.,#11048) ;
#6312 = ORIENTED_EDGE('NONE',*,*,#1407,.T.) ;
#6313 =(LENGTH_UNIT() NAMED_UNIT(*) SI_UNIT(.MILLI.,.METRE.));
#6314 = LINE('NONE',#10987,#12180) ;
#6315=CARTESIAN_POINT('NONE',(-1.727791227399,3.299999999999,0.842389885814));
#6316=DIRECTION('NONE',(0.007092178509,0.,-0.999974850185));
#6317 =(NAMED_UNIT(*) PLANE_ANGLE_UNIT() SI_UNIT($,.RADIAN.));
#6318 = SURFACE_STYLE_FILL_AREA(#7667) ;
#6319 = EDGE_CURVE('NONE',#3474,#4266,#13905,.T.) ;
#6320=CARTESIAN_POINT('NONE',(1.,-3.039736830714,1.));
#6321=CARTESIAN_POINT('NONE',(-2.847810902256,3.299999999999,0.613627905443));
#6322 = VERTEX_POINT('NONE',#1665) ;
#6323 =(NAMED_UNIT(*) SI_UNIT($,.STERADIAN.) SOLID_ANGLE_UNIT());
#6324=AXIS2_PLACEMENT_3D('NONE',#11749,#1598,#2697);
#6325 = ORIENTED_EDGE('NONE',*,*,#6717,.T.) ;
#6326=CARTESIAN_POINT('NONE',(0.999999999999,6.75,0.5));
#6327 = STYLED_ITEM('NONE',(#14808),#10761) ;
#6328 = LINE('NONE',#6402,#14460) ;
#6329 =(NAMED_UNIT(*) PLANE_ANGLE_UNIT() SI_UNIT($,.RADIAN.));
#6330=CARTESIAN_POINT('NONE',(-0.999999999999,-3.039736830714,1.5));
#6331 = ORIENTED_EDGE('NONE',*,*,#2344,.T.) ;
#6332 = EDGE_LOOP('NONE',(#4428,#13355,#8362,#11994)) ;
#6333 =(LENGTH_UNIT() NAMED_UNIT(*) SI_UNIT(.MILLI.,.METRE.));
#6334=CARTESIAN_POINT('NONE',(-3.299999999999,-1.,2.5));
#6335=DIRECTION('NONE',(0.,0.,1.));
#6336 = SURFACE_STYLE_USAGE(.BOTH.,#7537) ;
#6337=AXIS2_PLACEMENT_3D('NONE',#3063,#886,#11014);
#6338=DIRECTION('NONE',(0.007092178509,0.,-0.999974850185));
#6339 = STYLED_ITEM('NONE',(#516),#10943) ;
#6340=DIRECTION('NONE',(0.,-1.,0.));
#6341 =(NAMED_UNIT(*) SI_UNIT($,.STERADIAN.) SOLID_ANGLE_UNIT());
#6342 = EDGE_CURVE('NONE',#10226,#10214,#8283,.T.) ;
#6343=CARTESIAN_POINT('NONE',(-2.445963416946,3.301,0.576675017148));
#6344 = VERTEX_POINT('NONE',#11961) ;
#6345 = COLOUR_RGB('',0.647058823529,0.619607843137,0.588235294117) ;
#6346=CARTESIAN_POINT('NONE',(-2.270915731559,3.301,0.617719451877));
#6348=DIRECTION('NONE',(0.,-1.,0.));
#6347=AXIS2_PLACEMENT_3D('NONE',#3450,#12344,#6669);
#6349 = SURFACE_STYLE_FILL_AREA(#3003) ;
#6350 = MECHANICAL_DESIGN_GEOMETRIC_PRESENTATION_REPRESENTATION('',(#10364),#4001) ;
#6351 = SURFACE_STYLE_FILL_AREA(#11903) ;
#6352 = PRESENTATION_LAYER_ASSIGNMENT('','',(#4242)) ;
#6353 = ORIENTED_EDGE('NONE',*,*,#4307,.T.) ;
#6354 = LINE('NONE',#4223,#14223) ;
#6355 = EDGE_CURVE('NONE',#11513,#10189,#13820,.T.) ;
#6356 = PLANE('NONE',#1424) ;
#6357 = EDGE_CURVE('NONE',#12254,#7029,#11886,.T.) ;
#6358 = MECHANICAL_DESIGN_GEOMETRIC_PRESENTATION_REPRESENTATION('',(#5174),#542) ;
#6359 = EDGE_CURVE('NONE',#9106,#9384,#11744,.T.) ;
#6360 = PRESENTATION_STYLE_ASSIGNMENT((#14146)) ;
#6361 = VERTEX_POINT('NONE',#10633) ;
#6362 = ORIENTED_EDGE('NONE',*,*,#5875,.F.) ;
#6363=DIRECTION('NONE',(1.,0.,0.));
#6364 = SURFACE_STYLE_USAGE(.BOTH.,#3945) ;
#6365=CARTESIAN_POINT('NONE',(-2.435309494684,3.299999999999,0.64026058936));
#6366=CARTESIAN_POINT('NONE',(-2.79108071915,3.299999999999,0.711915528186));
#6367 = EDGE_LOOP('NONE',(#1333,#13281,#7168,#12800)) ;
#6368 = ORIENTED_EDGE('NONE',*,*,#9426,.T.) ;
#6369=DIRECTION('NONE',(0.,-1.,0.));
#6370 = ORIENTED_EDGE('NONE',*,*,#8107,.F.) ;
#6371=CARTESIAN_POINT('NONE',(-3.299999999999,1.,0.5));
#6372 =(GEOMETRIC_REPRESENTATION_CONTEXT(3) GLOBAL_UNCERTAINTY_ASSIGNED_CONTEXT((#13833)) GLOBAL_UNIT_ASSIGNED_CONTEXT((#10971,#13009,#5122)) REPRESENTATION_CONTEXT('NONE','WORKASPACE'));
#6373 = COLOUR_RGB('',0.647058823529,0.619607843137,0.588235294117) ;
#6374 = EDGE_CURVE('NONE',#14092,#11513,#8435,.T.) ;
#6375=DIRECTION('NONE',(0.999974850185,0.,0.007092178509));
#6376=CARTESIAN_POINT('NONE',(-2.701412263596,3.301,0.731329989118));
#6377 =(LENGTH_UNIT() NAMED_UNIT(*) SI_UNIT(.MILLI.,.METRE.));
#6378 =(NAMED_UNIT(*) PLANE_ANGLE_UNIT() SI_UNIT($,.RADIAN.));
#6379 = VERTEX_POINT('NONE',#1734) ;
#6380 = FILL_AREA_STYLE_COLOUR('',#2646) ;
#6381 = MECHANICAL_DESIGN_GEOMETRIC_PRESENTATION_REPRESENTATION('',(#13652),#4029) ;
#6382 = MECHANICAL_DESIGN_GEOMETRIC_PRESENTATION_REPRESENTATION('',(#6853),#559) ;
#6383 =(NAMED_UNIT(*) SI_UNIT($,.STERADIAN.) SOLID_ANGLE_UNIT());
#6384=CARTESIAN_POINT('NONE',(-2.419609323552,3.301,0.638874651521));
#6385 = VECTOR('NONE',#9742,1000.) ;
#6386 = ORIENTED_EDGE('NONE',*,*,#11446,.F.) ;
#6387=CARTESIAN_POINT('NONE',(-2.305354750381,3.301,0.653098200189));
#6388 = SURFACE_STYLE_FILL_AREA(#10689) ;
#6389 =(NAMED_UNIT(*) SI_UNIT($,.STERADIAN.) SOLID_ANGLE_UNIT());
#6390 = ADVANCED_FACE('NONE',(#3986),#6178,.F.) ;
#6391 = FILL_AREA_STYLE_COLOUR('',#1853) ;
#6392 = SURFACE_STYLE_USAGE(.BOTH.,#1059) ;
#6393 = MECHANICAL_DESIGN_GEOMETRIC_PRESENTATION_REPRESENTATION('',(#12057),#14821) ;
#6394=CARTESIAN_POINT('NONE',(-1.739678746919,3.301,0.683532147807));
#6395 =(NAMED_UNIT(*) PLANE_ANGLE_UNIT() SI_UNIT($,.RADIAN.));
#6396 = SURFACE_SIDE_STYLE('',(#9740)) ;
#6397 = FACE_OUTER_BOUND('NONE',#829,.T.) ;
#6398 = ORIENTED_EDGE('NONE',*,*,#6827,.T.) ;
#6399 =(LENGTH_UNIT() NAMED_UNIT(*) SI_UNIT(.MILLI.,.METRE.));
#6400 = COLOUR_RGB('',0.647058823529,0.619607843137,0.588235294117) ;
#6401 = B_SPLINE_CURVE_WITH_KNOTS('NONE',3,(#14370,#1044,#4308,#3304),.UNSPECIFIED.,.F.,.F.,(4,4),(8.000000000000,9.000000000000),.UNSPECIFIED.) ;
#6402=CARTESIAN_POINT('NONE',(-2.339326813793,3.301,0.934909084123));
#6403 = PRESENTATION_STYLE_ASSIGNMENT((#7927)) ;
#6404 =(NAMED_UNIT(*) PLANE_ANGLE_UNIT() SI_UNIT($,.RADIAN.));
#6405 = VERTEX_POINT('NONE',#11130) ;
#6406 = EDGE_CURVE('NONE',#5076,#4434,#12296,.T.) ;
#6407 = ORIENTED_EDGE('NONE',*,*,#12048,.F.) ;
#6408 = VECTOR('NONE',#8929,1000.) ;
#6409=CARTESIAN_POINT('NONE',(-2.355968453579,3.301,0.673202180176));
#6410 = SURFACE_STYLE_FILL_AREA(#9972) ;
#6411=DIRECTION('NONE',(0.334929697701,0.,0.942243120217));
#6412 =(NAMED_UNIT(*) PLANE_ANGLE_UNIT() SI_UNIT($,.RADIAN.));
#6413=CARTESIAN_POINT('NONE',(-2.399791817409,3.301,0.655111061699));
#6414 = B_SPLINE_CURVE_WITH_KNOTS('NONE',3,(#4806,#10495,#8520,#437),.UNSPECIFIED.,.F.,.F.,(4,4),(1.,2.000000000000),.UNSPECIFIED.) ;
#6415 = SURFACE_STYLE_FILL_AREA(#8730) ;
#6416 = STYLED_ITEM('NONE',(#3843),#3182) ;
#6417 = PRESENTATION_LAYER_ASSIGNMENT('','',(#5005)) ;
#6418 = EDGE_LOOP('NONE',(#2310,#10742,#5475,#11429,#10658,#12713,#11745,#629,#13640,#4630,#6798,#1296)) ;
#6419 =(NAMED_UNIT(*) SI_UNIT($,.STERADIAN.) SOLID_ANGLE_UNIT());
#6420=DIRECTION('NONE',(0.,0.,-1.));
#6421 = UNCERTAINTY_MEASURE_WITH_UNIT(LENGTH_MEASURE(1.000000000000E-05),#14449,'distance_accuracy_value','NONE');
#6422=CARTESIAN_POINT('NONE',(-2.426892537098,3.299999999999,0.65859968932));
#6423=CARTESIAN_POINT('NONE',(5.799999999999,0.4,0.299999999999));
#6424=CARTESIAN_POINT('NONE',(-1.739678746919,3.301,0.683532147807));
#6425 = VERTEX_POINT('NONE',#8650) ;
#6426 = STYLED_ITEM('NONE',(#9993),#1326) ;
#6427 = SURFACE_STYLE_USAGE(.BOTH.,#7059) ;
#6428=CARTESIAN_POINT('NONE',(-1.720979819969,3.299999999999,0.615990839224));
#6429 = MECHANICAL_DESIGN_GEOMETRIC_PRESENTATION_REPRESENTATION('',(#10929),#5328) ;
#6430=CARTESIAN_POINT('NONE',(-2.466943657978,3.301,0.592434914011));
#6431 = SURFACE_STYLE_USAGE(.BOTH.,#3363) ;
#6432 = UNCERTAINTY_MEASURE_WITH_UNIT(LENGTH_MEASURE(1.000000000000E-05),#3251,'distance_accuracy_value','NONE');
#6433 = PRESENTATION_STYLE_ASSIGNMENT((#13068)) ;
#6434 =(GEOMETRIC_REPRESENTATION_CONTEXT(3) GLOBAL_UNCERTAINTY_ASSIGNED_CONTEXT((#3335)) GLOBAL_UNIT_ASSIGNED_CONTEXT((#4533,#3392,#12419)) REPRESENTATION_CONTEXT('NONE','WORKASPACE'));
#6435 = B_SPLINE_CURVE_WITH_KNOTS('NONE',3,(#9376,#4105,#8265,#8618),.UNSPECIFIED.,.F.,.F.,(4,4),(13.000000000000,14.000000000000),.UNSPECIFIED.) ;
#6436 =(NAMED_UNIT(*) PLANE_ANGLE_UNIT() SI_UNIT($,.RADIAN.));
#6437 = STYLED_ITEM('NONE',(#6403),#1741) ;
#6438 = ORIENTED_EDGE('NONE',*,*,#12268,.T.) ;
#6439=CARTESIAN_POINT('NONE',(0.,0.,1.202431676652));
#6440 = STYLED_ITEM('NONE',(#10807),#2923) ;
#6441 = LINE('NONE',#14361,#6704) ;
#6442 = UNCERTAINTY_MEASURE_WITH_UNIT(LENGTH_MEASURE(1.000000000000E-05),#13272,'distance_accuracy_value','NONE');
#6443 = LINE('NONE',#5331,#1201) ;
#6444 = ORIENTED_EDGE('NONE',*,*,#12418,.F.) ;
#6445 =(NAMED_UNIT(*) PLANE_ANGLE_UNIT() SI_UNIT($,.RADIAN.));
#6446 = VERTEX_POINT('NONE',#3120) ;
#6447 = SURFACE_SIDE_STYLE('',(#5407)) ;
#6448 = ORIENTED_EDGE('NONE',*,*,#14267,.F.) ;
#6449=CARTESIAN_POINT('NONE',(-2.642075464357,3.301,0.915106349196));
#6450 = MECHANICAL_DESIGN_GEOMETRIC_PRESENTATION_REPRESENTATION('',(#1305),#12100) ;
#6451 = EDGE_CURVE('NONE',#637,#13718,#4271,.T.) ;
#6452 = LINE('NONE',#6521,#12259) ;
#6453 =(NAMED_UNIT(*) SI_UNIT($,.STERADIAN.) SOLID_ANGLE_UNIT());
#6454 = PRESENTATION_STYLE_ASSIGNMENT((#13011)) ;
#6455 = VERTEX_POINT('NONE',#5224) ;
#6456=CARTESIAN_POINT('NONE',(-2.451974614896,3.299999999999,0.575384642706));
#6457 = VECTOR('NONE',#12119,1000.) ;
#6458 = ADVANCED_FACE('NONE',(#1078),#4341,.T.) ;
#6459 = ORIENTED_EDGE('NONE',*,*,#12241,.F.) ;
#6460=CARTESIAN_POINT('NONE',(-2.31302775029,3.301,0.657410873616));
#6461 = PRESENTATION_STYLE_ASSIGNMENT((#3249)) ;
#6462=CARTESIAN_POINT('NONE',(3.299999999999,1.799999999999,0.));
#6463=DIRECTION('NONE',(-0.007092178509,0.,0.999974850185));
#6464=CARTESIAN_POINT('NONE',(-2.713594157459,3.301,0.720450632168));
#6465 = ADVANCED_FACE('NONE',(#6483),#8791,.F.) ;
#6466 = COLOUR_RGB('',0.647058823529,0.619607843137,0.588235294117) ;
#6467=CARTESIAN_POINT('NONE',(-2.298023308509,3.301,0.617776743443));
#6468 = PLANE('NONE',#10203) ;
#6469 = FACE_OUTER_BOUND('NONE',#1977,.T.) ;
#6470 = EDGE_CURVE('NONE',#11736,#9370,#11417,.T.) ;
#6471 = ORIENTED_EDGE('NONE',*,*,#3342,.T.) ;
#6472 = SURFACE_SIDE_STYLE('',(#3045)) ;
#6473 =(GEOMETRIC_REPRESENTATION_CONTEXT(3) GLOBAL_UNCERTAINTY_ASSIGNED_CONTEXT((#8235)) GLOBAL_UNIT_ASSIGNED_CONTEXT((#2613,#1319,#11531)) REPRESENTATION_CONTEXT('NONE','WORKASPACE'));
#6474 = EDGE_CURVE('NONE',#7365,#4055,#5715,.T.) ;
#6475=CARTESIAN_POINT('NONE',(-2.559739296584,3.299999999999,0.723662985245));
#6476 =(LENGTH_UNIT() NAMED_UNIT(*) SI_UNIT(.MILLI.,.METRE.));
#6477=CARTESIAN_POINT('NONE',(-1.594296132205,3.301,0.858953686889));
#6478=CARTESIAN_POINT('NONE',(-2.544086911328,3.299999999999,0.737811082447));
#6479 =(GEOMETRIC_REPRESENTATION_CONTEXT(3) GLOBAL_UNCERTAINTY_ASSIGNED_CONTEXT((#5555)) GLOBAL_UNIT_ASSIGNED_CONTEXT((#5474,#4443,#13417)) REPRESENTATION_CONTEXT('NONE','WORKASPACE'));
#6480 = ORIENTED_EDGE('NONE',*,*,#2718,.F.) ;
#6481 = VERTEX_POINT('NONE',#3680) ;
#6482 = FILL_AREA_STYLE('',(#3200)) ;
#6483 = FACE_OUTER_BOUND('NONE',#7390,.T.) ;
#6484=CARTESIAN_POINT('NONE',(-2.376303828783,3.299999999999,0.620028967036));
#6485=CARTESIAN_POINT('NONE',(-2.559160162967,3.301,0.844323635766));
#6486 = LINE('NONE',#11009,#6021) ;
#6487=CARTESIAN_POINT('NONE',(-2.317216537321,3.299999999999,0.627872093431));
#6488 = LINE('NONE',#954,#949) ;
#6489 = STYLED_ITEM('NONE',(#5831),#9374) ;
#6490 = ADVANCED_FACE('NONE',(#11260),#10318,.T.) ;
#6491 =(NAMED_UNIT(*) SI_UNIT($,.STERADIAN.) SOLID_ANGLE_UNIT());
#6492 = ORIENTED_EDGE('NONE',*,*,#6802,.T.) ;
#6493 = B_SPLINE_SURFACE_WITH_KNOTS('NONE',3,1,((#14854,#3841),(#12897,#1594),(#10485,#9463),(#10639,#13825)),.UNSPECIFIED.,.F.,.F.,.F.,(4,4),(2,2),(8.000000000000,9.000000000000),(0.,1.),.UNSPECIFIED.) ;
#6494 = B_SPLINE_CURVE_WITH_KNOTS('NONE',3,(#10917,#1995,#3104,#7596),.UNSPECIFIED.,.F.,.F.,(4,4),(1.,2.000000000000),.UNSPECIFIED.) ;
#6495=DIRECTION('NONE',(1.,0.,0.));
#6496=DIRECTION('NONE',(-0.362554487497,0.,0.931962576284));
#6497=CARTESIAN_POINT('NONE',(-2.301191838953,3.299999999999,0.637905286307));
#6498 = VERTEX_POINT('NONE',#6762) ;
#6499 = VECTOR('NONE',#14671,1000.) ;
#6500=CARTESIAN_POINT('NONE',(-1.721459763476,3.299999999999,0.68366136334));
#6501 = LINE('NONE',#4431,#8077) ;
#6502 = PRESENTATION_STYLE_ASSIGNMENT((#10117)) ;
#6503=CARTESIAN_POINT('NONE',(-2.392588692688,3.301,0.681863803664));
#6504 = FILL_AREA_STYLE_COLOUR('',#3743) ;
#6505 =(GEOMETRIC_REPRESENTATION_CONTEXT(3) GLOBAL_UNCERTAINTY_ASSIGNED_CONTEXT((#605)) GLOBAL_UNIT_ASSIGNED_CONTEXT((#10718,#8287,#1527)) REPRESENTATION_CONTEXT('NONE','WORKASPACE'));
#6506 = VECTOR('NONE',#3908,1000.) ;
#6507=CARTESIAN_POINT('NONE',(-2.586578768981,3.301,0.809067654498));
#6508 = ORIENTED_EDGE('NONE',*,*,#1839,.T.) ;
#6509 = CIRCLE('NONE',#6273,0.400000000000) ;
#6510 = ORIENTED_EDGE('NONE',*,*,#13422,.F.) ;
#6511=CARTESIAN_POINT('NONE',(-2.358545242699,3.299999999999,0.825408292032));
#6512 = LINE('NONE',#12263,#10986) ;
#6513 = PRESENTATION_STYLE_ASSIGNMENT((#11290)) ;
#6514 = ORIENTED_EDGE('NONE',*,*,#7757,.F.) ;
#6515 = ORIENTED_EDGE('NONE',*,*,#5818,.T.) ;
#6516=CARTESIAN_POINT('NONE',(-2.586578768981,3.301,0.809067654498));
#6517 = PRESENTATION_LAYER_ASSIGNMENT('','',(#5784)) ;
#6518 = ORIENTED_EDGE('NONE',*,*,#5631,.F.) ;
#6519 = SURFACE_STYLE_FILL_AREA(#911) ;
#6520 = SURFACE_SIDE_STYLE('',(#2049)) ;
#6521=CARTESIAN_POINT('NONE',(2.549999999999,-2.55,1.));
#6522=CARTESIAN_POINT('NONE',(-2.470464368018,3.299999999999,0.600645033687));
#6523 = ORIENTED_EDGE('NONE',*,*,#13147,.T.) ;
#6524 = SURFACE_SIDE_STYLE('',(#12273)) ;
#6525 = EDGE_CURVE('NONE',#3617,#2017,#1286,.T.) ;
#6526 = VECTOR('NONE',#3287,1000.) ;
#6527=CARTESIAN_POINT('NONE',(-2.304713207794,3.301,0.615420975662));
#6528 = ORIENTED_EDGE('NONE',*,*,#7729,.T.) ;
#6529=CARTESIAN_POINT('NONE',(-2.785356667767,3.301,0.73609991123));
#6530 = ADVANCED_FACE('NONE',(#5644),#12587,.T.) ;
#6531=CARTESIAN_POINT('NONE',(-2.67896933376,3.299999999999,0.80841238764));
#6532=DIRECTION('NONE',(0.007092178509,0.,-0.999974850185));
#6533=CARTESIAN_POINT('NONE',(-2.431566470072,3.299999999999,0.701863148656));
#6534=CARTESIAN_POINT('NONE',(-2.725776051324,3.301,0.709571275216));
#6535 = FILL_AREA_STYLE('',(#12008)) ;
#6536 = PRESENTATION_STYLE_ASSIGNMENT((#4258)) ;
#6537 = UNCERTAINTY_MEASURE_WITH_UNIT(LENGTH_MEASURE(1.000000000000E-05),#848,'distance_accuracy_value','NONE');
#6538 =(NAMED_UNIT(*) SI_UNIT($,.STERADIAN.) SOLID_ANGLE_UNIT());
#6539 = EDGE_CURVE('NONE',#6651,#10577,#12656,.T.) ;
#6540 = LINE('NONE',#11056,#12741) ;
#6541 = EDGE_CURVE('NONE',#10161,#7381,#10768,.T.) ;
#6542 = LINE('NONE',#4539,#9668) ;
#6543 = VERTEX_POINT('NONE',#9515) ;
#6544=CARTESIAN_POINT('NONE',(-1.918145991831,3.299999999999,0.646694228624));
#6545 = FACE_OUTER_BOUND('NONE',#6288,.T.) ;
#6546 = EDGE_LOOP('NONE',(#7064,#11387,#10567,#14575)) ;
#6547 = VERTEX_POINT('NONE',#5063) ;
#6548 =(NAMED_UNIT(*) SI_UNIT($,.STERADIAN.) SOLID_ANGLE_UNIT());
#6549=CARTESIAN_POINT('NONE',(-2.793511923081,3.301,0.720445310248));
#6550 = ORIENTED_EDGE('NONE',*,*,#413,.F.) ;
#6551 = LINE('NONE',#3121,#4479) ;
#6552=CARTESIAN_POINT('NONE',(-2.550397877476,3.301,0.835963530081));
#6553=CARTESIAN_POINT('NONE',(-2.399911048344,3.301,0.614745798602));
#6554 = ADVANCED_FACE('NONE',(#3970),#3698,.F.) ;
#6555 = MECHANICAL_DESIGN_GEOMETRIC_PRESENTATION_REPRESENTATION('',(#12911),#4906) ;
#6556=CARTESIAN_POINT('NONE',(-2.221528704777,3.299999999999,0.687007405918));
#6557 = VERTEX_POINT('NONE',#10538) ;
#6558 = ORIENTED_EDGE('NONE',*,*,#1391,.T.) ;
#6559 = LINE('NONE',#2158,#12311) ;
#6560 = UNCERTAINTY_MEASURE_WITH_UNIT(LENGTH_MEASURE(1.000000000000E-05),#1985,'distance_accuracy_value','NONE');
#6561=CARTESIAN_POINT('NONE',(-2.417625435485,3.299999999999,0.693414998421));
#6562=DIRECTION('NONE',(0.,0.,-1.));
#6563=DIRECTION('NONE',(-0.007092178509,0.,0.999974850185));
#6564 = ORIENTED_EDGE('NONE',*,*,#12050,.F.) ;
#6565 = EDGE_CURVE('NONE',#8464,#5257,#12175,.T.) ;
#6566 = COLOUR_RGB('',0.501960784313,0.250980392156,0.250980392156) ;
#6567 = SURFACE_STYLE_FILL_AREA(#11087) ;
#6568=CARTESIAN_POINT('NONE',(-2.335942800976,3.301,0.822823566679));
#6569 =(NAMED_UNIT(*) PLANE_ANGLE_UNIT() SI_UNIT($,.RADIAN.));
#6570 = UNCERTAINTY_MEASURE_WITH_UNIT(LENGTH_MEASURE(1.000000000000E-05),#628,'distance_accuracy_value','NONE');
#6571=CARTESIAN_POINT('NONE',(-2.608849350339,3.299999999999,0.61532270605));
#6572 = VECTOR('NONE',#7447,1000.) ;
#6573 = VERTEX_POINT('NONE',#7372) ;
#6574 = STYLED_ITEM('NONE',(#987),#11234) ;
#6575 = FILL_AREA_STYLE_COLOUR('',#5275) ;
#6576=CARTESIAN_POINT('NONE',(-2.425350409914,3.299999999999,0.621490335455));
#6577=CARTESIAN_POINT('NONE',(-1.94200115186,3.301,0.951925197466));
#6578 = ORIENTED_EDGE('NONE',*,*,#6301,.F.) ;
#6579 =(NAMED_UNIT(*) SI_UNIT($,.STERADIAN.) SOLID_ANGLE_UNIT());
#6580 = ORIENTED_EDGE('NONE',*,*,#8659,.F.) ;
#6581=CARTESIAN_POINT('NONE',(-2.293064894801,3.299999999999,0.622366164494));
#6582 = SURFACE_STYLE_USAGE(.BOTH.,#6447) ;
#6583 = ORIENTED_EDGE('NONE',*,*,#10321,.T.) ;
#6584 = EDGE_CURVE('NONE',#14612,#11222,#1479,.T.) ;
#6585 =(NAMED_UNIT(*) PLANE_ANGLE_UNIT() SI_UNIT($,.RADIAN.));
#6586 = COLOUR_RGB('',0.647058823529,0.619607843137,0.588235294117) ;
#6587 = STYLED_ITEM('NONE',(#5575),#1841) ;
#6588=CARTESIAN_POINT('NONE',(-2.559416786128,3.299999999999,0.898099447633));
#6589 = PLANE('NONE',#5562) ;
#6590 = ORIENTED_EDGE('NONE',*,*,#11437,.F.) ;
#6591=CARTESIAN_POINT('NONE',(2.999999999999,-0.4,0.));
#6592 = ORIENTED_EDGE('NONE',*,*,#1110,.F.) ;
#6593=CARTESIAN_POINT('NONE',(-2.052416363145,3.299999999999,0.739444253862));
#6594 = UNCERTAINTY_MEASURE_WITH_UNIT(LENGTH_MEASURE(1.000000000000E-05),#9174,'distance_accuracy_value','NONE');
#6595 = VECTOR('NONE',#6335,1000.) ;
#6596=CARTESIAN_POINT('NONE',(-2.376881886215,3.301,0.688338680428));
#6597=CARTESIAN_POINT('NONE',(-2.386753145569,3.299999999999,0.69912401559));
#6598=CARTESIAN_POINT('NONE',(-2.367504634313,3.301,0.830772421658));
#6599 = FILL_AREA_STYLE_COLOUR('',#7308) ;
#6600=CARTESIAN_POINT('NONE',(0.999999999999,3.039736830714,0.5));
#6601 = SURFACE_SIDE_STYLE('',(#2133)) ;
#6602 = LINE('NONE',#5494,#845) ;
#6603 = VECTOR('NONE',#947,1000.) ;
#6604=CARTESIAN_POINT('NONE',(-2.550397877476,3.301,0.835963530081));
#6605 = B_SPLINE_SURFACE_WITH_KNOTS('NONE',3,1,((#460,#9497),(#13943,#3875),(#8400,#12861),(#11771,#10301)),.UNSPECIFIED.,.F.,.F.,.F.,(4,4),(2,2),(9.000000000000,10.),(0.,1.),.UNSPECIFIED.) ;
#6606 = ORIENTED_EDGE('NONE',*,*,#1811,.T.) ;
#6607 = FILL_AREA_STYLE('',(#11738)) ;
#6608 = FACE_OUTER_BOUND('NONE',#14832,.T.) ;
#6609=CARTESIAN_POINT('NONE',(-2.44904589177,3.299999999999,0.589068176892));
#6610 = EDGE_LOOP('NONE',(#3794,#3882,#3777,#6892,#4313,#4809,#8119,#12369)) ;
#6611 = ORIENTED_EDGE('NONE',*,*,#1559,.T.) ;
#6612 = SURFACE_STYLE_USAGE(.BOTH.,#10094) ;
#6613 = FILL_AREA_STYLE('',(#3054)) ;
#6614 = COLOUR_RGB('',0.647058823529,0.619607843137,0.588235294117) ;
#6615=CARTESIAN_POINT('NONE',(-2.608948016449,3.301,0.629234317088));
#6616 = EDGE_CURVE('NONE',#6856,#12707,#6886,.T.) ;
#6617 = VECTOR('NONE',#11189,1000.) ;
#6618=CARTESIAN_POINT('NONE',(-2.34048662194,3.301,0.645424974182));
#6619 = EDGE_CURVE('NONE',#3288,#6344,#9664,.T.) ;
#6620=DIRECTION('NONE',(0.,-1.,0.));
#6621 = VERTEX_POINT('NONE',#13807) ;
#6622=AXIS2_PLACEMENT_3D('NONE',#7099,#10484,#10181);
#6623 = ORIENTED_EDGE('NONE',*,*,#14247,.F.) ;
#6624=CARTESIAN_POINT('NONE',(-1.657056555041,3.301,0.900154047115));
#6625 = EDGE_LOOP('NONE',(#7692,#10507,#6956,#936)) ;
#6626=CARTESIAN_POINT('NONE',(-2.329491787908,3.299999999999,0.630155740645));
#6627=CARTESIAN_POINT('NONE',(-2.347103545,3.299999999999,0.808707325799));
#6628 =(NAMED_UNIT(*) SI_UNIT($,.STERADIAN.) SOLID_ANGLE_UNIT());
#6629 = ADVANCED_FACE('NONE',(#11793),#2827,.F.) ;
#6630 = ORIENTED_EDGE('NONE',*,*,#1948,.T.) ;
#6631 =(LENGTH_UNIT() NAMED_UNIT(*) SI_UNIT(.MILLI.,.METRE.));
#6632=CARTESIAN_POINT('NONE',(-2.615948763255,3.299999999999,0.842236420558));
#6633 = ADVANCED_FACE('NONE',(#7593),#10531,.F.) ;
#6634 = SURFACE_STYLE_USAGE(.BOTH.,#10753) ;
#6635=CARTESIAN_POINT('NONE',(-2.339976708605,3.299999999999,0.630705248285));
#6636=DIRECTION('NONE',(0.,-1.,0.));
#6637=AXIS2_PLACEMENT_3D('NONE',#9356,#13798,#10311);
#6638 = COLOUR_RGB('',0.250980392156,0.250980392156,0.250980392156) ;
#6639 = VERTEX_POINT('NONE',#3254) ;
#6640 = EDGE_CURVE('NONE',#7272,#11203,#6314,.T.) ;
#6641 = STYLED_ITEM('NONE',(#9571),#13275) ;
#6642 =(NAMED_UNIT(*) PLANE_ANGLE_UNIT() SI_UNIT($,.RADIAN.));
#6643=DIRECTION('NONE',(-0.999974850185,0.,-0.007092178509));
#6644=DIRECTION('NONE',(0.,-1.,0.));
#6645 = LINE('NONE',#13073,#14693) ;
#6646 = EDGE_CURVE('NONE',#8022,#3830,#790,.T.) ;
#6647 = ORIENTED_EDGE('NONE',*,*,#11590,.T.) ;
#6648=CARTESIAN_POINT('NONE',(-2.052416363145,3.299999999999,0.739444253862));
#6649 = VECTOR('NONE',#1718,1000.) ;
#6650=CARTESIAN_POINT('NONE',(-2.271014397669,3.301,0.631631062914));
#6651 = VERTEX_POINT('NONE',#9735) ;
#6652=CARTESIAN_POINT('NONE',(-1.64714409788,3.301,0.848167552084));
#6653 = MECHANICAL_DESIGN_GEOMETRIC_PRESENTATION_REPRESENTATION('',(#11856),#1066) ;
#6654=AXIS2_PLACEMENT_3D('NONE',#13182,#3133,#889);
#6655=CARTESIAN_POINT('NONE',(3.15,3.857637417314000E-16,24.30954544295));
#6656 = FILL_AREA_STYLE_COLOUR('',#1705) ;
#6657=AXIS2_PLACEMENT_3D('NONE',#8291,#11820,#426);
#6658=DIRECTION('NONE',(0.999974850185,0.,0.007092178509));
#6659 = ORIENTED_EDGE('NONE',*,*,#5091,.F.) ;
#6660 = PRESENTATION_LAYER_ASSIGNMENT('','',(#6191)) ;
#6661 = VERTEX_POINT('NONE',#5356) ;
#6662 = ADVANCED_FACE('NONE',(#9951),#14310,.F.) ;
#6663=CARTESIAN_POINT('NONE',(-2.306035261891,3.301,0.90738296511));
#6664 =(NAMED_UNIT(*) SI_UNIT($,.STERADIAN.) SOLID_ANGLE_UNIT());
#6665 = VECTOR('NONE',#10294,1000.) ;
#6666 = EDGE_LOOP('NONE',(#4865,#7827,#2333,#8128)) ;
#6667=CARTESIAN_POINT('NONE',(-2.738015227702,3.301,0.614406615551));
#6668=CARTESIAN_POINT('NONE',(-2.392650452605,3.299999999999,0.932472121394));
#6669=DIRECTION('NONE',(1.,0.,0.));
#6670=DIRECTION('NONE',(-0.007092178509,0.,0.999974850185));
#6671=CARTESIAN_POINT('NONE',(-2.484932793369,3.299999999999,0.630675360704));
#6672=AXIS2_PLACEMENT_3D('NONE',#13610,#8212,#4876);
#6673=CARTESIAN_POINT('NONE',(-3.299999999999,-3.299999999999,1.5));
#6674=CARTESIAN_POINT('NONE',(-1.978285258156,3.301,0.807643913064));
#6675=CARTESIAN_POINT('NONE',(-2.285710233412,3.299999999999,0.640947278447));
#6676=DIRECTION('NONE',(-0.007092178509,0.,0.999974850185));
#6677 = EDGE_CURVE('NONE',#12294,#1435,#8015,.T.) ;
#6678 =(NAMED_UNIT(*) SI_UNIT($,.STERADIAN.) SOLID_ANGLE_UNIT());
#6679 = ORIENTED_EDGE('NONE',*,*,#12764,.F.) ;
#6680=CARTESIAN_POINT('NONE',(0.,0.,0.5));
#6681=DIRECTION('NONE',(0.007092178509,0.,-0.999974850185));
#6682 = ORIENTED_EDGE('NONE',*,*,#14020,.F.) ;
#6683=CARTESIAN_POINT('NONE',(-2.312726897553,3.299999999999,0.694158976288));
#6684 = FACE_OUTER_BOUND('NONE',#2009,.T.) ;
#6685 = VECTOR('NONE',#6699,1000.) ;
#6686 = FILL_AREA_STYLE('',(#7532)) ;
#6687=DIRECTION('NONE',(-0.007092178509,0.,0.999974850185));
#6688 =(LENGTH_UNIT() NAMED_UNIT(*) SI_UNIT(.MILLI.,.METRE.));
#6689 = FACE_OUTER_BOUND('NONE',#5141,.T.) ;
#6690=CARTESIAN_POINT('NONE',(-2.79108071915,3.299999999999,0.711915528186));
#6691=DIRECTION('NONE',(1.,0.,0.));
#6692 = ORIENTED_EDGE('NONE',*,*,#14084,.T.) ;
#6693 = PRESENTATION_LAYER_ASSIGNMENT('','',(#5516)) ;
#6694=DIRECTION('NONE',(0.347576530354,0.,-0.937651617364));
#6695 = ORIENTED_EDGE('NONE',*,*,#8667,.F.) ;
#6696 = VECTOR('NONE',#14743,1000.) ;
#6697 = CYLINDRICAL_SURFACE('NONE',#14426,0.299999999999) ;
#6698 = EDGE_CURVE('NONE',#1189,#11166,#5791,.T.) ;
#6699=DIRECTION('NONE',(0.,0.,-1.));
#6700 = UNCERTAINTY_MEASURE_WITH_UNIT(LENGTH_MEASURE(1.000000000000E-05),#11639,'distance_accuracy_value','NONE');
#6701 = FACE_OUTER_BOUND('NONE',#12890,.T.) ;
#6702 =(NAMED_UNIT(*) PLANE_ANGLE_UNIT() SI_UNIT($,.RADIAN.));
#6703 = VERTEX_POINT('NONE',#12282) ;
#6704 = VECTOR('NONE',#12196,1000.) ;
#6705 = FACE_OUTER_BOUND('NONE',#12579,.T.) ;
#6706 = SURFACE_SIDE_STYLE('',(#10415)) ;
#6707=CARTESIAN_POINT('NONE',(-2.562157698737,3.301,0.915111671114));
#6708 = MECHANICAL_DESIGN_GEOMETRIC_PRESENTATION_REPRESENTATION('',(#11686),#13512) ;
#6709 =(NAMED_UNIT(*) PLANE_ANGLE_UNIT() SI_UNIT($,.RADIAN.));
#6710=CARTESIAN_POINT('NONE',(-2.294634901836,3.299999999999,0.698591997215));
#6711 = UNCERTAINTY_MEASURE_WITH_UNIT(LENGTH_MEASURE(1.000000000000E-05),#13883,'distance_accuracy_value','NONE');
#6712 = EDGE_CURVE('NONE',#667,#6849,#3515,.T.) ;
#6713 = ORIENTED_EDGE('NONE',*,*,#14456,.T.) ;
#6714=AXIS2_PLACEMENT_3D('NONE',#11499,#5853,#7074);
#6715 = ADVANCED_FACE('NONE',(#8984),#1130,.T.) ;
#6716 = SURFACE_STYLE_FILL_AREA(#5673) ;
#6717 = EDGE_CURVE('NONE',#13238,#6845,#11471,.T.) ;
#6718 = ORIENTED_EDGE('NONE',*,*,#5374,.T.) ;
#6719=DIRECTION('NONE',(0.991287678229,0.,-0.131714611911));
#6720 = FILL_AREA_STYLE_COLOUR('',#9015) ;
#6721 = ORIENTED_EDGE('NONE',*,*,#14656,.F.) ;
#6722 = SURFACE_STYLE_FILL_AREA(#10067) ;
#6723 = FACE_BOUND('NONE',#5992,.T.) ;
#6724 = STYLED_ITEM('NONE',(#9759),#749) ;
#6725 = VECTOR('NONE',#418,1000.) ;
#6726 = LINE('NONE',#12474,#5428) ;
#6727 =(GEOMETRIC_REPRESENTATION_CONTEXT(3) GLOBAL_UNCERTAINTY_ASSIGNED_CONTEXT((#1289)) GLOBAL_UNIT_ASSIGNED_CONTEXT((#1554,#10671,#10590)) REPRESENTATION_CONTEXT('NONE','WORKASPACE'));
#6728=CARTESIAN_POINT('NONE',(-2.340679529671,3.301,0.672624357197));
#6729 = ORIENTED_EDGE('NONE',*,*,#4743,.T.) ;
#6730 = EDGE_CURVE('NONE',#14766,#13718,#11319,.T.) ;
#6731=CARTESIAN_POINT('NONE',(-2.206660781465,3.299999999999,0.811762168451));
#6732 = ORIENTED_EDGE('NONE',*,*,#6616,.F.) ;
#6733 = B_SPLINE_CURVE_WITH_KNOTS('NONE',3,(#13406,#6430,#7773,#11155),.UNSPECIFIED.,.F.,.F.,(4,4),(5.000000000000,6.000000000000),.UNSPECIFIED.) ;
#6734 = LINE('NONE',#4521,#3324) ;
#6735 = UNCERTAINTY_MEASURE_WITH_UNIT(LENGTH_MEASURE(1.000000000000E-05),#7695,'distance_accuracy_value','NONE');
#6736 = FACE_OUTER_BOUND('NONE',#9789,.T.) ;
#6737 =(LENGTH_UNIT() NAMED_UNIT(*) SI_UNIT(.MILLI.,.METRE.));
#6738 = EDGE_LOOP('NONE',(#1354,#12231,#5416,#4998)) ;
#6739=CARTESIAN_POINT('NONE',(-3.299999999999,3.299999999999,1.5));
#6740=CARTESIAN_POINT('NONE',(-2.731690350175,3.299999999999,0.677025678973));
#6741 =(GEOMETRIC_REPRESENTATION_CONTEXT(3) GLOBAL_UNCERTAINTY_ASSIGNED_CONTEXT((#9222)) GLOBAL_UNIT_ASSIGNED_CONTEXT((#10871,#13186,#13117)) REPRESENTATION_CONTEXT('NONE','WORKASPACE'));
#6742 = VECTOR('NONE',#14745,1000.) ;
#6743 = STYLED_ITEM('NONE',(#5207),#4041) ;
#6744 = SURFACE_STYLE_FILL_AREA(#1128) ;
#6745=CARTESIAN_POINT('NONE',(-2.666852463179,3.299999999999,0.722903300441));
#6746 = B_SPLINE_CURVE_WITH_KNOTS('NONE',3,(#14063,#6422,#3999,#5159),.UNSPECIFIED.,.F.,.F.,(4,4),(15.000000000000,16.000000000000),.UNSPECIFIED.) ;
#6747=CARTESIAN_POINT('NONE',(-2.667575853247,3.299999999999,0.7369352548));
#6748 = EDGE_CURVE('NONE',#7895,#4452,#9055,.T.) ;
#6749 = VECTOR('NONE',#13962,1000.) ;
#6750=CARTESIAN_POINT('NONE',(-1.971775419278,3.299999999999,0.868423071751));
#6751=CARTESIAN_POINT('NONE',(-2.48566171196,3.301,0.632292254098));
#6752=CARTESIAN_POINT('NONE',(-0.899999999999,-0.325,-0.05));
#6753 = VECTOR('NONE',#9551,1000.) ;
#6754=CARTESIAN_POINT('NONE',(-1.994301441068,3.299999999999,0.619258082434));
#6755 = ORIENTED_EDGE('NONE',*,*,#401,.F.) ;
#6756 = SURFACE_STYLE_FILL_AREA(#12423) ;
#6757=DIRECTION('NONE',(0.007092178509,0.,-0.999974850185));
#6758 = SURFACE_STYLE_FILL_AREA(#13443) ;
#6759 = ORIENTED_EDGE('NONE',*,*,#12352,.T.) ;
#6760 =(NAMED_UNIT(*) SI_UNIT($,.STERADIAN.) SOLID_ANGLE_UNIT());
#6761=CARTESIAN_POINT('NONE',(-1.658976256131,3.299999999999,0.681501716022));
#6762=CARTESIAN_POINT('NONE',(-2.606938696619,3.299999999999,0.737365315155));
#6763 = SURFACE_STYLE_USAGE(.BOTH.,#14686) ;
#6764 = VECTOR('NONE',#12515,1000.) ;
#6765 = EDGE_CURVE('NONE',#2823,#1552,#12346,.T.) ;
#6766 = B_SPLINE_CURVE_WITH_KNOTS('NONE',3,(#4812,#9336,#5822,#10355),.UNSPECIFIED.,.F.,.F.,(4,4),(4.000000000000,5.000000000000),.UNSPECIFIED.) ;
#6767 = FILL_AREA_STYLE_COLOUR('',#9961) ;
#6768 = SURFACE_STYLE_USAGE(.BOTH.,#4480) ;
#6769 =(NAMED_UNIT(*) SI_UNIT($,.STERADIAN.) SOLID_ANGLE_UNIT());
#6770 = SURFACE_STYLE_FILL_AREA(#6929) ;
#6771 = ORIENTED_EDGE('NONE',*,*,#5493,.F.) ;
#6772=CARTESIAN_POINT('NONE',(-2.358545242699,3.299999999999,0.825408292032));
#6773 = ORIENTED_EDGE('NONE',*,*,#3879,.F.) ;
#6774 =(NAMED_UNIT(*) PLANE_ANGLE_UNIT() SI_UNIT($,.RADIAN.));
#6775=CARTESIAN_POINT('NONE',(-0.880617391387,2.499402530603,7.698999999999));
#6776 =(NAMED_UNIT(*) PLANE_ANGLE_UNIT() SI_UNIT($,.RADIAN.));
#6777 = EDGE_LOOP('NONE',(#3725,#11551,#13161,#1294)) ;
#6778=CARTESIAN_POINT('NONE',(-2.794773315725,3.299999999999,0.713573789161));
#6779 = SURFACE_SIDE_STYLE('',(#3359)) ;
#6780 = PRESENTATION_LAYER_ASSIGNMENT('','',(#7754)) ;
#6781=DIRECTION('NONE',(0.,-1.,0.));
#6782=DIRECTION('NONE',(-0.999974850185,0.,-0.007092178509));
#6783=CARTESIAN_POINT('NONE',(-2.496314347256,3.301,0.823620152803));
#6784 = EDGE_CURVE('NONE',#2000,#7970,#1271,.T.) ;
#6785 = SURFACE_SIDE_STYLE('',(#14784)) ;
#6786 = EDGE_CURVE('NONE',#9894,#10931,#11488,.T.) ;
#6787 = VERTEX_POINT('NONE',#14597) ;
#6788 = EDGE_LOOP('NONE',(#4184,#2562,#6975,#7993)) ;
#6789 = UNCERTAINTY_MEASURE_WITH_UNIT(LENGTH_MEASURE(1.000000000000E-05),#748,'distance_accuracy_value','NONE');
#6790 =(GEOMETRIC_REPRESENTATION_CONTEXT(3) GLOBAL_UNCERTAINTY_ASSIGNED_CONTEXT((#13412)) GLOBAL_UNIT_ASSIGNED_CONTEXT((#3710,#10725,#12685)) REPRESENTATION_CONTEXT('NONE','WORKASPACE'));
#6792 =(GEOMETRIC_REPRESENTATION_CONTEXT(3) GLOBAL_UNCERTAINTY_ASSIGNED_CONTEXT((#2944)) GLOBAL_UNIT_ASSIGNED_CONTEXT((#378,#3727,#11550)) REPRESENTATION_CONTEXT('NONE','WORKASPACE'));
#6791=CARTESIAN_POINT('NONE',(-2.294529598992,3.301,0.683744627587));
#6793=CARTESIAN_POINT('NONE',(-2.333861095493,3.299999999999,0.6348661673));
#6794 = ORIENTED_EDGE('NONE',*,*,#9217,.T.) ;
#6795=CARTESIAN_POINT('NONE',(-2.052680947236,3.301,0.776749777993));
#6796=DIRECTION('NONE',(-1.,0.,0.));
#6797 = SURFACE_SIDE_STYLE('',(#3497)) ;
#6798 = ORIENTED_EDGE('NONE',*,*,#7788,.T.) ;
#6799 = EDGE_CURVE('NONE',#10893,#10037,#4601,.T.) ;
#6800=DIRECTION('NONE',(-0.939429756299,0.,0.342741495853));
#6801 = ADVANCED_FACE('NONE',(#2414),#9484,.F.) ;
#6802 = EDGE_CURVE('NONE',#14665,#4929,#14468,.T.) ;
#6803 = MECHANICAL_DESIGN_GEOMETRIC_PRESENTATION_REPRESENTATION('',(#7775),#8253) ;
#6804=CARTESIAN_POINT('NONE',(-0.899999999999,-0.325,0.299999999999));
#6805 = ORIENTED_EDGE('NONE',*,*,#9729,.F.) ;
#6806=DIRECTION('NONE',(0.,-1.,0.));
#6807 = ORIENTED_EDGE('NONE',*,*,#10978,.T.) ;
#6808=CARTESIAN_POINT('NONE',(-2.693120290172,3.301,0.718911389952));
#6809 =(LENGTH_UNIT() NAMED_UNIT(*) SI_UNIT(.MILLI.,.METRE.));
#6810=DIRECTION('NONE',(-1.,0.,0.));
#6811 = VERTEX_POINT('NONE',#6330) ;
#6812 =(NAMED_UNIT(*) PLANE_ANGLE_UNIT() SI_UNIT($,.RADIAN.));
#6813 = FILL_AREA_STYLE('',(#8010)) ;
#6814 = VECTOR('NONE',#3383,1000.) ;
#6815 = MECHANICAL_DESIGN_GEOMETRIC_PRESENTATION_REPRESENTATION('',(#9430),#10120) ;
#6816 = EDGE_CURVE('NONE',#11039,#13678,#14757,.T.) ;
#6817 = SURFACE_STYLE_FILL_AREA(#7804) ;
#6818 = MECHANICAL_DESIGN_GEOMETRIC_PRESENTATION_REPRESENTATION('',(#6105),#1691) ;
#6819 = PRESENTATION_LAYER_ASSIGNMENT('','',(#1919)) ;
#6820=CARTESIAN_POINT('NONE',(-2.713594157459,3.299999999999,0.720450632168));
#6821=CARTESIAN_POINT('NONE',(-1.920059611897,3.301,0.916508635461));
#6822 =(LENGTH_UNIT() NAMED_UNIT(*) SI_UNIT(.MILLI.,.METRE.));
#6823 = B_SPLINE_CURVE_WITH_KNOTS('NONE',3,(#14528,#7878,#1064,#12351),.UNSPECIFIED.,.F.,.F.,(4,4),(3.000000000000,4.000000000000),.UNSPECIFIED.) ;
#6824 = STYLED_ITEM('NONE',(#8701),#1993) ;
#6825=CARTESIAN_POINT('NONE',(-2.270915731559,3.299999999999,0.617719451877));
#6826 = ORIENTED_EDGE('NONE',*,*,#9449,.T.) ;
#6827 = EDGE_CURVE('NONE',#1586,#14193,#10583,.T.) ;
#6828=DIRECTION('NONE',(-1.,1.264902534566000E-16,0.));
#6829 =(NAMED_UNIT(*) SI_UNIT($,.STERADIAN.) SOLID_ANGLE_UNIT());
#6830 =(NAMED_UNIT(*) SI_UNIT($,.STERADIAN.) SOLID_ANGLE_UNIT());
#6831 = SURFACE_SIDE_STYLE('',(#3465)) ;
#6832 = ORIENTED_EDGE('NONE',*,*,#2811,.F.) ;
#6833 = LINE('NONE',#13584,#8375) ;
#6834 =(NAMED_UNIT(*) SI_UNIT($,.STERADIAN.) SOLID_ANGLE_UNIT());
#6835 = EDGE_CURVE('NONE',#12186,#2215,#7526,.T.) ;
#6836 = PRESENTATION_STYLE_ASSIGNMENT((#11337)) ;
#6837=CARTESIAN_POINT('NONE',(-1.607488114217,3.301,0.761687394205));
#6838 = COLOUR_RGB('',0.647058823529,0.619607843137,0.588235294117) ;
#6839 = PRESENTATION_LAYER_ASSIGNMENT('','',(#1003)) ;
#6840=CARTESIAN_POINT('NONE',(3.3,-1.799999999999,1.5));
#6841=CARTESIAN_POINT('NONE',(-1.978285258156,3.301,0.807643913064));
#6842=CARTESIAN_POINT('NONE',(1.799999999999,3.299999999999,0.));
#6843 = UNCERTAINTY_MEASURE_WITH_UNIT(LENGTH_MEASURE(1.000000000000E-05),#11552,'distance_accuracy_value','NONE');
#6844=DIRECTION('NONE',(-0.338211162486,0.,0.941070246883));
#6845 = VERTEX_POINT('NONE',#12158) ;
#6846 = FILL_AREA_STYLE_COLOUR('',#4893) ;
#6847 = VERTEX_POINT('NONE',#6478) ;
#6848=CARTESIAN_POINT('NONE',(-1.694362087446,3.301,0.899889462966));
#6849 = VERTEX_POINT('NONE',#14322) ;
#6850 = EDGE_CURVE('NONE',#11984,#11989,#7606,.T.) ;
#6851=CARTESIAN_POINT('NONE',(-1.98947133851,3.301,0.672216787491));
#6852 = VECTOR('NONE',#9199,1000.) ;
#6853 = STYLED_ITEM('NONE',(#3647),#1145) ;
#6854 =(NAMED_UNIT(*) PLANE_ANGLE_UNIT() SI_UNIT($,.RADIAN.));
#6855 = SURFACE_STYLE_USAGE(.BOTH.,#9315) ;
#6856 = VERTEX_POINT('NONE',#2143) ;
#6857 = B_SPLINE_SURFACE_WITH_KNOTS('NONE',3,1,((#915,#10188),(#14644,#5346),(#9868,#9940),(#7984,#13289)),.UNSPECIFIED.,.F.,.F.,.F.,(4,4),(2,2),(3.000000000000,4.000000000000),(0.,1.),.UNSPECIFIED.) ;
#6858 = PRESENTATION_LAYER_ASSIGNMENT('','',(#2906)) ;
#6859 = ORIENTED_EDGE('NONE',*,*,#12710,.F.) ;
#6860 = FACE_OUTER_BOUND('NONE',#8788,.T.) ;
#6861 = FACE_OUTER_BOUND('NONE',#9597,.T.) ;
#6862 = SURFACE_STYLE_FILL_AREA(#3773) ;
#6863 = STYLED_ITEM('NONE',(#12896),#12810) ;
#6864 =(NAMED_UNIT(*) SI_UNIT($,.STERADIAN.) SOLID_ANGLE_UNIT());
#6865 = UNCERTAINTY_MEASURE_WITH_UNIT(LENGTH_MEASURE(1.000000000000E-05),#4795,'distance_accuracy_value','NONE');
#6866=CARTESIAN_POINT('NONE',(-1.857594530533,3.301,0.916951660111));
#6867 = ORIENTED_EDGE('NONE',*,*,#12854,.F.) ;
#6868 = ORIENTED_EDGE('NONE',*,*,#14442,.T.) ;
#6869=DIRECTION('NONE',(0.,-1.,0.));
#6870 =(NAMED_UNIT(*) PLANE_ANGLE_UNIT() SI_UNIT($,.RADIAN.));
#6871 = UNCERTAINTY_MEASURE_WITH_UNIT(LENGTH_MEASURE(1.000000000000E-05),#8223,'distance_accuracy_value','NONE');
#6872=AXIS2_PLACEMENT_3D('NONE',#9897,#9003,#12101);
#6873 =(GEOMETRIC_REPRESENTATION_CONTEXT(3) GLOBAL_UNCERTAINTY_ASSIGNED_CONTEXT((#4370)) GLOBAL_UNIT_ASSIGNED_CONTEXT((#6688,#9071,#6926)) REPRESENTATION_CONTEXT('NONE','WORKASPACE'));
#6874 = EDGE_LOOP('NONE',(#8037,#3438,#4143,#900,#10885,#8042,#14011,#910)) ;
#6875=CARTESIAN_POINT('NONE',(-1.950430666794,3.299999999999,0.672493677868));
#6876=DIRECTION('NONE',(0.999974850185,0.,0.007092178509));
#6877 =(NAMED_UNIT(*) PLANE_ANGLE_UNIT() SI_UNIT($,.RADIAN.));
#6878 = VERTEX_POINT('NONE',#9824) ;
#6879 = PRESENTATION_LAYER_ASSIGNMENT('','',(#6163)) ;
#6880 =(NAMED_UNIT(*) SI_UNIT($,.STERADIAN.) SOLID_ANGLE_UNIT());
#6881 = LINE('NONE',#2790,#3119) ;
#6882 = FACE_OUTER_BOUND('NONE',#3861,.T.) ;
#6883 = VECTOR('NONE',#3806,1000.) ;
#6884 = EDGE_LOOP('NONE',(#5369,#10066,#4642,#379,#11000,#5945,#13790,#12086,#693,#2226,#13339,#586,#878,#9797,#3728,#14845,#3410,#8744,#9677,#730,#7736,#381,#2468,#4702,#7454,#8537,#5405,#11101,#12387,#1243,#14700,#6528,#3208)) ;
#6885 = ORIENTED_EDGE('NONE',*,*,#5108,.T.) ;
#6886 = B_SPLINE_CURVE_WITH_KNOTS('NONE',3,(#12879,#557,#11576,#1789),.UNSPECIFIED.,.F.,.F.,(4,4),(4.000000000000,5.000000000000),.UNSPECIFIED.) ;
#6887 = PRESENTATION_LAYER_ASSIGNMENT('','',(#6416)) ;
#6888 =(NAMED_UNIT(*) SI_UNIT($,.STERADIAN.) SOLID_ANGLE_UNIT());
#6889 = MECHANICAL_DESIGN_GEOMETRIC_PRESENTATION_REPRESENTATION('',(#10919),#7623) ;
#6890 =(NAMED_UNIT(*) PLANE_ANGLE_UNIT() SI_UNIT($,.RADIAN.));
#6891 = UNCERTAINTY_MEASURE_WITH_UNIT(LENGTH_MEASURE(1.000000000000E-05),#7091,'distance_accuracy_value','NONE');
#6892 = ORIENTED_EDGE('NONE',*,*,#4474,.F.) ;
#6893 = FILL_AREA_STYLE('',(#2984)) ;
#6894 = ORIENTED_EDGE('NONE',*,*,#9072,.F.) ;
#6895 = SURFACE_SIDE_STYLE('',(#5622)) ;
#6896=CARTESIAN_POINT('NONE',(-1.70546816098,3.299999999999,0.63085030015));
#6897 = EDGE_CURVE('NONE',#9128,#12925,#11125,.T.) ;
#6898 = SURFACE_SIDE_STYLE('',(#2338)) ;
#6899=AXIS2_PLACEMENT_3D('NONE',#5649,#13452,#2287);
#6900 = CYLINDRICAL_SURFACE('NONE',#5792,0.300000000000) ;
#6901 = PRESENTATION_LAYER_ASSIGNMENT('','',(#849)) ;
#6902 = FILL_AREA_STYLE_COLOUR('',#2541) ;
#6903=CARTESIAN_POINT('NONE',(-2.455502237896,3.301,0.932026354102));
#6904 = STYLED_ITEM('NONE',(#5809),#1496) ;
#6905 = LINE('NONE',#11399,#5703) ;
#6906 = VECTOR('NONE',#8019,1000.) ;
#6907 = PRESENTATION_STYLE_ASSIGNMENT((#7951)) ;
#6908 =(NAMED_UNIT(*) SI_UNIT($,.STERADIAN.) SOLID_ANGLE_UNIT());
#6909 = VECTOR('NONE',#7081,1000.) ;
#6910 =(GEOMETRIC_REPRESENTATION_CONTEXT(3) GLOBAL_UNCERTAINTY_ASSIGNED_CONTEXT((#4826)) GLOBAL_UNIT_ASSIGNED_CONTEXT((#9080,#9385,#14697)) REPRESENTATION_CONTEXT('NONE','WORKASPACE'));
#6911 = ADVANCED_FACE('NONE',(#4198),#12091,.F.) ;
#6912=DIRECTION('NONE',(0.,0.,-1.));
#6913 = ORIENTED_EDGE('NONE',*,*,#13762,.T.) ;
#6914 =(GEOMETRIC_REPRESENTATION_CONTEXT(3) GLOBAL_UNCERTAINTY_ASSIGNED_CONTEXT((#1624)) GLOBAL_UNIT_ASSIGNED_CONTEXT((#2474,#2554,#6880)) REPRESENTATION_CONTEXT('NONE','WORKASPACE'));
#6915 = SURFACE_STYLE_USAGE(.BOTH.,#8023) ;
#6916=CARTESIAN_POINT('NONE',(-2.562157698737,3.299999999999,0.915111671114));
#6917 = EDGE_CURVE('NONE',#13895,#13579,#2885,.T.) ;
#6918 = VECTOR('NONE',#7334,1000.) ;
#6919=CARTESIAN_POINT('NONE',(-2.424971693129,3.299999999999,0.691241736644));
#6920 = ORIENTED_EDGE('NONE',*,*,#6525,.F.) ;
#6921=CARTESIAN_POINT('NONE',(-2.323176201807,3.301,0.694084866093));
#6922=DIRECTION('NONE',(0.,0.,-1.));
#6923 = PRESENTATION_STYLE_ASSIGNMENT((#7889)) ;
#6924 = STYLED_ITEM('NONE',(#7273),#7409) ;
#6925 = SURFACE_STYLE_FILL_AREA(#5647) ;
#6926 =(NAMED_UNIT(*) SI_UNIT($,.STERADIAN.) SOLID_ANGLE_UNIT());
#6927 = FILL_AREA_STYLE_COLOUR('',#5013) ;
#6928=DIRECTION('NONE',(0.,0.,1.));
#6929 = FILL_AREA_STYLE('',(#6846)) ;
#6930 = ORIENTED_EDGE('NONE',*,*,#11407,.T.) ;
#6931 = EDGE_CURVE('NONE',#14645,#8495,#2693,.T.) ;
#6932=CARTESIAN_POINT('NONE',(-1.594296132205,3.301,0.858953686889));
#6933 = ORIENTED_EDGE('NONE',*,*,#12568,.T.) ;
#6934=CARTESIAN_POINT('NONE',(-2.314826930551,3.301,0.669189264504));
#6935=DIRECTION('NONE',(1.,0.,0.));
#6936 = VERTEX_POINT('NONE',#5239) ;
#6937 = PRESENTATION_STYLE_ASSIGNMENT((#5658)) ;
#6938 = B_SPLINE_SURFACE_WITH_KNOTS('NONE',3,1,((#12224,#6754),(#1205,#9294),(#11643,#8252),(#12725,#13875)),.UNSPECIFIED.,.F.,.F.,.F.,(4,4),(2,2),(33.000000000000,34.000000000000),(0.,1.),.UNSPECIFIED.) ;
#6939=CARTESIAN_POINT('NONE',(-2.395868713299,3.299999999999,0.673730224867));
#6940 = ORIENTED_EDGE('NONE',*,*,#746,.T.) ;
#6941=DIRECTION('NONE',(-0.007092178509,0.,0.999974850185));
#6942 = B_SPLINE_CURVE_WITH_KNOTS('NONE',3,(#13299,#14178,#3037,#7515),.UNSPECIFIED.,.F.,.F.,(4,4),(23.000000000000,24.000000000000),.UNSPECIFIED.) ;
#6943=DIRECTION('NONE',(-1.,0.,0.));
#6944=DIRECTION('NONE',(0.,0.,-1.));
#6945 = EDGE_CURVE('NONE',#3474,#12205,#11266,.T.) ;
#6946 = MECHANICAL_DESIGN_GEOMETRIC_PRESENTATION_REPRESENTATION('',(#888),#8137) ;
#6947 = ORIENTED_EDGE('NONE',*,*,#13309,.T.) ;
#6948=CARTESIAN_POINT('NONE',(-1.827069550709,3.301,0.649943044093));
#6949 = UNCERTAINTY_MEASURE_WITH_UNIT(LENGTH_MEASURE(1.000000000000E-05),#8081,'distance_accuracy_value','NONE');
#6950 = FACE_BOUND('NONE',#1422,.T.) ;
#6951=CARTESIAN_POINT('NONE',(-2.349831199457,3.301,0.920610337238));
#6952 = PRESENTATION_LAYER_ASSIGNMENT('','',(#14445)) ;
#6953=CARTESIAN_POINT('NONE',(-2.285654927297,3.299999999999,0.633149290197));
#6954 = MECHANICAL_DESIGN_GEOMETRIC_PRESENTATION_REPRESENTATION('',(#11427),#12594) ;
#6955=CARTESIAN_POINT('NONE',(-1.740749406585,3.299999999999,0.834489457988));
#6956 = ORIENTED_EDGE('NONE',*,*,#12452,.T.) ;
#6957=CARTESIAN_POINT('NONE',(-1.740933984092,3.299999999999,0.738182977972));
#6958 = FACE_OUTER_BOUND('NONE',#10750,.T.) ;
#6959 = ORIENTED_EDGE('NONE',*,*,#10366,.T.) ;
#6960 = PRESENTATION_LAYER_ASSIGNMENT('','',(#4584)) ;
#6961 = FILL_AREA_STYLE('',(#14657)) ;
#6962 = UNCERTAINTY_MEASURE_WITH_UNIT(LENGTH_MEASURE(1.000000000000E-05),#2236,'distance_accuracy_value','NONE');
#6963 = EDGE_CURVE('NONE',#7272,#12021,#4947,.T.) ;
#6964 = PLANE('NONE',#3718) ;
#6965 = B_SPLINE_CURVE_WITH_KNOTS('NONE',3,(#12319,#1029,#14282,#10057),.UNSPECIFIED.,.F.,.F.,(4,4),(17.000000000000,18.000000000000),.UNSPECIFIED.) ;
#6966 =(LENGTH_UNIT() NAMED_UNIT(*) SI_UNIT(.MILLI.,.METRE.));
#6967 =(NAMED_UNIT(*) SI_UNIT($,.STERADIAN.) SOLID_ANGLE_UNIT());
#6968=CARTESIAN_POINT('NONE',(-1.657696398465,3.299999999999,0.62338064039));
#6969 = FACE_OUTER_BOUND('NONE',#7682,.T.) ;
#6970 = VERTEX_POINT('NONE',#9767) ;
#6971 = B_SPLINE_CURVE_WITH_KNOTS('NONE',3,(#1173,#6951,#1390,#14721),.UNSPECIFIED.,.F.,.F.,(4,4),(7.000000000000,8.000000000000),.UNSPECIFIED.) ;
#6972 = SURFACE_STYLE_USAGE(.BOTH.,#10437) ;
#6973 = SURFACE_STYLE_FILL_AREA(#12855) ;
#6974 = PRESENTATION_STYLE_ASSIGNMENT((#4966)) ;
#6975 = ORIENTED_EDGE('NONE',*,*,#10361,.T.) ;
#6976 = ORIENTED_EDGE('NONE',*,*,#8266,.T.) ;
#6977 = FILL_AREA_STYLE_COLOUR('',#2252) ;
#6978=CARTESIAN_POINT('NONE',(-2.36061897157,3.301,0.933073622354));
#6979=CARTESIAN_POINT('NONE',(-1.826731129137,3.301,0.602226667552));
#6980 =(GEOMETRIC_REPRESENTATION_CONTEXT(3) GLOBAL_UNCERTAINTY_ASSIGNED_CONTEXT((#13637)) GLOBAL_UNIT_ASSIGNED_CONTEXT((#1214,#14759,#4691)) REPRESENTATION_CONTEXT('NONE','WORKASPACE'));
#6981=CARTESIAN_POINT('NONE',(-2.105713522633,3.299999999999,0.79199069963));
#6982 = VECTOR('NONE',#5116,1000.) ;
#6983 = PRESENTATION_STYLE_ASSIGNMENT((#10523)) ;
#6984 = SURFACE_STYLE_USAGE(.BOTH.,#8171) ;
#6985=CARTESIAN_POINT('NONE',(-2.580253891451,3.301,0.871686717921));
#6986 = ADVANCED_FACE('NONE',(#8451),#10798,.F.) ;
#6987 =(LENGTH_UNIT() NAMED_UNIT(*) SI_UNIT(.MILLI.,.METRE.));
#6988 = B_SPLINE_SURFACE_WITH_KNOTS('NONE',3,1,((#7764,#11081),(#12038,#9771),(#5454,#4153),(#4355,#8669)),.UNSPECIFIED.,.F.,.F.,.F.,(4,4),(2,2),(5.000000000000,6.000000000000),(0.,1.),.UNSPECIFIED.) ;
#6989=AXIS2_PLACEMENT_3D('NONE',#804,#13176,#10936);
#6990 = EDGE_CURVE('NONE',#408,#9247,#7393,.T.) ;
#6991 = ORIENTED_EDGE('NONE',*,*,#6619,.F.) ;
#6992 = STYLED_ITEM('NONE',(#3649),#4022) ;
#6993=CARTESIAN_POINT('NONE',(-2.349831199457,3.301,0.920610337238));
#6994 = FILL_AREA_STYLE('',(#13736)) ;
#6995 = PLANE('NONE',#6714) ;
#6996=DIRECTION('NONE',(0.,0.,-1.));
#6997 = SURFACE_STYLE_USAGE(.BOTH.,#6831) ;
#6998 = ORIENTED_EDGE('NONE',*,*,#6406,.T.) ;
#6999=CARTESIAN_POINT('NONE',(-2.666760454689,3.299999999999,0.841876045909));
#7000=CARTESIAN_POINT('NONE',(-1.740749406585,3.299999999999,0.834489457988));
#7001=CARTESIAN_POINT('NONE',(-2.666852463179,3.301,0.722903300441));
#7002 = SURFACE_STYLE_FILL_AREA(#5785) ;
#7003 = EDGE_CURVE('NONE',#3308,#3757,#13917,.T.) ;
#7004=CARTESIAN_POINT('NONE',(-2.399791817409,3.301,0.655111061699));
#7005 = FILL_AREA_STYLE('',(#12362)) ;
#7006 = VECTOR('NONE',#3354,1000.) ;
#7007 = STYLED_ITEM('NONE',(#12684),#4280) ;
#7008 = FILL_AREA_STYLE('',(#5943)) ;
#7009 = EDGE_CURVE('NONE',#3240,#1235,#12834,.T.) ;
#7010 = ORIENTED_EDGE('NONE',*,*,#658,.F.) ;
#7011 =(GEOMETRIC_REPRESENTATION_CONTEXT(3) GLOBAL_UNCERTAINTY_ASSIGNED_CONTEXT((#2933)) GLOBAL_UNIT_ASSIGNED_CONTEXT((#10081,#4675,#8091)) REPRESENTATION_CONTEXT('NONE','WORKASPACE'));
#7012=CARTESIAN_POINT('NONE',(3.15,3.857637417314000E-16,24.30954544295));
#7013 = EDGE_LOOP('NONE',(#5263,#9712,#6281,#7972,#6729)) ;
#7014=CARTESIAN_POINT('NONE',(-2.,2.,-0.01));
#7015 = LINE('NONE',#8277,#14682) ;
#7016 = COLOUR_RGB('',0.250980392156,0.250980392156,0.250980392156) ;
#7017 = EDGE_LOOP('NONE',(#7326,#12816)) ;
#7018 = PRESENTATION_STYLE_ASSIGNMENT((#12603)) ;
#7019 = ORIENTED_EDGE('NONE',*,*,#10969,.T.) ;
#7020 = SURFACE_STYLE_USAGE(.BOTH.,#10336) ;
#7021 = EDGE_CURVE('NONE',#1365,#4643,#2776,.T.) ;
#7022=CARTESIAN_POINT('NONE',(-2.445963416946,3.299999999999,0.576675017148));
#7023=CARTESIAN_POINT('NONE',(-2.391785022508,3.301,0.810449201266));
#7024 = FILL_AREA_STYLE_COLOUR('',#3827) ;
#7025 = LINE('NONE',#14560,#13239) ;
#7026=CARTESIAN_POINT('NONE',(-2.425350409914,3.301,0.621490335455));
#7027 = PLANE('NONE',#13590) ;
#7028 = ORIENTED_EDGE('NONE',*,*,#3756,.T.) ;
#7029 = VERTEX_POINT('NONE',#11752) ;
#7030 = SURFACE_SIDE_STYLE('',(#4885)) ;
#7031 = B_SPLINE_CURVE_WITH_KNOTS('NONE',3,(#7445,#14248,#11948,#10843),.UNSPECIFIED.,.F.,.F.,(4,4),(17.000000000000,18.000000000000),.UNSPECIFIED.) ;
#7032=DIRECTION('NONE',(0.00709217851,0.,-0.999974850185));
#7033=CARTESIAN_POINT('NONE',(-2.276416837418,3.299999999999,0.869973642013));
#7034 = ADVANCED_FACE('NONE',(#12903),#11825,.F.) ;
#7035 = UNCERTAINTY_MEASURE_WITH_UNIT(LENGTH_MEASURE(1.000000000000E-05),#767,'distance_accuracy_value','NONE');
#7036 = SURFACE_STYLE_FILL_AREA(#2389) ;
#7037=CARTESIAN_POINT('NONE',(-3.299999999999,1.,1.5));
#7038 = PRESENTATION_STYLE_ASSIGNMENT((#5675)) ;
#7039 = SURFACE_STYLE_USAGE(.BOTH.,#2393) ;
#7040=CARTESIAN_POINT('NONE',(-1.7582853441,3.301,0.615726255133));
#7041 = EDGE_LOOP('NONE',(#5641,#2085,#4166,#3697)) ;
#7042 = ADVANCED_FACE('NONE',(#2022),#2655,.F.) ;
#7043=DIRECTION('NONE',(-0.999974850185,0.,-0.007092178509));
#7044=CARTESIAN_POINT('NONE',(-2.496981560235,3.301,0.917695083045));
#7045 =(NAMED_UNIT(*) SI_UNIT($,.STERADIAN.) SOLID_ANGLE_UNIT());
#7046 = ORIENTED_EDGE('NONE',*,*,#4248,.F.) ;
#7047 = PRESENTATION_LAYER_ASSIGNMENT('','',(#12911)) ;
#7048 = FILL_AREA_STYLE('',(#12706)) ;
#7049 = VERTEX_POINT('NONE',#2227) ;
#7050 =(GEOMETRIC_REPRESENTATION_CONTEXT(3) GLOBAL_UNCERTAINTY_ASSIGNED_CONTEXT((#3598)) GLOBAL_UNIT_ASSIGNED_CONTEXT((#13639,#13939,#5760)) REPRESENTATION_CONTEXT('NONE','WORKASPACE'));
#7051 = PRESENTATION_STYLE_ASSIGNMENT((#13636)) ;
#7052 = UNCERTAINTY_MEASURE_WITH_UNIT(LENGTH_MEASURE(1.000000000000E-05),#8465,'distance_accuracy_value','NONE');
#7053=CARTESIAN_POINT('NONE',(-2.410662989055,3.299999999999,0.666138853302));
#7054 = ORIENTED_EDGE('NONE',*,*,#6016,.F.) ;
#7055 = FILL_AREA_STYLE('',(#14810)) ;
#7056 = ORIENTED_EDGE('NONE',*,*,#1633,.F.) ;
#7057=CARTESIAN_POINT('NONE',(-3.899999999999,-0.324999999999,-0.05));
#7058 = PRESENTATION_STYLE_ASSIGNMENT((#12566)) ;
#7059 = SURFACE_SIDE_STYLE('',(#13121)) ;
#7060 =(NAMED_UNIT(*) PLANE_ANGLE_UNIT() SI_UNIT($,.RADIAN.));
#7061 = SURFACE_STYLE_FILL_AREA(#8405) ;
#7062 = PLANE('NONE',#14401) ;
#7063=DIRECTION('NONE',(-0.999974850185,0.,-0.007092178509));
#7064 = ORIENTED_EDGE('NONE',*,*,#2632,.T.) ;
#7065 = PLANE('NONE',#12049) ;
#7066 = B_SPLINE_SURFACE_WITH_KNOTS('NONE',3,1,((#2590,#7671),(#10923,#5363),(#4054,#13160),(#3109,#12961)),.UNSPECIFIED.,.F.,.F.,.F.,(4,4),(2,2),(15.000000000000,16.000000000000),(0.,1.),.UNSPECIFIED.) ;
#7067 = PRESENTATION_STYLE_ASSIGNMENT((#13732)) ;
#7068 = MECHANICAL_DESIGN_GEOMETRIC_PRESENTATION_REPRESENTATION('',(#5398),#5156) ;
#7069 = ORIENTED_EDGE('NONE',*,*,#10518,.T.) ;
#7070 = MECHANICAL_DESIGN_GEOMETRIC_PRESENTATION_REPRESENTATION('',(#2130),#10362) ;
#7071=CARTESIAN_POINT('NONE',(-2.418368513834,3.301,0.70582475));
#7072=CARTESIAN_POINT('NONE',(-2.700625146958,3.301,0.620349020351));
#7073 = PRESENTATION_LAYER_ASSIGNMENT('','',(#8742)) ;
#7074=DIRECTION('NONE',(1.,0.,0.));
#7075=CARTESIAN_POINT('NONE',(-1.920059611897,3.299999999999,0.916508635461));
#7076=CARTESIAN_POINT('NONE',(-2.376415768361,3.301,0.635812095253));
#7077=DIRECTION('NONE',(-0.007092178509,0.,0.999974850185));
#7078 =(NAMED_UNIT(*) SI_UNIT($,.STERADIAN.) SOLID_ANGLE_UNIT());
#7079=DIRECTION('NONE',(-0.007092178509,0.,0.999974850185));
#7080 = VECTOR('NONE',#12629,1000.) ;
#7081=DIRECTION('NONE',(0.,-1.,0.));
#7082 =(LENGTH_UNIT() NAMED_UNIT(*) SI_UNIT(.MILLI.,.METRE.));
#7083 = VECTOR('NONE',#5409,1000.) ;
#7084 = ORIENTED_EDGE('NONE',*,*,#12489,.F.) ;
#7085 = ORIENTED_EDGE('NONE',*,*,#14656,.T.) ;
#7086=AXIS2_PLACEMENT_3D('NONE',#3963,#7366,#4035);
#7087 =(LENGTH_UNIT() NAMED_UNIT(*) SI_UNIT(.MILLI.,.METRE.));
#7088 = ORIENTED_EDGE('NONE',*,*,#9187,.F.) ;
#7089 = SURFACE_STYLE_FILL_AREA(#10326) ;
#7090 = VERTEX_POINT('NONE',#10109) ;
#7091 =(LENGTH_UNIT() NAMED_UNIT(*) SI_UNIT(.MILLI.,.METRE.));
#7092=CARTESIAN_POINT('NONE',(-1.699999999999,-0.899999999999,0.299999999999));
#7093 = ORIENTED_EDGE('NONE',*,*,#5628,.T.) ;
#7094 = PRESENTATION_LAYER_ASSIGNMENT('','',(#1242)) ;
#7095 = VECTOR('NONE',#2602,1000.) ;
#7096 = SURFACE_STYLE_FILL_AREA(#8434) ;
#7097 = EDGE_CURVE('NONE',#12707,#4934,#6559,.T.) ;
#7098 = VERTEX_POINT('NONE',#12370) ;
#7099=CARTESIAN_POINT('NONE',(-3.299999999999,0.7,1.5));
#7100 = FILL_AREA_STYLE('',(#14559)) ;
#7101 =(NAMED_UNIT(*) SI_UNIT($,.STERADIAN.) SOLID_ANGLE_UNIT());
#7102=CARTESIAN_POINT('NONE',(-2.392613469828,3.301,0.685357302399));
#7103=CARTESIAN_POINT('NONE',(-2.206660781465,3.301,0.811762168451));
#7104 = ORIENTED_EDGE('NONE',*,*,#5881,.T.) ;
#7105=DIRECTION('NONE',(0.,0.,1.));
#7106 = EDGE_CURVE('NONE',#8734,#4934,#8133,.T.) ;
#7107 = VECTOR('NONE',#7509,1000.) ;
#7108 = UNCERTAINTY_MEASURE_WITH_UNIT(LENGTH_MEASURE(1.000000000000E-05),#3669,'distance_accuracy_value','NONE');
#7109=CARTESIAN_POINT('NONE',(-2.294376552045,3.301,0.917260418749));
#7110=CARTESIAN_POINT('NONE',(-2.401496751873,3.301,0.627211961027));
#7111 =(NAMED_UNIT(*) PLANE_ANGLE_UNIT() SI_UNIT($,.RADIAN.));
#7112=DIRECTION('NONE',(0.,0.,-1.));
#7113=DIRECTION('NONE',(0.,-1.,0.));
#7114=DIRECTION('NONE',(-0.007092178509,0.,0.999974850185));
#7115=CARTESIAN_POINT('NONE',(-2.294634901836,3.299999999999,0.698591997215));
#7116 = ADVANCED_FACE('NONE',(#13395),#6697,.T.) ;
#7117 = ORIENTED_EDGE('NONE',*,*,#6470,.T.) ;
#7118 =(GEOMETRIC_REPRESENTATION_CONTEXT(3) GLOBAL_UNCERTAINTY_ASSIGNED_CONTEXT((#2714)) GLOBAL_UNIT_ASSIGNED_CONTEXT((#1882,#725,#10787)) REPRESENTATION_CONTEXT('NONE','WORKASPACE'));
#7119 = LINE('NONE',#670,#4358) ;
#7120 = B_SPLINE_SURFACE_WITH_KNOTS('NONE',3,1,((#11648,#10394),(#13960,#14031),(#12804,#1645),(#10612,#5855)),.UNSPECIFIED.,.F.,.F.,.F.,(4,4),(2,2),(11.,12.000000000000),(0.,1.),.UNSPECIFIED.) ;
#7121 = ORIENTED_EDGE('NONE',*,*,#14289,.F.) ;
#7122 = COLOUR_RGB('',0.250980392156,0.250980392156,0.250980392156) ;
#7123 = FACE_OUTER_BOUND('NONE',#9038,.T.) ;
#7124 = ADVANCED_FACE('NONE',(#5727),#1441,.T.) ;
#7125=CARTESIAN_POINT('NONE',(-0.999999999999,-3.299999999999,1.5));
#7126 = ORIENTED_EDGE('NONE',*,*,#7003,.T.) ;
#7127 = MECHANICAL_DESIGN_GEOMETRIC_PRESENTATION_REPRESENTATION('',(#7602),#1273) ;
#7128 = EDGE_CURVE('NONE',#13441,#12023,#10409,.T.) ;
#7129 = PRESENTATION_STYLE_ASSIGNMENT((#4746)) ;
#7130 = FILL_AREA_STYLE_COLOUR('',#8406) ;
#7131 = FILL_AREA_STYLE('',(#1485)) ;
#7132 = VERTEX_POINT('NONE',#14771) ;
#7133=CARTESIAN_POINT('NONE',(-1.701524076034,3.299999999999,0.564072045136));
#7134 = STYLED_ITEM('NONE',(#12994),#5188) ;
#7135 = VERTEX_POINT('NONE',#3694) ;
#7136 = LINE('NONE',#1488,#13676) ;
#7137 = COLOUR_RGB('',1.,1.,1.) ;
#7138=CARTESIAN_POINT('NONE',(0.,0.,1.940654339818));
#7139 = FACE_OUTER_BOUND('NONE',#11435,.T.) ;
#7140 =(GEOMETRIC_REPRESENTATION_CONTEXT(3) GLOBAL_UNCERTAINTY_ASSIGNED_CONTEXT((#12988)) GLOBAL_UNIT_ASSIGNED_CONTEXT((#11088,#6569,#7844)) REPRESENTATION_CONTEXT('NONE','WORKASPACE'));
#7141 = FILL_AREA_STYLE_COLOUR('',#4259) ;
#7142 = ADVANCED_FACE('NONE',(#414),#8038,.F.) ;
#7143 = FILL_AREA_STYLE_COLOUR('',#11154) ;
#7144=CARTESIAN_POINT('NONE',(-2.206660781465,3.301,0.811762168451));
#7145 = CIRCLE('NONE',#4520,0.299999999999) ;
#7146 =(GEOMETRIC_REPRESENTATION_CONTEXT(3) GLOBAL_UNCERTAINTY_ASSIGNED_CONTEXT((#6871)) GLOBAL_UNIT_ASSIGNED_CONTEXT((#8223,#10497,#11456)) REPRESENTATION_CONTEXT('NONE','WORKASPACE'));
#7147 = FILL_AREA_STYLE('',(#8102)) ;
#7148 = SURFACE_SIDE_STYLE('',(#6075)) ;
#7149 = VERTEX_POINT('NONE',#1300) ;
#7150=CARTESIAN_POINT('NONE',(-2.367397561674,3.301,0.815675516406));
#7151 =(NAMED_UNIT(*) PLANE_ANGLE_UNIT() SI_UNIT($,.RADIAN.));
#7152=CARTESIAN_POINT('NONE',(-2.105996533761,3.301,0.709565383857));
#7153 = MECHANICAL_DESIGN_GEOMETRIC_PRESENTATION_REPRESENTATION('',(#6426),#13695) ;
#7154 = PRESENTATION_STYLE_ASSIGNMENT((#11649)) ;
#7155 = VECTOR('NONE',#5568,1000.) ;
#7156 = FILL_AREA_STYLE_COLOUR('',#7808) ;
#7157=CARTESIAN_POINT('NONE',(-2.802200322387,3.299999999999,0.73598045002));
#7158=CARTESIAN_POINT('NONE',(-1.985225815397,3.301,0.807594688155));
#7159 = UNCERTAINTY_MEASURE_WITH_UNIT(LENGTH_MEASURE(1.000000000000E-05),#2526,'distance_accuracy_value','NONE');
#7160 = LINE('NONE',#8493,#10436) ;
#7161 = VECTOR('NONE',#8985,1000.) ;
#7162 = VERTEX_POINT('NONE',#8276) ;
#7163 =(NAMED_UNIT(*) PLANE_ANGLE_UNIT() SI_UNIT($,.RADIAN.));
#7164 = EDGE_LOOP('NONE',(#9858,#2114,#4094,#6630)) ;
#7165=CARTESIAN_POINT('NONE',(-2.410297968692,3.299999999999,0.614672130856));
#7166 = PRESENTATION_LAYER_ASSIGNMENT('','',(#9775)) ;
#7167 = ORIENTED_EDGE('NONE',*,*,#11974,.T.) ;
#7168 = ORIENTED_EDGE('NONE',*,*,#1480,.T.) ;
#7169 = FILL_AREA_STYLE_COLOUR('',#3262) ;
#7170 = STYLED_ITEM('NONE',(#5294),#7283) ;
#7171 = VERTEX_POINT('NONE',#9154) ;
#7172=DIRECTION('NONE',(0.345199932434,0.,-0.938529171974));
#7173=DIRECTION('NONE',(-0.999974850185,0.,-0.007092178509));
#7174 = FACE_OUTER_BOUND('NONE',#8035,.T.) ;
#7175 = SURFACE_STYLE_USAGE(.BOTH.,#9464) ;
#7176 = FILL_AREA_STYLE('',(#4070)) ;
#7177=DIRECTION('NONE',(0.,-1.,0.));
#7178 = SURFACE_SIDE_STYLE('',(#5087)) ;
#7179=AXIS2_PLACEMENT_3D('NONE',#9923,#2244,#5603);
#7180 = EDGE_CURVE('NONE',#10942,#14796,#9371,.T.) ;
#7181 = SURFACE_STYLE_USAGE(.BOTH.,#2706) ;
#7182 = UNCERTAINTY_MEASURE_WITH_UNIT(LENGTH_MEASURE(1.000000000000E-05),#7619,'distance_accuracy_value','NONE');
#7183=CARTESIAN_POINT('NONE',(-1.985225815397,3.299999999999,0.807594688155));
#7184=CARTESIAN_POINT('NONE',(-2.221805677804,3.301,0.726059731072));
#7185=CARTESIAN_POINT('NONE',(-2.700625146958,3.299999999999,0.620349020351));
#7186 = ORIENTED_EDGE('NONE',*,*,#13032,.F.) ;
#7187 = STYLED_ITEM('NONE',(#6031),#7891) ;
#7188=CARTESIAN_POINT('NONE',(-2.561528093917,3.301,0.826339372882));
#7189 = MECHANICAL_DESIGN_GEOMETRIC_PRESENTATION_REPRESENTATION('',(#4133),#5054) ;
#7190=CARTESIAN_POINT('NONE',(-0.8,-2.710505431213000E-17,0.299999999999));
#7191 = EDGE_CURVE('NONE',#12139,#7497,#12492,.T.) ;
#7192 = EDGE_CURVE('NONE',#12198,#7649,#3547,.T.) ;
#7193=CARTESIAN_POINT('NONE',(-2.376788971941,3.301,0.675238060169));
#7194 = ORIENTED_EDGE('NONE',*,*,#11459,.T.) ;
#7195=CARTESIAN_POINT('NONE',(-2.483112157816,3.299999999999,0.637862783361));
#7196=DIRECTION('NONE',(0.,0.,1.));
#7197 = COLOUR_RGB('',0.647058823529,0.619607843137,0.588235294117) ;
#7198 = UNCERTAINTY_MEASURE_WITH_UNIT(LENGTH_MEASURE(1.000000000000E-05),#10115,'distance_accuracy_value','NONE');
#7199=CARTESIAN_POINT('NONE',(-2.639644260427,3.299999999999,0.906576567133));
#7200 = ORIENTED_EDGE('NONE',*,*,#10620,.F.) ;
#7201=CARTESIAN_POINT('NONE',(-3.299999999999,1.,2.5));
#7202 = ORIENTED_EDGE('NONE',*,*,#5055,.F.) ;
#7203=CARTESIAN_POINT('NONE',(-2.367397561674,3.301,0.815675516406));
#7204 =(NAMED_UNIT(*) SI_UNIT($,.STERADIAN.) SOLID_ANGLE_UNIT());
#7205 = LINE('NONE',#11705,#13420) ;
#7206 = VECTOR('NONE',#9483,1000.) ;
#7207 = VECTOR('NONE',#3853,1000.) ;
#7208 = EDGE_CURVE('NONE',#7098,#9128,#10849,.T.) ;
#7209 = TOROIDAL_SURFACE('NONE',#12597,2.650000000000,0.500000000000) ;
#7210=CARTESIAN_POINT('NONE',(-2.71059662169,3.299999999999,0.649662596819));
#7211=CARTESIAN_POINT('NONE',(-1.94904628028,3.299999999999,0.721957524591));
#7212 = FACE_OUTER_BOUND('NONE',#573,.T.) ;
#7213 = B_SPLINE_CURVE_WITH_KNOTS('NONE',3,(#4840,#11566,#12647,#9357),.UNSPECIFIED.,.F.,.F.,(4,4),(12.000000000000,13.000000000000),.UNSPECIFIED.) ;
#7214=DIRECTION('NONE',(0.,-1.,0.));
#7215 = FACE_OUTER_BOUND('NONE',#9543,.T.) ;
#7216=CARTESIAN_POINT('NONE',(-2.,-2.,-0.01));
#7217=CARTESIAN_POINT('NONE',(-2.355968453579,3.301,0.673202180176));
#7218 = PRESENTATION_LAYER_ASSIGNMENT('','',(#1595)) ;
#7219 = SURFACE_SIDE_STYLE('',(#12653)) ;
#7220 = ORIENTED_EDGE('NONE',*,*,#5374,.F.) ;
#7221 = ADVANCED_FACE('NONE',(#1659),#1988,.T.) ;
#7222=DIRECTION('NONE',(-0.999974850185,0.,-0.007092178509));
#7223 = FILL_AREA_STYLE_COLOUR('',#14713) ;
#7224=DIRECTION('NONE',(0.,0.,-1.));
#7225=DIRECTION('NONE',(1.,0.,0.));
#7226 =(NAMED_UNIT(*) SI_UNIT($,.STERADIAN.) SOLID_ANGLE_UNIT());
#7227 = VERTEX_POINT('NONE',#9452) ;
#7228=AXIS2_PLACEMENT_3D('NONE',#7023,#11218,#1380);
#7229 = MECHANICAL_DESIGN_GEOMETRIC_PRESENTATION_REPRESENTATION('',(#13537),#14465) ;
#7230=CARTESIAN_POINT('NONE',(-2.221805677804,3.301,0.726059731072));
#7231 = PRESENTATION_LAYER_ASSIGNMENT('','',(#3461)) ;
#7232 = PRESENTATION_LAYER_ASSIGNMENT('','',(#13540)) ;
#7233 = ORIENTED_EDGE('NONE',*,*,#2681,.F.) ;
#7234 = ORIENTED_EDGE('NONE',*,*,#9765,.F.) ;
#7235=DIRECTION('NONE',(1.,0.,0.));
#7236=AXIS2_PLACEMENT_3D('NONE',#8776,#6463,#14103);
#7237 = VERTEX_POINT('NONE',#11954) ;
#7238 = B_SPLINE_SURFACE_WITH_KNOTS('NONE',3,1,((#11354,#11740),(#13899,#8579),(#2760,#13039),(#570,#2841)),.UNSPECIFIED.,.F.,.F.,.F.,(4,4),(2,2),(1.,2.000000000000),(0.,1.),.UNSPECIFIED.) ;
#7239 = EDGE_LOOP('NONE',(#7898,#14122,#14491,#11658)) ;
#7240 = FACE_OUTER_BOUND('NONE',#1438,.T.) ;
#7241=DIRECTION('NONE',(0.,-1.,0.));
#7242 = ORIENTED_EDGE('NONE',*,*,#5009,.F.) ;
#7243 = LINE('NONE',#420,#3790) ;
#7244 = MECHANICAL_DESIGN_GEOMETRIC_PRESENTATION_REPRESENTATION('',(#14263),#4619) ;
#7245=DIRECTION('NONE',(0.,-1.,0.));
#7246 =(NAMED_UNIT(*) SI_UNIT($,.STERADIAN.) SOLID_ANGLE_UNIT());
#7247=CARTESIAN_POINT('NONE',(-2.383017398388,3.299999999999,0.616612451628));
#7248 = LINE('NONE',#1671,#7385) ;
#7249 =(NAMED_UNIT(*) SI_UNIT($,.STERADIAN.) SOLID_ANGLE_UNIT());
#7250 =(GEOMETRIC_REPRESENTATION_CONTEXT(3) GLOBAL_UNCERTAINTY_ASSIGNED_CONTEXT((#8381)) GLOBAL_UNIT_ASSIGNED_CONTEXT((#10357,#10281,#12622)) REPRESENTATION_CONTEXT('NONE','WORKASPACE'));
#7251 = SURFACE_STYLE_USAGE(.BOTH.,#7178) ;
#7252 =(NAMED_UNIT(*) PLANE_ANGLE_UNIT() SI_UNIT($,.RADIAN.));
#7253 = VERTEX_POINT('NONE',#10777) ;
#7254 = VECTOR('NONE',#14347,1000.) ;
#7255=AXIS2_PLACEMENT_3D('NONE',#12365,#10245,#6691);
#7256 = SURFACE_STYLE_USAGE(.BOTH.,#12033) ;
#7257 = UNCERTAINTY_MEASURE_WITH_UNIT(LENGTH_MEASURE(1.000000000000E-05),#7599,'distance_accuracy_value','NONE');
#7258=CARTESIAN_POINT('NONE',(-2.313166227056,3.299999999999,0.615361023832));
#7259 = FILL_AREA_STYLE('',(#2780)) ;
#7260 =(LENGTH_UNIT() NAMED_UNIT(*) SI_UNIT(.MILLI.,.METRE.));
#7261 = FILL_AREA_STYLE_COLOUR('',#13548) ;
#7262=CARTESIAN_POINT('NONE',(-2.404431239367,3.299999999999,0.693508576368));
#7263=CARTESIAN_POINT('NONE',(-2.550550308789,3.301,0.905835938266));
#7264 = ORIENTED_EDGE('NONE',*,*,#899,.F.) ;
#7265 = ADVANCED_FACE('NONE',(#3831),#3176,.F.) ;
#7266=CARTESIAN_POINT('NONE',(-2.397296466739,3.301,0.690315052434));
#7267 = UNCERTAINTY_MEASURE_WITH_UNIT(LENGTH_MEASURE(1.000000000000E-05),#7300,'distance_accuracy_value','NONE');
#7268 = COLOUR_RGB('',0.647058823529,0.619607843137,0.588235294117) ;
#7269=CARTESIAN_POINT('NONE',(-1.64714409788,3.301,0.848167552084));
#7270=CARTESIAN_POINT('NONE',(-2.408025864834,3.301,0.879271699038));
#7271=CARTESIAN_POINT('NONE',(-2.666852463179,3.301,0.722903300441));
#7272 = VERTEX_POINT('NONE',#2758) ;
#7273 = PRESENTATION_STYLE_ASSIGNMENT((#2560)) ;
#7274=CARTESIAN_POINT('NONE',(-1.740933984092,3.299999999999,0.738182977972));
#7275=CARTESIAN_POINT('NONE',(-3.299999999999,-0.7,0.299999999999));
#7276 = ORIENTED_EDGE('NONE',*,*,#8833,.T.) ;
#7277=CARTESIAN_POINT('NONE',(-2.794169386866,3.301,0.716385489421));
#7278 = EDGE_LOOP('NONE',(#4373,#12446,#7435,#887)) ;
#7279 =(NAMED_UNIT(*) PLANE_ANGLE_UNIT() SI_UNIT($,.RADIAN.));
#7280=CARTESIAN_POINT('NONE',(-2.701834336199,3.301,0.641302491134));
#7281=CARTESIAN_POINT('NONE',(-2.401400091403,3.301,0.705945096108));
#7282 = EDGE_CURVE('NONE',#7339,#14152,#2497,.T.) ;
#7283 = ADVANCED_FACE('NONE',(#11878),#1802,.T.) ;
#7284 = FILL_AREA_STYLE_COLOUR('',#1047) ;
#7285 = STYLED_ITEM('NONE',(#2774),#14157) ;
#7286=DIRECTION('NONE',(-0.007092178509,0.,0.999974850185));
#7287=CARTESIAN_POINT('NONE',(-2.291762386433,3.299999999999,0.825757165794));
#7288=DIRECTION('NONE',(0.,0.,1.));
#7289=CARTESIAN_POINT('NONE',(-2.712964552639,3.301,0.631678333935));
#7290 = EDGE_CURVE('NONE',#3560,#800,#9819,.T.) ;
#7291=CARTESIAN_POINT('NONE',(-2.381064922802,3.301,0.66678548266));
#7292=CARTESIAN_POINT('NONE',(-1.701302644687,3.301,0.899840238057));
#7293 = PRESENTATION_LAYER_ASSIGNMENT('','',(#13834)) ;
#7294 =(NAMED_UNIT(*) SI_UNIT($,.STERADIAN.) SOLID_ANGLE_UNIT());
#7295=CARTESIAN_POINT('NONE',(0.,0.,1.));
#7296 = ORIENTED_EDGE('NONE',*,*,#1798,.T.) ;
#7298 = FILL_AREA_STYLE('',(#13961)) ;
#7297 = PRESENTATION_LAYER_ASSIGNMENT('','',(#10114)) ;
#7299=CARTESIAN_POINT('NONE',(-2.401496751873,3.301,0.627211961027));
#7300 =(LENGTH_UNIT() NAMED_UNIT(*) SI_UNIT(.MILLI.,.METRE.));
#7301=DIRECTION('NONE',(0.,-1.,0.));
#7302 = PRESENTATION_STYLE_ASSIGNMENT((#9667)) ;
#7303 = VERTEX_POINT('NONE',#3265) ;
#7304 = PRESENTATION_LAYER_ASSIGNMENT('','',(#13846)) ;
#7305 = FACE_OUTER_BOUND('NONE',#1656,.T.) ;
#7306 = EDGE_CURVE('NONE',#5245,#10435,#5433,.T.) ;
#7307 = ORIENTED_EDGE('NONE',*,*,#4203,.T.) ;
#7308 = COLOUR_RGB('',0.250980392156,0.250980392156,0.250980392156) ;
#7309 = LINE('NONE',#14847,#750) ;
#7310 = ORIENTED_EDGE('NONE',*,*,#9719,.F.) ;
#7311 = EDGE_CURVE('NONE',#8872,#14728,#13697,.T.) ;
#7312=CARTESIAN_POINT('NONE',(-1.945231410163,3.301,0.673398153735));
#7313 = ORIENTED_EDGE('NONE',*,*,#4577,.F.) ;
#7314 = B_SPLINE_CURVE_WITH_KNOTS('NONE',3,(#4185,#6460,#12003,#6387),.UNSPECIFIED.,.F.,.F.,(4,4),(0.,1.),.UNSPECIFIED.) ;
#7315 = ORIENTED_EDGE('NONE',*,*,#11221,.F.) ;
#7316 = LINE('NONE',#3985,#5980) ;
#7317=CARTESIAN_POINT('NONE',(-2.550550308789,3.299999999999,0.905835938266));
#7318 = ORIENTED_EDGE('NONE',*,*,#5786,.T.) ;
#7319 =(GEOMETRIC_REPRESENTATION_CONTEXT(3) GLOBAL_UNCERTAINTY_ASSIGNED_CONTEXT((#12979)) GLOBAL_UNIT_ASSIGNED_CONTEXT((#12072,#7364,#10976)) REPRESENTATION_CONTEXT('NONE','WORKASPACE'));
#7320 = MECHANICAL_DESIGN_GEOMETRIC_PRESENTATION_REPRESENTATION('',(#3319),#5851) ;
#7321 = SURFACE_STYLE_FILL_AREA(#10638) ;
#7322=CARTESIAN_POINT('NONE',(-2.639644260427,3.301,0.906576567133));
#7323=DIRECTION('NONE',(0.,-1.,0.));
#7324=DIRECTION('NONE',(-0.456720276353,0.,-0.88961035806));
#7325 = EDGE_CURVE('NONE',#10776,#11159,#10959,.T.) ;
#7326 = ORIENTED_EDGE('NONE',*,*,#9140,.T.) ;
#7327=DIRECTION('NONE',(0.007092178509,0.,-0.999974850185));
#7328 = UNCERTAINTY_MEASURE_WITH_UNIT(LENGTH_MEASURE(1.000000000000E-05),#7516,'distance_accuracy_value','NONE');
#7329 = SURFACE_STYLE_FILL_AREA(#7406) ;
#7330 = PLANE('NONE',#11466) ;
#7331=CARTESIAN_POINT('NONE',(-2.650763863663,3.301,0.930641488967));
#7332 = ORIENTED_EDGE('NONE',*,*,#11872,.F.) ;
#7333 = VERTEX_POINT('NONE',#1335) ;
#7334=DIRECTION('NONE',(0.,-1.,0.));
#7335=AXIS2_PLACEMENT_3D('NONE',#11504,#11418,#7964);
#7336=DIRECTION('NONE',(0.999974850185,0.,0.007092178509));
#7337 = UNCERTAINTY_MEASURE_WITH_UNIT(LENGTH_MEASURE(1.000000000000E-05),#6212,'distance_accuracy_value','NONE');
#7338=CARTESIAN_POINT('NONE',(-2.549975804872,3.299999999999,0.925991028066));
#7339 = VERTEX_POINT('NONE',#2081) ;
#7340 =(NAMED_UNIT(*) SI_UNIT($,.STERADIAN.) SOLID_ANGLE_UNIT());
#7341 = EDGE_LOOP('NONE',(#3197,#14303,#7264,#4669)) ;
#7342 =(NAMED_UNIT(*) PLANE_ANGLE_UNIT() SI_UNIT($,.RADIAN.));
#7343 = FILL_AREA_STYLE('',(#826)) ;
#7344=CARTESIAN_POINT('NONE',(-3.899999999999,-0.324999999999,-0.05));
#7345 = UNCERTAINTY_MEASURE_WITH_UNIT(LENGTH_MEASURE(1.000000000000E-05),#11263,'distance_accuracy_value','NONE');
#7346 = VECTOR('NONE',#466,1000.) ;
#7347 = EDGE_LOOP('NONE',(#5221,#5929,#5125,#6025,#2054)) ;
#7348=AXIS2_PLACEMENT_3D('NONE',#7789,#7717,#12131);
#7349 = VERTEX_POINT('NONE',#7601) ;
#7350=CARTESIAN_POINT('NONE',(-3.299999999999,1.,0.5));
#7351 = FILL_AREA_STYLE_COLOUR('',#2499) ;
#7352 = B_SPLINE_CURVE_WITH_KNOTS('NONE',3,(#10153,#5766,#4463,#11398),.UNSPECIFIED.,.F.,.F.,(4,4),(4.000000000000,5.000000000000),.UNSPECIFIED.) ;
#7353=CARTESIAN_POINT('NONE',(3.299999999999,3.299999999999,0.299999999999));
#7354=AXIS2_PLACEMENT_3D('NONE',#991,#9957,#14391);
#7355=CARTESIAN_POINT('NONE',(-1.99545210679,3.299999999999,0.903827322299));
#7356 = PRESENTATION_STYLE_ASSIGNMENT((#8835)) ;
#7357 = SURFACE_STYLE_FILL_AREA(#2884) ;
#7358 = MECHANICAL_DESIGN_GEOMETRIC_PRESENTATION_REPRESENTATION('',(#4744),#1726) ;
#7359 = FACE_OUTER_BOUND('NONE',#1844,.T.) ;
#7360 = ORIENTED_EDGE('NONE',*,*,#4860,.T.) ;
#7361 = B_SPLINE_SURFACE_WITH_KNOTS('NONE',3,1,((#8026,#14613),(#13515,#12507),(#7743,#6683),(#6921,#14758)),.UNSPECIFIED.,.F.,.F.,.F.,(4,4),(2,2),(12.000000000000,13.000000000000),(0.,1.),.UNSPECIFIED.) ;
#7362 = PRESENTATION_LAYER_ASSIGNMENT('','',(#10663)) ;
#7363 = EDGE_CURVE('NONE',#7862,#7098,#12289,.T.) ;
#7364 =(NAMED_UNIT(*) PLANE_ANGLE_UNIT() SI_UNIT($,.RADIAN.));
#7365 = VERTEX_POINT('NONE',#12087) ;
#7366=DIRECTION('NONE',(1.264902534566000E-16,1.,0.));
#7367 = PRESENTATION_STYLE_ASSIGNMENT((#1929)) ;
#7368 =(LENGTH_UNIT() NAMED_UNIT(*) SI_UNIT(.MILLI.,.METRE.));
#7369=DIRECTION('NONE',(1.,0.,0.));
#7370 = VERTEX_POINT('NONE',#9960) ;
#7371 = VECTOR('NONE',#14037,1000.) ;
#7372=CARTESIAN_POINT('NONE',(-2.430296220094,3.299999999999,0.654707552457));
#7373=CARTESIAN_POINT('NONE',(0.8,-2.710505431213000E-17,0.));
#7374 = PRESENTATION_LAYER_ASSIGNMENT('','',(#8790)) ;
#7375=CARTESIAN_POINT('NONE',(-2.767385221977,3.301,0.647575381611));
#7376 = COLOUR_RGB('',0.647058823529,0.619607843137,0.588235294117) ;
#7377 = PRESENTATION_LAYER_ASSIGNMENT('','',(#13005)) ;
#7378 = PRESENTATION_STYLE_ASSIGNMENT((#2903)) ;
#7379=CARTESIAN_POINT('NONE',(-1.943114802453,3.301,0.619621116343));
#7380 = ADVANCED_FACE('NONE',(#937),#2211,.F.) ;
#7381 = VERTEX_POINT('NONE',#4963) ;
#7382 = EDGE_LOOP('NONE',(#10691,#9450,#5471,#14691)) ;
#7383 = ADVANCED_FACE('NONE',(#14804),#8233,.F.) ;
#7384 = ORIENTED_EDGE('NONE',*,*,#666,.T.) ;
#7385 = VECTOR('NONE',#6110,1000.) ;
#7386=DIRECTION('NONE',(0.,-1.,0.));
#7387 = ORIENTED_EDGE('NONE',*,*,#2811,.T.) ;
#7388 = ORIENTED_EDGE('NONE',*,*,#3674,.F.) ;
#7389 = PRESENTATION_STYLE_ASSIGNMENT((#10856)) ;
#7390 = EDGE_LOOP('NONE',(#10613,#12194,#2761,#10551)) ;
#7391 =(NAMED_UNIT(*) SI_UNIT($,.STERADIAN.) SOLID_ANGLE_UNIT());
#7392=AXIS2_PLACEMENT_3D('NONE',#561,#12809,#9445);
#7393 = CIRCLE('NONE',#5014,2.650000000000) ;
#7394 =(NAMED_UNIT(*) SI_UNIT($,.STERADIAN.) SOLID_ANGLE_UNIT());
#7395 = PRESENTATION_STYLE_ASSIGNMENT((#9614)) ;
#7396 = SURFACE_STYLE_USAGE(.BOTH.,#13826) ;
#7397 = CIRCLE('NONE',#4312,3.200000000000) ;
#7398 = FACE_OUTER_BOUND('NONE',#1904,.T.) ;
#7399 = EDGE_CURVE('NONE',#10142,#3617,#10232,.T.) ;
#7401 = MECHANICAL_DESIGN_GEOMETRIC_PRESENTATION_REPRESENTATION('',(#6191),#2695) ;
#7400=CARTESIAN_POINT('NONE',(-2.435309494684,3.301,0.64026058936));
#7402 = FILL_AREA_STYLE_COLOUR('',#10580) ;
#7403=DIRECTION('NONE',(0.999974850185,0.,0.007092178509));
#7404 = PRESENTATION_LAYER_ASSIGNMENT('','',(#1305)) ;
#7405 =(NAMED_UNIT(*) SI_UNIT($,.STERADIAN.) SOLID_ANGLE_UNIT());
#7406 = FILL_AREA_STYLE('',(#12037)) ;
#7407=CARTESIAN_POINT('NONE',(-2.397296466739,3.299999999999,0.690315052434));
#7408 = EDGE_LOOP('NONE',(#1942,#2908,#535,#567,#4764,#7956,#9120)) ;
#7409 = ADVANCED_FACE('NONE',(#6060),#454,.F.) ;
#7410 = VERTEX_POINT('NONE',#7195) ;
#7411 = SURFACE_SIDE_STYLE('',(#3934)) ;
#7412 =(GEOMETRIC_REPRESENTATION_CONTEXT(3) GLOBAL_UNCERTAINTY_ASSIGNED_CONTEXT((#10019)) GLOBAL_UNIT_ASSIGNED_CONTEXT((#12055,#3151,#7492)) REPRESENTATION_CONTEXT('NONE','WORKASPACE'));
#7413 = PRESENTATION_STYLE_ASSIGNMENT((#5034)) ;
#7414 =(NAMED_UNIT(*) PLANE_ANGLE_UNIT() SI_UNIT($,.RADIAN.));
#7415 = ORIENTED_EDGE('NONE',*,*,#8540,.T.) ;
#7416 = LINE('NONE',#3946,#11192) ;
#7417=CARTESIAN_POINT('NONE',(-2.793137619644,3.299999999999,0.720447964942));
#7418 = VERTEX_POINT('NONE',#10667) ;
#7419 = PRESENTATION_LAYER_ASSIGNMENT('','',(#12573)) ;
#7420 = LINE('NONE',#8468,#13539) ;
#7421 = ORIENTED_EDGE('NONE',*,*,#12690,.T.) ;
#7422=DIRECTION('NONE',(1.314184451497000E-16,-1.,0.));
#7423 = EDGE_CURVE('NONE',#5140,#2302,#10368,.T.) ;
#7424=CARTESIAN_POINT('NONE',(-2.559363214998,3.301,0.670636665148));
#7425 = FILL_AREA_STYLE('',(#4025)) ;
#7426 = SURFACE_STYLE_FILL_AREA(#3238) ;
#7427 = VERTEX_POINT('NONE',#9190) ;
#7428=CARTESIAN_POINT('NONE',(-2.445963416946,3.301,0.576675017148));
#7429 = VECTOR('NONE',#10149,1000.) ;
#7430=CARTESIAN_POINT('NONE',(-2.830405792484,3.299999999999,0.613751348693));
#7431 = ORIENTED_EDGE('NONE',*,*,#10857,.T.) ;
#7432 =(NAMED_UNIT(*) SI_UNIT($,.STERADIAN.) SOLID_ANGLE_UNIT());
#7433=DIRECTION('NONE',(0.,-1.,0.));
#7434=DIRECTION('NONE',(0.999974850185,0.,0.007092178509));
#7435 = ORIENTED_EDGE('NONE',*,*,#604,.F.) ;
#7436 =(GEOMETRIC_REPRESENTATION_CONTEXT(3) GLOBAL_UNCERTAINTY_ASSIGNED_CONTEXT((#2635)) GLOBAL_UNIT_ASSIGNED_CONTEXT((#7493,#2111,#2037)) REPRESENTATION_CONTEXT('NONE','WORKASPACE'));
#7437 = SURFACE_STYLE_FILL_AREA(#5424) ;
#7438=CARTESIAN_POINT('NONE',(-2.791843484388,3.301,0.71390650379));
#7439 =(GEOMETRIC_REPRESENTATION_CONTEXT(3) GLOBAL_UNCERTAINTY_ASSIGNED_CONTEXT((#14515)) GLOBAL_UNIT_ASSIGNED_CONTEXT((#3569,#6877,#13481)) REPRESENTATION_CONTEXT('NONE','WORKASPACE'));
#7440 =(LENGTH_UNIT() NAMED_UNIT(*) SI_UNIT(.MILLI.,.METRE.));
#7441 = LINE('NONE',#12953,#3368) ;
#7442 = EDGE_CURVE('NONE',#14531,#1960,#8158,.T.) ;
#7443=CARTESIAN_POINT('NONE',(-2.306035261891,3.301,0.90738296511));
#7444=DIRECTION('NONE',(0.,-1.,0.));
#7445=CARTESIAN_POINT('NONE',(-1.658976256131,3.301,0.681501716022));
#7446 = ORIENTED_EDGE('NONE',*,*,#5282,.F.) ;
#7447=DIRECTION('NONE',(0.999974850185,0.,0.007092178509));
#7448 = ORIENTED_EDGE('NONE',*,*,#963,.T.) ;
#7449 = UNCERTAINTY_MEASURE_WITH_UNIT(LENGTH_MEASURE(1.000000000000E-05),#1875,'distance_accuracy_value','NONE');
#7450 = FILL_AREA_STYLE_COLOUR('',#2705) ;
#7451 = FILL_AREA_STYLE_COLOUR('',#10247) ;
#7452 = FILL_AREA_STYLE_COLOUR('',#1533) ;
#7453 = EDGE_LOOP('NONE',(#968,#12075,#10771,#1540)) ;
#7454 = ORIENTED_EDGE('NONE',*,*,#11237,.T.) ;
#7455 = PRESENTATION_STYLE_ASSIGNMENT((#14260)) ;
#7456=DIRECTION('NONE',(0.,0.,1.));
#7457 = EDGE_CURVE('NONE',#793,#13351,#9838,.T.) ;
#7458=CARTESIAN_POINT('NONE',(-2.106211892943,3.301,0.739930350746));
#7459 = ORIENTED_EDGE('NONE',*,*,#10150,.F.) ;
#7460=CARTESIAN_POINT('NONE',(-2.66546274503,3.301,0.614921183651));
#7461 = CYLINDRICAL_SURFACE('NONE',#9481,0.400000000000) ;
#7462=CARTESIAN_POINT('NONE',(-2.455402686888,3.301,0.917989975253));
#7463 = EDGE_CURVE('NONE',#6322,#6216,#1481,.T.) ;
#7464 =(GEOMETRIC_REPRESENTATION_CONTEXT(3) GLOBAL_UNCERTAINTY_ASSIGNED_CONTEXT((#5242)) GLOBAL_UNIT_ASSIGNED_CONTEXT((#3479,#6776,#8127)) REPRESENTATION_CONTEXT('NONE','WORKASPACE'));
#7465 =(NAMED_UNIT(*) SI_UNIT($,.STERADIAN.) SOLID_ANGLE_UNIT());
#7466 = STYLED_ITEM('NONE',(#5181),#9879) ;
#7467 = PLANE('NONE',#9024) ;
#7468 = LINE('NONE',#5086,#8105) ;
#7469=DIRECTION('NONE',(0.,0.,1.));
#7470=CARTESIAN_POINT('NONE',(-2.207526211562,3.301,0.933785088579));
#7471 = ORIENTED_EDGE('NONE',*,*,#9091,.T.) ;
#7472 =(NAMED_UNIT(*) SI_UNIT($,.STERADIAN.) SOLID_ANGLE_UNIT());
#7473=CARTESIAN_POINT('NONE',(-2.66546274503,3.299999999999,0.614921183651));
#7474 = PRESENTATION_LAYER_ASSIGNMENT('','',(#2793)) ;
#7475 = COLOUR_RGB('',1.,1.,1.) ;
#7476 = UNCERTAINTY_MEASURE_WITH_UNIT(LENGTH_MEASURE(1.000000000000E-05),#11930,'distance_accuracy_value','NONE');
#7477 =(LENGTH_UNIT() NAMED_UNIT(*) SI_UNIT(.MILLI.,.METRE.));
#7478 = ADVANCED_FACE('NONE',(#9639),#9563,.F.) ;
#7479 = SURFACE_SIDE_STYLE('',(#6349)) ;
#7480=CARTESIAN_POINT('NONE',(-2.608849350339,3.301,0.61532270605));
#7481 = VERTEX_POINT('NONE',#8753) ;
#7482 = LINE('NONE',#11981,#1819) ;
#7483=CARTESIAN_POINT('NONE',(-1.607826535789,3.301,0.809403770746));
#7484 = UNCERTAINTY_MEASURE_WITH_UNIT(LENGTH_MEASURE(1.000000000000E-05),#1247,'distance_accuracy_value','NONE');
#7485 = VECTOR('NONE',#8302,1000.) ;
#7486 = MECHANICAL_DESIGN_GEOMETRIC_PRESENTATION_REPRESENTATION('',(#1388),#8439) ;
#7487=DIRECTION('NONE',(-0.007092178509,0.,0.999974850185));
#7488 = EDGE_LOOP('NONE',(#11592,#14269)) ;
#7489 = ORIENTED_EDGE('NONE',*,*,#6028,.T.) ;
#7490 = EDGE_CURVE('NONE',#9986,#13589,#380,.T.) ;
#7491 =(LENGTH_UNIT() NAMED_UNIT(*) SI_UNIT(.MILLI.,.METRE.));
#7492 =(NAMED_UNIT(*) SI_UNIT($,.STERADIAN.) SOLID_ANGLE_UNIT());
#7493 =(LENGTH_UNIT() NAMED_UNIT(*) SI_UNIT(.MILLI.,.METRE.));
#7494=CARTESIAN_POINT('NONE',(-2.294376552045,3.301,0.917260418749));
#7495 = EDGE_LOOP('NONE',(#6773,#5273,#9480,#12321,#1621)) ;
#7496 = EDGE_CURVE('NONE',#3898,#10776,#5569,.T.) ;
#7497 = VERTEX_POINT('NONE',#14007) ;
#7498 = FILL_AREA_STYLE('',(#8470)) ;
#7499 = FACE_OUTER_BOUND('NONE',#1121,.T.) ;
#7500 = ORIENTED_EDGE('NONE',*,*,#1531,.F.) ;
#7501=CARTESIAN_POINT('NONE',(-3.899999999999,-0.324999999999,0.299999999999));
#7502 = B_SPLINE_CURVE_WITH_KNOTS('NONE',3,(#3178,#3035,#4115,#1858),.UNSPECIFIED.,.F.,.F.,(4,4),(2.000000000000,3.000000000000),.UNSPECIFIED.) ;
#7503 = SURFACE_STYLE_FILL_AREA(#1575) ;
#7504=CARTESIAN_POINT('NONE',(-1.701524076034,3.301,0.564072045136));
#7505=DIRECTION('NONE',(0.,-1.,0.));
#7506=CARTESIAN_POINT('NONE',(-2.485338288758,3.301,0.630672484786));
#7507 = ORIENTED_EDGE('NONE',*,*,#3441,.F.) ;
#7508 = B_SPLINE_CURVE_WITH_KNOTS('NONE',3,(#2093,#14410,#11067,#4343),.UNSPECIFIED.,.F.,.F.,(4,4),(12.000000000000,13.000000000000),.UNSPECIFIED.) ;
#7509=DIRECTION('NONE',(-0.999974850185,0.,-0.007092178509));
#7510 = ADVANCED_FACE('NONE',(#1840),#4162,.F.) ;
#7511=CARTESIAN_POINT('NONE',(-1.818923062534,3.301,0.969282779324));
#7512=CARTESIAN_POINT('NONE',(-2.419633215794,3.299999999999,0.642243382445));
#7513 = VERTEX_POINT('NONE',#679) ;
#7514 =(NAMED_UNIT(*) PLANE_ANGLE_UNIT() SI_UNIT($,.RADIAN.));
#7515=CARTESIAN_POINT('NONE',(-2.052416363145,3.301,0.739444253862));
#7516 =(LENGTH_UNIT() NAMED_UNIT(*) SI_UNIT(.MILLI.,.METRE.));
#7517=CARTESIAN_POINT('NONE',(-1.588586109549,3.301,0.665516266492));
#7518=CARTESIAN_POINT('NONE',(-2.313166227056,3.301,0.615361023832));
#7519=CARTESIAN_POINT('NONE',(-1.552818840819,3.299999999999,0.760339860241));
#7520 = SURFACE_SIDE_STYLE('',(#3042)) ;
#7521 = FILL_AREA_STYLE('',(#932)) ;
#7522 = SURFACE_STYLE_USAGE(.BOTH.,#9745) ;
#7523 = VERTEX_POINT('NONE',#5111) ;
#7524 = SURFACE_STYLE_USAGE(.BOTH.,#6472) ;
#7525 =(GEOMETRIC_REPRESENTATION_CONTEXT(3) GLOBAL_UNCERTAINTY_ASSIGNED_CONTEXT((#1756)) GLOBAL_UNIT_ASSIGNED_CONTEXT((#12924,#13133,#3017)) REPRESENTATION_CONTEXT('NONE','WORKASPACE'));
#7526 = LINE('NONE',#9890,#7858) ;
#7527 = ORIENTED_EDGE('NONE',*,*,#8226,.F.) ;
#7528 = B_SPLINE_CURVE_WITH_KNOTS('NONE',3,(#6011,#4768,#7152,#11862),.UNSPECIFIED.,.F.,.F.,(4,4),(34.000000000000,35.000000000000),.UNSPECIFIED.) ;
#7529 = ORIENTED_EDGE('NONE',*,*,#647,.F.) ;
#7530=CARTESIAN_POINT('NONE',(-2.633920209044,3.301,0.930760950177));
#7531 =(NAMED_UNIT(*) SI_UNIT($,.STERADIAN.) SOLID_ANGLE_UNIT());
#7532 = FILL_AREA_STYLE_COLOUR('',#11704) ;
#7533 = ORIENTED_EDGE('NONE',*,*,#2621,.T.) ;
#7534 = B_SPLINE_CURVE_WITH_KNOTS('NONE',3,(#3185,#989,#3256,#5285),.UNSPECIFIED.,.F.,.F.,(4,4),(28.000000000000,29.000000000000),.UNSPECIFIED.) ;
#7535 = FILL_AREA_STYLE_COLOUR('',#6373) ;
#7536=CARTESIAN_POINT('NONE',(-2.333861095493,3.301,0.6348661673));
#7537 = SURFACE_SIDE_STYLE('',(#880)) ;
#7538 = MECHANICAL_DESIGN_GEOMETRIC_PRESENTATION_REPRESENTATION('',(#2847),#979) ;
#7539=CARTESIAN_POINT('NONE',(-2.380200843723,3.301,0.694491458554));
#7540=CARTESIAN_POINT('NONE',(-2.391785022508,3.301,0.810449201266));
#7541 = PLANE('NONE',#12872) ;
#7542 = FILL_AREA_STYLE('',(#7402)) ;
#7543 = ORIENTED_EDGE('NONE',*,*,#11086,.F.) ;
#7544=CARTESIAN_POINT('NONE',(-2.58038220164,3.301,0.889778050659));
#7545 = ADVANCED_FACE('NONE',(#2950),#4231,.F.) ;
#7546=CARTESIAN_POINT('NONE',(-2.339976708605,3.299999999999,0.630705248285));
#7548 = SURFACE_STYLE_FILL_AREA(#9549) ;
#7547 =(GEOMETRIC_REPRESENTATION_CONTEXT(3) GLOBAL_UNCERTAINTY_ASSIGNED_CONTEXT((#6570)) GLOBAL_UNIT_ASSIGNED_CONTEXT((#628,#479,#1426)) REPRESENTATION_CONTEXT('NONE','WORKASPACE'));
#7549 = FACE_OUTER_BOUND('NONE',#12308,.T.) ;
#7550 = STYLED_ITEM('NONE',(#5936),#10461) ;
#7551=CARTESIAN_POINT('NONE',(0.,0.,0.5));
#7552 =(GEOMETRIC_REPRESENTATION_CONTEXT(3) GLOBAL_UNCERTAINTY_ASSIGNED_CONTEXT((#2781)) GLOBAL_UNIT_ASSIGNED_CONTEXT((#1709,#14829,#12581)) REPRESENTATION_CONTEXT('NONE','WORKASPACE'));
#7553 = ORIENTED_EDGE('NONE',*,*,#2426,.F.) ;
#7554 = SURFACE_SIDE_STYLE('',(#9777)) ;
#7555 = UNCERTAINTY_MEASURE_WITH_UNIT(LENGTH_MEASURE(1.000000000000E-05),#3685,'distance_accuracy_value','NONE');
#7556 = SURFACE_SIDE_STYLE('',(#13561)) ;
#7557 = LINE('NONE',#14497,#13934) ;
#7558 = VECTOR('NONE',#14588,1000.) ;
#7559=CARTESIAN_POINT('NONE',(0.,0.,24.30954544295));
#7560 = PRESENTATION_LAYER_ASSIGNMENT('','',(#9908)) ;
#7561 = EDGE_CURVE('NONE',#14075,#11107,#4575,.T.) ;
#7562=AXIS2_PLACEMENT_3D('NONE',#10588,#12857,#13855);
#7563=AXIS2_PLACEMENT_3D('NONE',#3247,#11181,#8981);
#7564=CARTESIAN_POINT('NONE',(-2.715124325989,3.301,0.676706461821));
#7565 = ORIENTED_EDGE('NONE',*,*,#7490,.F.) ;
#7566 = EDGE_CURVE('NONE',#9844,#1307,#7890,.T.) ;
#7567 = LINE('NONE',#1034,#4359) ;
#7568=CARTESIAN_POINT('NONE',(-2.324699078981,3.301,0.706489087061));
#7569 = ORIENTED_EDGE('NONE',*,*,#3415,.F.) ;
#7570 = SURFACE_SIDE_STYLE('',(#7781)) ;
#7571 = VERTEX_POINT('NONE',#12195) ;
#7572=DIRECTION('NONE',(0.,-1.,0.));
#7573=DIRECTION('NONE',(0.,0.,1.));
#7574 = ORIENTED_EDGE('NONE',*,*,#10698,.F.) ;
#7575 = PRESENTATION_STYLE_ASSIGNMENT((#12128)) ;
#7576 = PRESENTATION_LAYER_ASSIGNMENT('','',(#13873)) ;
#7577 = MECHANICAL_DESIGN_GEOMETRIC_PRESENTATION_REPRESENTATION('',(#12956),#2149) ;
#7578 = ADVANCED_FACE('NONE',(#10193),#2110,.T.) ;
#7579 =(NAMED_UNIT(*) PLANE_ANGLE_UNIT() SI_UNIT($,.RADIAN.));
#7580=CARTESIAN_POINT('NONE',(-2.563687867268,3.301,0.871367500768));
#7581=CARTESIAN_POINT('NONE',(-2.461705842647,3.299999999999,0.588416904607));
#7582=CARTESIAN_POINT('NONE',(-2.306035261891,3.299999999999,0.90738296511));
#7583 = VERTEX_POINT('NONE',#1172) ;
#7584 = EDGE_CURVE('NONE',#7883,#7370,#10123,.T.) ;
#7585=DIRECTION('NONE',(1.,1.284980352575000E-16,0.));
#7586 = VECTOR('NONE',#13363,1000.) ;
#7587=CARTESIAN_POINT('NONE',(-2.419609323552,3.299999999999,0.638874651521));
#7588 = ORIENTED_EDGE('NONE',*,*,#5144,.F.) ;
#7589=CARTESIAN_POINT('NONE',(0.,0.,0.956856893858));
#7590 = PRESENTATION_STYLE_ASSIGNMENT((#3100)) ;
#7591 = B_SPLINE_CURVE_WITH_KNOTS('NONE',3,(#1240,#8442,#8590,#2849),.UNSPECIFIED.,.F.,.F.,(4,4),(2.000000000000,3.000000000000),.UNSPECIFIED.) ;
#7592 = SURFACE_STYLE_USAGE(.BOTH.,#4990) ;
#7593 = FACE_OUTER_BOUND('NONE',#12666,.T.) ;
#7594 = PRESENTATION_STYLE_ASSIGNMENT((#928)) ;
#7595 = ADVANCED_FACE('NONE',(#3428),#8431,.F.) ;
#7596=CARTESIAN_POINT('NONE',(-2.324699078981,3.301,0.706489087061));
#7597 = UNCERTAINTY_MEASURE_WITH_UNIT(LENGTH_MEASURE(1.000000000000E-05),#1787,'distance_accuracy_value','NONE');
#7598 = STYLED_ITEM('NONE',(#11623),#5126) ;
#7599 =(LENGTH_UNIT() NAMED_UNIT(*) SI_UNIT(.MILLI.,.METRE.));
#7600 = ORIENTED_EDGE('NONE',*,*,#5055,.T.) ;
#7601=CARTESIAN_POINT('NONE',(-2.408025864834,3.301,0.879271699038));
#7602 = STYLED_ITEM('NONE',(#3971),#13103) ;
#7603 = PRESENTATION_LAYER_ASSIGNMENT('','',(#12517)) ;
#7604=CARTESIAN_POINT('NONE',(-0.8,0.4,0.299999999999));
#7605 = LINE('NONE',#9823,#14213) ;
#7606 = LINE('NONE',#14257,#7630) ;
#7607 = ORIENTED_EDGE('NONE',*,*,#7727,.T.) ;
#7608 = EDGE_LOOP('NONE',(#7613,#6368)) ;
#7609 =(NAMED_UNIT(*) PLANE_ANGLE_UNIT() SI_UNIT($,.RADIAN.));
#7610 = VECTOR('NONE',#7063,1000.) ;
#7611 = FILL_AREA_STYLE_COLOUR('',#923) ;
#7612 =(GEOMETRIC_REPRESENTATION_CONTEXT(3) GLOBAL_UNCERTAINTY_ASSIGNED_CONTEXT((#11612)) GLOBAL_UNIT_ASSIGNED_CONTEXT((#4751,#7279,#10592)) REPRESENTATION_CONTEXT('NONE','WORKASPACE'));
#7613 = ORIENTED_EDGE('NONE',*,*,#8991,.T.) ;
#7614 = LINE('NONE',#4137,#12724) ;
#7615 = EDGE_CURVE('NONE',#6455,#8751,#5741,.T.) ;
#7616 = SURFACE_STYLE_USAGE(.BOTH.,#3058) ;
#7617=CARTESIAN_POINT('NONE',(-1.658976256131,3.301,0.681501716022));
#7618 = SURFACE_STYLE_USAGE(.BOTH.,#5229) ;
#7619 =(LENGTH_UNIT() NAMED_UNIT(*) SI_UNIT(.MILLI.,.METRE.));
#7620 = VECTOR('NONE',#3595,1000.) ;
#7621 =(LENGTH_UNIT() NAMED_UNIT(*) SI_UNIT(.MILLI.,.METRE.));
#7622 = VECTOR('NONE',#10324,1000.) ;
#7623 =(GEOMETRIC_REPRESENTATION_CONTEXT(3) GLOBAL_UNCERTAINTY_ASSIGNED_CONTEXT((#14647)) GLOBAL_UNIT_ASSIGNED_CONTEXT((#1467,#4955,#5746)) REPRESENTATION_CONTEXT('NONE','WORKASPACE'));
#7624 = SURFACE_SIDE_STYLE('',(#5311)) ;
#7625 = VERTEX_POINT('NONE',#8218) ;
#7626 = UNCERTAINTY_MEASURE_WITH_UNIT(LENGTH_MEASURE(1.000000000000E-05),#5036,'distance_accuracy_value','NONE');
#7627 = PRESENTATION_LAYER_ASSIGNMENT('','',(#11856)) ;
#7628=CARTESIAN_POINT('NONE',(-1.739697190505,3.301,0.563801307785));
#7629 = FILL_AREA_STYLE_COLOUR('',#9362) ;
#7630 = VECTOR('NONE',#3269,1000.) ;
#7631 = VERTEX_POINT('NONE',#12541) ;
#7632 = VERTEX_POINT('NONE',#12765) ;
#7633=CARTESIAN_POINT('NONE',(-1.70546816098,3.301,0.63085030015));
#7634 = LINE('NONE',#2171,#8602) ;
#7635 = LINE('NONE',#1168,#8811) ;
#7636 = ADVANCED_FACE('NONE',(#12688),#4723,.T.) ;
#7637=DIRECTION('NONE',(0.,0.,-1.));
#7638=AXIS2_PLACEMENT_3D('NONE',#3824,#13888,#7225);
#7639=CARTESIAN_POINT('NONE',(-2.281391838087,3.299999999999,0.836935611256));
#7640 = VECTOR('NONE',#655,1000.) ;
#7641 = ORIENTED_EDGE('NONE',*,*,#6646,.F.) ;
#7642 = FILL_AREA_STYLE('',(#6209)) ;
#7643=AXIS2_PLACEMENT_3D('NONE',#9244,#3484,#6782);
#7644 = LINE('NONE',#10001,#654) ;
#7645 = ORIENTED_EDGE('NONE',*,*,#14800,.T.) ;
#7646 = ORIENTED_EDGE('NONE',*,*,#14818,.T.) ;
#7647 = SURFACE_STYLE_FILL_AREA(#13205) ;
#7648 = FILL_AREA_STYLE('',(#5336)) ;
#7649 = VERTEX_POINT('NONE',#433) ;
#7650 = EDGE_CURVE('NONE',#10821,#509,#9249,.T.) ;
#7651 =(NAMED_UNIT(*) PLANE_ANGLE_UNIT() SI_UNIT($,.RADIAN.));
#7652 = EDGE_CURVE('NONE',#5067,#7418,#10423,.T.) ;
#7653 = FILL_AREA_STYLE('',(#1982)) ;
#7654 = SURFACE_SIDE_STYLE('',(#7426)) ;
#7655 = ORIENTED_EDGE('NONE',*,*,#11330,.T.) ;
#7656 = LINE('NONE',#8770,#6814) ;
#7657 =(GEOMETRIC_REPRESENTATION_CONTEXT(3) GLOBAL_UNCERTAINTY_ASSIGNED_CONTEXT((#3188)) GLOBAL_UNIT_ASSIGNED_CONTEXT((#1355,#12233,#6760)) REPRESENTATION_CONTEXT('NONE','WORKASPACE'));
#7658=CARTESIAN_POINT('NONE',(-2.298023308509,3.301,0.617776743443));
#7659 = ORIENTED_EDGE('NONE',*,*,#7840,.F.) ;
#7660=DIRECTION('NONE',(-1.,0.,0.));
#7661 = SURFACE_SIDE_STYLE('',(#8775)) ;
#7662 =(LENGTH_UNIT() NAMED_UNIT(*) SI_UNIT(.MILLI.,.METRE.));
#7663 = ADVANCED_FACE('NONE',(#6950,#4949),#9472,.T.) ;
#7664 = LINE('NONE',#12217,#10155) ;
#7665=AXIS2_PLACEMENT_3D('NONE',#7974,#2523,#3696);
#7666=CARTESIAN_POINT('NONE',(-2.313166227056,3.299999999999,0.615361023832));
#7667 = FILL_AREA_STYLE('',(#5134)) ;
#7668 = MECHANICAL_DESIGN_GEOMETRIC_PRESENTATION_REPRESENTATION('',(#5739),#412) ;
#7669=CARTESIAN_POINT('NONE',(2.,2.,-0.01));
#7670=CARTESIAN_POINT('NONE',(-2.559072083606,3.301,0.629588055003));
#7671=CARTESIAN_POINT('NONE',(-1.805792564245,3.299999999999,0.708224100913));
#7672 = EDGE_LOOP('NONE',(#1744,#8555,#865,#14518,#11628,#2785,#9341,#11426,#9177,#4332,#3222)) ;
#7673 = EDGE_CURVE('NONE',#1852,#1886,#10869,.T.) ;
#7674 = COLOUR_RGB('',0.647058823529,0.619607843137,0.588235294117) ;
#7675=CARTESIAN_POINT('NONE',(-1.701302644687,3.301,0.899840238057));
#7676=CARTESIAN_POINT('NONE',(-2.334935568087,3.299999999999,0.694001464471));
#7677 = EDGE_LOOP('NONE',(#5109,#1265,#13127,#12618)) ;
#7678 = EDGE_LOOP('NONE',(#10371,#14323,#12414,#4623)) ;
#7679=CARTESIAN_POINT('NONE',(-2.308492081909,3.299999999999,0.629244098306));
#7680=CARTESIAN_POINT('NONE',(0.,0.,7.7));
#7681 = SURFACE_SIDE_STYLE('',(#5302)) ;
#7682 = EDGE_LOOP('NONE',(#5876,#10408,#3754,#10112)) ;
#7683=DIRECTION('NONE',(0.,0.,1.));
#7684=DIRECTION('NONE',(-0.245553034398,0.,-0.969383158146));
#7685=DIRECTION('NONE',(0.,-1.,0.));
#7686=CARTESIAN_POINT('NONE',(-2.323922807215,3.301,0.627824530171));
#7687=CARTESIAN_POINT('NONE',(-2.470464368018,3.301,0.600645033687));
#7688=AXIS2_PLACEMENT_3D('NONE',#3225,#6643,#4505);
#7689 = LINE('NONE',#8660,#13800) ;
#7690 = VECTOR('NONE',#8007,1000.) ;
#7691 = ORIENTED_EDGE('NONE',*,*,#5402,.T.) ;
#7692 = ORIENTED_EDGE('NONE',*,*,#13908,.F.) ;
#7693 = EDGE_CURVE('NONE',#593,#13100,#4214,.T.) ;
#7694=CARTESIAN_POINT('NONE',(-2.335942800976,3.299999999999,0.822823566679));
#7695 =(LENGTH_UNIT() NAMED_UNIT(*) SI_UNIT(.MILLI.,.METRE.));
#7696 = LINE('NONE',#5317,#7953) ;
#7697 = CIRCLE('NONE',#4182,3.150000000000) ;
#7698 = ORIENTED_EDGE('NONE',*,*,#3580,.F.) ;
#7699 = COLOUR_RGB('',0.647058823529,0.619607843137,0.588235294117) ;
#7700 = FACE_OUTER_BOUND('NONE',#6777,.T.) ;
#7701=CARTESIAN_POINT('NONE',(-2.550550308789,3.301,0.905835938266));
#7702=DIRECTION('NONE',(0.,0.,1.));
#7703=CARTESIAN_POINT('NONE',(-2.559739296584,3.301,0.723662985245));
#7704 = ORIENTED_EDGE('NONE',*,*,#4124,.F.) ;
#7705 = CIRCLE('NONE',#12388,0.299999999999) ;
#7706=CARTESIAN_POINT('NONE',(-2.550550308789,3.299999999999,0.905835938266));
#7707 = FILL_AREA_STYLE('',(#3429)) ;
#7708 = ORIENTED_EDGE('NONE',*,*,#5418,.F.) ;
#7709 = ORIENTED_EDGE('NONE',*,*,#2150,.F.) ;
#7710 =(NAMED_UNIT(*) PLANE_ANGLE_UNIT() SI_UNIT($,.RADIAN.));
#7711=DIRECTION('NONE',(0.,0.,-1.));
#7712 = VERTEX_POINT('NONE',#3067) ;
#7713=CARTESIAN_POINT('NONE',(-2.384173936207,3.299999999999,0.630142237598));
#7714 = COLOUR_RGB('',0.647058823529,0.619607843137,0.588235294117) ;
#7715 = VECTOR('NONE',#5626,1000.) ;
#7716 = VECTOR('NONE',#8408,1000.) ;
#7717=DIRECTION('NONE',(0.999974850185,0.,0.007092178509));
#7718 = SURFACE_SIDE_STYLE('',(#5683)) ;
#7719 =(LENGTH_UNIT() NAMED_UNIT(*) SI_UNIT(.MILLI.,.METRE.));
#7720 = SURFACE_STYLE_USAGE(.BOTH.,#2459) ;
#7721 = ORIENTED_EDGE('NONE',*,*,#7900,.F.) ;
#7722 = COLOUR_RGB('',0.250980392156,0.250980392156,0.250980392156) ;
#7723 = FILL_AREA_STYLE_COLOUR('',#13208) ;
#7724 = ORIENTED_EDGE('NONE',*,*,#11149,.F.) ;
#7725=DIRECTION('NONE',(0.,-1.,0.));
#7726 = PLANE('NONE',#1928) ;
#7727 = EDGE_CURVE('NONE',#11470,#2724,#14857,.T.) ;
#7728=CARTESIAN_POINT('NONE',(1.799999999999,-3.299999999999,1.));
#7729 = EDGE_CURVE('NONE',#13623,#10404,#4527,.T.) ;
#7730=CARTESIAN_POINT('NONE',(-2.419633215794,3.301,0.642243382445));
#7731=CARTESIAN_POINT('NONE',(-2.731818660363,3.301,0.695117011712));
#7732=CARTESIAN_POINT('NONE',(-1.757897730363,3.301,0.683402932274));
#7733=CARTESIAN_POINT('NONE',(-2.221805677804,3.299999999999,0.726059731072));
#7734 = FILL_AREA_STYLE_COLOUR('',#7122) ;
#7735 = EDGE_CURVE('NONE',#3284,#12912,#14424,.T.) ;
#7736 = ORIENTED_EDGE('NONE',*,*,#4111,.T.) ;
#7737=DIRECTION('NONE',(0.,0.,1.));
#7738=CARTESIAN_POINT('NONE',(-2.533334105212,3.301,0.809445284656));
#7739 = EDGE_CURVE('NONE',#521,#12957,#5157,.T.) ;
#7740=CARTESIAN_POINT('NONE',(-2.454718845175,3.299999999999,0.588466458886));
#7741 = ORIENTED_EDGE('NONE',*,*,#14461,.T.) ;
#7742 = EDGE_LOOP('NONE',(#1279,#8371,#10623,#2573)) ;
#7743=CARTESIAN_POINT('NONE',(-2.312726897553,3.301,0.694158976288));
#7744=DIRECTION('NONE',(1.,0.,0.));
#7745=DIRECTION('NONE',(0.,-1.,0.));
#7746=CARTESIAN_POINT('NONE',(-2.696374443533,3.301,0.80828894439));
#7747=CARTESIAN_POINT('NONE',(-2.221429596218,3.299999999999,0.673033410975));
#7748 =(NAMED_UNIT(*) SI_UNIT($,.STERADIAN.) SOLID_ANGLE_UNIT());
#7749=CARTESIAN_POINT('NONE',(-2.642732928143,3.299999999999,0.911046528367));
#7750 = UNCERTAINTY_MEASURE_WITH_UNIT(LENGTH_MEASURE(1.000000000000E-05),#10481,'distance_accuracy_value','NONE');
#7751 = EDGE_CURVE('NONE',#8397,#8469,#1825,.T.) ;
#7752 = PLANE('NONE',#595) ;
#7753 = ORIENTED_EDGE('NONE',*,*,#10024,.F.) ;
#7754 = STYLED_ITEM('NONE',(#5984),#14070) ;
#7755=DIRECTION('NONE',(-0.999974850185,0.,-0.007092178509));
#7756 = ORIENTED_EDGE('NONE',*,*,#12876,.F.) ;
#7757 = EDGE_CURVE('NONE',#11513,#11803,#8452,.T.) ;
#7758 = PRESENTATION_STYLE_ASSIGNMENT((#2443)) ;
#7759 = ORIENTED_EDGE('NONE',*,*,#2197,.T.) ;
#7760 =(NAMED_UNIT(*) SI_UNIT($,.STERADIAN.) SOLID_ANGLE_UNIT());
#7761 =(LENGTH_UNIT() NAMED_UNIT(*) SI_UNIT(.MILLI.,.METRE.));
#7762=CARTESIAN_POINT('NONE',(-2.433668711138,3.301,0.650815636819));
#7763 = UNCERTAINTY_MEASURE_WITH_UNIT(LENGTH_MEASURE(1.000000000000E-05),#13380,'distance_accuracy_value','NONE');
#7764=CARTESIAN_POINT('NONE',(-2.701986767511,3.301,0.711174899319));
#7765 = LINE('NONE',#4356,#7254) ;
#7766 = ORIENTED_EDGE('NONE',*,*,#9020,.T.) ;
#7767 = PRESENTATION_LAYER_ASSIGNMENT('','',(#8482)) ;
#7768 = MECHANICAL_DESIGN_GEOMETRIC_PRESENTATION_REPRESENTATION('',(#6339),#1906) ;
#7769 = SURFACE_STYLE_FILL_AREA(#9846) ;
#7770 = LINE('NONE',#6632,#10744) ;
#7771=CARTESIAN_POINT('NONE',(-2.021128493468,3.299999999999,0.854191212864));
#7772 = EDGE_CURVE('NONE',#3019,#8209,#5092,.T.) ;
#7773=CARTESIAN_POINT('NONE',(-2.461705842647,3.301,0.588416904607));
#7774=DIRECTION('NONE',(-0.999974850185,0.,-0.007092178509));
#7775 = STYLED_ITEM('NONE',(#10160),#14507) ;
#7776 = EDGE_LOOP('NONE',(#2837,#3495,#5748,#3544,#11044,#13812,#451)) ;
#7777 = VECTOR('NONE',#9888,1000.) ;
#7778 = PRESENTATION_STYLE_ASSIGNMENT((#2387)) ;
#7779=CARTESIAN_POINT('NONE',(-2.431933018816,3.301,0.625997903456));
#7780 = UNCERTAINTY_MEASURE_WITH_UNIT(LENGTH_MEASURE(1.000000000000E-05),#13423,'distance_accuracy_value','NONE');
#7781 = SURFACE_STYLE_FILL_AREA(#10963) ;
#7782 = ORIENTED_EDGE('NONE',*,*,#11094,.F.) ;
#7783 = FILL_AREA_STYLE('',(#11228)) ;
#7784 = SURFACE_STYLE_USAGE(.BOTH.,#3230) ;
#7785 = ORIENTED_EDGE('NONE',*,*,#14332,.T.) ;
#7786 = SURFACE_STYLE_USAGE(.BOTH.,#8831) ;
#7787 = VECTOR('NONE',#9945,1000.) ;
#7788 = EDGE_CURVE('NONE',#9496,#3343,#4080,.T.) ;
#7789=CARTESIAN_POINT('NONE',(-2.606938696619,3.301,0.737365315155));
#7790 = VECTOR('NONE',#2487,1000.) ;
#7791 = PRESENTATION_LAYER_ASSIGNMENT('','',(#6824)) ;
#7792 = SURFACE_STYLE_USAGE(.BOTH.,#10207) ;
#7793 = ORIENTED_EDGE('NONE',*,*,#12646,.F.) ;
#7794=CARTESIAN_POINT('NONE',(-2.340286635026,3.299999999999,0.617227448673));
#7795 = ORIENTED_EDGE('NONE',*,*,#7735,.T.) ;
#7796=DIRECTION('NONE',(0.999974850185,0.,0.007092178509));
#7797 = UNCERTAINTY_MEASURE_WITH_UNIT(LENGTH_MEASURE(1.000000000000E-05),#12928,'distance_accuracy_value','NONE');
#7798 = STYLED_ITEM('NONE',(#3663),#13842) ;
#7799=AXIS2_PLACEMENT_3D('NONE',#4937,#2687,#5143);
#7800 = LINE('NONE',#2332,#506) ;
#7801 = VERTEX_POINT('NONE',#7473) ;
#7802 = LINE('NONE',#11393,#10622) ;
#7803=CARTESIAN_POINT('NONE',(-2.731818660363,3.299999999999,0.695117011712));
#7804 = FILL_AREA_STYLE('',(#1415)) ;
#7805=DIRECTION('NONE',(0.,0.,1.));
#7806=DIRECTION('NONE',(0.,0.,-1.));
#7807 = LINE('NONE',#4191,#13244) ;
#7808 = COLOUR_RGB('',0.647058823529,0.619607843137,0.588235294117) ;
#7809 = EDGE_CURVE('NONE',#3303,#5515,#11975,.T.) ;
#7810 = PRESENTATION_LAYER_ASSIGNMENT('','',(#5894)) ;
#7811 = CYLINDRICAL_SURFACE('NONE',#10842,0.299999999999) ;
#7812 = B_SPLINE_CURVE_WITH_KNOTS('NONE',3,(#11045,#6808,#3173,#13427),.UNSPECIFIED.,.F.,.F.,(4,4),(5.000000000000,6.000000000000),.UNSPECIFIED.) ;
#7813 = ORIENTED_EDGE('NONE',*,*,#11406,.F.) ;
#7814 = FILL_AREA_STYLE_COLOUR('',#12458) ;
#7815=CARTESIAN_POINT('NONE',(-1.714303895699,3.299999999999,0.898012801955));
#7816 = SURFACE_STYLE_USAGE(.BOTH.,#5640) ;
#7817 = VERTEX_POINT('NONE',#14061) ;
#7818 =(GEOMETRIC_REPRESENTATION_CONTEXT(3) GLOBAL_UNCERTAINTY_ASSIGNED_CONTEXT((#523)) GLOBAL_UNIT_ASSIGNED_CONTEXT((#6631,#1098,#893)) REPRESENTATION_CONTEXT('NONE','WORKASPACE'));
#7819 = VERTEX_POINT('NONE',#6346) ;
#7820=CARTESIAN_POINT('NONE',(-2.381064922802,3.299999999999,0.66678548266));
#7821 =(LENGTH_UNIT() NAMED_UNIT(*) SI_UNIT(.MILLI.,.METRE.));
#7822 = EDGE_CURVE('NONE',#14696,#2612,#3998,.T.) ;
#7823 = VECTOR('NONE',#9653,1000.) ;
#7824 =(LENGTH_UNIT() NAMED_UNIT(*) SI_UNIT(.MILLI.,.METRE.));
#7825=CARTESIAN_POINT('NONE',(-2.376827022548,3.301,0.680603076085));
#7826=CARTESIAN_POINT('NONE',(-2.296761950676,3.301,0.844562594389));
#7827 = ORIENTED_EDGE('NONE',*,*,#11407,.F.) ;
#7828 = ADVANCED_FACE('NONE',(#9769),#11461,.F.) ;
#7829 = MECHANICAL_DESIGN_GEOMETRIC_PRESENTATION_REPRESENTATION('',(#3818),#580) ;
#7830 = PRESENTATION_LAYER_ASSIGNMENT('','',(#14600)) ;
#7831 = VERTEX_POINT('NONE',#2299) ;
#7832 = B_SPLINE_CURVE_WITH_KNOTS('NONE',3,(#13658,#8181,#624,#2660),.UNSPECIFIED.,.F.,.F.,(4,4),(11.,12.000000000000),.UNSPECIFIED.) ;
#7833=CARTESIAN_POINT('NONE',(-2.367504634313,3.299999999999,0.830772421658));
#7834 = ORIENTED_EDGE('NONE',*,*,#7903,.T.) ;
#7835 = SURFACE_STYLE_USAGE(.BOTH.,#12524) ;
#7836=CARTESIAN_POINT('NONE',(-2.455811225115,3.301,0.575357432097));
#7837=DIRECTION('NONE',(0.007092178509,0.,-0.999974850185));
#7838 = ORIENTED_EDGE('NONE',*,*,#3427,.F.) ;
#7839 = CIRCLE('NONE',#4071,0.500000000000) ;
#7840 = EDGE_CURVE('NONE',#14770,#2939,#12433,.T.) ;
#7841 = B_SPLINE_CURVE_WITH_KNOTS('NONE',3,(#756,#5993,#7133,#1627),.UNSPECIFIED.,.F.,.F.,(4,4),(9.000000000000,10.),.UNSPECIFIED.) ;
#7842 =(NAMED_UNIT(*) PLANE_ANGLE_UNIT() SI_UNIT($,.RADIAN.));
#7843 = FILL_AREA_STYLE_COLOUR('',#5061) ;
#7844 =(NAMED_UNIT(*) SI_UNIT($,.STERADIAN.) SOLID_ANGLE_UNIT());
#7845=CARTESIAN_POINT('NONE',(-2.339976708605,3.301,0.630705248285));
#7846 = FACE_OUTER_BOUND('NONE',#5977,.T.) ;
#7847 = PRESENTATION_LAYER_ASSIGNMENT('','',(#14158)) ;
#7848 = EDGE_LOOP('NONE',(#4098,#10974,#11334,#8163,#2424,#2192,#14212)) ;
#7849=DIRECTION('NONE',(0.,-1.,0.));
#7850 = EDGE_CURVE('NONE',#11540,#12731,#9016,.T.) ;
#7851 = LINE('NONE',#14569,#10584) ;
#7852 = ORIENTED_EDGE('NONE',*,*,#8473,.F.) ;
#7853 = PLANE('NONE',#10431) ;
#7854 = ORIENTED_EDGE('NONE',*,*,#5305,.T.) ;
#7855 = ADVANCED_FACE('NONE',(#12179),#9606,.F.) ;
#7856 = TOROIDAL_SURFACE('NONE',#5877,2.650000000000,0.500000000000) ;
#7857 = B_SPLINE_CURVE_WITH_KNOTS('NONE',3,(#14619,#4551,#13521,#9221),.UNSPECIFIED.,.F.,.F.,(4,4),(5.000000000000,6.000000000000),.UNSPECIFIED.) ;
#7858 = VECTOR('NONE',#13040,1000.) ;
#7859=AXIS2_PLACEMENT_3D('NONE',#5665,#1241,#12683);
#7860=CARTESIAN_POINT('NONE',(-2.712964552639,3.301,0.631678333935));
#7861 = VECTOR('NONE',#6148,1000.) ;
#7862 = VERTEX_POINT('NONE',#4352) ;
#7863 = B_SPLINE_CURVE_WITH_KNOTS('NONE',3,(#8401,#6143,#5184,#10674),.UNSPECIFIED.,.F.,.F.,(4,4),(3.000000000000,4.000000000000),.UNSPECIFIED.) ;
#7864=CARTESIAN_POINT('NONE',(0.9,0.324999999999,-0.05));
#7865 = B_SPLINE_CURVE_WITH_KNOTS('NONE',3,(#5861,#12432,#12361,#4853),.UNSPECIFIED.,.F.,.F.,(4,4),(13.000000000000,14.000000000000),.UNSPECIFIED.) ;
#7866 = EDGE_CURVE('NONE',#10037,#2896,#2023,.T.) ;
#7867 = SURFACE_STYLE_FILL_AREA(#5486) ;
#7868 = VECTOR('NONE',#12745,1000.) ;
#7869 = SURFACE_SIDE_STYLE('',(#13430)) ;
#7870=CARTESIAN_POINT('NONE',(-1.55308342491,3.299999999999,0.797645384371));
#7871 = FACE_OUTER_BOUND('NONE',#4027,.T.) ;
#7872=CARTESIAN_POINT('NONE',(-1.827069550709,3.299999999999,0.649943044093));
#7873 = VECTOR('NONE',#2378,1000.) ;
#7874 = LINE('NONE',#6673,#7586) ;
#7875=DIRECTION('NONE',(0.,0.,1.));
#7876 = FACE_BOUND('NONE',#3687,.T.) ;
#7877 = VECTOR('NONE',#9029,1000.) ;
#7878=CARTESIAN_POINT('NONE',(-2.641082409328,3.299999999999,0.9114325567));
#7879 =(NAMED_UNIT(*) PLANE_ANGLE_UNIT() SI_UNIT($,.RADIAN.));
#7880 = VERTEX_POINT('NONE',#5522) ;
#7881 =(LENGTH_UNIT() NAMED_UNIT(*) SI_UNIT(.MILLI.,.METRE.));
#7882 = FACE_OUTER_BOUND('NONE',#13150,.T.) ;
#7883 = VERTEX_POINT('NONE',#10050) ;
#7884 = SURFACE_STYLE_USAGE(.BOTH.,#5642) ;
#7885=CARTESIAN_POINT('NONE',(-1.71134431028,3.299999999999,0.847712221265));
#7886 = VECTOR('NONE',#14274,1000.) ;
#7887=CARTESIAN_POINT('NONE',(-2.205287862451,3.299999999999,0.618184908146));
#7888 = EDGE_CURVE('NONE',#10785,#13064,#14485,.T.) ;
#7889 = SURFACE_STYLE_USAGE(.BOTH.,#13663) ;
#7890 = B_SPLINE_CURVE_WITH_KNOTS('NONE',3,(#12262,#5536,#3224,#7706),.UNSPECIFIED.,.F.,.F.,(4,4),(4.000000000000,5.000000000000),.UNSPECIFIED.) ;
#7891 = ADVANCED_FACE('NONE',(#12600),#4789,.T.) ;
#7892=DIRECTION('NONE',(0.,0.,-1.));
#7893=CARTESIAN_POINT('NONE',(-1.978285258156,3.299999999999,0.807643913064));
#7894=CARTESIAN_POINT('NONE',(-2.666760454689,3.301,0.841876045909));
#7895 = VERTEX_POINT('NONE',#2366) ;
#7896=AXIS2_PLACEMENT_3D('NONE',#6948,#2543,#11367);
#7897=DIRECTION('NONE',(0.,-1.,0.));
#7898 = ORIENTED_EDGE('NONE',*,*,#11507,.T.) ;
#7899=AXIS2_PLACEMENT_3D('NONE',#3658,#8241,#12639);
#7900 = EDGE_CURVE('NONE',#6213,#12021,#13677,.T.) ;
#7901=CARTESIAN_POINT('NONE',(-2.527370231196,3.299999999999,0.703055285512));
#7902=CARTESIAN_POINT('NONE',(-2.367397561674,3.301,0.815675516406));
#7903 = EDGE_CURVE('NONE',#6970,#5220,#5729,.T.) ;
#7904 = PRESENTATION_STYLE_ASSIGNMENT((#12445)) ;
#7905 = ADVANCED_FACE('NONE',(#3477),#8124,.F.) ;
#7906 = ORIENTED_EDGE('NONE',*,*,#9311,.F.) ;
#7907=CARTESIAN_POINT('NONE',(-1.568084401449,3.299999999999,0.833111174432));
#7908 = VECTOR('NONE',#8754,1000.) ;
#7909=CARTESIAN_POINT('NONE',(-2.514026286307,3.299999999999,0.809582222598));
#7910 = PRESENTATION_STYLE_ASSIGNMENT((#11441)) ;
#7911 = LINE('NONE',#11526,#11613) ;
#7912=AXIS2_PLACEMENT_3D('NONE',#10895,#1846,#9570);
#7913 = FILL_AREA_STYLE_COLOUR('',#1994) ;
#7914=DIRECTION('NONE',(1.,0.,0.));
#7915 = UNCERTAINTY_MEASURE_WITH_UNIT(LENGTH_MEASURE(1.000000000000E-05),#11322,'distance_accuracy_value','NONE');
#7916 = VERTEX_POINT('NONE',#5954) ;
#7917 = B_SPLINE_CURVE_WITH_KNOTS('NONE',3,(#806,#652,#11672,#11819),.UNSPECIFIED.,.F.,.F.,(4,4),(0.,1.),.UNSPECIFIED.) ;
#7918 = VECTOR('NONE',#10392,1000.) ;
#7919 = EDGE_CURVE('NONE',#12925,#5067,#10253,.T.) ;
#7920 = FILL_AREA_STYLE_COLOUR('',#2461) ;
#7921=CARTESIAN_POINT('NONE',(0.8,-2.710505431213000E-17,0.299999999999));
#7922 = COLOUR_RGB('',0.647058823529,0.619607843137,0.588235294117) ;
#7923 = UNCERTAINTY_MEASURE_WITH_UNIT(LENGTH_MEASURE(1.000000000000E-05),#6333,'distance_accuracy_value','NONE');
#7924 = EDGE_LOOP('NONE',(#8426,#4626,#1143,#1698)) ;
#7925=CARTESIAN_POINT('NONE',(-2.352177049169,3.301,0.81044937345));
#7926 = ORIENTED_EDGE('NONE',*,*,#2853,.T.) ;
#7927 = SURFACE_STYLE_USAGE(.BOTH.,#13484) ;
#7928 = MECHANICAL_DESIGN_GEOMETRIC_PRESENTATION_REPRESENTATION('',(#6724),#5545) ;
#7929 = VECTOR('NONE',#1000,1000.) ;
#7930=CARTESIAN_POINT('NONE',(-2.559416786128,3.301,0.898099447633));
#7931=AXIS2_PLACEMENT_3D('NONE',#8980,#5074,#4061);
#7932 = VECTOR('NONE',#13089,1000.) ;
#7933 = ADVANCED_FACE('NONE',(#12442),#7238,.F.) ;
#7934 = SURFACE_STYLE_USAGE(.BOTH.,#14510) ;
#7935 = ORIENTED_EDGE('NONE',*,*,#1981,.F.) ;
#7936 = FILL_AREA_STYLE('',(#3439)) ;
#7937 = ORIENTED_EDGE('NONE',*,*,#4736,.T.) ;
#7938 =(LENGTH_UNIT() NAMED_UNIT(*) SI_UNIT(.MILLI.,.METRE.));
#7939=CARTESIAN_POINT('NONE',(0.,0.,1.5));
#7940 = UNCERTAINTY_MEASURE_WITH_UNIT(LENGTH_MEASURE(1.000000000000E-05),#6279,'distance_accuracy_value','NONE');
#7941 = FILL_AREA_STYLE('',(#14516)) ;
#7942 = ORIENTED_EDGE('NONE',*,*,#11296,.T.) ;
#7943 = LINE('NONE',#1410,#6499) ;
#7944 = EDGE_LOOP('NONE',(#10964,#13876,#11764,#4742)) ;
#7945=DIRECTION('NONE',(0.007092178509,0.,-0.999974850185));
#7946 = PRESENTATION_LAYER_ASSIGNMENT('','',(#2288)) ;
#7947=CARTESIAN_POINT('NONE',(2.,-2.,-0.01));
#7948=CARTESIAN_POINT('NONE',(-1.985225815397,3.299999999999,0.807594688155));
#7949 = STYLED_ITEM('NONE',(#8704),#2729) ;
#7950 = ADVANCED_FACE('NONE',(#9604),#12965,.F.) ;
#7951 = SURFACE_STYLE_USAGE(.BOTH.,#2500) ;
#7952=DIRECTION('NONE',(0.,0.,1.));
#7953 = VECTOR('NONE',#7837,1000.) ;
#7954 = COLOUR_RGB('',0.647058823529,0.619607843137,0.588235294117) ;
#7955 =(LENGTH_UNIT() NAMED_UNIT(*) SI_UNIT(.MILLI.,.METRE.));
#7956 = ORIENTED_EDGE('NONE',*,*,#7399,.F.) ;
#7957 = FACE_OUTER_BOUND('NONE',#11350,.T.) ;
#7958=CARTESIAN_POINT('NONE',(-1.7073694916,3.299999999999,0.898929600656));
#7959=CARTESIAN_POINT('NONE',(-2.,2.,-0.01));
#7960=DIRECTION('NONE',(0.,-1.,0.));
#7961 = ORIENTED_EDGE('NONE',*,*,#11780,.T.) ;
#7962=CARTESIAN_POINT('NONE',(0.,0.,1.202431676652));
#7963 =(NAMED_UNIT(*) SI_UNIT($,.STERADIAN.) SOLID_ANGLE_UNIT());
#7964=DIRECTION('NONE',(0.,0.,-1.));
#7965=AXIS2_PLACEMENT_3D('NONE',#5946,#1512,#1578);
#7966=CARTESIAN_POINT('NONE',(-2.413133344842,3.301,0.649401604865));
#7967 = PLANE('NONE',#6899) ;
#7968 =(NAMED_UNIT(*) PLANE_ANGLE_UNIT() SI_UNIT($,.RADIAN.));
#7969 =(NAMED_UNIT(*) SI_UNIT($,.STERADIAN.) SOLID_ANGLE_UNIT());
#7970 = VERTEX_POINT('NONE',#5139) ;
#7971 = LINE('NONE',#5517,#8244) ;
#7972 = ORIENTED_EDGE('NONE',*,*,#8926,.F.) ;
#7973=CARTESIAN_POINT('NONE',(-2.643917557988,3.299999999999,0.906546259382));
#7974=CARTESIAN_POINT('NONE',(-2.603099865801,3.301,0.684301167068));
#7975 = ORIENTED_EDGE('NONE',*,*,#2167,.F.) ;
#7976=CARTESIAN_POINT('NONE',(0.9,-0.325,-0.05));
#7977 = ORIENTED_EDGE('NONE',*,*,#10823,.F.) ;
#7978 = LINE('NONE',#1377,#10146) ;
#7979=CARTESIAN_POINT('NONE',(-2.105996533761,3.299999999999,0.709565383857));
#7980 =(GEOMETRIC_REPRESENTATION_CONTEXT(3) GLOBAL_UNCERTAINTY_ASSIGNED_CONTEXT((#6789)) GLOBAL_UNIT_ASSIGNED_CONTEXT((#748,#6284,#5251)) REPRESENTATION_CONTEXT('NONE','WORKASPACE'));
#7981 = SURFACE_STYLE_FILL_AREA(#13469) ;
#7982 =(NAMED_UNIT(*) PLANE_ANGLE_UNIT() SI_UNIT($,.RADIAN.));
#7983=DIRECTION('NONE',(-0.999974850185,0.,-0.007092178509));
#7984=CARTESIAN_POINT('NONE',(-2.415737983181,3.301,0.6471995853));
#7985 = ADVANCED_FACE('NONE',(#1806),#9454,.T.) ;
#7986 = ORIENTED_EDGE('NONE',*,*,#14603,.F.) ;
#7987 = LINE('NONE',#13832,#4348) ;
#7988 = UNCERTAINTY_MEASURE_WITH_UNIT(LENGTH_MEASURE(1.000000000000E-05),#7938,'distance_accuracy_value','NONE');
#7989 = COLOUR_RGB('',0.647058823529,0.619607843137,0.588235294117) ;
#7990=CARTESIAN_POINT('NONE',(-2.339326813793,3.301,0.934909084123));
#7991 = SURFACE_STYLE_USAGE(.BOTH.,#12613) ;
#7992 =(LENGTH_UNIT() NAMED_UNIT(*) SI_UNIT(.MILLI.,.METRE.));
#7993 = ORIENTED_EDGE('NONE',*,*,#1811,.F.) ;
#7994=CARTESIAN_POINT('NONE',(-2.515416004456,3.301,0.917564339388));
#7995 = FILL_AREA_STYLE('',(#8147)) ;
#7996 = ORIENTED_EDGE('NONE',*,*,#2878,.F.) ;
#7997=CARTESIAN_POINT('NONE',(-2.813428749957,3.299999999999,0.661036361202));
#7998 = FACE_BOUND('NONE',#8529,.T.) ;
#7999 = EDGE_CURVE('NONE',#4827,#11039,#13164,.T.) ;
#8001 = SURFACE_SIDE_STYLE('',(#4585)) ;
#8000 = B_SPLINE_SURFACE_WITH_KNOTS('NONE',3,1,((#5597,#2606),(#10640,#7247),(#423,#2922),(#9393,#5148)),.UNSPECIFIED.,.F.,.F.,.F.,(4,4),(2,2),(19.000000000000,20.),(0.,1.),.UNSPECIFIED.) ;
#8002 = ORIENTED_EDGE('NONE',*,*,#1637,.T.) ;
#8003 = EDGE_CURVE('NONE',#11913,#5076,#897,.T.) ;
#8004=CARTESIAN_POINT('NONE',(-2.381064922802,3.301,0.66678548266));
#8005 = ORIENTED_EDGE('NONE',*,*,#3596,.T.) ;
#8006 = B_SPLINE_CURVE_WITH_KNOTS('NONE',3,(#12062,#837,#5339,#5268),.UNSPECIFIED.,.F.,.F.,(4,4),(0.,1.),.UNSPECIFIED.) ;
#8007=DIRECTION('NONE',(-0.007092178509,0.,0.999974850185));
#8008 = ORIENTED_EDGE('NONE',*,*,#10434,.T.) ;
#8009=CARTESIAN_POINT('NONE',(-2.410662989055,3.299999999999,0.666138853302));
#8010 = FILL_AREA_STYLE_COLOUR('',#11299) ;
#8011 = FILL_AREA_STYLE('',(#6977)) ;
#8012 =(GEOMETRIC_REPRESENTATION_CONTEXT(3) GLOBAL_UNCERTAINTY_ASSIGNED_CONTEXT((#6949)) GLOBAL_UNIT_ASSIGNED_CONTEXT((#8081,#3507,#6888)) REPRESENTATION_CONTEXT('NONE','WORKASPACE'));
#8013 = SURFACE_STYLE_FILL_AREA(#2202) ;
#8014=CARTESIAN_POINT('NONE',(-2.022531339528,3.299999999999,0.807330104064));
#8015 = LINE('NONE',#13502,#6742) ;
#8016 = EDGE_CURVE('NONE',#13623,#2918,#7605,.T.) ;
#8017=CARTESIAN_POINT('NONE',(-3.899999999999,0.325,0.299999999999));
#8018 = B_SPLINE_CURVE_WITH_KNOTS('NONE',3,(#6221,#14300,#3027,#12132),.UNSPECIFIED.,.F.,.F.,(4,4),(2.000000000000,3.000000000000),.UNSPECIFIED.) ;
#8019=DIRECTION('NONE',(0.,-1.,0.));
#8020 = SURFACE_STYLE_FILL_AREA(#3522) ;
#8021 = SURFACE_STYLE_USAGE(.BOTH.,#2209) ;
#8022 = VERTEX_POINT('NONE',#4721) ;
#8023 = SURFACE_SIDE_STYLE('',(#12291)) ;
#8024=CARTESIAN_POINT('NONE',(-2.580253891451,3.301,0.871686717921));
#8025 = EDGE_CURVE('NONE',#8022,#7497,#8296,.T.) ;
#8026=CARTESIAN_POINT('NONE',(-2.294529598992,3.301,0.683744627587));
#8027=CARTESIAN_POINT('NONE',(-2.305578621182,3.301,0.631885017457));
#8028 =(NAMED_UNIT(*) SI_UNIT($,.STERADIAN.) SOLID_ANGLE_UNIT());
#8029 = COLOUR_RGB('',1.,1.,1.) ;
#8030 = COLOUR_RGB('',0.647058823529,0.619607843137,0.588235294117) ;
#8031 = LINE('NONE',#10169,#10417) ;
#8032=DIRECTION('NONE',(0.,-1.,0.));
#8033 = UNCERTAINTY_MEASURE_WITH_UNIT(LENGTH_MEASURE(1.000000000000E-05),#9927,'distance_accuracy_value','NONE');
#8034=AXIS2_PLACEMENT_3D('NONE',#8184,#11789,#4986);
#8035 = EDGE_LOOP('NONE',(#6312,#5600,#13565,#14235)) ;
#8036 = SURFACE_STYLE_FILL_AREA(#13593) ;
#8037 = ORIENTED_EDGE('NONE',*,*,#11727,.F.) ;
#8038 = PLANE('NONE',#9768) ;
#8039 = COLOUR_RGB('',0.647058823529,0.619607843137,0.588235294117) ;
#8040=CARTESIAN_POINT('NONE',(-3.039736830714,1.,1.5));
#8041=DIRECTION('NONE',(0.707106781186,-0.707106781186,0.));
#8042 = ORIENTED_EDGE('NONE',*,*,#525,.F.) ;
#8043 = ADVANCED_FACE('NONE',(#12611),#5813,.F.) ;
#8044 = B_SPLINE_SURFACE_WITH_KNOTS('NONE',3,1,((#12529,#7317),(#9680,#13045),(#12752,#1812),(#14125,#4935)),.UNSPECIFIED.,.F.,.F.,.F.,(4,4),(2,2),(5.000000000000,6.000000000000),(0.,1.),.UNSPECIFIED.) ;
#8045=DIRECTION('NONE',(0.,-1.,0.));
#8046 = VECTOR('NONE',#10453,1000.) ;
#8047=CARTESIAN_POINT('NONE',(-2.393667800553,3.301,0.675679832889));
#8048 = ORIENTED_EDGE('NONE',*,*,#6270,.F.) ;
#8049=CARTESIAN_POINT('NONE',(-1.55308342491,3.299999999999,0.797645384371));
#8050 = LINE('NONE',#13824,#1036) ;
#8051 = LINE('NONE',#2455,#1600) ;
#8052 = FACE_OUTER_BOUND('NONE',#8217,.T.) ;
#8053 = PRESENTATION_STYLE_ASSIGNMENT((#3557)) ;
#8054 = VECTOR('NONE',#11361,1000.) ;
#8055 = FILL_AREA_STYLE_COLOUR('',#5018) ;
#8056 = PRESENTATION_LAYER_ASSIGNMENT('','',(#7134)) ;
#8057 = ORIENTED_EDGE('NONE',*,*,#5291,.T.) ;
#8058 = EDGE_LOOP('NONE',(#11877,#4433,#7167,#10979)) ;
#8059=CARTESIAN_POINT('NONE',(-2.293064894801,3.301,0.622366164494));
#8060 = SURFACE_STYLE_USAGE(.BOTH.,#3637) ;
#8061 = UNCERTAINTY_MEASURE_WITH_UNIT(LENGTH_MEASURE(1.000000000000E-05),#11115,'distance_accuracy_value','NONE');
#8062=CARTESIAN_POINT('NONE',(-2.285654927297,3.301,0.633149290197));
#8063 = FILL_AREA_STYLE('',(#14722)) ;
#8064 = ORIENTED_EDGE('NONE',*,*,#11428,.T.) ;
#8065=CARTESIAN_POINT('NONE',(-2.294634901836,3.299999999999,0.698591997215));
#8066=CARTESIAN_POINT('NONE',(-1.900474684585,3.299999999999,0.968704386116));
#8067=CARTESIAN_POINT('NONE',(-2.573867499598,3.299999999999,0.837668686466));
#8068 = ORIENTED_EDGE('NONE',*,*,#11609,.F.) ;
#8069 =(GEOMETRIC_REPRESENTATION_CONTEXT(3) GLOBAL_UNCERTAINTY_ASSIGNED_CONTEXT((#11019)) GLOBAL_UNIT_ASSIGNED_CONTEXT((#9212,#5779,#6830)) REPRESENTATION_CONTEXT('NONE','WORKASPACE'));
#8070 = EDGE_CURVE('NONE',#7237,#6557,#2385,.T.) ;
#8071 = PRESENTATION_STYLE_ASSIGNMENT((#5681)) ;
#8072 = LINE('NONE',#5752,#13556) ;
#8073 = FILL_AREA_STYLE_COLOUR('',#1254) ;
#8074 = EDGE_CURVE('NONE',#13351,#5637,#1389,.T.) ;
#8076 = ORIENTED_EDGE('NONE',*,*,#14517,.F.) ;
#8075=CARTESIAN_POINT('NONE',(-1.588586109549,3.299999999999,0.665516266492));
#8077 = VECTOR('NONE',#12257,1000.) ;
#8078 = PLANE('NONE',#3588) ;
#8079 = EDGE_LOOP('NONE',(#12313,#6296,#9429,#10817)) ;
#8080 = CIRCLE('NONE',#14155,3.200000000000) ;
#8081 =(LENGTH_UNIT() NAMED_UNIT(*) SI_UNIT(.MILLI.,.METRE.));
#8082 = PRESENTATION_LAYER_ASSIGNMENT('','',(#10919)) ;
#8083 =(NAMED_UNIT(*) SI_UNIT($,.STERADIAN.) SOLID_ANGLE_UNIT());
#8084 = UNCERTAINTY_MEASURE_WITH_UNIT(LENGTH_MEASURE(1.000000000000E-05),#1198,'distance_accuracy_value','NONE');
#8085 = ORIENTED_EDGE('NONE',*,*,#4999,.T.) ;
#8086 = ADVANCED_FACE('NONE',(#10268),#13691,.T.) ;
#8087 = EDGE_LOOP('NONE',(#1253,#7569,#13017,#10059)) ;
#8088 = PRESENTATION_STYLE_ASSIGNMENT((#13859)) ;
#8089=DIRECTION('NONE',(-0.999974850185,0.,-0.007092178509));
#8090 = PRESENTATION_STYLE_ASSIGNMENT((#3733)) ;
#8091 =(NAMED_UNIT(*) SI_UNIT($,.STERADIAN.) SOLID_ANGLE_UNIT());
#8092 = MECHANICAL_DESIGN_GEOMETRIC_PRESENTATION_REPRESENTATION('',(#849),#11148) ;
#8093=CARTESIAN_POINT('NONE',(4.336808689942000E-18,0.4,0.));
#8094 = EDGE_CURVE('NONE',#13634,#6543,#7987,.T.) ;
#8095 =(NAMED_UNIT(*) PLANE_ANGLE_UNIT() SI_UNIT($,.RADIAN.));
#8096 = PRESENTATION_LAYER_ASSIGNMENT('','',(#6904)) ;
#8097=DIRECTION('NONE',(-1.,-1.224646799147000E-16,0.));
#8098 = SURFACE_SIDE_STYLE('',(#10026)) ;
#8099 =(GEOMETRIC_REPRESENTATION_CONTEXT(3) GLOBAL_UNCERTAINTY_ASSIGNED_CONTEXT((#9697)) GLOBAL_UNIT_ASSIGNED_CONTEXT((#8923,#9881,#10921)) REPRESENTATION_CONTEXT('NONE','WORKASPACE'));
#8100 =(NAMED_UNIT(*) PLANE_ANGLE_UNIT() SI_UNIT($,.RADIAN.));
#8101 = FILL_AREA_STYLE_COLOUR('',#3143) ;
#8102 = FILL_AREA_STYLE_COLOUR('',#3804) ;
#8103=DIRECTION('NONE',(0.,-1.,0.));
#8104 = ORIENTED_EDGE('NONE',*,*,#12405,.T.) ;
#8105 = VECTOR('NONE',#9615,1000.) ;
#8106=CARTESIAN_POINT('NONE',(-2.661992291233,3.301,0.85569740015));
#8107 = EDGE_CURVE('NONE',#537,#4511,#4573,.T.) ;
#8108 =(LENGTH_UNIT() NAMED_UNIT(*) SI_UNIT(.MILLI.,.METRE.));
#8109=CARTESIAN_POINT('NONE',(-2.313166227056,3.301,0.615361023832));
#8110 = FILL_AREA_STYLE_COLOUR('',#6586) ;
#8111 = PRESENTATION_STYLE_ASSIGNMENT((#14537)) ;
#8112 = STYLED_ITEM('NONE',(#11225),#7578) ;
#8113=DIRECTION('NONE',(-0.342741495853,0.,-0.939429756299));
#8114 = FILL_AREA_STYLE_COLOUR('',#2181) ;
#8115 = FACE_OUTER_BOUND('NONE',#13524,.T.) ;
#8116=CARTESIAN_POINT('NONE',(-2.206153292548,3.299999999999,0.740207828274));
#8117 = ORIENTED_EDGE('NONE',*,*,#12050,.T.) ;
#8118 = EDGE_CURVE('NONE',#8858,#13394,#549,.T.) ;
#8119 = ORIENTED_EDGE('NONE',*,*,#12405,.F.) ;
#8120=DIRECTION('NONE',(0.999974850185,0.,0.007092178509));
#8121 = ORIENTED_EDGE('NONE',*,*,#5722,.T.) ;
#8122 = VECTOR('NONE',#14137,1000.) ;
#8123 = LINE('NONE',#495,#2038) ;
#8124 = PLANE('NONE',#7665) ;
#8125 = ORIENTED_EDGE('NONE',*,*,#5737,.F.) ;
#8126=CARTESIAN_POINT('NONE',(-1.945231410163,3.301,0.673398153735));
#8127 =(NAMED_UNIT(*) SI_UNIT($,.STERADIAN.) SOLID_ANGLE_UNIT());
#8128 = ORIENTED_EDGE('NONE',*,*,#14374,.T.) ;
#8129=CARTESIAN_POINT('NONE',(-2.988647421133,3.660037498071000E-16,1.571543008235));
#8130=CARTESIAN_POINT('NONE',(-2.550397877476,3.299999999999,0.835963530081));
#8131 = FACE_OUTER_BOUND('NONE',#7453,.T.) ;
#8132 =(NAMED_UNIT(*) SI_UNIT($,.STERADIAN.) SOLID_ANGLE_UNIT());
#8133 = B_SPLINE_CURVE_WITH_KNOTS('NONE',3,(#8735,#14339,#6626,#5520),.UNSPECIFIED.,.F.,.F.,(4,4),(4.000000000000,5.000000000000),.UNSPECIFIED.) ;
#8134 = STYLED_ITEM('NONE',(#12018),#7933) ;
#8135 = LINE('NONE',#11364,#9512) ;
#8136=DIRECTION('NONE',(-0.999974850185,0.,-0.007092178509));
#8137 =(GEOMETRIC_REPRESENTATION_CONTEXT(3) GLOBAL_UNCERTAINTY_ASSIGNED_CONTEXT((#10144)) GLOBAL_UNIT_ASSIGNED_CONTEXT((#8630,#10913,#7432)) REPRESENTATION_CONTEXT('NONE','WORKASPACE'));
#8138 = EDGE_CURVE('NONE',#419,#11458,#8320,.T.) ;
#8139 = FILL_AREA_STYLE_COLOUR('',#3504) ;
#8140 = SURFACE_SIDE_STYLE('',(#11449)) ;
#8141 = LINE('NONE',#2545,#6239) ;
#8142 = FACE_OUTER_BOUND('NONE',#14466,.T.) ;
#8143 = VECTOR('NONE',#13854,1000.) ;
#8144 = SURFACE_STYLE_FILL_AREA(#8063) ;
#8145 = FILL_AREA_STYLE('',(#4581)) ;
#8146=CARTESIAN_POINT('NONE',(-1.94200115186,3.299999999999,0.951925197466));
#8147 = FILL_AREA_STYLE_COLOUR('',#8149) ;
#8148 = VERTEX_POINT('NONE',#1762) ;
#8149 = COLOUR_RGB('',1.,1.,1.) ;
#8150=CARTESIAN_POINT('NONE',(0.999999999999,3.299999999999,1.));
#8151=CARTESIAN_POINT('NONE',(-2.285825712582,3.299999999999,0.657229477911));
#8152 =(LENGTH_UNIT() NAMED_UNIT(*) SI_UNIT(.MILLI.,.METRE.));
#8153 = MECHANICAL_DESIGN_GEOMETRIC_PRESENTATION_REPRESENTATION('',(#5315),#2766) ;
#8154 =(NAMED_UNIT(*) PLANE_ANGLE_UNIT() SI_UNIT($,.RADIAN.));
#8155 = ORIENTED_EDGE('NONE',*,*,#850,.F.) ;
#8156 = PRESENTATION_LAYER_ASSIGNMENT('','',(#4369)) ;
#8157 = FILL_AREA_STYLE_COLOUR('',#3096) ;
#8158 = LINE('NONE',#3584,#8605) ;
#8159=CARTESIAN_POINT('NONE',(2.,-2.,-0.01));
#8160=CARTESIAN_POINT('NONE',(-5.799999999999,-0.4,0.299999999999));
#8161 = ORIENTED_EDGE('NONE',*,*,#6917,.T.) ;
#8162 = PRESENTATION_STYLE_ASSIGNMENT((#3655)) ;
#8163 = ORIENTED_EDGE('NONE',*,*,#14773,.T.) ;
#8164=CARTESIAN_POINT('NONE',(-2.794773315725,3.301,0.713573789161));
#8165 = SURFACE_SIDE_STYLE('',(#9349)) ;
#8166 = SURFACE_SIDE_STYLE('',(#5764)) ;
#8167 = VECTOR('NONE',#14051,1000.) ;
#8168=CARTESIAN_POINT('NONE',(-2.603000757242,3.299999999999,0.670327172125));
#8169 = COLOUR_RGB('',0.647058823529,0.619607843137,0.588235294117) ;
#8170 = FILL_AREA_STYLE('',(#7284)) ;
#8171 = SURFACE_SIDE_STYLE('',(#12494)) ;
#8172 = LINE('NONE',#5846,#12488) ;
#8173 = B_SPLINE_CURVE_WITH_KNOTS('NONE',3,(#7299,#631,#6015,#7076),.UNSPECIFIED.,.F.,.F.,(4,4),(0.,1.),.UNSPECIFIED.) ;
#8174=CARTESIAN_POINT('NONE',(-2.340382203994,3.299999999999,0.630702372367));
#8175 = B_SPLINE_SURFACE_WITH_KNOTS('NONE',3,1,((#7564,#12851),(#8463,#9488),(#6132,#2947),(#9707,#10884)),.UNSPECIFIED.,.F.,.F.,.F.,(4,4),(2,2),(4.000000000000,5.000000000000),(0.,1.),.UNSPECIFIED.) ;
#8176 = EDGE_CURVE('NONE',#11750,#9384,#2722,.T.) ;
#8177=CARTESIAN_POINT('NONE',(1.699999999999,-2.,-0.01));
#8178 = VERTEX_POINT('NONE',#3015) ;
#8179 = VECTOR('NONE',#1537,1000.) ;
#8180 = MECHANICAL_DESIGN_GEOMETRIC_PRESENTATION_REPRESENTATION('',(#6992),#6024) ;
#8181=CARTESIAN_POINT('NONE',(-2.323029332435,3.301,0.822915153606));
#8182 =(LENGTH_UNIT() NAMED_UNIT(*) SI_UNIT(.MILLI.,.METRE.));
#8183=CARTESIAN_POINT('NONE',(-1.950430666794,3.301,0.672493677868));
#8184=CARTESIAN_POINT('NONE',(0.,3.301,0.));
#8185 = PLANE('NONE',#5625) ;
#8186 = ADVANCED_FACE('NONE',(#5178),#533,.T.) ;
#8187 = SURFACE_STYLE_FILL_AREA(#2824) ;
#8188=CARTESIAN_POINT('NONE',(-2.395868713299,3.299999999999,0.673730224867));
#8189 =(GEOMETRIC_REPRESENTATION_CONTEXT(3) GLOBAL_UNCERTAINTY_ASSIGNED_CONTEXT((#7328)) GLOBAL_UNIT_ASSIGNED_CONTEXT((#7516,#988,#3102)) REPRESENTATION_CONTEXT('NONE','WORKASPACE'));
#8190=CARTESIAN_POINT('NONE',(-2.265067138462,3.301,0.672723917952));
#8191 = SURFACE_SIDE_STYLE('',(#6925)) ;
#8192 = PRESENTATION_STYLE_ASSIGNMENT((#10400)) ;
#8193 = MECHANICAL_DESIGN_GEOMETRIC_PRESENTATION_REPRESENTATION('',(#8903),#4872) ;
#8194 = UNCERTAINTY_MEASURE_WITH_UNIT(LENGTH_MEASURE(1.000000000000E-05),#11976,'distance_accuracy_value','NONE');
#8195 =(GEOMETRIC_REPRESENTATION_CONTEXT(3) GLOBAL_UNCERTAINTY_ASSIGNED_CONTEXT((#5971)) GLOBAL_UNIT_ASSIGNED_CONTEXT((#3486,#13689,#2306)) REPRESENTATION_CONTEXT('NONE','WORKASPACE'));
#8196 = EDGE_CURVE('NONE',#13042,#7481,#7416,.T.) ;
#8197 = ORIENTED_EDGE('NONE',*,*,#6374,.F.) ;
#8198 = ORIENTED_EDGE('NONE',*,*,#6074,.F.) ;
#8199 = EDGE_CURVE('NONE',#5637,#11470,#11580,.T.) ;
#8200=CARTESIAN_POINT('NONE',(-2.573867499598,3.301,0.837668686466));
#8201 = ORIENTED_EDGE('NONE',*,*,#10041,.F.) ;
#8202 = PRESENTATION_STYLE_ASSIGNMENT((#3475)) ;
#8203=CARTESIAN_POINT('NONE',(-2.36061897157,3.301,0.933073622354));
#8204 = SURFACE_STYLE_FILL_AREA(#9233) ;
#8205=AXIS2_PLACEMENT_3D('NONE',#7230,#1437,#4781);
#8206 = ORIENTED_EDGE('NONE',*,*,#9736,.F.) ;
#8207 = B_SPLINE_CURVE_WITH_KNOTS('NONE',3,(#2608,#13761,#13611,#10265),.UNSPECIFIED.,.F.,.F.,(4,4),(12.000000000000,13.000000000000),.UNSPECIFIED.) ;
#8208=CARTESIAN_POINT('NONE',(-2.67896933376,3.301,0.80841238764));
#8209 = VERTEX_POINT('NONE',#14150) ;
#8210 = EDGE_CURVE('NONE',#8397,#6361,#9640,.T.) ;
#8211=CARTESIAN_POINT('NONE',(-2.731690350175,3.299999999999,0.677025678973));
#8212=DIRECTION('NONE',(1.084202172485000E-17,1.,0.));
#8213=DIRECTION('NONE',(0.,0.,-1.));
#8214 = EDGE_CURVE('NONE',#12288,#419,#3796,.T.) ;
#8215 = B_SPLINE_CURVE_WITH_KNOTS('NONE',3,(#7771,#616,#7355,#12934),.UNSPECIFIED.,.F.,.F.,(4,4),(0.,1.),.UNSPECIFIED.) ;
#8216 =(NAMED_UNIT(*) SI_UNIT($,.STERADIAN.) SOLID_ANGLE_UNIT());
#8217 = EDGE_LOOP('NONE',(#4078,#13054,#6245,#14556)) ;
#8218=CARTESIAN_POINT('NONE',(-2.559072083606,3.301,0.629588055003));
#8219 = LINE('NONE',#4950,#5755) ;
#8220 = UNCERTAINTY_MEASURE_WITH_UNIT(LENGTH_MEASURE(1.000000000000E-05),#14164,'distance_accuracy_value','NONE');
#8221=DIRECTION('NONE',(1.,-1.264902534566000E-16,0.));
#8222=CARTESIAN_POINT('NONE',(-1.703628443413,3.301,0.73844756218));
#8223 =(LENGTH_UNIT() NAMED_UNIT(*) SI_UNIT(.MILLI.,.METRE.));
#8224 = PRESENTATION_STYLE_ASSIGNMENT((#3717)) ;
#8225 = ORIENTED_EDGE('NONE',*,*,#3441,.T.) ;
#8226 = EDGE_CURVE('NONE',#593,#8458,#10814,.T.) ;
#8227=CARTESIAN_POINT('NONE',(-2.47728301994,3.299999999999,0.616442982551));
#8228 = FILL_AREA_STYLE('',(#14872)) ;
#8229 = SURFACE_STYLE_FILL_AREA(#3581) ;
#8230 = STYLED_ITEM('NONE',(#11675),#14168) ;
#8231=CARTESIAN_POINT('NONE',(-2.457511557726,3.301,0.823895356034));
#8232 = VERTEX_POINT('NONE',#11987) ;
#8233 = PLANE('NONE',#2958) ;
#8234=CARTESIAN_POINT('NONE',(-2.40935956794,3.301,0.693473622903));
#8235 = UNCERTAINTY_MEASURE_WITH_UNIT(LENGTH_MEASURE(1.000000000000E-05),#2613,'distance_accuracy_value','NONE');
#8236=DIRECTION('NONE',(0.,-1.,0.));
#8237 = ORIENTED_EDGE('NONE',*,*,#7999,.T.) ;
#8238=CARTESIAN_POINT('NONE',(-2.397296466739,3.301,0.690315052434));
#8239 = ORIENTED_EDGE('NONE',*,*,#1480,.F.) ;
#8240=CARTESIAN_POINT('NONE',(-2.376303828783,3.299999999999,0.620028967036));
#8241=DIRECTION('NONE',(-0.707106781186,-0.707106781186,0.));
#8242=CARTESIAN_POINT('NONE',(-2.393336196919,3.301,0.703693967497));
#8243 = ADVANCED_FACE('NONE',(#11696),#14701,.F.) ;
#8244 = VECTOR('NONE',#1224,1000.) ;
#8245=DIRECTION('NONE',(0.,0.,-1.));
#8246=CARTESIAN_POINT('NONE',(-1.55257271604,3.299999999999,0.725637040938));
#8247 =(GEOMETRIC_REPRESENTATION_CONTEXT(3) GLOBAL_UNCERTAINTY_ASSIGNED_CONTEXT((#10741)) GLOBAL_UNIT_ASSIGNED_CONTEXT((#2182,#14432,#2112)) REPRESENTATION_CONTEXT('NONE','WORKASPACE'));
#8248 =(NAMED_UNIT(*) SI_UNIT($,.STERADIAN.) SOLID_ANGLE_UNIT());
#8249=CARTESIAN_POINT('NONE',(-2.715016368452,3.299999999999,0.661484788758));
#8250=CARTESIAN_POINT('NONE',(-2.394193420129,3.299999999999,0.688215900851));
#8251=CARTESIAN_POINT('NONE',(-1.945231410163,3.301,0.673398153735));
#8252=CARTESIAN_POINT('NONE',(-2.052545579382,3.299999999999,0.635329675789));
#8253 =(GEOMETRIC_REPRESENTATION_CONTEXT(3) GLOBAL_UNCERTAINTY_ASSIGNED_CONTEXT((#14566)) GLOBAL_UNIT_ASSIGNED_CONTEXT((#10087,#7879,#4606)) REPRESENTATION_CONTEXT('NONE','WORKASPACE'));
#8254 = ORIENTED_EDGE('NONE',*,*,#6355,.F.) ;
#8255 = LINE('NONE',#7150,#11090) ;
#8256=DIRECTION('NONE',(0.,-1.,0.));
#8257 = COLOUR_RGB('',0.647058823529,0.619607843137,0.588235294117) ;
#8258=CARTESIAN_POINT('NONE',(-1.946966524652,3.301,0.673385847684));
#8259 = PLANE('NONE',#1918) ;
#8260 = VERTEX_POINT('NONE',#11093) ;
#8261 = LINE('NONE',#12877,#8741) ;
#8262=CARTESIAN_POINT('NONE',(-2.615948763255,3.301,0.842236420558));
#8263 = SURFACE_STYLE_USAGE(.BOTH.,#13025) ;
#8264 = FACE_OUTER_BOUND('NONE',#2442,.T.) ;
#8265=CARTESIAN_POINT('NONE',(-2.392563915549,3.299999999999,0.678370304928));
#8266 = EDGE_CURVE('NONE',#2296,#6249,#6512,.T.) ;
#8267 = COLOUR_RGB('',0.647058823529,0.619607843137,0.588235294117) ;
#8268=CARTESIAN_POINT('NONE',(-1.594296132205,3.301,0.858953686889));
#8269 = B_SPLINE_CURVE_WITH_KNOTS('NONE',3,(#6022,#10547,#488,#4925),.UNSPECIFIED.,.F.,.F.,(4,4),(2.000000000000,3.000000000000),.UNSPECIFIED.) ;
#8270=AXIS2_PLACEMENT_3D('NONE',#4972,#8402,#9278);
#8271 = ORIENTED_EDGE('NONE',*,*,#4060,.T.) ;
#8272 = PLANE('NONE',#958) ;
#8273 = ORIENTED_EDGE('NONE',*,*,#9799,.F.) ;
#8274 = FACE_OUTER_BOUND('NONE',#14513,.T.) ;
#8275 = ORIENTED_EDGE('NONE',*,*,#6229,.F.) ;
#8276=CARTESIAN_POINT('NONE',(-2.455402686888,3.301,0.917989975253));
#8277=CARTESIAN_POINT('NONE',(2.999999999999,0.4,0.299999999999));
#8278=CARTESIAN_POINT('NONE',(0.,-0.4,0.));
#8279 = ORIENTED_EDGE('NONE',*,*,#9537,.F.) ;
#8280 = MECHANICAL_DESIGN_GEOMETRIC_PRESENTATION_REPRESENTATION('',(#9456),#10631) ;
#8281 = MECHANICAL_DESIGN_GEOMETRIC_PRESENTATION_REPRESENTATION('',(#9458),#10399) ;
#8282 = EDGE_CURVE('NONE',#6204,#5740,#7644,.T.) ;
#8283 = LINE('NONE',#5078,#6263) ;
#8284 = ORIENTED_EDGE('NONE',*,*,#7822,.T.) ;
#8285 =(NAMED_UNIT(*) PLANE_ANGLE_UNIT() SI_UNIT($,.RADIAN.));
#8286=DIRECTION('NONE',(-0.999974850185,0.,-0.007092178509));
#8287 =(NAMED_UNIT(*) PLANE_ANGLE_UNIT() SI_UNIT($,.RADIAN.));
#8288 = EDGE_CURVE('NONE',#6425,#4372,#9924,.T.) ;
#8289 = SURFACE_STYLE_FILL_AREA(#651) ;
#8290 = PLANE('NONE',#7643) ;
#8291=CARTESIAN_POINT('NONE',(-2.480463744881,3.301,0.80982026012));
#8292 = PLANE('NONE',#2795) ;
#8293 = VECTOR('NONE',#14674,1000.) ;
#8294 =(NAMED_UNIT(*) SI_UNIT($,.STERADIAN.) SOLID_ANGLE_UNIT());
#8295 = ORIENTED_EDGE('NONE',*,*,#1461,.T.) ;
#8296 = LINE('NONE',#10490,#4821) ;
#8297 = UNCERTAINTY_MEASURE_WITH_UNIT(LENGTH_MEASURE(1.000000000000E-05),#8733,'distance_accuracy_value','NONE');
#8298 =(LENGTH_UNIT() NAMED_UNIT(*) SI_UNIT(.MILLI.,.METRE.));
#8299 = LINE('NONE',#2004,#13509) ;
#8300=CARTESIAN_POINT('NONE',(-2.27110844661,3.301,0.825217393422));
#8301 = EDGE_CURVE('NONE',#8522,#10292,#4180,.T.) ;
#8302=DIRECTION('NONE',(0.,-1.,0.));
#8303=CARTESIAN_POINT('NONE',(-1.857096160457,3.299999999999,0.96901204209));
#8304 = VERTEX_POINT('NONE',#10060) ;
#8305 = MECHANICAL_DESIGN_GEOMETRIC_PRESENTATION_REPRESENTATION('',(#11588),#12746) ;
#8306 = ORIENTED_EDGE('NONE',*,*,#7306,.T.) ;
#8307 = UNCERTAINTY_MEASURE_WITH_UNIT(LENGTH_MEASURE(1.000000000000E-05),#3006,'distance_accuracy_value','NONE');
#8308 = B_SPLINE_SURFACE_WITH_KNOTS('NONE',3,1,((#14584,#5985),(#2405,#10506),(#2558,#6057),(#13710,#11469)),.UNSPECIFIED.,.F.,.F.,.F.,(4,4),(2,2),(0.,1.),(0.,1.),.UNSPECIFIED.) ;
#8309 = FILL_AREA_STYLE_COLOUR('',#706) ;
#8310 = SURFACE_SIDE_STYLE('',(#12846)) ;
#8311 = VECTOR('NONE',#2057,1000.) ;
#8312 =(LENGTH_UNIT() NAMED_UNIT(*) SI_UNIT(.MILLI.,.METRE.));
#8313=CARTESIAN_POINT('NONE',(-2.376827022548,3.301,0.680603076085));
#8314 = ORIENTED_EDGE('NONE',*,*,#11652,.F.) ;
#8315 = EDGE_CURVE('NONE',#11230,#2799,#7567,.T.) ;
#8316 = VECTOR('NONE',#10239,1000.) ;
#8317 = MECHANICAL_DESIGN_GEOMETRIC_PRESENTATION_REPRESENTATION('',(#12068),#10173) ;
#8318=CARTESIAN_POINT('NONE',(-1.714303895699,3.301,0.898012801955));
#8319=DIRECTION('NONE',(0.007092178509,0.,-0.999974850185));
#8320 = LINE('NONE',#6135,#14434) ;
#8321=CARTESIAN_POINT('NONE',(-2.431566470072,3.301,0.701863148656));
#8322 = ORIENTED_EDGE('NONE',*,*,#7496,.F.) ;
#8323 = LINE('NONE',#4968,#13768) ;
#8324 = VECTOR('NONE',#1352,1000.) ;
#8325 = ORIENTED_EDGE('NONE',*,*,#6183,.F.) ;
#8326 =(NAMED_UNIT(*) PLANE_ANGLE_UNIT() SI_UNIT($,.RADIAN.));
#8327=CARTESIAN_POINT('NONE',(3.3,1.,0.5));
#8328 =(LENGTH_UNIT() NAMED_UNIT(*) SI_UNIT(.MILLI.,.METRE.));
#8329 = PRESENTATION_LAYER_ASSIGNMENT('','',(#2203)) ;
#8330 =(LENGTH_UNIT() NAMED_UNIT(*) SI_UNIT(.MILLI.,.METRE.));
#8331=CARTESIAN_POINT('NONE',(-2.772473715671,3.299999999999,0.661326828922));
#8332 = LINE('NONE',#8174,#3579) ;
#8333 = EDGE_CURVE('NONE',#4899,#6481,#6441,.T.) ;
#8334 =(NAMED_UNIT(*) PLANE_ANGLE_UNIT() SI_UNIT($,.RADIAN.));
#8335 = ORIENTED_EDGE('NONE',*,*,#5493,.T.) ;
#8336=AXIS2_PLACEMENT_3D('NONE',#13667,#8937,#5720);
#8337=CARTESIAN_POINT('NONE',(-2.339381895203,3.301,0.920684447433));
#8338 = FILL_AREA_STYLE('',(#13958)) ;
#8339 = LINE('NONE',#8024,#12364) ;
#8340=CARTESIAN_POINT('NONE',(-2.223278147826,3.299999999999,0.933673370226));
#8341 = STYLED_ITEM('NONE',(#8747),#1378) ;
#8342 = FACE_OUTER_BOUND('NONE',#13940,.T.) ;
#8343=CARTESIAN_POINT('NONE',(-2.339381895203,3.299999999999,0.920684447433));
#8344 = FILL_AREA_STYLE_COLOUR('',#2076) ;
#8345 = SURFACE_STYLE_USAGE(.BOTH.,#6241) ;
#8346=DIRECTION('NONE',(-0.338211162486,0.,0.941070246883));
#8347=CARTESIAN_POINT('NONE',(-1.994301441068,3.301,0.619258082434));
#8348 = UNCERTAINTY_MEASURE_WITH_UNIT(LENGTH_MEASURE(1.000000000000E-05),#13680,'distance_accuracy_value','NONE');
#8349 = LINE('NONE',#8268,#4773) ;
#8350 = MECHANICAL_DESIGN_GEOMETRIC_PRESENTATION_REPRESENTATION('',(#14631),#5252) ;
#8351 = MECHANICAL_DESIGN_GEOMETRIC_PRESENTATION_REPRESENTATION('',(#6195),#6910) ;
#8352 = ORIENTED_EDGE('NONE',*,*,#11788,.T.) ;
#8353 = FILL_AREA_STYLE_COLOUR('',#5582) ;
#8354 = PRESENTATION_LAYER_ASSIGNMENT('','',(#2452)) ;
#8355 = EDGE_LOOP('NONE',(#3826,#4211)) ;
#8356 = SURFACE_STYLE_USAGE(.BOTH.,#1581) ;
#8357 = ORIENTED_EDGE('NONE',*,*,#12849,.F.) ;
#8358 =(NAMED_UNIT(*) SI_UNIT($,.STERADIAN.) SOLID_ANGLE_UNIT());
#8359=CARTESIAN_POINT('NONE',(-1.757897730363,3.299999999999,0.683402932274));
#8360 = EDGE_CURVE('NONE',#12110,#3656,#2177,.T.) ;
#8361 = FILL_AREA_STYLE('',(#7451)) ;
#8362 = ORIENTED_EDGE('NONE',*,*,#8003,.F.) ;
#8363 = ORIENTED_EDGE('NONE',*,*,#9382,.F.) ;
#8364 = PLANE('NONE',#10954) ;
#8365 = VECTOR('NONE',#4265,1000.) ;
#8366 = ORIENTED_EDGE('NONE',*,*,#6006,.F.) ;
#8367=DIRECTION('NONE',(1.,0.,0.));
#8368 = FILL_AREA_STYLE_COLOUR('',#431) ;
#8369 = FILL_AREA_STYLE_COLOUR('',#1758) ;
#8370 = LINE('NONE',#13828,#11635) ;
#8371 = ORIENTED_EDGE('NONE',*,*,#14723,.F.) ;
#8372=CARTESIAN_POINT('NONE',(-1.922477723962,3.301,0.768129516705));
#8373 = FACE_OUTER_BOUND('NONE',#12407,.T.) ;
#8374 = ORIENTED_EDGE('NONE',*,*,#7423,.T.) ;
#8375 = VECTOR('NONE',#2431,1000.) ;
#8376=CARTESIAN_POINT('NONE',(-2.106211892943,3.301,0.739930350746));
#8377 = EDGE_CURVE('NONE',#13245,#8522,#8824,.T.) ;
#8378 = ADVANCED_FACE('NONE',(#4232),#5401,.T.) ;
#8379 = FILL_AREA_STYLE_COLOUR('',#11885) ;
#8380 = LINE('NONE',#9473,#4588) ;
#8381 = UNCERTAINTY_MEASURE_WITH_UNIT(LENGTH_MEASURE(1.000000000000E-05),#10357,'distance_accuracy_value','NONE');
#8382=CARTESIAN_POINT('NONE',(-2.424971693129,3.301,0.691241736644));
#8383=DIRECTION('NONE',(1.,0.,0.));
#8384=CARTESIAN_POINT('NONE',(-2.712964552639,3.299999999999,0.631678333935));
#8385 = B_SPLINE_CURVE_WITH_KNOTS('NONE',3,(#9770,#13990,#9475,#661),.UNSPECIFIED.,.F.,.F.,(4,4),(2.000000000000,3.000000000000),.UNSPECIFIED.) ;
#8386=CARTESIAN_POINT('NONE',(-2.296761950676,3.301,0.844562594389));
#8387 = VERTEX_POINT('NONE',#13767) ;
#8388 = MECHANICAL_DESIGN_GEOMETRIC_PRESENTATION_REPRESENTATION('',(#14666),#2247) ;
#8389 = ORIENTED_EDGE('NONE',*,*,#5212,.F.) ;
#8390=CARTESIAN_POINT('NONE',(-1.994301441068,3.299999999999,0.619258082434));
#8391 = LINE('NONE',#445,#13362) ;
#8392 = ADVANCED_FACE('NONE',(#10124),#2245,.F.) ;
#8393 = VERTEX_POINT('NONE',#14568) ;
#8394=CARTESIAN_POINT('NONE',(-2.693102800211,3.301,0.632879780319));
#8395=CARTESIAN_POINT('NONE',(-2.661992291233,3.301,0.85569740015));
#8396=AXIS2_PLACEMENT_3D('NONE',#975,#10129,#14654);
#8397 = VERTEX_POINT('NONE',#2388) ;
#8398=DIRECTION('NONE',(0.,-1.,0.));
#8399 = EDGE_LOOP('NONE',(#11904,#944,#8325,#6947)) ;
#8400=CARTESIAN_POINT('NONE',(-1.701524076034,3.301,0.564072045136));
#8401=CARTESIAN_POINT('NONE',(-1.752747730884,3.299999999999,0.93591516678));
#8402=DIRECTION('NONE',(0.,0.,-1.));
#8403 = ADVANCED_FACE('NONE',(#12392),#10270,.T.) ;
#8404 =(NAMED_UNIT(*) SI_UNIT($,.STERADIAN.) SOLID_ANGLE_UNIT());
#8405 = FILL_AREA_STYLE('',(#7141)) ;
#8406 = COLOUR_RGB('',0.250980392156,0.250980392156,0.250980392156) ;
#8407=CARTESIAN_POINT('NONE',(0.9,-0.325,-0.05));
#8408=DIRECTION('NONE',(0.,-1.,0.));
#8409 = EDGE_CURVE('NONE',#10626,#12775,#6971,.T.) ;
#8410=DIRECTION('NONE',(0.999974850185,0.,0.007092178509));
#8411=DIRECTION('NONE',(0.,-1.,0.));
#8412 = PRESENTATION_STYLE_ASSIGNMENT((#3886)) ;
#8413 =(NAMED_UNIT(*) SI_UNIT($,.STERADIAN.) SOLID_ANGLE_UNIT());
#8414 = VECTOR('NONE',#13992,1000.) ;
#8415 =(GEOMETRIC_REPRESENTATION_CONTEXT(3) GLOBAL_UNCERTAINTY_ASSIGNED_CONTEXT((#13889)) GLOBAL_UNIT_ASSIGNED_CONTEXT((#6737,#10215,#2489)) REPRESENTATION_CONTEXT('NONE','WORKASPACE'));
#8416 = SURFACE_STYLE_FILL_AREA(#3820) ;
#8417=CARTESIAN_POINT('NONE',(-2.413505653777,3.299999999999,0.627126789609));
#8418 = EDGE_CURVE('NONE',#8759,#4160,#14792,.T.) ;
#8419=CARTESIAN_POINT('NONE',(-3.299999999999,-0.7,0.));
#8420=CARTESIAN_POINT('NONE',(-2.514031376558,3.301,0.823494497308));
#8421 = LINE('NONE',#11869,#6649) ;
#8422 = ORIENTED_EDGE('NONE',*,*,#4052,.F.) ;
#8423 = VECTOR('NONE',#13686,1000.) ;
#8424 = FILL_AREA_STYLE('',(#8353)) ;
#8425 = CIRCLE('NONE',#5342,0.300000000000) ;
#8426 = ORIENTED_EDGE('NONE',*,*,#931,.T.) ;
#8427 = ORIENTED_EDGE('NONE',*,*,#10965,.F.) ;
#8428 =(NAMED_UNIT(*) SI_UNIT($,.STERADIAN.) SOLID_ANGLE_UNIT());
#8429=CARTESIAN_POINT('NONE',(-2.339326813793,3.301,0.934909084123));
#8430 = ORIENTED_EDGE('NONE',*,*,#11718,.F.) ;
#8431 = B_SPLINE_SURFACE_WITH_KNOTS('NONE',3,1,((#7990,#13766),(#13618,#3636),(#513,#10269),(#7109,#5897)),.UNSPECIFIED.,.F.,.F.,.F.,(4,4),(2,2),(4.000000000000,5.000000000000),(0.,1.),.UNSPECIFIED.) ;
#8432 = B_SPLINE_CURVE_WITH_KNOTS('NONE',3,(#9583,#9368,#8258,#13879),.UNSPECIFIED.,.F.,.F.,(4,4),(26.000000000000,27.000000000000),.UNSPECIFIED.) ;
#8433 = ORIENTED_EDGE('NONE',*,*,#3535,.F.) ;
#8434 = FILL_AREA_STYLE('',(#7169)) ;
#8435 = LINE('NONE',#12894,#432) ;
#8436 = EDGE_LOOP('NONE',(#2869,#3978,#13603,#14187)) ;
#8437 = COLOUR_RGB('',0.647058823529,0.619607843137,0.588235294117) ;
#8438=CARTESIAN_POINT('NONE',(-2.435309494684,3.299999999999,0.64026058936));
#8439 =(GEOMETRIC_REPRESENTATION_CONTEXT(3) GLOBAL_UNCERTAINTY_ASSIGNED_CONTEXT((#7476)) GLOBAL_UNIT_ASSIGNED_CONTEXT((#11930,#10828,#4176)) REPRESENTATION_CONTEXT('NONE','WORKASPACE'));
#8440=CARTESIAN_POINT('NONE',(0.8,-2.710505431213000E-17,0.299999999999));
#8441=CARTESIAN_POINT('NONE',(-2.641701160922,3.299999999999,0.915109003889));
#8442=CARTESIAN_POINT('NONE',(-2.529533777198,3.299999999999,0.82338454875));
#8443=CARTESIAN_POINT('NONE',(-2.27110844661,3.301,0.825217393422));
#8444 = STYLED_ITEM('NONE',(#9197),#2813) ;
#8445=CARTESIAN_POINT('NONE',(-2.291762386433,3.301,0.825757165794));
#8446 = PLANE('NONE',#741) ;
#8447 = ORIENTED_EDGE('NONE',*,*,#8196,.T.) ;
#8448 = ORIENTED_EDGE('NONE',*,*,#9736,.T.) ;
#8449 =(GEOMETRIC_REPRESENTATION_CONTEXT(3) GLOBAL_UNCERTAINTY_ASSIGNED_CONTEXT((#3068)) GLOBAL_UNIT_ASSIGNED_CONTEXT((#1021,#14554,#3071)) REPRESENTATION_CONTEXT('NONE','WORKASPACE'));
#8450 = STYLED_ITEM('NONE',(#5448),#4446) ;
#8451 = FACE_OUTER_BOUND('NONE',#3299,.T.) ;
#8452 = LINE('NONE',#659,#13491) ;
#8453=CARTESIAN_POINT('NONE',(-2.40935956794,3.301,0.693473622903));
#8454=DIRECTION('NONE',(-0.007092178509,0.,0.999974850185));
#8455=CARTESIAN_POINT('NONE',(-2.514026286307,3.299999999999,0.809582222598));
#8456=CARTESIAN_POINT('NONE',(-2.304686032692,3.299999999999,0.835896981899));
#8457 = ORIENTED_EDGE('NONE',*,*,#9482,.T.) ;
#8458 = VERTEX_POINT('NONE',#13696) ;
#8459 = UNCERTAINTY_MEASURE_WITH_UNIT(LENGTH_MEASURE(1.000000000000E-05),#9539,'distance_accuracy_value','NONE');
#8460=DIRECTION('NONE',(0.999974850185,0.,0.007092178509));
#8461 = EDGE_CURVE('NONE',#740,#8232,#8141,.T.) ;
#8462 =(LENGTH_UNIT() NAMED_UNIT(*) SI_UNIT(.MILLI.,.METRE.));
#8463=CARTESIAN_POINT('NONE',(-2.715232283527,3.301,0.691928134884));
#8464 = VERTEX_POINT('NONE',#7033) ;
#8465 =(LENGTH_UNIT() NAMED_UNIT(*) SI_UNIT(.MILLI.,.METRE.));
#8466=CARTESIAN_POINT('NONE',(-2.293064894801,3.299999999999,0.622366164494));
#8467 = VERTEX_POINT('NONE',#11534) ;
#8468=CARTESIAN_POINT('NONE',(-2.435309494684,3.301,0.64026058936));
#8469 = VERTEX_POINT('NONE',#14866) ;
#8470 = FILL_AREA_STYLE_COLOUR('',#11848) ;
#8471=CARTESIAN_POINT('NONE',(-2.376881886215,3.299999999999,0.688338680428));
#8472 = EDGE_CURVE('NONE',#9746,#6064,#8299,.T.) ;
#8473 = EDGE_CURVE('NONE',#13041,#7883,#940,.T.) ;
#8474=DIRECTION('NONE',(1.,0.,0.));
#8475=DIRECTION('NONE',(-1.668003342285000E-16,1.,0.));
#8476=CARTESIAN_POINT('NONE',(-2.48566171196,3.301,0.632292254098));
#8477=CARTESIAN_POINT('NONE',(-2.603000757242,3.299999999999,0.670327172125));
#8478 = SURFACE_STYLE_USAGE(.BOTH.,#2059) ;
#8479 = ORIENTED_EDGE('NONE',*,*,#10224,.T.) ;
#8480=CARTESIAN_POINT('NONE',(-2.715124325989,3.299999999999,0.676706461821));
#8481 =(LENGTH_UNIT() NAMED_UNIT(*) SI_UNIT(.MILLI.,.METRE.));
#8482 = STYLED_ITEM('NONE',(#7758),#14342) ;
#8483=CARTESIAN_POINT('NONE',(-2.487107376923,3.299999999999,0.603022477289));
#8484=CARTESIAN_POINT('NONE',(-1.827069550709,3.301,0.649943044093));
#8485 = ORIENTED_EDGE('NONE',*,*,#794,.F.) ;
#8487 = PRESENTATION_STYLE_ASSIGNMENT((#12949)) ;
#8486 =(GEOMETRIC_REPRESENTATION_CONTEXT(3) GLOBAL_UNCERTAINTY_ASSIGNED_CONTEXT((#7484)) GLOBAL_UNIT_ASSIGNED_CONTEXT((#1247,#8893,#5404)) REPRESENTATION_CONTEXT('NONE','WORKASPACE'));
#8488=CARTESIAN_POINT('NONE',(-1.628709739177,3.299999999999,0.695598206233));
#8489 = EDGE_CURVE('NONE',#14092,#7171,#5367,.T.) ;
#8490 = SURFACE_SIDE_STYLE('',(#6161)) ;
#8491 = FILL_AREA_STYLE('',(#484)) ;
#8492 =(NAMED_UNIT(*) SI_UNIT($,.STERADIAN.) SOLID_ANGLE_UNIT());
#8493=CARTESIAN_POINT('NONE',(-2.285710233412,3.301,0.640947278447));
#8494 =(GEOMETRIC_REPRESENTATION_CONTEXT(3) GLOBAL_UNCERTAINTY_ASSIGNED_CONTEXT((#10650)) GLOBAL_UNIT_ASSIGNED_CONTEXT((#7955,#12287,#6678)) REPRESENTATION_CONTEXT('NONE','WORKASPACE'));
#8495 = VERTEX_POINT('NONE',#14191) ;
#8496 = VECTOR('NONE',#555,1000.) ;
#8497 = ORIENTED_EDGE('NONE',*,*,#14636,.T.) ;
#8498 = EDGE_CURVE('NONE',#10189,#7171,#10492,.T.) ;
#8499=DIRECTION('NONE',(0.,-1.,0.));
#8500 = ORIENTED_EDGE('NONE',*,*,#5238,.F.) ;
#8501 = VERTEX_POINT('NONE',#1603) ;
#8502 = FILL_AREA_STYLE_COLOUR('',#13730) ;
#8503 = SURFACE_STYLE_FILL_AREA(#646) ;
#8504 = MECHANICAL_DESIGN_GEOMETRIC_PRESENTATION_REPRESENTATION('',(#1458),#8012) ;
#8505=CARTESIAN_POINT('NONE',(-1.857594530533,3.301,0.916951660111));
#8506 = COLOUR_RGB('',0.647058823529,0.619607843137,0.588235294117) ;
#8507 = FILL_AREA_STYLE_COLOUR('',#10657) ;
#8508=AXIS2_PLACEMENT_3D('NONE',#6680,#7737,#14533);
#8509=CARTESIAN_POINT('NONE',(-2.302653659568,3.301,0.650497101442));
#8510 =(NAMED_UNIT(*) SI_UNIT($,.STERADIAN.) SOLID_ANGLE_UNIT());
#8511=CARTESIAN_POINT('NONE',(-2.399791817409,3.301,0.655111061699));
#8512=CARTESIAN_POINT('NONE',(-1.943114802453,3.299999999999,0.619621116343));
#8513 =(NAMED_UNIT(*) PLANE_ANGLE_UNIT() SI_UNIT($,.RADIAN.));
#8514 = VERTEX_POINT('NONE',#434) ;
#8515 = SURFACE_STYLE_FILL_AREA(#9622) ;
#8516 = PRESENTATION_LAYER_ASSIGNMENT('','',(#11807)) ;
#8517 = CIRCLE('NONE',#4020,2.650000000000) ;
#8518 = UNCERTAINTY_MEASURE_WITH_UNIT(LENGTH_MEASURE(1.000000000000E-05),#3447,'distance_accuracy_value','NONE');
#8519=CARTESIAN_POINT('NONE',(-2.368206358308,3.301,0.929713296567));
#8520=CARTESIAN_POINT('NONE',(-2.642732928143,3.301,0.911046528367));
#8521=CARTESIAN_POINT('NONE',(-1.,3.039736830714,0.5));
#8522 = VERTEX_POINT('NONE',#9889) ;
#8523 = EDGE_LOOP('NONE',(#1989,#8068,#11607,#14870)) ;
#8524=CARTESIAN_POINT('NONE',(-2.693102800211,3.301,0.632879780319));
#8525 = CIRCLE('NONE',#3116,2.988647421133) ;
#8526 = PRESENTATION_LAYER_ASSIGNMENT('','',(#4718)) ;
#8527 = UNCERTAINTY_MEASURE_WITH_UNIT(LENGTH_MEASURE(1.000000000000E-05),#7260,'distance_accuracy_value','NONE');
#8528 = SURFACE_STYLE_FILL_AREA(#6207) ;
#8529 = EDGE_LOOP('NONE',(#9967,#12596,#2658,#13464,#7220,#12748,#2261,#3334,#4419,#10702,#7543,#11096,#4306,#4484,#14042,#4099,#5408,#8615,#13538,#2123,#12977)) ;
#8530 = SURFACE_SIDE_STYLE('',(#14008)) ;
#8531 = UNCERTAINTY_MEASURE_WITH_UNIT(LENGTH_MEASURE(1.000000000000E-05),#1690,'distance_accuracy_value','NONE');
#8532 = PRESENTATION_LAYER_ASSIGNMENT('','',(#11335)) ;
#8533 =(NAMED_UNIT(*) PLANE_ANGLE_UNIT() SI_UNIT($,.RADIAN.));
#8534 = EDGE_LOOP('NONE',(#6868,#7977,#14293,#6082)) ;
#8536 = COLOUR_RGB('',0.647058823529,0.619607843137,0.588235294117) ;
#8535 = LINE('NONE',#13941,#435) ;
#8537 = ORIENTED_EDGE('NONE',*,*,#12764,.T.) ;
#8538=DIRECTION('NONE',(0.,-1.,0.));
#8539=CARTESIAN_POINT('NONE',(-2.27110844661,3.301,0.825217393422));
#8540 = EDGE_CURVE('NONE',#12477,#12245,#8380,.T.) ;
#8541=CARTESIAN_POINT('NONE',(-2.65,0.,0.956856893858));
#8542=CARTESIAN_POINT('NONE',(-2.701986767511,3.299999999999,0.711174899319));
#8543 = LINE('NONE',#13886,#4287) ;
#8544=DIRECTION('NONE',(0.707106781186,0.707106781186,0.));
#8545 = COLOUR_RGB('',0.250980392156,0.250980392156,0.250980392156) ;
#8546=CARTESIAN_POINT('NONE',(-1.740749406585,3.301,0.834489457988));
#8547 =(GEOMETRIC_REPRESENTATION_CONTEXT(3) GLOBAL_UNCERTAINTY_ASSIGNED_CONTEXT((#14362)) GLOBAL_UNIT_ASSIGNED_CONTEXT((#3753,#7651,#14298)) REPRESENTATION_CONTEXT('NONE','WORKASPACE'));
#8548 = B_SPLINE_CURVE_WITH_KNOTS('NONE',3,(#11170,#3232,#7713,#4445),.UNSPECIFIED.,.F.,.F.,(4,4),(0.,1.),.UNSPECIFIED.) ;
#8549 = ORIENTED_EDGE('NONE',*,*,#13613,.T.) ;
#8550=CARTESIAN_POINT('NONE',(-2.339976708605,3.301,0.630705248285));
#8551 = B_SPLINE_CURVE_WITH_KNOTS('NONE',3,(#4672,#9193,#13719,#4830),.UNSPECIFIED.,.F.,.F.,(4,4),(5.000000000000,6.000000000000),.UNSPECIFIED.) ;
#8552 = EDGE_CURVE('NONE',#4511,#7272,#8219,.T.) ;
#8553 =(GEOMETRIC_REPRESENTATION_CONTEXT(3) GLOBAL_UNCERTAINTY_ASSIGNED_CONTEXT((#7626)) GLOBAL_UNIT_ASSIGNED_CONTEXT((#5036,#7414,#7340)) REPRESENTATION_CONTEXT('NONE','WORKASPACE'));
#8554 = FACE_OUTER_BOUND('NONE',#6124,.T.) ;
#8555 = ORIENTED_EDGE('NONE',*,*,#5565,.T.) ;
#8556=CARTESIAN_POINT('NONE',(-2.710853244851,3.301,0.703438408685));
#8557=CARTESIAN_POINT('NONE',(-1.918145991831,3.301,0.646694228624));
#8558 = ADVANCED_FACE('NONE',(#13835),#5297,.F.) ;
#8559=CARTESIAN_POINT('NONE',(-2.514026286307,3.301,0.809582222598));
#8560 = ORIENTED_EDGE('NONE',*,*,#14374,.F.) ;
#8561 = VECTOR('NONE',#8346,1000.) ;
#8562 =(NAMED_UNIT(*) PLANE_ANGLE_UNIT() SI_UNIT($,.RADIAN.));
#8563=CARTESIAN_POINT('NONE',(-1.94200115186,3.299999999999,0.951925197466));
#8564=CARTESIAN_POINT('NONE',(-2.386753145569,3.301,0.69912401559));
#8565=CARTESIAN_POINT('NONE',(-1.773144805261,3.299999999999,0.631237947217));
#8566 = FACE_OUTER_BOUND('NONE',#1565,.T.) ;
#8567=CARTESIAN_POINT('NONE',(-2.293064051676,3.301,0.886138592513));
#8568=CARTESIAN_POINT('NONE',(-2.386753145569,3.299999999999,0.69912401559));
#8569 = VERTEX_POINT('NONE',#7110) ;
#8570=DIRECTION('NONE',(0.999974850185,0.,0.007092178509));
#8571 = PRESENTATION_LAYER_ASSIGNMENT('','',(#6641)) ;
#8572 = ORIENTED_EDGE('NONE',*,*,#9447,.F.) ;
#8573 = ADVANCED_FACE('NONE',(#5970),#9235,.F.) ;
#8574 = SURFACE_STYLE_FILL_AREA(#4263) ;
#8575 = ORIENTED_EDGE('NONE',*,*,#13613,.F.) ;
#8576=CARTESIAN_POINT('NONE',(0.,0.,0.956856893858));
#8577 = VECTOR('NONE',#7444,1000.) ;
#8578=CARTESIAN_POINT('NONE',(-2.791843484388,3.299999999999,0.71390650379));
#8579=CARTESIAN_POINT('NONE',(-2.302132934779,3.299999999999,0.814578720332));
#8580 = ORIENTED_EDGE('NONE',*,*,#14279,.F.) ;
#8581 = ORIENTED_EDGE('NONE',*,*,#10823,.T.) ;
#8582=CARTESIAN_POINT('NONE',(-2.305578621182,3.301,0.631885017457));
#8583=CARTESIAN_POINT('NONE',(-2.391785022508,3.301,0.810449201266));
#8584=CARTESIAN_POINT('NONE',(-2.430296220094,3.301,0.654707552457));
#8585 = MECHANICAL_DESIGN_GEOMETRIC_PRESENTATION_REPRESENTATION('',(#2945),#10700) ;
#8586 = FACE_OUTER_BOUND('NONE',#1754,.T.) ;
#8587 = LINE('NONE',#4139,#9830) ;
#8588 = PRESENTATION_LAYER_ASSIGNMENT('','',(#9030)) ;
#8589 = ADVANCED_FACE('NONE',(#6545),#1372,.F.) ;
#8590=CARTESIAN_POINT('NONE',(-2.541666341489,3.299999999999,0.827540819267));
#8591=DIRECTION('NONE',(1.314184451497000E-16,-1.,0.));
#8592 = PRESENTATION_STYLE_ASSIGNMENT((#3210)) ;
#8593 = ORIENTED_EDGE('NONE',*,*,#1948,.F.) ;
#8594 = PRESENTATION_STYLE_ASSIGNMENT((#7256)) ;
#8595 = COLOUR_RGB('',0.647058823529,0.619607843137,0.588235294117) ;
#8596=CARTESIAN_POINT('NONE',(-2.391785022508,3.301,0.810449201266));
#8597 = SURFACE_STYLE_USAGE(.BOTH.,#5026) ;
#8598 = SURFACE_STYLE_USAGE(.BOTH.,#14419) ;
#8599=CARTESIAN_POINT('NONE',(-2.483112157816,3.301,0.637862783361));
#8600=CARTESIAN_POINT('NONE',(-2.292851676192,3.301,0.856194317635));
#8601 = ORIENTED_EDGE('NONE',*,*,#7751,.F.) ;
#8602 = VECTOR('NONE',#12384,1000.) ;
#8603 = PLANE('NONE',#9944) ;
#8604 = ORIENTED_EDGE('NONE',*,*,#14587,.T.) ;
#8605 = VECTOR('NONE',#11548,1000.) ;
#8606 =(NAMED_UNIT(*) PLANE_ANGLE_UNIT() SI_UNIT($,.RADIAN.));
#8607 = ORIENTED_EDGE('NONE',*,*,#2096,.F.) ;
#8608 = ORIENTED_EDGE('NONE',*,*,#3668,.F.) ;
#8609 = PRESENTATION_STYLE_ASSIGNMENT((#14290)) ;
#8610 = ORIENTED_EDGE('NONE',*,*,#10743,.F.) ;
#8611 = COLOUR_RGB('',0.647058823529,0.619607843137,0.588235294117) ;
#8612=CARTESIAN_POINT('NONE',(-2.793511923081,3.301,0.720445310248));
#8613 = VERTEX_POINT('NONE',#13373) ;
#8614=CARTESIAN_POINT('NONE',(-2.380200843723,3.299999999999,0.694491458554));
#8615 = ORIENTED_EDGE('NONE',*,*,#1290,.F.) ;
#8616 = FACE_OUTER_BOUND('NONE',#976,.T.) ;
#8617 = COLOUR_RGB('',0.647058823529,0.619607843137,0.588235294117) ;
#8618=CARTESIAN_POINT('NONE',(-2.392588692688,3.299999999999,0.681863803664));
#8619 =(LENGTH_UNIT() NAMED_UNIT(*) SI_UNIT(.MILLI.,.METRE.));
#8620 =(NAMED_UNIT(*) PLANE_ANGLE_UNIT() SI_UNIT($,.RADIAN.));
#8621=CARTESIAN_POINT('NONE',(-2.48566171196,3.299999999999,0.632292254098));
#8622 = VECTOR('NONE',#2464,1000.) ;
#8623 = ORIENTED_EDGE('NONE',*,*,#14024,.F.) ;
#8624=CARTESIAN_POINT('NONE',(-1.,6.75,1.5));
#8625 = VECTOR('NONE',#13792,1000.) ;
#8626 = FILL_AREA_STYLE_COLOUR('',#2138) ;
#8627=CARTESIAN_POINT('NONE',(-2.302653659568,3.299999999999,0.650497101442));
#8628 = VERTEX_POINT('NONE',#5502) ;
#8629 = LINE('NONE',#775,#2360) ;
#8630 =(LENGTH_UNIT() NAMED_UNIT(*) SI_UNIT(.MILLI.,.METRE.));
#8631=CARTESIAN_POINT('NONE',(-0.8,0.4,0.299999999999));
#8632=CARTESIAN_POINT('NONE',(-1.694860474421,3.301,0.847829130512));
#8633 = MECHANICAL_DESIGN_GEOMETRIC_PRESENTATION_REPRESENTATION('',(#11681),#9561) ;
#8634=CARTESIAN_POINT('NONE',(-3.299999999999,3.299999999999,0.));
#8635 = PRESENTATION_LAYER_ASSIGNMENT('','',(#12135)) ;
#8636 = LINE('NONE',#12218,#4172) ;
#8637 =(LENGTH_UNIT() NAMED_UNIT(*) SI_UNIT(.MILLI.,.METRE.));
#8638 = PRESENTATION_STYLE_ASSIGNMENT((#4401)) ;
#8639 = ADVANCED_FACE('NONE',(#7882),#8996,.F.) ;
#8640=DIRECTION('NONE',(0.999974850185,0.,0.007092178509));
#8641=AXIS2_PLACEMENT_3D('NONE',#2617,#11611,#9822);
#8642 = ORIENTED_EDGE('NONE',*,*,#13921,.F.) ;
#8643 =(GEOMETRIC_REPRESENTATION_CONTEXT(3) GLOBAL_UNCERTAINTY_ASSIGNED_CONTEXT((#7940)) GLOBAL_UNIT_ASSIGNED_CONTEXT((#6279,#4890,#13993)) REPRESENTATION_CONTEXT('NONE','WORKASPACE'));
#8644=CARTESIAN_POINT('NONE',(-2.355968453579,3.299999999999,0.673202180176));
#8645 =(NAMED_UNIT(*) SI_UNIT($,.STERADIAN.) SOLID_ANGLE_UNIT());
#8646 =(LENGTH_UNIT() NAMED_UNIT(*) SI_UNIT(.MILLI.,.METRE.));
#8647=CARTESIAN_POINT('NONE',(-2.767385221977,3.301,0.647575381611));
#8648 = EDGE_LOOP('NONE',(#2026,#7084,#1244,#12637)) ;
#8649 = ORIENTED_EDGE('NONE',*,*,#4791,.F.) ;
#8650=CARTESIAN_POINT('NONE',(-2.207526211562,3.301,0.933785088579));
#8651=CARTESIAN_POINT('NONE',(-2.650763863663,3.301,0.930641488967));
#8652 = ADVANCED_FACE('NONE',(#6608),#3464,.F.) ;
#8653 = COLOUR_RGB('',0.647058823529,0.619607843137,0.588235294117) ;
#8654=CARTESIAN_POINT('NONE',(-2.294376552045,3.301,0.917260418749));
#8655 = VECTOR('NONE',#1590,1000.) ;
#8656=CARTESIAN_POINT('NONE',(-2.380200843723,3.299999999999,0.694491458554));
#8657=CARTESIAN_POINT('NONE',(-2.301255109149,3.299999999999,0.646826184864));
#8658=CARTESIAN_POINT('NONE',(-2.661992291233,3.301,0.85569740015));
#8659 = EDGE_CURVE('NONE',#2510,#3642,#12582,.T.) ;
#8660=CARTESIAN_POINT('NONE',(-2.431566470072,3.301,0.701863148656));
#8661=DIRECTION('NONE',(0.007092178509,0.,-0.999974850185));
#8662 = ORIENTED_EDGE('NONE',*,*,#10058,.T.) ;
#8663 = FILL_AREA_STYLE_COLOUR('',#2946) ;
#8664 = SURFACE_STYLE_FILL_AREA(#4150) ;
#8665 = COLOUR_RGB('',0.647058823529,0.619607843137,0.588235294117) ;
#8666 = PRESENTATION_LAYER_ASSIGNMENT('','',(#10304)) ;
#8667 = EDGE_CURVE('NONE',#7303,#5267,#11721,.T.) ;
#8668 = UNCERTAINTY_MEASURE_WITH_UNIT(LENGTH_MEASURE(1.000000000000E-05),#7368,'distance_accuracy_value','NONE');
#8669=CARTESIAN_POINT('NONE',(-2.666852463179,3.299999999999,0.722903300441));
#8670 =(LENGTH_UNIT() NAMED_UNIT(*) SI_UNIT(.MILLI.,.METRE.));
#8671 = ORIENTED_EDGE('NONE',*,*,#14006,.T.) ;
#8672 = EDGE_CURVE('NONE',#8711,#1831,#2807,.T.) ;
#8673 = SURFACE_SIDE_STYLE('',(#11152)) ;
#8674=CARTESIAN_POINT('NONE',(-1.827131081904,3.299999999999,0.658618748919));
#8675 = LINE('NONE',#14219,#5699) ;
#8676 = UNCERTAINTY_MEASURE_WITH_UNIT(LENGTH_MEASURE(1.000000000000E-05),#14831,'distance_accuracy_value','NONE');
#8677 = VECTOR('NONE',#12547,1000.) ;
#8678 =(GEOMETRIC_REPRESENTATION_CONTEXT(3) GLOBAL_UNCERTAINTY_ASSIGNED_CONTEXT((#3493)) GLOBAL_UNIT_ASSIGNED_CONTEXT((#9616,#6044,#8216)) REPRESENTATION_CONTEXT('NONE','WORKASPACE'));
#8679 = SURFACE_SIDE_STYLE('',(#4092)) ;
#8680 = VERTEX_POINT('NONE',#13580) ;
#8681 = PRESENTATION_STYLE_ASSIGNMENT((#6290)) ;
#8682=CARTESIAN_POINT('NONE',(-2.435252861222,3.299999999999,0.632275449393));
#8683 = EDGE_CURVE('NONE',#12058,#4016,#9366,.T.) ;
#8684 = SURFACE_SIDE_STYLE('',(#828)) ;
#8685 = VERTEX_POINT('NONE',#3530) ;
#8686 = FACE_OUTER_BOUND('NONE',#8079,.T.) ;
#8687 = ORIENTED_EDGE('NONE',*,*,#6784,.T.) ;
#8688=CARTESIAN_POINT('NONE',(-2.294634901836,3.301,0.698591997215));
#8689=CARTESIAN_POINT('NONE',(-2.480463744881,3.299999999999,0.80982026012));
#8690 = ORIENTED_EDGE('NONE',*,*,#7561,.T.) ;
#8691 = TOROIDAL_SURFACE('NONE',#5799,2.650000000000,0.500000000000) ;
#8692 = PLANE('NONE',#12760) ;
#8693 = PRESENTATION_STYLE_ASSIGNMENT((#5123)) ;
#8694=CARTESIAN_POINT('NONE',(-2.48630236408,3.301,0.634658418036));
#8695 = ORIENTED_EDGE('NONE',*,*,#13438,.F.) ;
#8696 = SURFACE_STYLE_USAGE(.BOTH.,#10760) ;
#8697=CARTESIAN_POINT('NONE',(-1.752747730884,3.301,0.93591516678));
#8698 = EDGE_CURVE('NONE',#14645,#12426,#8339,.T.) ;
#8699 = SURFACE_SIDE_STYLE('',(#6230)) ;
#8700 = ORIENTED_EDGE('NONE',*,*,#9575,.F.) ;
#8701 = PRESENTATION_STYLE_ASSIGNMENT((#14029)) ;
#8702 = FILL_AREA_STYLE('',(#14241)) ;
#8703=CARTESIAN_POINT('NONE',(-2.830405792484,3.301,0.613751348693));
#8704 = PRESENTATION_STYLE_ASSIGNMENT((#13024)) ;
#8705=CARTESIAN_POINT('NONE',(-1.978285258156,3.301,0.807643913064));
#8706 = STYLED_ITEM('NONE',(#3145),#14116) ;
#8707=CARTESIAN_POINT('NONE',(-2.550550308789,3.301,0.905835938266));
#8708=CARTESIAN_POINT('NONE',(-2.392650452605,3.301,0.932472121394));
#8709 = PRESENTATION_STYLE_ASSIGNMENT((#7522)) ;
#8710 = STYLED_ITEM('NONE',(#11207),#14306) ;
#8711 = VERTEX_POINT('NONE',#6916) ;
#8712=CARTESIAN_POINT('NONE',(3.3,-0.7,0.299999999999));
#8713 = PRESENTATION_LAYER_ASSIGNMENT('','',(#6327)) ;
#8714=CARTESIAN_POINT('NONE',(-2.793137619644,3.299999999999,0.720447964942));
#8715 = LINE('NONE',#12089,#5852) ;
#8716=CARTESIAN_POINT('NONE',(0.,0.,1.5));
#8717=CARTESIAN_POINT('NONE',(-2.106211892943,3.299999999999,0.739930350746));
#8718 = ORIENTED_EDGE('NONE',*,*,#12193,.T.) ;
#8719 = ORIENTED_EDGE('NONE',*,*,#4033,.T.) ;
#8720 = SURFACE_SIDE_STYLE('',(#11004)) ;
#8721=CARTESIAN_POINT('NONE',(-1.552818840819,3.301,0.760339860241));
#8722 = ADVANCED_FACE('NONE',(#12651),#6995,.T.) ;
#8723=DIRECTION('NONE',(0.999974850185,0.,0.007092178509));
#8724 =(NAMED_UNIT(*) SI_UNIT($,.STERADIAN.) SOLID_ANGLE_UNIT());
#8725 = EDGE_CURVE('NONE',#8393,#11831,#11572,.T.) ;
#8726=CARTESIAN_POINT('NONE',(-2.276416837418,3.299999999999,0.869973642013));
#8727=CARTESIAN_POINT('NONE',(-2.643336857002,3.299999999999,0.908234828108));
#8728 = PRESENTATION_STYLE_ASSIGNMENT((#14266)) ;
#8729=AXIS2_PLACEMENT_3D('NONE',#2351,#2509,#6495);
#8730 = FILL_AREA_STYLE('',(#14131)) ;
#8731 = ORIENTED_EDGE('NONE',*,*,#14607,.F.) ;
#8732 = B_SPLINE_CURVE_WITH_KNOTS('NONE',3,(#10230,#6561,#6919,#5386),.UNSPECIFIED.,.F.,.F.,(4,4),(10.,11.),.UNSPECIFIED.) ;
#8733 =(LENGTH_UNIT() NAMED_UNIT(*) SI_UNIT(.MILLI.,.METRE.));
#8734 = VERTEX_POINT('NONE',#6309) ;
#8735=CARTESIAN_POINT('NONE',(-2.317216537321,3.299999999999,0.627872093431));
#8736 = ADVANCED_FACE('NONE',(#4186),#626,.F.) ;
#8737=CARTESIAN_POINT('NONE',(-2.024684867268,3.301,0.621645428081));
#8738 = STYLED_ITEM('NONE',(#4915),#11177) ;
#8739 = PRESENTATION_STYLE_ASSIGNMENT((#8598)) ;
#8740 =(NAMED_UNIT(*) SI_UNIT($,.STERADIAN.) SOLID_ANGLE_UNIT());
#8741 = VECTOR('NONE',#2579,1000.) ;
#8742 = STYLED_ITEM('NONE',(#8412),#1922) ;
#8743 = ADVANCED_FACE('NONE',(#6233),#3458,.F.) ;
#8744 = ORIENTED_EDGE('NONE',*,*,#5276,.T.) ;
#8745 = FILL_AREA_STYLE_COLOUR('',#10493) ;
#8746=CARTESIAN_POINT('NONE',(2.65,3.245314017740000E-16,2.186229122613));
#8747 = PRESENTATION_STYLE_ASSIGNMENT((#8887)) ;
#8748 = CYLINDRICAL_SURFACE('NONE',#4210,3.150000000000) ;
#8749 = PRESENTATION_LAYER_ASSIGNMENT('','',(#11557)) ;
#8750=CARTESIAN_POINT('NONE',(-2.276287199883,3.301,0.851695157556));
#8751 = VERTEX_POINT('NONE',#9658) ;
#8752 = EDGE_CURVE('NONE',#571,#5245,#9510,.T.) ;
#8753=CARTESIAN_POINT('NONE',(-2.399911048344,3.299999999999,0.614745798602));
#8754=DIRECTION('NONE',(0.,-1.,0.));
#8755 = ORIENTED_EDGE('NONE',*,*,#12155,.F.) ;
#8756 = ORIENTED_EDGE('NONE',*,*,#6963,.T.) ;
#8757=CARTESIAN_POINT('NONE',(-2.410662989055,3.301,0.666138853302));
#8758 = PRESENTATION_STYLE_ASSIGNMENT((#7784)) ;
#8759 = VERTEX_POINT('NONE',#8557) ;
#8760 =(NAMED_UNIT(*) PLANE_ANGLE_UNIT() SI_UNIT($,.RADIAN.));
#8761 = VECTOR('NONE',#10138,1000.) ;
#8762 =(GEOMETRIC_REPRESENTATION_CONTEXT(3) GLOBAL_UNCERTAINTY_ASSIGNED_CONTEXT((#10118)) GLOBAL_UNIT_ASSIGNED_CONTEXT((#12801,#4911,#10687)) REPRESENTATION_CONTEXT('NONE','WORKASPACE'));
#8763 = B_SPLINE_SURFACE_WITH_KNOTS('NONE',3,1,((#14280,#1963),(#9989,#6500),(#5527,#5459),(#7633,#14351),(#13267,#6428),(#10949,#3007)),.UNSPECIFIED.,.F.,.F.,.F.,(4,2,4),(2,2),(2.000000000000,3.000000000000,4.000000000000),(0.,1.),.UNSPECIFIED.) ;
#8764 = COLOUR_RGB('',0.250980392156,0.250980392156,0.250980392156) ;
#8765=CARTESIAN_POINT('NONE',(-2.621037256947,3.299999999999,0.855987867869));
#8766 = EDGE_CURVE('NONE',#14152,#10161,#11037,.T.) ;
#8767=CARTESIAN_POINT('NONE',(-2.487259802667,3.299999999999,0.637708592696));
#8768 = ORIENTED_EDGE('NONE',*,*,#1282,.F.) ;
#8769 =(NAMED_UNIT(*) PLANE_ANGLE_UNIT() SI_UNIT($,.RADIAN.));
#8770=CARTESIAN_POINT('NONE',(-1.827069550709,3.301,0.649943044093));
#8771=CARTESIAN_POINT('NONE',(-2.301255109149,3.299999999999,0.646826184864));
#8772 = VECTOR('NONE',#4467,1000.) ;
#8773 = ORIENTED_EDGE('NONE',*,*,#2878,.T.) ;
#8774=CARTESIAN_POINT('NONE',(-2.715124325989,3.301,0.676706461821));
#8775 = SURFACE_STYLE_FILL_AREA(#5422) ;
#8776=CARTESIAN_POINT('NONE',(-2.451564298519,3.301,0.864988211072));
#8777=CARTESIAN_POINT('NONE',(-2.731690350175,3.301,0.677025678973));
#8778 = SURFACE_SIDE_STYLE('',(#3103)) ;
#8779=AXIS2_PLACEMENT_3D('NONE',#13047,#10717,#7173);
#8780=CARTESIAN_POINT('NONE',(-2.632765633702,3.299999999999,0.737182141301));
#8781 = EDGE_CURVE('NONE',#521,#5589,#5058,.T.) ;
#8782=CARTESIAN_POINT('NONE',(-2.633920209044,3.299999999999,0.930760950177));
#8783=AXIS2_PLACEMENT_3D('NONE',#4315,#5482,#4451);
#8784 = LINE('NONE',#13236,#6572) ;
#8785 = ORIENTED_EDGE('NONE',*,*,#7208,.F.) ;
#8786=CARTESIAN_POINT('NONE',(-2.349831199457,3.299999999999,0.920610337238));
#8787 = ORIENTED_EDGE('NONE',*,*,#11486,.F.) ;
#8788 = EDGE_LOOP('NONE',(#14227,#6407,#9592,#4562)) ;
#8789 = LINE('NONE',#13168,#9780) ;
#8790 = STYLED_ITEM('NONE',(#10229),#5452) ;
#8791 = PLANE('NONE',#2065) ;
#8792 = VECTOR('NONE',#14154,1000.) ;
#8793 = VERTEX_POINT('NONE',#6531) ;
#8794=DIRECTION('NONE',(-0.349299057801,0.,-0.937011295673));
#8795=CARTESIAN_POINT('NONE',(-2.276556208829,3.299999999999,0.889624572402));
#8796=DIRECTION('NONE',(0.,-1.,0.));
#8797 = LINE('NONE',#2222,#10918) ;
#8798 = STYLED_ITEM('NONE',(#3735),#13193) ;
#8799=CARTESIAN_POINT('NONE',(-2.603000757242,3.301,0.670327172125));
#8800 = ORIENTED_EDGE('NONE',*,*,#10041,.T.) ;
#8801 = VECTOR('NONE',#5019,1000.) ;
#8802 = STYLED_ITEM('NONE',(#12162),#2502) ;
#8803=CARTESIAN_POINT('NONE',(-2.446059870812,3.299999999999,0.590274708655));
#8804 = ORIENTED_EDGE('NONE',*,*,#10656,.T.) ;
#8805 = SURFACE_STYLE_FILL_AREA(#8876) ;
#8806 = UNCERTAINTY_MEASURE_WITH_UNIT(LENGTH_MEASURE(1.000000000000E-05),#11098,'distance_accuracy_value','NONE');
#8807 = VECTOR('NONE',#14763,1000.) ;
#8808=CARTESIAN_POINT('NONE',(-2.294529598992,3.299999999999,0.683744627587));
#8809 =(NAMED_UNIT(*) PLANE_ANGLE_UNIT() SI_UNIT($,.RADIAN.));
#8810 = ORIENTED_EDGE('NONE',*,*,#12386,.T.) ;
#8811 = VECTOR('NONE',#966,1000.) ;
#8812=CARTESIAN_POINT('NONE',(-2.561528093917,3.299999999999,0.826339372882));
#8813=CARTESIAN_POINT('NONE',(-2.390865381974,3.301,0.614809953696));
#8814 = SURFACE_STYLE_FILL_AREA(#5323) ;
#8815 = UNCERTAINTY_MEASURE_WITH_UNIT(LENGTH_MEASURE(1.000000000000E-05),#14276,'distance_accuracy_value','NONE');
#8816 = SURFACE_STYLE_USAGE(.BOTH.,#9919) ;
#8817 = VECTOR('NONE',#11730,1000.) ;
#8818 = EDGE_CURVE('NONE',#11063,#5637,#10501,.T.) ;
#8819 = EDGE_CURVE('NONE',#11520,#1730,#2127,.T.) ;
#8820 = VECTOR('NONE',#7323,1000.) ;
#8821 = ORIENTED_EDGE('NONE',*,*,#10915,.F.) ;
#8822 = FILL_AREA_STYLE('',(#7920)) ;
#8823 = MECHANICAL_DESIGN_GEOMETRIC_PRESENTATION_REPRESENTATION('',(#6440),#2712) ;
#8824 = LINE('NONE',#11162,#2755) ;
#8825 = ORIENTED_EDGE('NONE',*,*,#14643,.F.) ;
#8826=DIRECTION('NONE',(-0.007092178509,0.,0.999974850185));
#8827 = ORIENTED_EDGE('NONE',*,*,#9866,.F.) ;
#8828 = PRESENTATION_STYLE_ASSIGNMENT((#14573)) ;
#8829=CARTESIAN_POINT('NONE',(-2.446059870812,3.299999999999,0.590274708655));
#8830 = ORIENTED_EDGE('NONE',*,*,#12326,.T.) ;
#8831 = SURFACE_SIDE_STYLE('',(#6722)) ;
#8832 =(GEOMETRIC_REPRESENTATION_CONTEXT(3) GLOBAL_UNCERTAINTY_ASSIGNED_CONTEXT((#1336)) GLOBAL_UNIT_ASSIGNED_CONTEXT((#11092,#4504,#13413)) REPRESENTATION_CONTEXT('NONE','WORKASPACE'));
#8833 = EDGE_CURVE('NONE',#6661,#2086,#9053,.T.) ;
#8834 = FILL_AREA_STYLE_COLOUR('',#8536) ;
#8835 = SURFACE_STYLE_USAGE(.BOTH.,#11927) ;
#8836 = PLANE('NONE',#11706) ;
#8837=CARTESIAN_POINT('NONE',(-1.920059611897,3.301,0.916508635461));
#8838 = ORIENTED_EDGE('NONE',*,*,#4828,.F.) ;
#8839 = EDGE_CURVE('NONE',#13994,#12163,#9948,.T.) ;
#8840 = CYLINDRICAL_SURFACE('NONE',#12063,2.650000000000) ;
#8841 = ORIENTED_EDGE('NONE',*,*,#3033,.T.) ;
#8842=AXIS2_PLACEMENT_3D('NONE',#6196,#6420,#890);
#8843=CARTESIAN_POINT('NONE',(-2.024684867268,3.299999999999,0.621645428081));
#8844 = PRESENTATION_LAYER_ASSIGNMENT('','',(#10018)) ;
#8845 = UNCERTAINTY_MEASURE_WITH_UNIT(LENGTH_MEASURE(1.000000000000E-05),#12144,'distance_accuracy_value','NONE');
#8846=CARTESIAN_POINT('NONE',(-2.380200843723,3.301,0.694491458554));
#8847=CARTESIAN_POINT('NONE',(-2.615948763255,3.301,0.842236420558));
#8848 =(NAMED_UNIT(*) SI_UNIT($,.STERADIAN.) SOLID_ANGLE_UNIT());
#8849 = ADVANCED_FACE('NONE',(#10020),#572,.F.) ;
#8850 = PRESENTATION_STYLE_ASSIGNMENT((#9876)) ;
#8851=CARTESIAN_POINT('NONE',(-1.98947133851,3.301,0.672216787491));
#8852 = EDGE_CURVE('NONE',#4511,#7712,#5354,.T.) ;
#8853=CARTESIAN_POINT('NONE',(-1.773144805261,3.301,0.631237947217));
#8854=CARTESIAN_POINT('NONE',(-2.306035261891,3.299999999999,0.90738296511));
#8855 = VECTOR('NONE',#7945,1000.) ;
#8856 = PRESENTATION_STYLE_ASSIGNMENT((#5570)) ;
#8857 = SURFACE_SIDE_STYLE('',(#9061)) ;
#8858 = VERTEX_POINT('NONE',#13499) ;
#8859 = PRESENTATION_LAYER_ASSIGNMENT('','',(#11681)) ;
#8860 =(NAMED_UNIT(*) PLANE_ANGLE_UNIT() SI_UNIT($,.RADIAN.));
#8861=DIRECTION('NONE',(-1.,1.264902534566000E-16,0.));
#8862 = VECTOR('NONE',#10498,1000.) ;
#8863 = VERTEX_POINT('NONE',#6668) ;
#8864 = EDGE_CURVE('NONE',#5267,#1235,#3179,.T.) ;
#8865 = ORIENTED_EDGE('NONE',*,*,#6945,.F.) ;
#8866 = SURFACE_STYLE_FILL_AREA(#6482) ;
#8867 =(LENGTH_UNIT() NAMED_UNIT(*) SI_UNIT(.MILLI.,.METRE.));
#8868 =(NAMED_UNIT(*) PLANE_ANGLE_UNIT() SI_UNIT($,.RADIAN.));
#8869=CARTESIAN_POINT('NONE',(-2.333861095493,3.299999999999,0.6348661673));
#8870=CARTESIAN_POINT('NONE',(-1.922477723962,3.301,0.768129516705));
#8871 =(GEOMETRIC_REPRESENTATION_CONTEXT(3) GLOBAL_UNCERTAINTY_ASSIGNED_CONTEXT((#1053)) GLOBAL_UNIT_ASSIGNED_CONTEXT((#1141,#8928,#12356)) REPRESENTATION_CONTEXT('NONE','WORKASPACE'));
#8872 = VERTEX_POINT('NONE',#10079) ;
#8873=AXIS2_PLACEMENT_3D('NONE',#9749,#3980,#14189);
#8874 = FILL_AREA_STYLE('',(#12243)) ;
#8875 = ORIENTED_EDGE('NONE',*,*,#9999,.F.) ;
#8876 = FILL_AREA_STYLE('',(#4213)) ;
#8877=CARTESIAN_POINT('NONE',(-2.642075464357,3.301,0.915106349196));
#8878 = EDGE_CURVE('NONE',#7631,#4434,#14676,.T.) ;
#8879 = B_SPLINE_SURFACE_WITH_KNOTS('NONE',3,1,((#3814,#10834),(#11860,#14099),(#13221,#9802),(#852,#8480)),.UNSPECIFIED.,.F.,.F.,.F.,(4,4),(2,2),(3.000000000000,4.000000000000),(0.,1.),.UNSPECIFIED.) ;
#8880=CARTESIAN_POINT('NONE',(-2.586578768981,3.301,0.809067654498));
#8881=DIRECTION('NONE',(0.999974850185,0.,0.007092178509));
#8882 = ORIENTED_EDGE('NONE',*,*,#1931,.F.) ;
#8883=CARTESIAN_POINT('NONE',(-2.514031376558,3.301,0.823494497308));
#8884=DIRECTION('NONE',(1.,0.,0.));
#8885=CARTESIAN_POINT('NONE',(-1.739697190505,3.299999999999,0.563801307785));
#8886=CARTESIAN_POINT('NONE',(-2.324925593336,3.299999999999,0.61527762221));
#8887 = SURFACE_STYLE_USAGE(.BOTH.,#896) ;
#8888 = STYLED_ITEM('NONE',(#9146),#6530) ;
#8889 = ORIENTED_EDGE('NONE',*,*,#8472,.F.) ;
#8890 = COLOUR_RGB('',0.647058823529,0.619607843137,0.588235294117) ;
#8891 = VECTOR('NONE',#6316,1000.) ;
#8892=CARTESIAN_POINT('NONE',(-2.350992604214,3.299999999999,0.934826346174));
#8893 =(NAMED_UNIT(*) PLANE_ANGLE_UNIT() SI_UNIT($,.RADIAN.));
#8894 = VERTEX_POINT('NONE',#14520) ;
#8895=CARTESIAN_POINT('NONE',(-2.515416004456,3.299999999999,0.917564339388));
#8896 = ORIENTED_EDGE('NONE',*,*,#12009,.T.) ;
#8897=CARTESIAN_POINT('NONE',(-2.052680947236,3.299999999999,0.776749777993));
#8898=AXIS2_PLACEMENT_3D('NONE',#13662,#10234,#14685);
#8899 = VERTEX_POINT('NONE',#11244) ;
#8900=CARTESIAN_POINT('NONE',(-1.607488114217,3.301,0.761687394205));
#8901 = EDGE_CURVE('NONE',#11989,#11734,#12415,.T.) ;
#8902 = PRESENTATION_LAYER_ASSIGNMENT('','',(#3938)) ;
#8903 = STYLED_ITEM('NONE',(#8850),#6662) ;
#8904=CARTESIAN_POINT('NONE',(-3.299999999999,0.7,0.));
#8905 = ORIENTED_EDGE('NONE',*,*,#8418,.F.) ;
#8906 = PRESENTATION_LAYER_ASSIGNMENT('','',(#3944)) ;
#8907=CARTESIAN_POINT('NONE',(-2.647750805978,3.301,0.628959113856));
#8908 = ORIENTED_EDGE('NONE',*,*,#3233,.T.) ;
#8909=DIRECTION('NONE',(0.,1.,0.));
#8910 = VECTOR('NONE',#9772,1000.) ;
#8911 = PRESENTATION_LAYER_ASSIGNMENT('','',(#1170)) ;
#8912=DIRECTION('NONE',(-0.007092178509,0.,0.999974850185));
#8913 = EDGE_CURVE('NONE',#9011,#5069,#14594,.T.) ;
#8914=DIRECTION('NONE',(0.,1.,0.));
#8915 =(LENGTH_UNIT() NAMED_UNIT(*) SI_UNIT(.MILLI.,.METRE.));
#8916 = SURFACE_STYLE_FILL_AREA(#4393) ;
#8917=CARTESIAN_POINT('NONE',(0.,0.,0.956856893858));
#8918 = SURFACE_STYLE_FILL_AREA(#4323) ;
#8919 = ADVANCED_FACE('NONE',(#10981),#9873,.F.) ;
#8920=CARTESIAN_POINT('NONE',(-2.021128493468,3.299999999999,0.854191212864));
#8921 = LINE('NONE',#5492,#12794) ;
#8922 = UNCERTAINTY_MEASURE_WITH_UNIT(LENGTH_MEASURE(1.000000000000E-05),#2666,'distance_accuracy_value','NONE');
#8923 =(LENGTH_UNIT() NAMED_UNIT(*) SI_UNIT(.MILLI.,.METRE.));
#8924 = ORIENTED_EDGE('NONE',*,*,#3415,.T.) ;
#8925 =(NAMED_UNIT(*) SI_UNIT($,.STERADIAN.) SOLID_ANGLE_UNIT());
#8926 = EDGE_CURVE('NONE',#4936,#8397,#2565,.T.) ;
#8927 =(NAMED_UNIT(*) SI_UNIT($,.STERADIAN.) SOLID_ANGLE_UNIT());
#8928 =(NAMED_UNIT(*) PLANE_ANGLE_UNIT() SI_UNIT($,.RADIAN.));
#8929=DIRECTION('NONE',(0.,-1.,0.));
#8930 = ORIENTED_EDGE('NONE',*,*,#4482,.F.) ;
#8931 = VERTEX_POINT('NONE',#1489) ;
#8932 =(NAMED_UNIT(*) SI_UNIT($,.STERADIAN.) SOLID_ANGLE_UNIT());
#8933=CARTESIAN_POINT('NONE',(-1.694860474421,3.301,0.847829130512));
#8934=CARTESIAN_POINT('NONE',(-1.757577800259,3.299999999999,0.882956449549));
#8935=CARTESIAN_POINT('NONE',(-2.496981560235,3.301,0.917695083045));
#8936=CARTESIAN_POINT('NONE',(-1.826731129137,3.299999999999,0.602226667552));
#8937=DIRECTION('NONE',(0.999974850185,0.,0.007092178509));
#8938=DIRECTION('NONE',(1.314184451497000E-16,-1.,0.));
#8939 = EDGE_LOOP('NONE',(#4910,#14115,#8642,#5553)) ;
#8940 =(GEOMETRIC_REPRESENTATION_CONTEXT(3) GLOBAL_UNCERTAINTY_ASSIGNED_CONTEXT((#3996)) GLOBAL_UNIT_ASSIGNED_CONTEXT((#13709,#9339,#7045)) REPRESENTATION_CONTEXT('NONE','WORKASPACE'));
#8941 = EDGE_CURVE('NONE',#4452,#2524,#11394,.T.) ;
#8942 = EDGE_LOOP('NONE',(#428,#14337,#3719,#6331)) ;
#8943 = COLOUR_RGB('',0.647058823529,0.619607843137,0.588235294117) ;
#8944 = ORIENTED_EDGE('NONE',*,*,#5651,.T.) ;
#8945=CARTESIAN_POINT('NONE',(-2.304686032692,3.299999999999,0.835896981899));
#8946 = PLANE('NONE',#4940) ;
#8947=CARTESIAN_POINT('NONE',(-2.333566237399,3.301,0.808803337215));
#8948 = UNCERTAINTY_MEASURE_WITH_UNIT(LENGTH_MEASURE(1.000000000000E-05),#11538,'distance_accuracy_value','NONE');
#8949 = PRESENTATION_STYLE_ASSIGNMENT((#4710)) ;
#8950 = EDGE_LOOP('NONE',(#9959,#4580,#12020,#8225)) ;
#8951 = VECTOR('NONE',#5653,1000.) ;
#8952=DIRECTION('NONE',(-0.342741495824,0.,-0.939429756309));
#8953=CARTESIAN_POINT('NONE',(-2.451663407078,3.301,0.878962206015));
#8954=CARTESIAN_POINT('NONE',(-1.739198803412,3.299999999999,0.615861623691));
#8955 = EDGE_CURVE('NONE',#6787,#1225,#11316,.T.) ;
#8956 = PRESENTATION_LAYER_ASSIGNMENT('','',(#12238)) ;
#8957 = ORIENTED_EDGE('NONE',*,*,#2232,.T.) ;
#8958 = VERTEX_POINT('NONE',#1269) ;
#8959 = STYLED_ITEM('NONE',(#10329),#10513) ;
#8960=AXIS2_PLACEMENT_3D('NONE',#4334,#10997,#5366);
#8961=DIRECTION('NONE',(0.,-1.,0.));
#8962 = SURFACE_SIDE_STYLE('',(#11033)) ;
#8963 =(NAMED_UNIT(*) PLANE_ANGLE_UNIT() SI_UNIT($,.RADIAN.));
#8964 = ORIENTED_EDGE('NONE',*,*,#1024,.T.) ;
#8965=CARTESIAN_POINT('NONE',(-2.731818660363,3.299999999999,0.695117011712));
#8966 = MECHANICAL_DESIGN_GEOMETRIC_PRESENTATION_REPRESENTATION('',(#539),#4466) ;
#8967 = COLOUR_RGB('',0.647058823529,0.619607843137,0.588235294117) ;
#8968 = COLOUR_RGB('',0.647058823529,0.619607843137,0.588235294117) ;
#8969 = VECTOR('NONE',#8914,1000.) ;
#8970 =(LENGTH_UNIT() NAMED_UNIT(*) SI_UNIT(.MILLI.,.METRE.));
#8971=CARTESIAN_POINT('NONE',(-1.588586109549,3.301,0.665516266492));
#8972 = EDGE_LOOP('NONE',(#3128,#14102,#13818,#5794)) ;
#8973 = LINE('NONE',#9122,#8311) ;
#8974 = ORIENTED_EDGE('NONE',*,*,#12045,.T.) ;
#8975 = EDGE_CURVE('NONE',#5002,#10737,#5918,.T.) ;
#8976=CARTESIAN_POINT('NONE',(-2.79535401671,3.301,0.711885220435));
#8977 = UNCERTAINTY_MEASURE_WITH_UNIT(LENGTH_MEASURE(1.000000000000E-05),#9806,'distance_accuracy_value','NONE');
#8978 = VECTOR('NONE',#11964,1000.) ;
#8979=CARTESIAN_POINT('NONE',(-2.443713413255,3.301,0.70364860952));
#8980=CARTESIAN_POINT('NONE',(-2.496314347256,3.301,0.823620152803));
#8981=DIRECTION('NONE',(-1.,0.,0.));
#8982=CARTESIAN_POINT('NONE',(-1.568084401449,3.299999999999,0.833111174432));
#8983 = SURFACE_STYLE_USAGE(.BOTH.,#12416) ;
#8984 = FACE_OUTER_BOUND('NONE',#3214,.T.) ;
#8985=DIRECTION('NONE',(0.,-1.,0.));
#8986=CARTESIAN_POINT('NONE',(-1.985225815397,3.301,0.807594688155));
#8987 = COLOUR_RGB('',0.647058823529,0.619607843137,0.588235294117) ;
#8988 = VECTOR('NONE',#1617,1000.) ;
#8989 = ADVANCED_FACE('NONE',(#3513),#5695,.T.) ;
#8990 =(NAMED_UNIT(*) SI_UNIT($,.STERADIAN.) SOLID_ANGLE_UNIT());
#8991 = EDGE_CURVE('NONE',#2806,#1284,#2593,.T.) ;
#8992 = VECTOR('NONE',#13215,1000.) ;
#8993 = EDGE_CURVE('NONE',#6498,#6847,#1629,.T.) ;
#8994 = EDGE_LOOP('NONE',(#2279,#8700,#3583,#1449)) ;
#8995=CARTESIAN_POINT('NONE',(-2.451663407078,3.299999999999,0.878962206015));
#8996 = PLANE('NONE',#2266) ;
#8997 = FACE_OUTER_BOUND('NONE',#7017,.T.) ;
#8998 = VERTEX_POINT('NONE',#8539) ;
#8999 = PRESENTATION_STYLE_ASSIGNMENT((#6612)) ;
#9000 = FILL_AREA_STYLE('',(#10095)) ;
#9001=CARTESIAN_POINT('NONE',(3.899999999999,-0.325,0.299999999999));
#9002 = FILL_AREA_STYLE('',(#10168)) ;
#9003=DIRECTION('NONE',(0.,0.,1.));
#9004 =(LENGTH_UNIT() NAMED_UNIT(*) SI_UNIT(.MILLI.,.METRE.));
#9005=DIRECTION('NONE',(1.284980352575000E-16,-1.,0.));
#9006 = EDGE_CURVE('NONE',#14775,#14571,#7863,.T.) ;
#9007 = LINE('NONE',#9075,#13345) ;
#9008=AXIS2_PLACEMENT_3D('NONE',#2829,#2749,#7224);
#9009 = ORIENTED_EDGE('NONE',*,*,#1346,.F.) ;
#9010 =(LENGTH_UNIT() NAMED_UNIT(*) SI_UNIT(.MILLI.,.METRE.));
#9011 = VERTEX_POINT('NONE',#6066) ;
#9012 =(LENGTH_UNIT() NAMED_UNIT(*) SI_UNIT(.MILLI.,.METRE.));
#9013 =(GEOMETRIC_REPRESENTATION_CONTEXT(3) GLOBAL_UNCERTAINTY_ASSIGNED_CONTEXT((#14487)) GLOBAL_UNIT_ASSIGNED_CONTEXT((#9407,#4819,#9340)) REPRESENTATION_CONTEXT('NONE','WORKASPACE'));
#9014 = SURFACE_STYLE_FILL_AREA(#11271) ;
#9015 = COLOUR_RGB('',0.647058823529,0.619607843137,0.588235294117) ;
#9016 = LINE('NONE',#5384,#9788) ;
#9017=DIRECTION('NONE',(0.999974850185,0.,0.007092178509));
#9018 = EDGE_LOOP('NONE',(#10811,#7056,#7200,#3787)) ;
#9019=CARTESIAN_POINT('NONE',(-1.552818840819,3.299999999999,0.760339860241));
#9020 = EDGE_CURVE('NONE',#4608,#6703,#6295,.T.) ;
#9021 = PLANE('NONE',#7228) ;
#9022=CARTESIAN_POINT('NONE',(-1.950430666794,3.301,0.672493677868));
#9023=DIRECTION('NONE',(0.,0.,-1.));
#9024=AXIS2_PLACEMENT_3D('NONE',#5149,#6338,#6043);
#9025 = MECHANICAL_DESIGN_GEOMETRIC_PRESENTATION_REPRESENTATION('',(#5005),#3159) ;
#9026 = ORIENTED_EDGE('NONE',*,*,#8672,.T.) ;
#9027 = STYLED_ITEM('NONE',(#3614),#13520) ;
#9028=PRODUCT_DEFINITION_CONTEXT('detailed design',#2,'design');
#9029=DIRECTION('NONE',(-0.999974850185,0.,-0.007092178509));
#9030 = STYLED_ITEM('NONE',(#5020),#1546) ;
#9031=DIRECTION('NONE',(0.999974850185,0.,0.007092178509));
#9032=CARTESIAN_POINT('NONE',(-1.900474684585,3.301,0.968704386116));
#9033=DIRECTION('NONE',(0.007092178509,0.,-0.999974850185));
#9034 = EDGE_LOOP('NONE',(#1154,#2235,#11644,#8447)) ;
#9035 = SURFACE_SIDE_STYLE('',(#10005)) ;
#9036 =(LENGTH_UNIT() NAMED_UNIT(*) SI_UNIT(.MILLI.,.METRE.));
#9037 = FACE_OUTER_BOUND('NONE',#11046,.T.) ;
#9038 = EDGE_LOOP('NONE',(#9026,#5399,#3098,#10735)) ;
#9039 = COLOUR_RGB('',0.647058823529,0.619607843137,0.588235294117) ;
#9040 = ADVANCED_FACE('NONE',(#7499),#11701,.F.) ;
#9041 = SURFACE_STYLE_FILL_AREA(#4514) ;
#9042 = PRESENTATION_LAYER_ASSIGNMENT('','',(#3644)) ;
#9043 = LINE('NONE',#9936,#10879) ;
#9044 = FACE_OUTER_BOUND('NONE',#12095,.T.) ;
#9045=AXIS2_PLACEMENT_3D('NONE',#14190,#2985,#13241);
#9046=CARTESIAN_POINT('NONE',(-1.607524983549,3.299999999999,0.644559193055));
#9047 = PRESENTATION_LAYER_ASSIGNMENT('','',(#1085)) ;
#9048 = EDGE_LOOP('NONE',(#6471,#13733,#5615,#11022)) ;
#9049 = FACE_OUTER_BOUND('NONE',#1440,.T.) ;
#9050 =(NAMED_UNIT(*) SI_UNIT($,.STERADIAN.) SOLID_ANGLE_UNIT());
#9051=CARTESIAN_POINT('NONE',(-2.105996533761,3.301,0.709565383857));
#9052 = PRESENTATION_STYLE_ASSIGNMENT((#10078)) ;
#9053 = LINE('NONE',#6598,#10027) ;
#9054=DIRECTION('NONE',(0.999974850185,0.,0.007092178509));
#9055 = LINE('NONE',#13647,#11018) ;
#9056=CARTESIAN_POINT('NONE',(-2.407926756275,3.301,0.865297704095));
#9057 =(NAMED_UNIT(*) PLANE_ANGLE_UNIT() SI_UNIT($,.RADIAN.));
#9058=CARTESIAN_POINT('NONE',(-2.56357990973,3.301,0.856145827705));
#9059=AXIS2_PLACEMENT_3D('NONE',#8208,#11517,#12823);
#9060 = B_SPLINE_SURFACE_WITH_KNOTS('NONE',3,1,((#11729,#7519),(#1933,#8246),(#12569,#1636),(#6069,#10595)),.UNSPECIFIED.,.F.,.F.,.F.,(4,4),(2,2),(7.000000000000,8.000000000000),(0.,1.),.UNSPECIFIED.) ;
#9061 = SURFACE_STYLE_FILL_AREA(#4470) ;
#9062 = ORIENTED_EDGE('NONE',*,*,#1270,.T.) ;
#9063=DIRECTION('NONE',(0.999974850185,0.,0.007092178509));
#9064=CARTESIAN_POINT('NONE',(3.15,3.857637417314000E-16,0.5));
#9065=CARTESIAN_POINT('NONE',(-2.339976708605,3.301,0.630705248285));
#9066 = EDGE_LOOP('NONE',(#2905,#2911,#10767,#7942)) ;
#9067=CARTESIAN_POINT('NONE',(-2.383907593094,3.299999999999,0.662959711743));
#9068 = PRESENTATION_STYLE_ASSIGNMENT((#6763)) ;
#9069 = STYLED_ITEM('NONE',(#12486),#8919) ;
#9070 = FILL_AREA_STYLE_COLOUR('',#9490) ;
#9071 =(NAMED_UNIT(*) PLANE_ANGLE_UNIT() SI_UNIT($,.RADIAN.));
#9072 = EDGE_CURVE('NONE',#8469,#13754,#14082,.T.) ;
#9073 =(NAMED_UNIT(*) PLANE_ANGLE_UNIT() SI_UNIT($,.RADIAN.));
#9074 = LINE('NONE',#9223,#2433) ;
#9075=CARTESIAN_POINT('NONE',(-2.470464368018,3.301,0.600645033687));
#9076 = ORIENTED_EDGE('NONE',*,*,#4791,.T.) ;
#9077=CARTESIAN_POINT('NONE',(-1.,6.75,1.5));
#9078 = ORIENTED_EDGE('NONE',*,*,#14736,.F.) ;
#9079 = PRESENTATION_LAYER_ASSIGNMENT('','',(#894)) ;
#9080 =(LENGTH_UNIT() NAMED_UNIT(*) SI_UNIT(.MILLI.,.METRE.));
#9081 = B_SPLINE_CURVE_WITH_KNOTS('NONE',3,(#6841,#11340,#1288,#7158),.UNSPECIFIED.,.F.,.F.,(4,4),(22.000000000000,23.000000000000),.UNSPECIFIED.) ;
#9082 = SURFACE_STYLE_FILL_AREA(#2449) ;
#9083 = EDGE_CURVE('NONE',#14259,#3356,#3876,.T.) ;
#9084 = SURFACE_SIDE_STYLE('',(#3551)) ;
#9085 = EDGE_LOOP('NONE',(#10210,#13061,#10101,#3760)) ;
#9086=CARTESIAN_POINT('NONE',(-1.55257271604,3.299999999999,0.725637040938));
#9087 = VECTOR('NONE',#2376,1000.) ;
#9088 = VECTOR('NONE',#4132,1000.) ;
#9089=CARTESIAN_POINT('NONE',(-2.,2.,-0.01));
#9090 = LINE('NONE',#2237,#901) ;
#9091 = EDGE_CURVE('NONE',#3617,#14308,#1398,.T.) ;
#9092=CARTESIAN_POINT('NONE',(-2.73155628815,3.299999999999,0.658123355456));
#9093 = B_SPLINE_CURVE_WITH_KNOTS('NONE',3,(#11519,#13463,#1232,#13755),.UNSPECIFIED.,.F.,.F.,(4,4),(9.000000000000,10.),.UNSPECIFIED.) ;
#9094=CARTESIAN_POINT('NONE',(1.,3.299999999999,0.5));
#9095 = UNCERTAINTY_MEASURE_WITH_UNIT(LENGTH_MEASURE(1.000000000000E-05),#9864,'distance_accuracy_value','NONE');
#9096 = ORIENTED_EDGE('NONE',*,*,#953,.T.) ;
#9097 = EDGE_LOOP('NONE',(#4891,#12628,#13555,#7431)) ;
#9098 = EDGE_CURVE('NONE',#2019,#9619,#12937,.T.) ;
#9099=CARTESIAN_POINT('NONE',(3.3,0.7,0.299999999999));
#9100 = SURFACE_STYLE_FILL_AREA(#8822) ;
#9101 = FILL_AREA_STYLE_COLOUR('',#5998) ;
#9102 = VECTOR('NONE',#5953,1000.) ;
#9103 = UNCERTAINTY_MEASURE_WITH_UNIT(LENGTH_MEASURE(1.000000000000E-05),#11583,'distance_accuracy_value','NONE');
#9104=CARTESIAN_POINT('NONE',(-2.34048662194,3.299999999999,0.645424974182));
#9105 = ADVANCED_FACE('NONE',(#11993),#1731,.F.) ;
#9106 = VERTEX_POINT('NONE',#6650) ;
#9107=CARTESIAN_POINT('NONE',(-2.603983878753,3.299999999999,0.808944211248));
#9108 = VERTEX_POINT('NONE',#14574) ;
#9109=DIRECTION('NONE',(-1.,0.,0.));
#9110 = B_SPLINE_SURFACE_WITH_KNOTS('NONE',3,1,((#5051,#6522),(#5413,#5192),(#10900,#7581),(#12133,#14234)),.UNSPECIFIED.,.F.,.F.,.F.,(4,4),(2,2),(5.000000000000,6.000000000000),(0.,1.),.UNSPECIFIED.) ;
#9111 = CYLINDRICAL_SURFACE('NONE',#13470,0.400000000000) ;
#9112 = SURFACE_STYLE_USAGE(.BOTH.,#8001) ;
#9113 = VECTOR('NONE',#6411,1000.) ;
#9114 = MECHANICAL_DESIGN_GEOMETRIC_PRESENTATION_REPRESENTATION('',(#675),#2778) ;
#9115 = SURFACE_SIDE_STYLE('',(#13487)) ;
#9116 = MECHANICAL_DESIGN_GEOMETRIC_PRESENTATION_REPRESENTATION('',(#3461),#2769) ;
#9117 = COLOUR_RGB('',0.647058823529,0.619607843137,0.588235294117) ;
#9119 = ORIENTED_EDGE('NONE',*,*,#10642,.T.) ;
#9118=DIRECTION('NONE',(-0.707106781186,0.707106781186,0.));
#9120 = ORIENTED_EDGE('NONE',*,*,#5108,.F.) ;
#9121 = EDGE_LOOP('NONE',(#5724,#10429,#1732,#816,#8787,#3874,#13283,#4411,#6805,#7529,#14535,#9641)) ;
#9122=CARTESIAN_POINT('NONE',(-2.802200322387,3.301,0.73598045002));
#9123 = VERTEX_POINT('NONE',#8689) ;
#9124 = ADVANCED_FACE('NONE',(#4375),#7209,.T.) ;
#9125=CARTESIAN_POINT('NONE',(-1.725686908372,3.301,0.912681507997));
#9126 = COLOUR_RGB('',0.647058823529,0.619607843137,0.588235294117) ;
#9127 = UNCERTAINTY_MEASURE_WITH_UNIT(LENGTH_MEASURE(1.000000000000E-05),#13492,'distance_accuracy_value','NONE');
#9128 = VERTEX_POINT('NONE',#3302) ;
#9129=CARTESIAN_POINT('NONE',(-2.426892537098,3.299999999999,0.65859968932));
#9130 = ORIENTED_EDGE('NONE',*,*,#5940,.T.) ;
#9131 = MECHANICAL_DESIGN_GEOMETRIC_PRESENTATION_REPRESENTATION('',(#7007),#8678) ;
#9132 = SURFACE_STYLE_USAGE(.BOTH.,#11184) ;
#9133=CARTESIAN_POINT('NONE',(-2.021128493468,3.299999999999,0.854191212864));
#9134 = MECHANICAL_DESIGN_GEOMETRIC_PRESENTATION_REPRESENTATION('',(#2551),#7250) ;
#9135=CARTESIAN_POINT('NONE',(-1.971775419278,3.301,0.868423071751));
#9136 = PRESENTATION_STYLE_ASSIGNMENT((#6984)) ;
#9137 = FACE_OUTER_BOUND('NONE',#7041,.T.) ;
#9138 = VECTOR('NONE',#2937,1000.) ;
#9139 =(GEOMETRIC_REPRESENTATION_CONTEXT(3) GLOBAL_UNCERTAINTY_ASSIGNED_CONTEXT((#2618)) GLOBAL_UNIT_ASSIGNED_CONTEXT((#14481,#2440,#7969)) REPRESENTATION_CONTEXT('NONE','WORKASPACE'));
#9140 = EDGE_CURVE('NONE',#12274,#7513,#1583,.T.) ;
#9141 = EDGE_LOOP('NONE',(#13444,#10373,#14440,#6438)) ;
#9142 = PLANE('NONE',#10122) ;
#9143=CARTESIAN_POINT('NONE',(-2.534636222652,3.299999999999,0.931465107641));
#9144 = ORIENTED_EDGE('NONE',*,*,#7751,.T.) ;
#9145=CARTESIAN_POINT('NONE',(-2.399791817409,3.301,0.655111061699));
#9146 = PRESENTATION_STYLE_ASSIGNMENT((#10096)) ;
#9147 = STYLED_ITEM('NONE',(#3108),#4564) ;
#9148 = SURFACE_STYLE_USAGE(.BOTH.,#8191) ;
#9149 = EDGE_LOOP('NONE',(#4978,#5959,#5757,#12178)) ;
#9150 = CYLINDRICAL_SURFACE('NONE',#7255,0.299999999999) ;
#9151 = ORIENTED_EDGE('NONE',*,*,#8409,.F.) ;
#9152=CARTESIAN_POINT('NONE',(-2.425350409914,3.299999999999,0.621490335455));
#9153 = EDGE_LOOP('NONE',(#11698,#2754,#9144,#6759)) ;
#9154=CARTESIAN_POINT('NONE',(-3.039736830714,-1.,0.5));
#9155=DIRECTION('NONE',(0.,0.,-1.));
#9156 = ADVANCED_FACE('NONE',(#12126),#11229,.F.) ;
#9157 = ORIENTED_EDGE('NONE',*,*,#10629,.T.) ;
#9158=DIRECTION('NONE',(0.999974850185,0.,0.007092178509));
#9159=CARTESIAN_POINT('NONE',(0.8,0.4,0.));
#9160 = EDGE_CURVE('NONE',#1552,#8232,#1468,.T.) ;
#9161 = EDGE_LOOP('NONE',(#12293,#10715,#7046,#720)) ;
#9162=CARTESIAN_POINT('NONE',(-1.594296132205,3.299999999999,0.858953686889));
#9163=CARTESIAN_POINT('NONE',(-2.333861095493,3.301,0.6348661673));
#9164 = STYLED_ITEM('NONE',(#5397),#14134) ;
#9165=CARTESIAN_POINT('NONE',(2.299999999999,2.,-0.01));
#9166 = SURFACE_STYLE_FILL_AREA(#14712) ;
#9167=CARTESIAN_POINT('NONE',(-2.397296466739,3.301,0.690315052434));
#9168 = FACE_OUTER_BOUND('NONE',#7341,.T.) ;
#9169 = EDGE_CURVE('NONE',#3019,#8569,#13295,.T.) ;
#9170 = ORIENTED_EDGE('NONE',*,*,#8315,.F.) ;
#9171 =(LENGTH_UNIT() NAMED_UNIT(*) SI_UNIT(.MILLI.,.METRE.));
#9172 = EDGE_CURVE('NONE',#14728,#1371,#3309,.T.) ;
#9173=AXIS2_PLACEMENT_3D('NONE',#13053,#11075,#5450);
#9174 =(LENGTH_UNIT() NAMED_UNIT(*) SI_UNIT(.MILLI.,.METRE.));
#9176 = FILL_AREA_STYLE_COLOUR('',#13371) ;
#9175=AXIS2_PLACEMENT_3D('NONE',#5816,#14867,#10347);
#9177 = ORIENTED_EDGE('NONE',*,*,#8107,.T.) ;
#9178=DIRECTION('NONE',(0.,0.,-1.));
#9179=CARTESIAN_POINT('NONE',(-2.818196913411,3.301,0.647215006961));
#9180 = ORIENTED_EDGE('NONE',*,*,#3457,.T.) ;
#9181 = UNCERTAINTY_MEASURE_WITH_UNIT(LENGTH_MEASURE(1.000000000000E-05),#11945,'distance_accuracy_value','NONE');
#9182 = PRESENTATION_STYLE_ASSIGNMENT((#4399)) ;
#9183 = B_SPLINE_SURFACE_WITH_KNOTS('NONE',3,1,((#13458,#7833),(#14626,#6772),(#1087,#1298),(#5725,#10248)),.UNSPECIFIED.,.F.,.F.,.F.,(4,4),(2,2),(12.000000000000,13.000000000000),(0.,1.),.UNSPECIFIED.) ;
#9184=CARTESIAN_POINT('NONE',(-2.285825712582,3.301,0.657229477911));
#9186 = ORIENTED_EDGE('NONE',*,*,#11132,.T.) ;
#9185 = FILL_AREA_STYLE_COLOUR('',#12171) ;
#9187 = EDGE_CURVE('NONE',#6322,#9011,#4653,.T.) ;
#9188=DIRECTION('NONE',(-0.007092178509,0.,0.999974850185));
#9189 = ORIENTED_EDGE('NONE',*,*,#7727,.F.) ;
#9190=CARTESIAN_POINT('NONE',(-2.401496751873,3.299999999999,0.627211961027));
#9191 = EDGE_LOOP('NONE',(#10966,#2445,#10176,#10904)) ;
#9192 = EDGE_LOOP('NONE',(#4829,#7088,#9227,#2676)) ;
#9193=CARTESIAN_POINT('NONE',(-2.693120290172,3.299999999999,0.718911389952));
#9194 = FILL_AREA_STYLE_COLOUR('',#12129) ;
#9195 = PRESENTATION_STYLE_ASSIGNMENT((#5763)) ;
#9196 = MECHANICAL_DESIGN_GEOMETRIC_PRESENTATION_REPRESENTATION('',(#6117),#2614) ;
#9197 = PRESENTATION_STYLE_ASSIGNMENT((#4531)) ;
#9198=CARTESIAN_POINT('NONE',(-2.221805677804,3.299999999999,0.726059731072));
#9199=DIRECTION('NONE',(-0.999974850185,0.,-0.007092178509));
#9200 = EDGE_CURVE('NONE',#14650,#1888,#5747,.T.) ;
#9201 = LINE('NONE',#13649,#7620) ;
#9202 = FILL_AREA_STYLE_COLOUR('',#8029) ;
#9203 = SURFACE_STYLE_FILL_AREA(#2418) ;
#9204=CARTESIAN_POINT('NONE',(-2.397296466739,3.299999999999,0.690315052434));
#9205 =(NAMED_UNIT(*) PLANE_ANGLE_UNIT() SI_UNIT($,.RADIAN.));
#9206 = MECHANICAL_DESIGN_GEOMETRIC_PRESENTATION_REPRESENTATION('',(#13873),#13183) ;
#9207 = STYLED_ITEM('NONE',(#5883),#11871) ;
#9208 = FILL_AREA_STYLE_COLOUR('',#2855) ;
#9209 = VERTEX_POINT('NONE',#1252) ;
#9210=DIRECTION('NONE',(0.,0.,-1.));
#9211=CARTESIAN_POINT('NONE',(-2.818196913411,3.299999999999,0.647215006961));
#9212 =(LENGTH_UNIT() NAMED_UNIT(*) SI_UNIT(.MILLI.,.METRE.));
#9213 = ORIENTED_EDGE('NONE',*,*,#6698,.F.) ;
#9214=CARTESIAN_POINT('NONE',(-2.487107376923,3.301,0.603022477289));
#9215=CARTESIAN_POINT('NONE',(-1.607488114217,3.301,0.761687394205));
#9216=DIRECTION('NONE',(0.,-1.,0.));
#9217 = EDGE_CURVE('NONE',#2175,#12426,#5903,.T.) ;
#9218=AXIS2_PLACEMENT_3D('NONE',#3236,#14444,#1046);
#9219 = PRESENTATION_LAYER_ASSIGNMENT('','',(#4030)) ;
#9220 = PRESENTATION_STYLE_ASSIGNMENT((#9148)) ;
#9221=CARTESIAN_POINT('NONE',(-2.561528093917,3.301,0.826339372882));
#9222 = UNCERTAINTY_MEASURE_WITH_UNIT(LENGTH_MEASURE(1.000000000000E-05),#10871,'distance_accuracy_value','NONE');
#9223=CARTESIAN_POINT('NONE',(-2.608948016449,3.301,0.629234317088));
#9224 = MECHANICAL_DESIGN_GEOMETRIC_PRESENTATION_REPRESENTATION('',(#13645),#10403) ;
#9225 = SURFACE_SIDE_STYLE('',(#2752)) ;

#9227 = ORIENTED_EDGE('NONE',*,*,#1723,.F.) ;
#9228 =(NAMED_UNIT(*) SI_UNIT($,.STERADIAN.) SOLID_ANGLE_UNIT());
#9229 = ORIENTED_EDGE('NONE',*,*,#10642,.F.) ;
#9230=CARTESIAN_POINT('NONE',(-2.455811225115,3.301,0.575357432097));
#9231 = MECHANICAL_DESIGN_GEOMETRIC_PRESENTATION_REPRESENTATION('',(#12736),#12495) ;
#9232=CARTESIAN_POINT('NONE',(-2.514031376558,3.301,0.823494497308));
#9233 = FILL_AREA_STYLE('',(#1302)) ;
#9234 = ORIENTED_EDGE('NONE',*,*,#3503,.T.) ;
#9235 = B_SPLINE_SURFACE_WITH_KNOTS('NONE',3,1,((#5217,#11332),(#7738,#4410),(#996,#13242),(#1281,#2083)),.UNSPECIFIED.,.F.,.F.,.F.,(4,4),(2,2),(5.000000000000,6.000000000000),(0.,1.),.UNSPECIFIED.) ;
#9236=CARTESIAN_POINT('NONE',(-2.268905526831,3.301,0.725725682133));
#9237 = COLOUR_RGB('',0.250980392156,0.250980392156,0.250980392156) ;
#9238 = FILL_AREA_STYLE_COLOUR('',#9620) ;
#9239 = ORIENTED_EDGE('NONE',*,*,#5456,.F.) ;
#9240 = PRESENTATION_STYLE_ASSIGNMENT((#13757)) ;
#9241=CARTESIAN_POINT('NONE',(-2.541666341489,3.299999999999,0.827540819267));
#9242=CARTESIAN_POINT('NONE',(-2.292955209241,3.299999999999,0.870792151638));
#9243 =(NAMED_UNIT(*) PLANE_ANGLE_UNIT() SI_UNIT($,.RADIAN.));
#9244=CARTESIAN_POINT('NONE',(-2.559462323557,3.301,0.684610660091));
#9245 =(NAMED_UNIT(*) PLANE_ANGLE_UNIT() SI_UNIT($,.RADIAN.));
#9246 =(GEOMETRIC_REPRESENTATION_CONTEXT(3) GLOBAL_UNCERTAINTY_ASSIGNED_CONTEXT((#5523)) GLOBAL_UNIT_ASSIGNED_CONTEXT((#372,#8154,#9266)) REPRESENTATION_CONTEXT('NONE','WORKASPACE'));
#9247 = VERTEX_POINT('NONE',#12466) ;
#9248 =(NAMED_UNIT(*) PLANE_ANGLE_UNIT() SI_UNIT($,.RADIAN.));
#9249 = LINE('NONE',#11370,#6214) ;
#9250=CARTESIAN_POINT('NONE',(-1.918145991831,3.301,0.646694228624));
#9251 = UNCERTAINTY_MEASURE_WITH_UNIT(LENGTH_MEASURE(1.000000000000E-05),#7821,'distance_accuracy_value','NONE');
#9252=CARTESIAN_POINT('NONE',(-2.288106481093,3.301,0.626955585546));
#9253 = PRESENTATION_STYLE_ASSIGNMENT((#4726)) ;
#9254=CARTESIAN_POINT('NONE',(-2.527370231196,3.301,0.703055285512));
#9255 = B_SPLINE_CURVE_WITH_KNOTS('NONE',3,(#13785,#14805,#10439,#13714),.UNSPECIFIED.,.F.,.F.,(4,4),(4.000000000000,5.000000000000),.UNSPECIFIED.) ;
#9256=CARTESIAN_POINT('NONE',(-1.739678746919,3.301,0.683532147807));
#9257 = VERTEX_POINT('NONE',#9107) ;
#9258 = VECTOR('NONE',#6620,1000.) ;
#9259 = VECTOR('NONE',#7572,1000.) ;
#9260=CARTESIAN_POINT('NONE',(0.,0.,24.30954544295));
#9261 = ADVANCED_FACE('NONE',(#9037),#10278,.T.) ;
#9262 = EDGE_CURVE('NONE',#3202,#6133,#1215,.T.) ;
#9263 = SURFACE_STYLE_USAGE(.BOTH.,#10664) ;
#9264 = ORIENTED_EDGE('NONE',*,*,#8210,.T.) ;
#9265 = COLOUR_RGB('',0.647058823529,0.619607843137,0.588235294117) ;
#9266 =(NAMED_UNIT(*) SI_UNIT($,.STERADIAN.) SOLID_ANGLE_UNIT());
#9267 = EDGE_LOOP('NONE',(#10105,#3510,#8314,#12399)) ;
#9268 = PRESENTATION_LAYER_ASSIGNMENT('','',(#1062)) ;
#9269 = LINE('NONE',#375,#5169) ;
#9270 = SURFACE_SIDE_STYLE('',(#4823)) ;
#9271 = FILL_AREA_STYLE('',(#1551)) ;
#9272 = UNCERTAINTY_MEASURE_WITH_UNIT(LENGTH_MEASURE(1.000000000000E-05),#10475,'distance_accuracy_value','NONE');
#9273 = FILL_AREA_STYLE_COLOUR('',#9409) ;
#9274 = VERTEX_POINT('NONE',#13701) ;
#9275 = SURFACE_STYLE_FILL_AREA(#7055) ;
#9276 = ORIENTED_EDGE('NONE',*,*,#7822,.F.) ;
#9277=CARTESIAN_POINT('NONE',(-1.705738898331,3.299999999999,0.669023414621));
#9278=DIRECTION('NONE',(-1.,0.,0.));
#9279 = COLOUR_RGB('',0.250980392156,0.250980392156,0.250980392156) ;
#9280 = FACE_BOUND('NONE',#11195,.T.) ;
#9281 = VECTOR('NONE',#6269,1000.) ;
#9282 = ADVANCED_FACE('NONE',(#14869),#3641,.F.) ;
#9283=CARTESIAN_POINT('NONE',(-2.515416004456,3.299999999999,0.917564339388));
#9284=DIRECTION('NONE',(0.,-1.,0.));
#9285 = VECTOR('NONE',#11892,1000.) ;
#9286 = FILL_AREA_STYLE_COLOUR('',#11851) ;
#9287 = EDGE_CURVE('NONE',#1946,#5688,#3857,.T.) ;
#9288 = SURFACE_SIDE_STYLE('',(#13726)) ;
#9289 = STYLED_ITEM('NONE',(#6907),#3737) ;
#9290 = LINE('NONE',#12722,#12550) ;
#9291 = PRESENTATION_STYLE_ASSIGNMENT((#11401)) ;
#9292=CARTESIAN_POINT('NONE',(-2.408025864834,3.301,0.879271699038));
#9293 =(GEOMETRIC_REPRESENTATION_CONTEXT(3) GLOBAL_UNCERTAINTY_ASSIGNED_CONTEXT((#9413)) GLOBAL_UNIT_ASSIGNED_CONTEXT((#11474,#376,#8083)) REPRESENTATION_CONTEXT('NONE','WORKASPACE'));
#9294=CARTESIAN_POINT('NONE',(-2.024684867268,3.299999999999,0.621645428081));
#9295 = ORIENTED_EDGE('NONE',*,*,#13903,.T.) ;
#9296 = EDGE_CURVE('NONE',#7571,#13996,#439,.T.) ;
#9297=CARTESIAN_POINT('NONE',(-1.827131081904,3.301,0.658618748919));
#9298 = PRESENTATION_STYLE_ASSIGNMENT((#12730)) ;
#9299=CARTESIAN_POINT('NONE',(-2.470464368018,3.299999999999,0.600645033687));
#9300 = ADVANCED_FACE('NONE',(#5162),#11327,.F.) ;
#9301=CARTESIAN_POINT('NONE',(-2.701834336199,3.301,0.641302491134));
#9302 = MECHANICAL_DESIGN_GEOMETRIC_PRESENTATION_REPRESENTATION('',(#10010),#9779) ;
#9303=CARTESIAN_POINT('NONE',(-1.918145991831,3.299999999999,0.646694228624));
#9304=CARTESIAN_POINT('NONE',(-1.922477723962,3.301,0.768129516705));
#9305 = SURFACE_STYLE_USAGE(.BOTH.,#6164) ;
#9306 = PRESENTATION_STYLE_ASSIGNMENT((#10402)) ;
#9307 = ORIENTED_EDGE('NONE',*,*,#12082,.T.) ;
#9308 = EDGE_LOOP('NONE',(#11169,#8827,#635,#6141)) ;
#9309 =(LENGTH_UNIT() NAMED_UNIT(*) SI_UNIT(.MILLI.,.METRE.));
#9310 = EDGE_LOOP('NONE',(#14378,#11768,#5849,#9119)) ;
#9311 = EDGE_CURVE('NONE',#12264,#2447,#9962,.T.) ;
#9312 = SURFACE_SIDE_STYLE('',(#13530)) ;
#9313 = MECHANICAL_DESIGN_GEOMETRIC_PRESENTATION_REPRESENTATION('',(#1562),#2973) ;
#9314=CARTESIAN_POINT('NONE',(-2.392650452605,3.301,0.932472121394));
#9315 = SURFACE_SIDE_STYLE('',(#11591)) ;
#9316 = VERTEX_POINT('NONE',#1611) ;
#9317 = SURFACE_SIDE_STYLE('',(#10712)) ;
#9318 =(NAMED_UNIT(*) SI_UNIT($,.STERADIAN.) SOLID_ANGLE_UNIT());
#9319 = EDGE_LOOP('NONE',(#6826,#5712,#3306,#4193)) ;
#9320 =(NAMED_UNIT(*) SI_UNIT($,.STERADIAN.) SOLID_ANGLE_UNIT());
#9321 = VECTOR('NONE',#2005,1000.) ;
#9322=CARTESIAN_POINT('NONE',(-2.394193420129,3.299999999999,0.688215900851));
#9323 = PRESENTATION_LAYER_ASSIGNMENT('','',(#1807)) ;
#9324 = SURFACE_STYLE_FILL_AREA(#1459) ;
#9325 = ORIENTED_EDGE('NONE',*,*,#12221,.T.) ;
#9326 = ADVANCED_FACE('NONE',(#1685),#12984,.F.) ;
#9327 = UNCERTAINTY_MEASURE_WITH_UNIT(LENGTH_MEASURE(1.000000000000E-05),#7491,'distance_accuracy_value','NONE');
#9328 = PRESENTATION_STYLE_ASSIGNMENT((#4803)) ;
#9329 = PRESENTATION_STYLE_ASSIGNMENT((#4725)) ;
#9330=CARTESIAN_POINT('NONE',(-2.40935956794,3.301,0.693473622903));
#9331=DIRECTION('NONE',(0.007092178509,0.,-0.999974850185));
#9332=CARTESIAN_POINT('NONE',(-1.991698736239,3.301,0.619276541746));
#9333=CARTESIAN_POINT('NONE',(-2.324699078981,3.299999999999,0.706489087061));
#9334 = ORIENTED_EDGE('NONE',*,*,#1769,.T.) ;
#9335 = STYLED_ITEM('NONE',(#9628),#9300) ;
#9336=CARTESIAN_POINT('NONE',(-2.563795824805,3.301,0.886589173831));
#9337 = UNCERTAINTY_MEASURE_WITH_UNIT(LENGTH_MEASURE(1.000000000000E-05),#5228,'distance_accuracy_value','NONE');
#9338 = SURFACE_STYLE_USAGE(.BOTH.,#5906) ;
#9339 =(NAMED_UNIT(*) PLANE_ANGLE_UNIT() SI_UNIT($,.RADIAN.));
#9340 =(NAMED_UNIT(*) SI_UNIT($,.STERADIAN.) SOLID_ANGLE_UNIT());
#9341 = ORIENTED_EDGE('NONE',*,*,#1122,.T.) ;
#9342=AXIS2_PLACEMENT_3D('NONE',#7939,#14589,#11390);
#9343 = FILL_AREA_STYLE('',(#12478)) ;
#9344=DIRECTION('NONE',(0.999974850185,0.,0.007092178509));
#9345 = SURFACE_STYLE_FILL_AREA(#4747) ;
#9346 = ORIENTED_EDGE('NONE',*,*,#10108,.T.) ;
#9347=CARTESIAN_POINT('NONE',(-2.430296220094,3.299999999999,0.654707552457));
#9348=DIRECTION('NONE',(-0.007092178509,0.,0.999974850185));
#9349 = SURFACE_STYLE_FILL_AREA(#2337) ;
#9350 = EDGE_CURVE('NONE',#1751,#10201,#3585,.T.) ;
#9351 = MECHANICAL_DESIGN_GEOMETRIC_PRESENTATION_REPRESENTATION('',(#13318),#13535) ;
#9352=CARTESIAN_POINT('NONE',(0.9,-0.325,0.299999999999));
#9353 = STYLED_ITEM('NONE',(#2334),#9743) ;
#9354=CARTESIAN_POINT('NONE',(-2.,-2.,-0.01));
#9355=CARTESIAN_POINT('NONE',(-3.299999999999,3.299999999999,1.5));
#9356=CARTESIAN_POINT('NONE',(-2.223278147826,3.301,0.933673370226));
#9357=CARTESIAN_POINT('NONE',(-2.323176201807,3.301,0.694084866093));
#9358 = B_SPLINE_SURFACE_WITH_KNOTS('NONE',3,1,((#8453,#3854),(#12906,#814),(#8382,#6198),(#3927,#2782)),.UNSPECIFIED.,.F.,.F.,.F.,(4,4),(2,2),(10.,11.),(0.,1.),.UNSPECIFIED.) ;
#9359 = EDGE_CURVE('NONE',#7819,#9106,#12409,.T.) ;
#9360=DIRECTION('NONE',(0.,-1.,0.));
#9361 = VERTEX_POINT('NONE',#2330) ;
#9362 = COLOUR_RGB('',0.647058823529,0.619607843137,0.588235294117) ;
#9363 = MECHANICAL_DESIGN_GEOMETRIC_PRESENTATION_REPRESENTATION('',(#13549),#14027) ;
#9364=CARTESIAN_POINT('NONE',(-2.696374443533,3.299999999999,0.80828894439));
#9365=DIRECTION('NONE',(0.007092178509,0.,-0.999974850185));
#9366 = LINE('NONE',#8183,#14458) ;
#9367 = ADVANCED_FACE('NONE',(#5692),#12560,.T.) ;
#9368=CARTESIAN_POINT('NONE',(-1.94869551921,3.301,0.672505984153));
#9369=DIRECTION('NONE',(-0.933241653231,0.,0.359249240323));
#9370 = VERTEX_POINT('NONE',#4592) ;
#9371 = B_SPLINE_CURVE_WITH_KNOTS('NONE',3,(#5655,#4627,#11351,#9230),.UNSPECIFIED.,.F.,.F.,(4,4),(2.000000000000,3.000000000000),.UNSPECIFIED.) ;
#9372 = FILL_AREA_STYLE_COLOUR('',#9126) ;
#9373=CARTESIAN_POINT('NONE',(-1.974765770617,3.299999999999,0.923061550359));
#9374 = ADVANCED_FACE('NONE',(#10143),#10295,.T.) ;
#9375=CARTESIAN_POINT('NONE',(-1.658976256131,3.299999999999,0.681501716022));
#9376=CARTESIAN_POINT('NONE',(-2.395868713299,3.299999999999,0.673730224867));
#9377 = FACE_OUTER_BOUND('NONE',#1973,.T.) ;
#9378 =(GEOMETRIC_REPRESENTATION_CONTEXT(3) GLOBAL_UNCERTAINTY_ASSIGNED_CONTEXT((#4506)) GLOBAL_UNIT_ASSIGNED_CONTEXT((#1742,#14058,#13830)) REPRESENTATION_CONTEXT('NONE','WORKASPACE'));
#9379 = LINE('NONE',#13810,#9764) ;
#9380 = ORIENTED_EDGE('NONE',*,*,#12371,.F.) ;
#9381 = ORIENTED_EDGE('NONE',*,*,#13015,.F.) ;
#9382 = EDGE_CURVE('NONE',#1921,#1514,#9255,.T.) ;
#9383 = FILL_AREA_STYLE('',(#11586)) ;
#9384 = VERTEX_POINT('NONE',#1406) ;
#9385 =(NAMED_UNIT(*) PLANE_ANGLE_UNIT() SI_UNIT($,.RADIAN.));
#9386=DIRECTION('NONE',(-0.007092178509,0.,0.999974850185));
#9387 = COLOUR_RGB('',0.647058823529,0.619607843137,0.588235294117) ;
#9388 = ORIENTED_EDGE('NONE',*,*,#7457,.T.) ;
#9389 = SURFACE_STYLE_FILL_AREA(#10557) ;
#9390 = ORIENTED_EDGE('NONE',*,*,#1979,.F.) ;
#9391=DIRECTION('NONE',(0.,0.,-1.));
#9392=CARTESIAN_POINT('NONE',(-2.292851676192,3.299999999999,0.856194317635));
#9393=CARTESIAN_POINT('NONE',(-2.399911048344,3.301,0.614745798602));
#9394 = EDGE_CURVE('NONE',#14531,#4034,#9574,.T.) ;
#9395=CARTESIAN_POINT('NONE',(-1.929239807901,3.299999999999,0.62058712364));
#9396=DIRECTION('NONE',(1.,0.,0.));
#9397 = SURFACE_SIDE_STYLE('',(#14864)) ;
#9398=CARTESIAN_POINT('NONE',(-3.299999999999,-1.,0.5));
#9399 = UNCERTAINTY_MEASURE_WITH_UNIT(LENGTH_MEASURE(1.000000000000E-05),#939,'distance_accuracy_value','NONE');
#9400=DIRECTION('NONE',(1.,0.,0.));
#9401=CARTESIAN_POINT('NONE',(-1.658976256131,3.299999999999,0.681501716022));
#9402 = SURFACE_SIDE_STYLE('',(#6351)) ;
#9403 = ORIENTED_EDGE('NONE',*,*,#1675,.F.) ;
#9404 = ORIENTED_EDGE('NONE',*,*,#7566,.F.) ;
#9405 = FACE_OUTER_BOUND('NONE',#11919,.T.) ;
#9406 = MECHANICAL_DESIGN_GEOMETRIC_PRESENTATION_REPRESENTATION('',(#11525),#11254) ;
#9407 =(LENGTH_UNIT() NAMED_UNIT(*) SI_UNIT(.MILLI.,.METRE.));
#9408 = ORIENTED_EDGE('NONE',*,*,#12915,.F.) ;
#9409 = COLOUR_RGB('',0.250980392156,0.250980392156,0.250980392156) ;
#9410 =(NAMED_UNIT(*) SI_UNIT($,.STERADIAN.) SOLID_ANGLE_UNIT());
#9411=CARTESIAN_POINT('NONE',(-2.544086911328,3.301,0.737811082447));
#9412 = FILL_AREA_STYLE('',(#1623)) ;
#9413 = UNCERTAINTY_MEASURE_WITH_UNIT(LENGTH_MEASURE(1.000000000000E-05),#11474,'distance_accuracy_value','NONE');
#9414=CARTESIAN_POINT('NONE',(-2.443713413255,3.301,0.70364860952));
#9415 = EDGE_LOOP('NONE',(#13170,#6606,#2462,#2528)) ;
#9416 = FACE_OUTER_BOUND('NONE',#5301,.T.) ;
#9417 = VERTEX_POINT('NONE',#8234) ;
#9418 = FILL_AREA_STYLE_COLOUR('',#4995) ;
#9419=CARTESIAN_POINT('NONE',(-2.413505653777,3.299999999999,0.627126789609));
#9420 = COLOUR_RGB('',0.647058823529,0.619607843137,0.588235294117) ;
#9421 = PLANE('NONE',#14586) ;
#9422=AXIS2_PLACEMENT_3D('NONE',#12425,#14683,#9843);
#9423=DIRECTION('NONE',(0.942243120217,0.,-0.334929697701));
#9424 =(LENGTH_UNIT() NAMED_UNIT(*) SI_UNIT(.MILLI.,.METRE.));
#9425=CARTESIAN_POINT('NONE',(-2.314826930551,3.299999999999,0.669189264504));
#9426 = EDGE_CURVE('NONE',#1284,#2806,#11708,.T.) ;
#9427=DIRECTION('NONE',(0.362554487497,0.,-0.931962576284));
#9428=PRODUCT('CAP-SMD_BD6.3-L6.6-W6.6-FD~CAP-SMD_BD6.3-L6.6-W6.6-FD~bDo2','CAP-SMD_BD6.3-L6.6-W6.6-FD~CAP-SMD_BD6.3-L6.6-W6.6-FD~bDo2','',(#9638));
#9429 = ORIENTED_EDGE('NONE',*,*,#7809,.F.) ;
#9430 = STYLED_ITEM('NONE',(#11245),#11250) ;
#9431=AXIS2_PLACEMENT_3D('NONE',#11725,#2744,#7222);
#9432=CARTESIAN_POINT('NONE',(-2.712964552639,3.299999999999,0.631678333935));
#9433 = MECHANICAL_DESIGN_GEOMETRIC_PRESENTATION_REPRESENTATION('',(#9913),#14544) ;
#9434 = SURFACE_SIDE_STYLE('',(#6078)) ;
#9435=CARTESIAN_POINT('NONE',(-2.265067138462,3.301,0.672723917952));
#9436 = ORIENTED_EDGE('NONE',*,*,#8839,.F.) ;
#9437 = LINE('NONE',#9585,#11957) ;
#9438 =(NAMED_UNIT(*) PLANE_ANGLE_UNIT() SI_UNIT($,.RADIAN.));
#9439 = B_SPLINE_CURVE_WITH_KNOTS('NONE',3,(#9330,#11615,#2858,#3784),.UNSPECIFIED.,.F.,.F.,(4,4),(10.,11.),.UNSPECIFIED.) ;
#9440 = B_SPLINE_CURVE_WITH_KNOTS('NONE',3,(#1650,#1865,#4046,#10697),.UNSPECIFIED.,.F.,.F.,(4,4),(3.000000000000,4.000000000000),.UNSPECIFIED.) ;
#9441 = EDGE_CURVE('NONE',#12127,#7418,#3762,.T.) ;
#9442=DIRECTION('NONE',(-0.007092178509,0.,0.999974850185));
#9443=CARTESIAN_POINT('NONE',(-2.44904589177,3.301,0.589068176892));
#9444 = STYLED_ITEM('NONE',(#1707),#14561) ;
#9445=DIRECTION('NONE',(-1.,1.264902534566000E-16,0.));
#9446 = EDGE_LOOP('NONE',(#3177,#12558,#2639,#3654)) ;
#9447 = EDGE_CURVE('NONE',#3343,#14143,#1520,.T.) ;
#9448 = PRESENTATION_LAYER_ASSIGNMENT('','',(#5866)) ;
#9449 = EDGE_CURVE('NONE',#11074,#8872,#3904,.T.) ;
#9450 = ORIENTED_EDGE('NONE',*,*,#5282,.T.) ;
#9451 = ORIENTED_EDGE('NONE',*,*,#13286,.T.) ;
#9452=CARTESIAN_POINT('NONE',(-2.543221481231,3.299999999999,0.61578816232));
#9453 = FILL_AREA_STYLE('',(#12747)) ;
#9454 = PLANE('NONE',#5053) ;
#9455 = VERTEX_POINT('NONE',#7312) ;
#9456 = STYLED_ITEM('NONE',(#9721),#13987) ;
#9457 = ORIENTED_EDGE('NONE',*,*,#8683,.F.) ;
#9458 = STYLED_ITEM('NONE',(#9895),#12064) ;
#9459 = ORIENTED_EDGE('NONE',*,*,#2853,.F.) ;
#9460=CARTESIAN_POINT('NONE',(3.3,-1.799999999999,1.5));
#9461 = EDGE_CURVE('NONE',#3229,#6787,#8123,.T.) ;
#9462=DIRECTION('NONE',(0.,0.,-1.));
#9463=CARTESIAN_POINT('NONE',(-2.325782203696,3.299999999999,0.920780901299));
#9464 = SURFACE_SIDE_STYLE('',(#8289)) ;
#9465=CARTESIAN_POINT('NONE',(-3.15,0.,24.30954544295));
#9466=CARTESIAN_POINT('NONE',(-1.918047542014,3.299999999999,0.632813114141));
#9467 = B_SPLINE_CURVE_WITH_KNOTS('NONE',3,(#10573,#6278,#3856,#10802),.UNSPECIFIED.,.F.,.F.,(4,4),(11.,12.000000000000),.UNSPECIFIED.) ;
#9468 =(GEOMETRIC_REPRESENTATION_CONTEXT(3) GLOBAL_UNCERTAINTY_ASSIGNED_CONTEXT((#8531)) GLOBAL_UNIT_ASSIGNED_CONTEXT((#1690,#10880,#11688)) REPRESENTATION_CONTEXT('NONE','WORKASPACE'));
#9469 = SURFACE_STYLE_USAGE(.BOTH.,#10488) ;
#9470 = MECHANICAL_DESIGN_GEOMETRIC_PRESENTATION_REPRESENTATION('',(#812),#11328) ;
#9471 = UNCERTAINTY_MEASURE_WITH_UNIT(LENGTH_MEASURE(1.000000000000E-05),#714,'distance_accuracy_value','NONE');
#9472 = PLANE('NONE',#4120) ;
#9473=CARTESIAN_POINT('NONE',(-3.299999999999,3.299999999999,1.5));
#9474 = EDGE_CURVE('NONE',#13642,#11859,#13435,.T.) ;
#9475=CARTESIAN_POINT('NONE',(-2.419633215794,3.299999999999,0.642243382445));
#9476=CARTESIAN_POINT('NONE',(-2.631900203605,3.299999999999,0.615159221173));
#9477=DIRECTION('NONE',(0.,0.,-1.));
#9478=CARTESIAN_POINT('NONE',(-2.738015227702,3.299999999999,0.614406615551));
#9479=DIRECTION('NONE',(1.,-1.264902534566000E-16,0.));
#9480 = ORIENTED_EDGE('NONE',*,*,#6990,.F.) ;
#9481=AXIS2_PLACEMENT_3D('NONE',#8440,#9462,#1668);
#9482 = EDGE_CURVE('NONE',#5515,#13354,#4864,.T.) ;
#9483=DIRECTION('NONE',(0.,-1.,0.));
#9484 = B_SPLINE_SURFACE_WITH_KNOTS('NONE',3,1,((#4754,#8717),(#9965,#1876),(#3114,#11061),(#5435,#5219)),.UNSPECIFIED.,.F.,.F.,.F.,(4,4),(2,2),(35.000000000000,36.000000000000),(0.,1.),.UNSPECIFIED.) ;
#9485=CARTESIAN_POINT('NONE',(-2.407926756275,3.301,0.865297704095));
#9486=CARTESIAN_POINT('NONE',(-1.594296132205,3.299999999999,0.858953686889));
#9487 = VECTOR('NONE',#9188,1000.) ;
#9488=CARTESIAN_POINT('NONE',(-2.715232283527,3.299999999999,0.691928134884));
#9489 = ORIENTED_EDGE('NONE',*,*,#5638,.T.) ;
#9490 = COLOUR_RGB('',0.647058823529,0.619607843137,0.588235294117) ;
#9491=CARTESIAN_POINT('NONE',(-1.79030551771,3.299999999999,0.72655384046));
#9492 = EDGE_CURVE('NONE',#13354,#6547,#4705,.T.) ;
#9493 = SURFACE_STYLE_FILL_AREA(#1625) ;
#9494 = EDGE_LOOP('NONE',(#4177,#3690,#9381,#531)) ;
#9495 = LINE('NONE',#5044,#5548) ;
#9496 = VERTEX_POINT('NONE',#9314) ;
#9497=CARTESIAN_POINT('NONE',(-1.657696398465,3.299999999999,0.62338064039));
#9498 = COLOUR_RGB('',0.250980392156,0.250980392156,0.250980392156) ;
#9499 = PLANE('NONE',#5231) ;
#9500 =(GEOMETRIC_REPRESENTATION_CONTEXT(3) GLOBAL_UNCERTAINTY_ASSIGNED_CONTEXT((#671)) GLOBAL_UNIT_ASSIGNED_CONTEXT((#8328,#14819,#8404)) REPRESENTATION_CONTEXT('NONE','WORKASPACE'));
#9501 =(NAMED_UNIT(*) PLANE_ANGLE_UNIT() SI_UNIT($,.RADIAN.));
#9502=CARTESIAN_POINT('NONE',(-2.818196913411,3.301,0.647215006961));
#9503 = LINE('NONE',#13952,#7716) ;
#9504=CARTESIAN_POINT('NONE',(-2.586578768981,3.299999999999,0.809067654498));
#9505 = FILL_AREA_STYLE('',(#12648)) ;
#9506 = STYLED_ITEM('NONE',(#10240),#13534) ;
#9507=CARTESIAN_POINT('NONE',(-2.368089551792,3.301,0.913243945384));
#9508 = VECTOR('NONE',#3065,1000.) ;
#9509 =(NAMED_UNIT(*) SI_UNIT($,.STERADIAN.) SOLID_ANGLE_UNIT());
#9510 = LINE('NONE',#4036,#6227) ;
#9511=CARTESIAN_POINT('NONE',(-2.479614226236,3.299999999999,0.584484282275));
#9512 = VECTOR('NONE',#4640,1000.) ;
#9513 = PLANE('NONE',#4461) ;
#9514 = SURFACE_SIDE_STYLE('',(#11865)) ;
#9515=CARTESIAN_POINT('NONE',(-2.793137619644,3.299999999999,0.720447964942));
#9516=DIRECTION('NONE',(-1.,0.,0.));
#9517=CARTESIAN_POINT('NONE',(-2.222511383839,3.301,0.825562061135));
#9518=CARTESIAN_POINT('NONE',(-2.713594157459,3.301,0.720450632168));
#9519=CARTESIAN_POINT('NONE',(-2.401400091403,3.301,0.705945096108));
#9520 = STYLED_ITEM('NONE',(#7378),#13660) ;
#9521 = COLOUR_RGB('',0.647058823529,0.619607843137,0.588235294117) ;
#9522 = VERTEX_POINT('NONE',#13675) ;
#9523 = FACE_OUTER_BOUND('NONE',#6738,.T.) ;
#9524 = PRESENTATION_LAYER_ASSIGNMENT('','',(#6437)) ;
#9525 = EDGE_LOOP('NONE',(#5155,#12805,#1797,#14430)) ;
#9526 = B_SPLINE_CURVE_WITH_KNOTS('NONE',3,(#10241,#14690,#3540,#11423),.UNSPECIFIED.,.F.,.F.,(4,4),(3.000000000000,4.000000000000),.UNSPECIFIED.) ;
#9527 = LINE('NONE',#1515,#2586) ;
#9528 = MECHANICAL_DESIGN_GEOMETRIC_PRESENTATION_REPRESENTATION('',(#4543),#5710) ;
#9529 = ORIENTED_EDGE('NONE',*,*,#3983,.F.) ;
#9530=CARTESIAN_POINT('NONE',(0.,0.,1.571543008235));
#9531=CARTESIAN_POINT('NONE',(-2.350992604214,3.301,0.934826346174));
#9532 = ORIENTED_EDGE('NONE',*,*,#3005,.T.) ;
#9533 = ORIENTED_EDGE('NONE',*,*,#5890,.T.) ;
#9534=CARTESIAN_POINT('NONE',(-2.313166227056,3.301,0.615361023832));
#9535 = PRESENTATION_LAYER_ASSIGNMENT('','',(#3412)) ;
#9536=CARTESIAN_POINT('NONE',(-3.299999999999,-3.299999999999,0.));
#9537 = EDGE_CURVE('NONE',#12021,#537,#7015,.T.) ;
#9538 = VERTEX_POINT('NONE',#13898) ;
#9539 =(LENGTH_UNIT() NAMED_UNIT(*) SI_UNIT(.MILLI.,.METRE.));
#9540=CARTESIAN_POINT('NONE',(-2.448671365021,3.301,0.575844779842));
#9541=CARTESIAN_POINT('NONE',(-1.739198803412,3.301,0.615861623691));
#9542 = SURFACE_STYLE_USAGE(.BOTH.,#508) ;
#9543 = EDGE_LOOP('NONE',(#13478,#6920,#7471,#9560)) ;
#9544=DIRECTION('NONE',(-0.999974850185,0.,-0.007092178509));
#9545 = EDGE_LOOP('NONE',(#13104,#6682,#13906,#5518)) ;
#9546 = PRESENTATION_STYLE_ASSIGNMENT((#14135)) ;
#9547 = ADVANCED_FACE('NONE',(#4931),#13901,.F.) ;
#9548 = UNCERTAINTY_MEASURE_WITH_UNIT(LENGTH_MEASURE(1.000000000000E-05),#8182,'distance_accuracy_value','NONE');
#9549 = FILL_AREA_STYLE('',(#13116)) ;
#9550 = LINE('NONE',#13920,#14018) ;
#9551=DIRECTION('NONE',(0.,1.,0.));
#9552=DIRECTION('NONE',(-0.999974850185,0.,-0.007092178509));
#9553 = EDGE_CURVE('NONE',#8514,#7303,#2840,.T.) ;
#9554 = ORIENTED_EDGE('NONE',*,*,#3432,.T.) ;
#9555 = COLOUR_RGB('',0.647058823529,0.619607843137,0.588235294117) ;
#9556 = ORIENTED_EDGE('NONE',*,*,#4295,.T.) ;
#9557 = MECHANICAL_DESIGN_GEOMETRIC_PRESENTATION_REPRESENTATION('',(#9069),#1573) ;
#9558=CARTESIAN_POINT('NONE',(-2.294376552045,3.299999999999,0.917260418749));
#9559 = VERTEX_POINT('NONE',#7604) ;
#9560 = ORIENTED_EDGE('NONE',*,*,#10448,.T.) ;
#9561 =(GEOMETRIC_REPRESENTATION_CONTEXT(3) GLOBAL_UNCERTAINTY_ASSIGNED_CONTEXT((#1873)) GLOBAL_UNIT_ASSIGNED_CONTEXT((#4437,#13199,#3152)) REPRESENTATION_CONTEXT('NONE','WORKASPACE'));
#9562 = EDGE_CURVE('NONE',#13354,#11844,#2914,.T.) ;
#9563 = PLANE('NONE',#12332) ;
#9564 =(NAMED_UNIT(*) SI_UNIT($,.STERADIAN.) SOLID_ANGLE_UNIT());
#9565=CARTESIAN_POINT('NONE',(-2.321204289102,3.301,0.935037615536));
#9566 = ORIENTED_EDGE('NONE',*,*,#764,.T.) ;
#9567=DIRECTION('NONE',(-0.007092178509,0.,0.999974850185));
#9568 = EDGE_LOOP('NONE',(#8785,#13459,#13083,#10634)) ;
#9569=CARTESIAN_POINT('NONE',(3.039736830714,1.,1.));
#9570=DIRECTION('NONE',(-0.999974850185,0.,-0.007092178509));
#9571 = PRESENTATION_STYLE_ASSIGNMENT((#6634)) ;
#9572 = COLOUR_RGB('',0.250980392156,0.250980392156,0.250980392156) ;
#9573 = LINE('NONE',#9355,#14110) ;
#9574 = CIRCLE('NONE',#668,0.300000000000) ;
#9575 = EDGE_CURVE('NONE',#1764,#10292,#6328,.T.) ;
#9576=DIRECTION('NONE',(0.999974850185,0.,0.007092178509));
#9577=CARTESIAN_POINT('NONE',(-2.316067551767,3.299999999999,0.808927444139));
#9578=CARTESIAN_POINT('NONE',(-0.899999999999,-0.325,-0.05));
#9579=CARTESIAN_POINT('NONE',(3.899999999999,-0.325,0.299999999999));
#9580=CARTESIAN_POINT('NONE',(-2.302653659568,3.301,0.650497101442));
#9581 =(NAMED_UNIT(*) SI_UNIT($,.STERADIAN.) SOLID_ANGLE_UNIT());
#9582 = CIRCLE('NONE',#12168,0.300000000000) ;
#9583=CARTESIAN_POINT('NONE',(-1.950430666794,3.301,0.672493677868));
#9584 = EDGE_LOOP('NONE',(#6052,#1516,#10243,#7766)) ;
#9585=CARTESIAN_POINT('NONE',(-2.633920209044,3.301,0.930760950177));
#9586=CARTESIAN_POINT('NONE',(-2.291762386433,3.299999999999,0.825757165794));
#9587 =(NAMED_UNIT(*) PLANE_ANGLE_UNIT() SI_UNIT($,.RADIAN.));
#9588 = B_SPLINE_CURVE_WITH_KNOTS('NONE',3,(#2789,#4157,#6127,#8674),.UNSPECIFIED.,.F.,.F.,(4,4),(11.,12.000000000000),.UNSPECIFIED.) ;
#9589 = LINE('NONE',#2902,#14844) ;
#9590 = SURFACE_SIDE_STYLE('',(#5065)) ;
#9591=CARTESIAN_POINT('NONE',(-2.269005077839,3.301,0.739762060982));
#9592 = ORIENTED_EDGE('NONE',*,*,#7903,.F.) ;
#9593 = STYLED_ITEM('NONE',(#14638),#678) ;
#9594=AXIS2_PLACEMENT_3D('NONE',#14473,#13317,#14326);
#9595 = VECTOR('NONE',#6199,1000.) ;
#9596 = STYLED_ITEM('NONE',(#11384),#3957) ;
#9597 = EDGE_LOOP('NONE',(#4093,#4366,#4336,#3793)) ;
#9598 =(LENGTH_UNIT() NAMED_UNIT(*) SI_UNIT(.MILLI.,.METRE.));
#9599 = B_SPLINE_CURVE_WITH_KNOTS('NONE',3,(#14352,#13007,#8813,#12112),.UNSPECIFIED.,.F.,.F.,(4,4),(19.000000000000,20.),.UNSPECIFIED.) ;
#9600 = ORIENTED_EDGE('NONE',*,*,#8226,.T.) ;
#9601=CARTESIAN_POINT('NONE',(-1.725686908372,3.301,0.912681507997));
#9602 = FACE_OUTER_BOUND('NONE',#14080,.T.) ;
#9603 = MECHANICAL_DESIGN_GEOMETRIC_PRESENTATION_REPRESENTATION('',(#3030),#12398) ;
#9604 = FACE_OUTER_BOUND('NONE',#5654,.T.) ;
#9605 = ORIENTED_EDGE('NONE',*,*,#2583,.T.) ;
#9606 = B_SPLINE_SURFACE_WITH_KNOTS('NONE',3,1,((#8947,#4281),(#14343,#6627),(#3413,#1093),(#7902,#11079)),.UNSPECIFIED.,.F.,.F.,.F.,(4,4),(2,2),(0.,1.),(0.,1.),.UNSPECIFIED.) ;
#9607 = ORIENTED_EDGE('NONE',*,*,#8833,.F.) ;
#9608 =(LENGTH_UNIT() NAMED_UNIT(*) SI_UNIT(.MILLI.,.METRE.));
#9609=CARTESIAN_POINT('NONE',(-2.271014397669,3.301,0.631631062914));
#9610=AXIS2_PLACEMENT_3D('NONE',#11356,#5731,#9158);
#9611 = PLANE('NONE',#1472) ;
#9612 = VECTOR('NONE',#12490,1000.) ;
#9613 = LINE('NONE',#5145,#2651) ;
#9614 = SURFACE_STYLE_USAGE(.BOTH.,#3911) ;
#9615=DIRECTION('NONE',(-0.999974850185,0.,-0.007092178509));
#9616 =(LENGTH_UNIT() NAMED_UNIT(*) SI_UNIT(.MILLI.,.METRE.));
#9617 = EDGE_CURVE('NONE',#4055,#6498,#4454,.T.) ;
#9618=CARTESIAN_POINT('NONE',(-2.457412891615,3.301,0.809983744997));
#9619 = VERTEX_POINT('NONE',#4195) ;
#9620 = COLOUR_RGB('',1.,1.,1.) ;
#9621 = MECHANICAL_DESIGN_GEOMETRIC_PRESENTATION_REPRESENTATION('',(#4190),#9139) ;
#9622 = FILL_AREA_STYLE('',(#2854)) ;
#9623 = UNCERTAINTY_MEASURE_WITH_UNIT(LENGTH_MEASURE(1.000000000000E-05),#13831,'distance_accuracy_value','NONE');
#9624=CARTESIAN_POINT('NONE',(-2.265067138462,3.301,0.672723917952));
#9625 = LINE('NONE',#1957,#2850) ;
#9626=CARTESIAN_POINT('NONE',(-1.694362087446,3.301,0.899889462966));
#9627=DIRECTION('NONE',(0.,-1.,0.));
#9628 = PRESENTATION_STYLE_ASSIGNMENT((#2710)) ;
#9629 = ORIENTED_EDGE('NONE',*,*,#9845,.T.) ;
#9630 = LINE('NONE',#11687,#7206) ;
#9631 = B_SPLINE_CURVE_WITH_KNOTS('NONE',3,(#7536,#3123,#6618,#14331),.UNSPECIFIED.,.F.,.F.,(4,4),(5.000000000000,6.000000000000),.UNSPECIFIED.) ;
#9632 = ADVANCED_FACE('NONE',(#3386),#10778,.F.) ;
#9633 = FACE_OUTER_BOUND('NONE',#13979,.T.) ;
#9634=DIRECTION('NONE',(-0.49874846926,0.,-0.866746770637));
#9635 = EDGE_CURVE('NONE',#6543,#3308,#1366,.T.) ;
#9636 = FILL_AREA_STYLE('',(#10955)) ;
#9637 = ORIENTED_EDGE('NONE',*,*,#3342,.F.) ;
#9638=PRODUCT_CONTEXT('NONE',#2,'mechanical');
#9639 = FACE_OUTER_BOUND('NONE',#10275,.T.) ;
#9640 = LINE('NONE',#7344,#2036) ;
#9641 = ORIENTED_EDGE('NONE',*,*,#4928,.F.) ;
#9642=CARTESIAN_POINT('NONE',(-2.793511923081,3.299999999999,0.720445310248));
#9643 = EDGE_LOOP('NONE',(#6611,#3868,#5261,#4892)) ;
#9644=DIRECTION('NONE',(0.,1.,0.));
#9645 = SURFACE_SIDE_STYLE('',(#6519)) ;
#9646 = FACE_OUTER_BOUND('NONE',#5115,.T.) ;
#9647 = ADVANCED_FACE('NONE',(#10996),#640,.T.) ;
#9648 = MECHANICAL_DESIGN_GEOMETRIC_PRESENTATION_REPRESENTATION('',(#9164),#5379) ;
#9649=CARTESIAN_POINT('NONE',(-2.435309494684,3.299999999999,0.64026058936));
#9650=CARTESIAN_POINT('NONE',(-2.48630236408,3.299999999999,0.634658418036));
#9651 = EDGE_LOOP('NONE',(#14414,#1857,#3044,#14230,#8957,#6014,#7489,#8352)) ;
#9652 = ORIENTED_EDGE('NONE',*,*,#477,.F.) ;
#9653=DIRECTION('NONE',(0.,-1.,0.));
#9654 = B_SPLINE_CURVE_WITH_KNOTS('NONE',3,(#8313,#7193,#1477,#8004),.UNSPECIFIED.,.F.,.F.,(4,4),(5.000000000000,6.000000000000),.UNSPECIFIED.) ;
#9655=CARTESIAN_POINT('NONE',(-2.320177786709,3.299999999999,0.65835835571));
#9656 = ORIENTED_EDGE('NONE',*,*,#13091,.T.) ;
#9657 = PLANE('NONE',#7086) ;
#9658=CARTESIAN_POINT('NONE',(-2.340537503566,3.299999999999,0.652599123372));
#9659=DIRECTION('NONE',(0.,0.,-1.));
#9660 = SURFACE_SIDE_STYLE('',(#10983)) ;
#9661 = ADVANCED_FACE('NONE',(#9602),#12621,.F.) ;
#9662 = PRESENTATION_LAYER_ASSIGNMENT('','',(#2122)) ;
#9663=CARTESIAN_POINT('NONE',(-2.415737983181,3.301,0.6471995853));
#9664 = LINE('NONE',#3749,#1387) ;
#9665 = SURFACE_STYLE_FILL_AREA(#8491) ;
#9666 = UNCERTAINTY_MEASURE_WITH_UNIT(LENGTH_MEASURE(1.000000000000E-05),#4201,'distance_accuracy_value','NONE');
#9667 = SURFACE_STYLE_USAGE(.BOTH.,#1796) ;
#9668 = VECTOR('NONE',#5636,1000.) ;
#9669=DIRECTION('NONE',(-0.999974850185,0.,-0.007092178509));
#9670 = VERTEX_POINT('NONE',#5619) ;
#9671 = PRESENTATION_LAYER_ASSIGNMENT('','',(#5850)) ;
#9672 = STYLED_ITEM('NONE',(#1874),#1752) ;
#9673 = ORIENTED_EDGE('NONE',*,*,#9562,.F.) ;
#9674 =(NAMED_UNIT(*) PLANE_ANGLE_UNIT() SI_UNIT($,.RADIAN.));
#9675 = UNCERTAINTY_MEASURE_WITH_UNIT(LENGTH_MEASURE(1.000000000000E-05),#4834,'distance_accuracy_value','NONE');
#9676=CARTESIAN_POINT('NONE',(-3.899999999999,-0.324999999999,0.299999999999));
#9677 = ORIENTED_EDGE('NONE',*,*,#4631,.T.) ;
#9678 = VERTEX_POINT('NONE',#11478) ;
#9679 = FILL_AREA_STYLE('',(#14404)) ;
#9680=CARTESIAN_POINT('NONE',(-2.541683831448,3.301,0.9135724289));
#9681=CARTESIAN_POINT('NONE',(3.039736830714,1.,1.));
#9682 = CIRCLE('NONE',#13399,0.400000000000) ;
#9683 =(GEOMETRIC_REPRESENTATION_CONTEXT(3) GLOBAL_UNCERTAINTY_ASSIGNED_CONTEXT((#4327)) GLOBAL_UNIT_ASSIGNED_CONTEXT((#12209,#4594,#9050)) REPRESENTATION_CONTEXT('NONE','WORKASPACE'));
#9684 = SURFACE_STYLE_USAGE(.BOTH.,#650) ;
#9685 = MECHANICAL_DESIGN_GEOMETRIC_PRESENTATION_REPRESENTATION('',(#6824),#10137) ;
#9686=CARTESIAN_POINT('NONE',(-2.276416837418,3.301,0.869973642013));
#9687 =(LENGTH_UNIT() NAMED_UNIT(*) SI_UNIT(.MILLI.,.METRE.));
#9688 = FILL_AREA_STYLE('',(#13913)) ;
#9689 = ORIENTED_EDGE('NONE',*,*,#2567,.F.) ;
#9690=DIRECTION('NONE',(0.,-1.,0.));
#9691 = PLANE('NONE',#9173) ;
#9692 = EDGE_LOOP('NONE',(#12999,#11960,#11062,#10300)) ;
#9693=CARTESIAN_POINT('NONE',(-2.574339592601,3.301,0.904232314163));
#9694 = MECHANICAL_DESIGN_GEOMETRIC_PRESENTATION_REPRESENTATION('',(#1014),#5186) ;
#9695 = MECHANICAL_DESIGN_GEOMETRIC_PRESENTATION_REPRESENTATION('',(#1003),#8762) ;
#9696=DIRECTION('NONE',(0.,1.,0.));
#9697 = UNCERTAINTY_MEASURE_WITH_UNIT(LENGTH_MEASURE(1.000000000000E-05),#8923,'distance_accuracy_value','NONE');
#9698 = FACE_BOUND('NONE',#8355,.T.) ;
#9699=CARTESIAN_POINT('NONE',(-2.684770563936,3.299999999999,0.614784245709));
#9700 = ORIENTED_EDGE('NONE',*,*,#11727,.T.) ;
#9701=CARTESIAN_POINT('NONE',(-2.317216537321,3.301,0.627872093431));
#9702 = ORIENTED_EDGE('NONE',*,*,#11889,.F.) ;
#9703=CARTESIAN_POINT('NONE',(-2.701834336199,3.299999999999,0.641302491134));
#9704 = VECTOR('NONE',#12007,1000.) ;
#9705=CARTESIAN_POINT('NONE',(-2.392650452605,3.299999999999,0.932472121394));
#9706 =(NAMED_UNIT(*) PLANE_ANGLE_UNIT() SI_UNIT($,.RADIAN.));
#9707=CARTESIAN_POINT('NONE',(-2.701986767511,3.301,0.711174899319));
#9708 = ORIENTED_EDGE('NONE',*,*,#7729,.F.) ;
#9709 = PRESENTATION_STYLE_ASSIGNMENT((#4096)) ;
#9710 = VECTOR('NONE',#12756,1000.) ;
#9711=CARTESIAN_POINT('NONE',(-2.355968453579,3.299999999999,0.673202180176));
#9712 = ORIENTED_EDGE('NONE',*,*,#11493,.T.) ;
#9713 = SURFACE_STYLE_FILL_AREA(#608) ;
#9714 = ORIENTED_EDGE('NONE',*,*,#13679,.T.) ;
#9715 = LINE('NONE',#1912,#8792) ;
#9716 = FILL_AREA_STYLE_COLOUR('',#3883) ;
#9717 = ORIENTED_EDGE('NONE',*,*,#8025,.T.) ;
#9718=CARTESIAN_POINT('NONE',(-1.827131081904,3.301,0.658618748919));
#9719 = EDGE_CURVE('NONE',#12210,#14416,#7943,.T.) ;
#9720=CARTESIAN_POINT('NONE',(-2.802200322387,3.299999999999,0.73598045002));
#9721 = PRESENTATION_STYLE_ASSIGNMENT((#766)) ;
#9722=DIRECTION('NONE',(0.,0.,-1.));
#9723 = VECTOR('NONE',#8113,1000.) ;
#9724=DIRECTION('NONE',(0.,0.,-1.));
#9725 = ORIENTED_EDGE('NONE',*,*,#1633,.T.) ;
#9726=DIRECTION('NONE',(-0.007092178509,0.,0.999974850185));
#9727 = VECTOR('NONE',#11238,1000.) ;
#9728=CARTESIAN_POINT('NONE',(-2.418342621521,3.299999999999,0.644997565736));
#9729 = EDGE_CURVE('NONE',#6258,#11844,#12636,.T.) ;
#9730 = ORIENTED_EDGE('NONE',*,*,#9492,.T.) ;
#9731=CARTESIAN_POINT('NONE',(1.699999999999,-2.,0.));
#9732=DIRECTION('NONE',(-0.007092178509,0.,0.999974850185));
#9733=CARTESIAN_POINT('NONE',(-2.022531339528,3.301,0.807330104064));
#9734 = PRESENTATION_LAYER_ASSIGNMENT('','',(#8798)) ;
#9735=CARTESIAN_POINT('NONE',(3.899999999999,0.324999999999,0.299999999999));
#9736 = EDGE_CURVE('NONE',#4034,#13410,#5835,.T.) ;
#9737 = FACE_OUTER_BOUND('NONE',#10140,.T.) ;
#9738=CARTESIAN_POINT('NONE',(3.3,1.,0.5));
#9739 = MECHANICAL_DESIGN_GEOMETRIC_PRESENTATION_REPRESENTATION('',(#12073),#7146) ;
#9740 = SURFACE_STYLE_FILL_AREA(#2134) ;
#9741=CARTESIAN_POINT('NONE',(-2.559462323557,3.299999999999,0.684610660091));
#9742=DIRECTION('NONE',(0.,-1.,0.));
#9743 = ADVANCED_FACE('NONE',(#4670),#10280,.F.) ;
#9744 = VECTOR('NONE',#14412,1000.) ;
#9745 = SURFACE_SIDE_STYLE('',(#4127)) ;
#9746 = VERTEX_POINT('NONE',#8238) ;
#9747=CARTESIAN_POINT('NONE',(5.799999999999,-0.4,0.299999999999));
#9748 = EDGE_CURVE('NONE',#9977,#5318,#12484,.T.) ;
#9749=CARTESIAN_POINT('NONE',(-2.340382203994,3.301,0.630702372367));
#9750 =(NAMED_UNIT(*) PLANE_ANGLE_UNIT() SI_UNIT($,.RADIAN.));
#9751 = FILL_AREA_STYLE('',(#3048)) ;
#9752 = SURFACE_SIDE_STYLE('',(#10034)) ;
#9753 = ORIENTED_EDGE('NONE',*,*,#1446,.T.) ;
#9754 = EDGE_LOOP('NONE',(#10529,#6578)) ;
#9755 =(NAMED_UNIT(*) PLANE_ANGLE_UNIT() SI_UNIT($,.RADIAN.));
#9756 =(NAMED_UNIT(*) PLANE_ANGLE_UNIT() SI_UNIT($,.RADIAN.));
#9757 = VECTOR('NONE',#11582,1000.) ;
#9758 =(GEOMETRIC_REPRESENTATION_CONTEXT(3) GLOBAL_UNCERTAINTY_ASSIGNED_CONTEXT((#2331)) GLOBAL_UNIT_ASSIGNED_CONTEXT((#9837,#13460,#1158)) REPRESENTATION_CONTEXT('NONE','WORKASPACE'));
#9759 = PRESENTATION_STYLE_ASSIGNMENT((#6336)) ;
#9760 = PRESENTATION_STYLE_ASSIGNMENT((#7618)) ;
#9761 =(GEOMETRIC_REPRESENTATION_CONTEXT(3) GLOBAL_UNCERTAINTY_ASSIGNED_CONTEXT((#2179)) GLOBAL_UNIT_ASSIGNED_CONTEXT((#12973,#2925,#1673)) REPRESENTATION_CONTEXT('NONE','WORKASPACE'));
#9762 = SURFACE_SIDE_STYLE('',(#10863)) ;
#9763=CARTESIAN_POINT('NONE',(-2.073527232118,3.301,0.657738820371));
#9764 = VECTOR('NONE',#5289,1000.) ;
#9765 = EDGE_CURVE('NONE',#7090,#10556,#2640,.T.) ;
#9766 = ORIENTED_EDGE('NONE',*,*,#12646,.T.) ;
#9767=CARTESIAN_POINT('NONE',(-3.299999999999,0.7,0.299999999999));
#9768=AXIS2_PLACEMENT_3D('NONE',#6851,#10328,#3761);
#9769 = FACE_OUTER_BOUND('NONE',#11999,.T.) ;
#9770=CARTESIAN_POINT('NONE',(-2.415737983181,3.299999999999,0.6471995853));
#9771=CARTESIAN_POINT('NONE',(-2.693120290172,3.299999999999,0.718911389952));
#9772=DIRECTION('NONE',(-0.999974850185,0.,-0.007092178509));
#9773=DIRECTION('NONE',(0.,0.,1.));
#9774 = ORIENTED_EDGE('NONE',*,*,#5120,.F.) ;
#9775 = STYLED_ITEM('NONE',(#6502),#2978) ;
#9776 = B_SPLINE_CURVE_WITH_KNOTS('NONE',3,(#2645,#14814,#6144,#612),.UNSPECIFIED.,.F.,.F.,(4,4),(2.000000000000,3.000000000000),.UNSPECIFIED.) ;
#9777 = SURFACE_STYLE_FILL_AREA(#818) ;
#9778 = PRESENTATION_STYLE_ASSIGNMENT((#5167)) ;
#9779 =(GEOMETRIC_REPRESENTATION_CONTEXT(3) GLOBAL_UNCERTAINTY_ASSIGNED_CONTEXT((#11627)) GLOBAL_UNIT_ASSIGNED_CONTEXT((#13694,#3713,#1320)) REPRESENTATION_CONTEXT('NONE','WORKASPACE'));
#9780 = VECTOR('NONE',#2919,1000.) ;
#9781 = EDGE_CURVE('NONE',#11984,#8793,#8535,.T.) ;
#9782 = EDGE_LOOP('NONE',(#5031,#9130,#1178,#843)) ;
#9783 = ORIENTED_EDGE('NONE',*,*,#11640,.T.) ;
#9784 = B_SPLINE_CURVE_WITH_KNOTS('NONE',3,(#3092,#6376,#14373,#5343),.UNSPECIFIED.,.F.,.F.,(4,4),(2.000000000000,3.000000000000),.UNSPECIFIED.) ;
#9785=CARTESIAN_POINT('NONE',(-2.435252861222,3.301,0.632275449393));
#9786=CARTESIAN_POINT('NONE',(-2.356125080498,3.301,0.695286082899));
#9787 = ORIENTED_EDGE('NONE',*,*,#4295,.F.) ;
#9788 = VECTOR('NONE',#5591,1000.) ;
#9789 = EDGE_LOOP('NONE',(#3064,#9787,#6235,#1662)) ;
#9790=CARTESIAN_POINT('NONE',(-2.398100375549,3.301,0.671718011713));
#9791 = PRESENTATION_STYLE_ASSIGNMENT((#5265)) ;
#9792 = EDGE_LOOP('NONE',(#11830,#11812,#11742,#11269)) ;
#9793=DIRECTION('NONE',(0.007092178509,0.,-0.999974850185));
#9794 = PRESENTATION_LAYER_ASSIGNMENT('','',(#1103)) ;
#9795=DIRECTION('NONE',(-0.007092178509,0.,0.999974850185));
#9796 = STYLED_ITEM('NONE',(#3561),#8043) ;
#9797 = ORIENTED_EDGE('NONE',*,*,#11636,.T.) ;
#9798 = SURFACE_STYLE_USAGE(.BOTH.,#770) ;
#9799 = EDGE_CURVE('NONE',#3656,#13238,#7841,.T.) ;
#9800 = FILL_AREA_STYLE('',(#8626)) ;
#9801 = EDGE_LOOP('NONE',(#7104,#5006,#3982,#3115)) ;
#9802=CARTESIAN_POINT('NONE',(-2.715016368452,3.299999999999,0.661484788758));
#9803=CARTESIAN_POINT('NONE',(-2.404431239367,3.301,0.693508576368));
#9804=DIRECTION('NONE',(0.007092178509,0.,-0.999974850185));
#9805=AXIS2_PLACEMENT_3D('NONE',#8395,#4012,#10668);
#9806 =(LENGTH_UNIT() NAMED_UNIT(*) SI_UNIT(.MILLI.,.METRE.));
#9807=DIRECTION('NONE',(1.,-1.264902534566000E-16,0.));
#9808=AXIS2_PLACEMENT_3D('NONE',#10007,#14504,#12265);
#9809=CARTESIAN_POINT('NONE',(-1.7582853441,3.301,0.615726255133));
#9810 = LINE('NONE',#11053,#1770) ;
#9811=CARTESIAN_POINT('NONE',(-2.305354750381,3.301,0.653098200189));
#9812 = EDGE_CURVE('NONE',#11391,#13589,#2051,.T.) ;
#9813=CARTESIAN_POINT('NONE',(-2.66546274503,3.299999999999,0.614921183651));
#9814 =(GEOMETRIC_REPRESENTATION_CONTEXT(3) GLOBAL_UNCERTAINTY_ASSIGNED_CONTEXT((#13038)) GLOBAL_UNIT_ASSIGNED_CONTEXT((#6476,#1939,#12766)) REPRESENTATION_CONTEXT('NONE','WORKASPACE'));
#9815 = ADVANCED_FACE('NONE',(#9416),#2788,.T.) ;
#9816=CARTESIAN_POINT('NONE',(-2.392513469409,3.301,0.627275673672));
#9817 = EDGE_LOOP('NONE',(#8719,#5334,#11343,#4863)) ;
#9818 = VECTOR('NONE',#10553,1000.) ;
#9819 = LINE('NONE',#13370,#8365) ;
#9820 = EDGE_CURVE('NONE',#11107,#1552,#8323,.T.) ;
#9821 = SURFACE_SIDE_STYLE('',(#3046)) ;
#9822=DIRECTION('NONE',(0.,0.,-1.));
#9823=CARTESIAN_POINT('NONE',(-1.994301441068,3.301,0.619258082434));
#9824=CARTESIAN_POINT('NONE',(-1.699999999999,2.,0.));
#9825 = ORIENTED_EDGE('NONE',*,*,#5801,.T.) ;
#9826 = ORIENTED_EDGE('NONE',*,*,#7399,.T.) ;
#9827 = SURFACE_SIDE_STYLE('',(#2010)) ;
#9828 =(NAMED_UNIT(*) PLANE_ANGLE_UNIT() SI_UNIT($,.RADIAN.));
#9829 = SURFACE_SIDE_STYLE('',(#12024)) ;
#9830 = VECTOR('NONE',#4344,1000.) ;
#9831=CARTESIAN_POINT('NONE',(-2.56357990973,3.301,0.856145827705));
#9832=AXIS2_PLACEMENT_3D('NONE',#4244,#9722,#11929);
#9833 = FILL_AREA_STYLE('',(#1083)) ;
#9834 = EDGE_CURVE('NONE',#4608,#8931,#9495,.T.) ;
#9835 = PRESENTATION_STYLE_ASSIGNMENT((#5152)) ;
#9836 = ORIENTED_EDGE('NONE',*,*,#899,.T.) ;
#9837 =(LENGTH_UNIT() NAMED_UNIT(*) SI_UNIT(.MILLI.,.METRE.));
#9838 = B_SPLINE_CURVE_WITH_KNOTS('NONE',3,(#10438,#3082,#10887,#14149),.UNSPECIFIED.,.F.,.F.,(4,4),(8.000000000000,9.000000000000),.UNSPECIFIED.) ;
#9839 = MECHANICAL_DESIGN_GEOMETRIC_PRESENTATION_REPRESENTATION('',(#2288),#4392) ;
#9840 = PRESENTATION_LAYER_ASSIGNMENT('','',(#4171)) ;
#9841 = COLOUR_RGB('',0.250980392156,0.250980392156,0.250980392156) ;
#9842 = UNCERTAINTY_MEASURE_WITH_UNIT(LENGTH_MEASURE(1.000000000000E-05),#7087,'distance_accuracy_value','NONE');
#9843=DIRECTION('NONE',(1.,0.,0.));
#9844 = VERTEX_POINT('NONE',#3873) ;
#9845 = EDGE_CURVE('NONE',#12775,#13579,#14012,.T.) ;
#9846 = FILL_AREA_STYLE('',(#3216)) ;
#9847 = PRESENTATION_STYLE_ASSIGNMENT((#14215)) ;
#9848 = TOROIDAL_SURFACE('NONE',#5348,2.650000000000,0.500000000000) ;
#9849 =(NAMED_UNIT(*) SI_UNIT($,.STERADIAN.) SOLID_ANGLE_UNIT());
#9850 = SURFACE_STYLE_FILL_AREA(#1965) ;
#9851 = UNCERTAINTY_MEASURE_WITH_UNIT(LENGTH_MEASURE(1.000000000000E-05),#7662,'distance_accuracy_value','NONE');
#9852 = VECTOR('NONE',#9627,1000.) ;
#9853 = PRESENTATION_LAYER_ASSIGNMENT('','',(#1640)) ;
#9854=CARTESIAN_POINT('NONE',(-2.276416837418,3.299999999999,0.869973642013));
#9855 = ORIENTED_EDGE('NONE',*,*,#8725,.T.) ;
#9856=DIRECTION('NONE',(1.,-1.264902534566000E-16,0.));
#9857=CARTESIAN_POINT('NONE',(-2.454718845175,3.301,0.588466458886));
#9858 = ORIENTED_EDGE('NONE',*,*,#6584,.T.) ;
#9859 = PLANE('NONE',#10995) ;
#9860 = EDGE_LOOP('NONE',(#648,#4558,#9708,#14754)) ;
#9861=CARTESIAN_POINT('NONE',(-2.205287862451,3.301,0.618184908146));
#9862=CARTESIAN_POINT('NONE',(-2.44904589177,3.301,0.589068176892));
#9863 = VERTEX_POINT('NONE',#3950) ;
#9864 =(LENGTH_UNIT() NAMED_UNIT(*) SI_UNIT(.MILLI.,.METRE.));
#9865 = VECTOR('NONE',#13326,1000.) ;
#9866 = EDGE_CURVE('NONE',#14770,#4039,#7420,.T.) ;
#9867=CARTESIAN_POINT('NONE',(0.,3.301,0.));
#9868=CARTESIAN_POINT('NONE',(-2.413133344842,3.301,0.649401604865));
#9869 = ORIENTED_EDGE('NONE',*,*,#1510,.F.) ;
#9870 = LINE('NONE',#4247,#12978) ;
#9871 = ORIENTED_EDGE('NONE',*,*,#9172,.F.) ;
#9872=DIRECTION('NONE',(0.,0.,-1.));
#9873 = PLANE('NONE',#7899) ;
#9874 =(NAMED_UNIT(*) PLANE_ANGLE_UNIT() SI_UNIT($,.RADIAN.));
#9875 = PRESENTATION_STYLE_ASSIGNMENT((#7592)) ;
#9876 = SURFACE_STYLE_USAGE(.BOTH.,#12215) ;
#9877=CARTESIAN_POINT('NONE',(-2.052164085223,3.299999999999,0.703873860767));
#9878=CARTESIAN_POINT('NONE',(-2.435309494684,3.299999999999,0.64026058936));
#9879 = ADVANCED_FACE('NONE',(#4015),#2875,.T.) ;
#9880=CARTESIAN_POINT('NONE',(-2.297424069226,3.299999999999,0.898335530337));
#9881 =(NAMED_UNIT(*) PLANE_ANGLE_UNIT() SI_UNIT($,.RADIAN.));
#9882=CARTESIAN_POINT('NONE',(-2.408025864834,3.299999999999,0.879271699038));
#9883=CARTESIAN_POINT('NONE',(-2.401496751873,3.299999999999,0.627211961027));
#9884 = MECHANICAL_DESIGN_GEOMETRIC_PRESENTATION_REPRESENTATION('',(#12005),#12933) ;
#9885 = ORIENTED_EDGE('NONE',*,*,#13936,.T.) ;
#9886 = SURFACE_SIDE_STYLE('',(#3194)) ;
#9887 = COLOUR_RGB('',0.647058823529,0.619607843137,0.588235294117) ;
#9888=DIRECTION('NONE',(0.007092178509,0.,-0.999974850185));
#9889=CARTESIAN_POINT('NONE',(-2.368206358308,3.299999999999,0.929713296567));
#9890=CARTESIAN_POINT('NONE',(-2.294376552045,3.301,0.917260418749));
#9891 = ORIENTED_EDGE('NONE',*,*,#5133,.F.) ;
#9892 = ORIENTED_EDGE('NONE',*,*,#8975,.T.) ;
#9893=CARTESIAN_POINT('NONE',(-2.606839145611,3.301,0.723328936307));
#9894 = VERTEX_POINT('NONE',#8895) ;
#9895 = PRESENTATION_STYLE_ASSIGNMENT((#5227)) ;
#9896 = EDGE_CURVE('NONE',#489,#10776,#6645,.T.) ;
#9897=CARTESIAN_POINT('NONE',(0.,0.,1.));
#9898 =(LENGTH_UNIT() NAMED_UNIT(*) SI_UNIT(.MILLI.,.METRE.));
#9899 = ADVANCED_FACE('NONE',(#8686),#9859,.F.) ;
#9900 =(GEOMETRIC_REPRESENTATION_CONTEXT(3) GLOBAL_UNCERTAINTY_ASSIGNED_CONTEXT((#1245)) GLOBAL_UNIT_ASSIGNED_CONTEXT((#9598,#11875,#14529)) REPRESENTATION_CONTEXT('NONE','WORKASPACE'));
#9901 = FILL_AREA_STYLE_COLOUR('',#4082) ;
#9902 =(GEOMETRIC_REPRESENTATION_CONTEXT(3) GLOBAL_UNCERTAINTY_ASSIGNED_CONTEXT((#9851)) GLOBAL_UNIT_ASSIGNED_CONTEXT((#7662,#11940,#702)) REPRESENTATION_CONTEXT('NONE','WORKASPACE'));
#9903 = FILL_AREA_STYLE('',(#14336)) ;
#9904 = ORIENTED_EDGE('NONE',*,*,#6765,.T.) ;
#9905 = ORIENTED_EDGE('NONE',*,*,#13863,.T.) ;
#9906=DIRECTION('NONE',(0.,-1.,0.));
#9907 = SURFACE_STYLE_USAGE(.BOTH.,#14630) ;
#9909 =(NAMED_UNIT(*) PLANE_ANGLE_UNIT() SI_UNIT($,.RADIAN.));
#9908 = STYLED_ITEM('NONE',(#7058),#11424) ;
#9910 = SURFACE_STYLE_FILL_AREA(#12250) ;
#9911 = EDGE_CURVE('NONE',#4929,#14165,#2041,.T.) ;
#9912 = VECTOR('NONE',#1301,1000.) ;
#9913 = STYLED_ITEM('NONE',(#10315),#1902) ;
#9914 = ORIENTED_EDGE('NONE',*,*,#1469,.T.) ;
#9915 =(NAMED_UNIT(*) PLANE_ANGLE_UNIT() SI_UNIT($,.RADIAN.));
#9916=CARTESIAN_POINT('NONE',(-2.40935956794,3.301,0.693473622903));
#9917=CARTESIAN_POINT('NONE',(-3.299999999999,-1.,2.5));
#9918 = LINE('NONE',#2108,#5480) ;
#9919 = SURFACE_SIDE_STYLE('',(#3221)) ;
#9920 = VECTOR('NONE',#12873,1000.) ;
#9921 = EDGE_LOOP('NONE',(#3371,#1524,#3416,#6171)) ;
#9922 = ADVANCED_FACE('NONE',(#3155),#4980,.T.) ;
#9923=CARTESIAN_POINT('NONE',(-2.639644260427,3.301,0.906576567133));
#9924 = LINE('NONE',#4368,#7908) ;
#9925 = PRESENTATION_STYLE_ASSIGNMENT((#14648)) ;
#9926 = ORIENTED_EDGE('NONE',*,*,#10518,.F.) ;
#9927 =(LENGTH_UNIT() NAMED_UNIT(*) SI_UNIT(.MILLI.,.METRE.));
#9928 = EDGE_CURVE('NONE',#3498,#13514,#446,.T.) ;
#9929 = VERTEX_POINT('NONE',#2390) ;
#9930 =(NAMED_UNIT(*) SI_UNIT($,.STERADIAN.) SOLID_ANGLE_UNIT());
#9931=CARTESIAN_POINT('NONE',(-2.454718845175,3.299999999999,0.588466458886));
#9932 = ORIENTED_EDGE('NONE',*,*,#7442,.F.) ;
#9933=DIRECTION('NONE',(0.999974850185,0.,0.007092178509));
#9934 = COLOUR_RGB('',0.647058823529,0.619607843137,0.588235294117) ;
#9935 = VECTOR('NONE',#1859,1000.) ;
#9936=CARTESIAN_POINT('NONE',(-1.98947133851,3.299999999999,0.672216787491));
#9937 = B_SPLINE_CURVE_WITH_KNOTS('NONE',3,(#1392,#5898,#10426,#7183),.UNSPECIFIED.,.F.,.F.,(4,4),(22.000000000000,23.000000000000),.UNSPECIFIED.) ;
#9938=CARTESIAN_POINT('NONE',(-2.680970235921,3.299999999999,0.628723509804));
#9939 = SURFACE_STYLE_FILL_AREA(#14163) ;
#9940=CARTESIAN_POINT('NONE',(-2.413133344842,3.299999999999,0.649401604865));
#9941 = ORIENTED_EDGE('NONE',*,*,#5551,.F.) ;
#9942 = ORIENTED_EDGE('NONE',*,*,#14200,.F.) ;
#9943 = ADVANCED_FACE('NONE',(#2248),#3575,.F.) ;
#9944=AXIS2_PLACEMENT_3D('NONE',#1962,#5921,#13867);
#9945=DIRECTION('NONE',(0.,0.,1.));
#9946 = COLOUR_RGB('',0.647058823529,0.619607843137,0.588235294117) ;
#9947 = EDGE_LOOP('NONE',(#4540,#3622,#8389,#8671)) ;
#9948 = LINE('NONE',#3314,#3652) ;
#9949=DIRECTION('NONE',(0.999974850185,0.,0.007092178509));
#9950 = SURFACE_SIDE_STYLE('',(#14244)) ;
#9951 = FACE_OUTER_BOUND('NONE',#13077,.T.) ;
#9952=DIRECTION('NONE',(0.007092178509,0.,-0.999974850185));
#9953 = STYLED_ITEM('NONE',(#12381),#12658) ;
#9954 = UNCERTAINTY_MEASURE_WITH_UNIT(LENGTH_MEASURE(1.000000000000E-05),#1987,'distance_accuracy_value','NONE');
#9955 = FILL_AREA_STYLE('',(#11054)) ;
#9956 = MECHANICAL_DESIGN_GEOMETRIC_PRESENTATION_REPRESENTATION('',(#2188),#11835) ;
#9957=DIRECTION('NONE',(0.,-1.,0.));
#9958=DIRECTION('NONE',(0.,-1.,0.));
#9959 = ORIENTED_EDGE('NONE',*,*,#1208,.T.) ;
#9960=CARTESIAN_POINT('NONE',(-2.514026286307,3.301,0.809582222598));
#9961 = COLOUR_RGB('',0.250980392156,0.250980392156,0.250980392156) ;
#9962 = B_SPLINE_CURVE_WITH_KNOTS('NONE',3,(#7263,#6201,#665,#14066),.UNSPECIFIED.,.F.,.F.,(4,4),(5.000000000000,6.000000000000),.UNSPECIFIED.) ;
#9963=CARTESIAN_POINT('NONE',(-2.339326813793,3.301,0.934909084123));
#9964=CARTESIAN_POINT('NONE',(-1.694362087446,3.299999999999,0.899889462966));
#9965=CARTESIAN_POINT('NONE',(-2.105713522633,3.301,0.79199069963));
#9966 = ORIENTED_EDGE('NONE',*,*,#11889,.T.) ;
#9967 = ORIENTED_EDGE('NONE',*,*,#11604,.F.) ;
#9968=CARTESIAN_POINT('NONE',(-2.312381784606,3.299999999999,0.627906383222));
#9969 =(GEOMETRIC_REPRESENTATION_CONTEXT(3) GLOBAL_UNCERTAINTY_ASSIGNED_CONTEXT((#5385)) GLOBAL_UNIT_ASSIGNED_CONTEXT((#10164,#2213,#11255)) REPRESENTATION_CONTEXT('NONE','WORKASPACE'));
#9970 = EDGE_LOOP('NONE',(#5151,#9702,#8275,#8121)) ;
#9971=CARTESIAN_POINT('NONE',(-1.950430666794,3.301,0.672493677868));
#9972 = FILL_AREA_STYLE('',(#5445)) ;
#9973 = LINE('NONE',#14411,#11007) ;
#9974=CARTESIAN_POINT('NONE',(-2.642075464357,3.299999999999,0.915106349196));
#9975 = SURFACE_SIDE_STYLE('',(#12240)) ;
#9976=DIRECTION('NONE',(-0.999974850185,0.,-0.007092178509));
#9977 = VERTEX_POINT('NONE',#7037) ;
#9978 = SURFACE_STYLE_USAGE(.BOTH.,#14273) ;
#9979 = ADVANCED_FACE('NONE',(#4650),#11454,.F.) ;
#9980=CARTESIAN_POINT('NONE',(-2.430296220094,3.301,0.654707552457));
#9981 = UNCERTAINTY_MEASURE_WITH_UNIT(LENGTH_MEASURE(1.000000000000E-05),#8670,'distance_accuracy_value','NONE');
#9982=CARTESIAN_POINT('NONE',(-2.333883215155,3.301,0.620392216211));
#9983 = FILL_AREA_STYLE('',(#7629)) ;
#9984 = VECTOR('NONE',#3050,1000.) ;
#9985 = SURFACE_STYLE_USAGE(.BOTH.,#5455) ;
#9986 = VERTEX_POINT('NONE',#3431) ;
#9987 = EDGE_CURVE('NONE',#9361,#12563,#12770,.T.) ;
#9988=CARTESIAN_POINT('NONE',(-1.974765770617,3.301,0.923061550359));
#9989=CARTESIAN_POINT('NONE',(-1.721459763476,3.301,0.68366136334));
#9990=CARTESIAN_POINT('NONE',(-2.334935568087,3.301,0.694001464471));
#9991 = COLOUR_RGB('',0.250980392156,0.250980392156,0.250980392156) ;
#9992 = SURFACE_STYLE_USAGE(.BOTH.,#14281) ;
#9993 = PRESENTATION_STYLE_ASSIGNMENT((#6431)) ;
#9994 = MECHANICAL_DESIGN_GEOMETRIC_PRESENTATION_REPRESENTATION('',(#13462),#11870) ;
#9995 = COLOUR_RGB('',0.250980392156,0.250980392156,0.250980392156) ;
#9996 = EDGE_CURVE('NONE',#7029,#1187,#517,.T.) ;
#9997 = COLOUR_RGB('',0.647058823529,0.619607843137,0.588235294117) ;
#9998 = VERTEX_POINT('NONE',#9476) ;
#9999 = EDGE_CURVE('NONE',#7410,#3356,#10572,.T.) ;
#10000 = SURFACE_STYLE_FILL_AREA(#14646) ;
#10001=CARTESIAN_POINT('NONE',(3.899999999999,0.324999999999,-0.05));
#10002 = UNCERTAINTY_MEASURE_WITH_UNIT(LENGTH_MEASURE(1.000000000000E-05),#4570,'distance_accuracy_value','NONE');
#10003 = EDGE_LOOP('NONE',(#2842,#4651,#12696,#13747)) ;
#10004 = ORIENTED_EDGE('NONE',*,*,#5890,.F.) ;
#10005 = SURFACE_STYLE_FILL_AREA(#10835) ;
#10006=DIRECTION('NONE',(-0.999974850185,0.,-0.007092178509));
#10007=CARTESIAN_POINT('NONE',(-2.,2.,-0.01));
#10008 = ORIENTED_EDGE('NONE',*,*,#4736,.F.) ;
#10009=DIRECTION('NONE',(-1.,0.,0.));
#10010 = STYLED_ITEM('NONE',(#12459),#7595) ;
#10011 = ORIENTED_EDGE('NONE',*,*,#2446,.T.) ;
#10012 = EDGE_CURVE('NONE',#3835,#3962,#11682,.T.) ;
#10013 = SURFACE_STYLE_USAGE(.BOTH.,#6524) ;
#10014 = ORIENTED_EDGE('NONE',*,*,#5028,.F.) ;
#10015 = COLOUR_RGB('',0.647058823529,0.619607843137,0.588235294117) ;
#10016 = MECHANICAL_DESIGN_GEOMETRIC_PRESENTATION_REPRESENTATION('',(#5253),#6182) ;
#10017=CARTESIAN_POINT('NONE',(-1.752747730884,3.299999999999,0.93591516678));
#10018 = STYLED_ITEM('NONE',(#12673),#10332) ;
#10019 = UNCERTAINTY_MEASURE_WITH_UNIT(LENGTH_MEASURE(1.000000000000E-05),#12055,'distance_accuracy_value','NONE');
#10020 = FACE_OUTER_BOUND('NONE',#4544,.T.) ;
#10021 = FACE_OUTER_BOUND('NONE',#11314,.T.) ;
#10022 =(NAMED_UNIT(*) PLANE_ANGLE_UNIT() SI_UNIT($,.RADIAN.));
#10023 = LINE('NONE',#14459,#10878) ;
#10024 = EDGE_CURVE('NONE',#5245,#2852,#9550,.T.) ;
#10025 = MECHANICAL_DESIGN_GEOMETRIC_PRESENTATION_REPRESENTATION('',(#639),#10736) ;
#10026 = SURFACE_STYLE_FILL_AREA(#5630) ;
#10027 = VECTOR('NONE',#14385,1000.) ;
#10028=DIRECTION('NONE',(0.999974850185,0.,0.007092178509));
#10029 = FILL_AREA_STYLE('',(#12222)) ;
#10030 = ORIENTED_EDGE('NONE',*,*,#11636,.F.) ;
#10031=CARTESIAN_POINT('NONE',(-2.312610557156,3.299999999999,0.827293753315));
#10032 = PRESENTATION_LAYER_ASSIGNMENT('','',(#1820)) ;
#10033 = FILL_AREA_STYLE('',(#14679)) ;
#10034 = SURFACE_STYLE_FILL_AREA(#5503) ;
#10035 =(GEOMETRIC_REPRESENTATION_CONTEXT(3) GLOBAL_UNCERTAINTY_ASSIGNED_CONTEXT((#13494)) GLOBAL_UNIT_ASSIGNED_CONTEXT((#10654,#12841,#5099)) REPRESENTATION_CONTEXT('NONE','WORKASPACE'));
#10036 = ORIENTED_EDGE('NONE',*,*,#6990,.T.) ;
#10037 = VERTEX_POINT('NONE',#6121) ;
#10038 = PRESENTATION_STYLE_ASSIGNMENT((#4202)) ;
#10039 =(NAMED_UNIT(*) SI_UNIT($,.STERADIAN.) SOLID_ANGLE_UNIT());
#10040 =(NAMED_UNIT(*) SI_UNIT($,.STERADIAN.) SOLID_ANGLE_UNIT());
#10041 = EDGE_CURVE('NONE',#3149,#7149,#6414,.T.) ;
#10042 = LINE('NONE',#8935,#8316) ;
#10043=CARTESIAN_POINT('NONE',(-2.3,-2.,-0.01));
#10044 = COLOUR_RGB('',0.250980392156,0.250980392156,0.250980392156) ;
#10045=DIRECTION('NONE',(0.,-1.,0.));
#10046 = VECTOR('NONE',#1727,1000.) ;
#10047 = ORIENTED_EDGE('NONE',*,*,#8472,.T.) ;
#10048=CARTESIAN_POINT('NONE',(-2.297424069226,3.299999999999,0.898335530337));
#10049 = ORIENTED_EDGE('NONE',*,*,#4973,.T.) ;
#10050=CARTESIAN_POINT('NONE',(-2.480463744881,3.301,0.80982026012));
#10051 = LINE('NONE',#14553,#7006) ;
#10052 = ORIENTED_EDGE('NONE',*,*,#10713,.T.) ;
#10053 = COLOUR_RGB('',0.647058823529,0.619607843137,0.588235294117) ;
#10054=DIRECTION('NONE',(-0.338211162479,0.,0.941070246886));
#10055=CARTESIAN_POINT('NONE',(-2.265166247021,3.301,0.686697912895));
#10056=DIRECTION('NONE',(-1.,-1.224646799147000E-16,0.));
#10057=CARTESIAN_POINT('NONE',(-2.435309494684,3.299999999999,0.64026058936));
#10058 = EDGE_CURVE('NONE',#7029,#13916,#5027,.T.) ;
#10059 = ORIENTED_EDGE('NONE',*,*,#14736,.T.) ;
#10060=CARTESIAN_POINT('NONE',(-2.615948763255,3.299999999999,0.842236420558));
#10061=CARTESIAN_POINT('NONE',(-2.603983878753,3.301,0.808944211248));
#10062 =(LENGTH_UNIT() NAMED_UNIT(*) SI_UNIT(.MILLI.,.METRE.));
#10063 = VERTEX_POINT('NONE',#6277) ;
#10064 = LINE('NONE',#6516,#4077) ;
#10065=CARTESIAN_POINT('NONE',(-2.446059870812,3.301,0.590274708655));
#10066 = ORIENTED_EDGE('NONE',*,*,#3164,.T.) ;
#10067 = FILL_AREA_STYLE('',(#10132)) ;
#10068 = EDGE_CURVE('NONE',#1960,#13410,#7705,.T.) ;
#10069 = SURFACE_STYLE_FILL_AREA(#4380) ;
#10070 = EDGE_CURVE('NONE',#9559,#14696,#6509,.T.) ;
#10071=CARTESIAN_POINT('NONE',(-2.608849350339,3.301,0.61532270605));
#10072 = EDGE_LOOP('NONE',(#9403,#8427,#1261,#11208)) ;
#10073 =(LENGTH_UNIT() NAMED_UNIT(*) SI_UNIT(.MILLI.,.METRE.));
#10074 = VERTEX_POINT('NONE',#13771) ;
#10075=CARTESIAN_POINT('NONE',(-2.294376552045,3.301,0.917260418749));
#10076 = PRESENTATION_LAYER_ASSIGNMENT('','',(#1866)) ;
#10077 = PRESENTATION_STYLE_ASSIGNMENT((#3385)) ;
#10078 = SURFACE_STYLE_USAGE(.BOTH.,#6895) ;
#10079=CARTESIAN_POINT('NONE',(-2.355968453579,3.299999999999,0.673202180176));
#10080 = LINE('NONE',#12213,#992) ;
#10081 =(LENGTH_UNIT() NAMED_UNIT(*) SI_UNIT(.MILLI.,.METRE.));
#10082 = EDGE_CURVE('NONE',#10893,#8998,#13991,.T.) ;
#10083=DIRECTION('NONE',(-1.,-1.284980352575000E-16,0.));
#10084 = UNCERTAINTY_MEASURE_WITH_UNIT(LENGTH_MEASURE(1.000000000000E-05),#14325,'distance_accuracy_value','NONE');
#10085=DIRECTION('NONE',(0.,-1.,0.));
#10086 =(LENGTH_UNIT() NAMED_UNIT(*) SI_UNIT(.MILLI.,.METRE.));
#10087 =(LENGTH_UNIT() NAMED_UNIT(*) SI_UNIT(.MILLI.,.METRE.));
#10088 = ORIENTED_EDGE('NONE',*,*,#3260,.F.) ;
#10089 = EDGE_CURVE('NONE',#6547,#637,#13837,.T.) ;
#10090 =(NAMED_UNIT(*) PLANE_ANGLE_UNIT() SI_UNIT($,.RADIAN.));
#10091=CARTESIAN_POINT('NONE',(-1.607488114217,3.301,0.761687394205));
#10092 = ORIENTED_EDGE('NONE',*,*,#8901,.F.) ;
#10093 = B_SPLINE_CURVE_WITH_KNOTS('NONE',3,(#12143,#1861,#3253,#12214),.UNSPECIFIED.,.F.,.F.,(4,4),(2.000000000000,3.000000000000),.UNSPECIFIED.) ;
#10094 = SURFACE_SIDE_STYLE('',(#14536)) ;
#10095 = FILL_AREA_STYLE_COLOUR('',#4878) ;
#10096 = SURFACE_STYLE_USAGE(.BOTH.,#4613) ;
#10097=CARTESIAN_POINT('NONE',(-2.58038220164,3.301,0.889778050659));
#10098 =(NAMED_UNIT(*) PLANE_ANGLE_UNIT() SI_UNIT($,.RADIAN.));
#10099 = SURFACE_SIDE_STYLE('',(#13451)) ;
#10100=DIRECTION('NONE',(0.,0.,-1.));
#10101 = ORIENTED_EDGE('NONE',*,*,#12338,.F.) ;
#10102 = B_SPLINE_CURVE_WITH_KNOTS('NONE',3,(#2707,#2546,#3639,#11536),.UNSPECIFIED.,.F.,.F.,(4,4),(7.000000000000,8.000000000000),.UNSPECIFIED.) ;
#10103 = MECHANICAL_DESIGN_GEOMETRIC_PRESENTATION_REPRESENTATION('',(#8230),#6790) ;
#10104=DIRECTION('NONE',(0.,0.,-1.));
#10105 = ORIENTED_EDGE('NONE',*,*,#7325,.T.) ;
#10106 =(GEOMETRIC_REPRESENTATION_CONTEXT(3) GLOBAL_UNCERTAINTY_ASSIGNED_CONTEXT((#2135)) GLOBAL_UNIT_ASSIGNED_CONTEXT((#11310,#5419,#6664)) REPRESENTATION_CONTEXT('NONE','WORKASPACE'));
#10107 = ORIENTED_EDGE('NONE',*,*,#11775,.T.) ;
#10108 = EDGE_CURVE('NONE',#9417,#5678,#9439,.T.) ;
#10109=CARTESIAN_POINT('NONE',(-0.880617391387,-2.499402530603,7.698999999999));
#10110=DIRECTION('NONE',(-0.991287678229,0.,0.131714611911));
#10111 = LINE('NONE',#961,#6526) ;
#10112 = ORIENTED_EDGE('NONE',*,*,#10150,.T.) ;
#10113 = PRESENTATION_LAYER_ASSIGNMENT('','',(#13368)) ;
#10114 = STYLED_ITEM('NONE',(#6513),#10881) ;
#10115 =(LENGTH_UNIT() NAMED_UNIT(*) SI_UNIT(.MILLI.,.METRE.));
#10116=CARTESIAN_POINT('NONE',(-2.712964552639,3.301,0.631678333935));
#10117 = SURFACE_STYLE_USAGE(.BOTH.,#4288) ;
#10118 = UNCERTAINTY_MEASURE_WITH_UNIT(LENGTH_MEASURE(1.000000000000E-05),#12801,'distance_accuracy_value','NONE');
#10119 = ORIENTED_EDGE('NONE',*,*,#5750,.T.) ;
#10120 =(GEOMETRIC_REPRESENTATION_CONTEXT(3) GLOBAL_UNCERTAINTY_ASSIGNED_CONTEXT((#13473)) GLOBAL_UNIT_ASSIGNED_CONTEXT((#3315,#10151,#5560)) REPRESENTATION_CONTEXT('NONE','WORKASPACE'));
#10121 = COLOUR_RGB('',0.647058823529,0.619607843137,0.588235294117) ;
#10122=AXIS2_PLACEMENT_3D('NONE',#12802,#9365,#3673);
#10123 = LINE('NONE',#14567,#7877) ;
#10124 = FACE_OUTER_BOUND('NONE',#10003,.T.) ;
#10125 = UNCERTAINTY_MEASURE_WITH_UNIT(LENGTH_MEASURE(1.000000000000E-05),#1384,'distance_accuracy_value','NONE');
#10126 = FACE_OUTER_BOUND('NONE',#7677,.T.) ;
#10127 = ORIENTED_EDGE('NONE',*,*,#12796,.T.) ;
#10128 = SURFACE_SIDE_STYLE('',(#12396)) ;
#10129=DIRECTION('NONE',(0.999974850185,0.,0.007092178509));
#10130 = ORIENTED_EDGE('NONE',*,*,#777,.F.) ;
#10131 = B_SPLINE_CURVE_WITH_KNOTS('NONE',3,(#10677,#3141,#5050,#5121),.UNSPECIFIED.,.F.,.F.,(4,4),(2.000000000000,3.000000000000),.UNSPECIFIED.) ;
#10132 = FILL_AREA_STYLE_COLOUR('',#8506) ;
#10133=CARTESIAN_POINT('NONE',(-2.314826930551,3.301,0.669189264504));
#10134 = VECTOR('NONE',#8909,1000.) ;
#10135 =(GEOMETRIC_REPRESENTATION_CONTEXT(3) GLOBAL_UNCERTAINTY_ASSIGNED_CONTEXT((#9095)) GLOBAL_UNIT_ASSIGNED_CONTEXT((#9864,#8760,#4103)) REPRESENTATION_CONTEXT('NONE','WORKASPACE'));
#10136 = MECHANICAL_DESIGN_GEOMETRIC_PRESENTATION_REPRESENTATION('',(#4916),#9683) ;
#10137 =(GEOMETRIC_REPRESENTATION_CONTEXT(3) GLOBAL_UNCERTAINTY_ASSIGNED_CONTEXT((#14062)) GLOBAL_UNIT_ASSIGNED_CONTEXT((#10980,#14239,#13151)) REPRESENTATION_CONTEXT('NONE','WORKASPACE'));
#10138=DIRECTION('NONE',(0.,-1.,0.));
#10139 = FILL_AREA_STYLE_COLOUR('',#3703) ;
#10140 = EDGE_LOOP('NONE',(#11884,#7202,#6679,#7019)) ;
#10141 =(NAMED_UNIT(*) SI_UNIT($,.STERADIAN.) SOLID_ANGLE_UNIT());
#10142 = VERTEX_POINT('NONE',#1608) ;
#10143 = FACE_OUTER_BOUND('NONE',#13180,.T.) ;
#10144 = UNCERTAINTY_MEASURE_WITH_UNIT(LENGTH_MEASURE(1.000000000000E-05),#8630,'distance_accuracy_value','NONE');
#10145 = COLOUR_RGB('',0.647058823529,0.619607843137,0.588235294117) ;
#10146 = VECTOR('NONE',#5661,1000.) ;
#10147 = PRESENTATION_STYLE_ASSIGNMENT((#13297)) ;
#10148=DIRECTION('NONE',(1.,1.314184451497000E-16,0.));
#10149=DIRECTION('NONE',(0.,-1.,0.));
#10150 = EDGE_CURVE('NONE',#419,#14500,#6049,.T.) ;
#10151 =(NAMED_UNIT(*) PLANE_ANGLE_UNIT() SI_UNIT($,.RADIAN.));
#10152 = FILL_AREA_STYLE_COLOUR('',#2071) ;
#10153=CARTESIAN_POINT('NONE',(-2.561528093917,3.301,0.826339372882));
#10154 =(NAMED_UNIT(*) SI_UNIT($,.STERADIAN.) SOLID_ANGLE_UNIT());
#10155 = VECTOR('NONE',#9952,1000.) ;
#10156 = STYLED_ITEM('NONE',(#7413),#1197) ;
#10157 = FILL_AREA_STYLE('',(#7734)) ;
#10158 = EDGE_CURVE('NONE',#7712,#6651,#11828,.T.) ;
#10159=AXIS2_PLACEMENT_3D('NONE',#7680,#7456,#7744);
#10160 = PRESENTATION_STYLE_ASSIGNMENT((#5573)) ;
#10161 = VERTEX_POINT('NONE',#9626) ;
#10162 = SURFACE_SIDE_STYLE('',(#3398)) ;
#10163 = ADVANCED_FACE('NONE',(#2783),#7330,.F.) ;
#10164 =(LENGTH_UNIT() NAMED_UNIT(*) SI_UNIT(.MILLI.,.METRE.));
#10165 = ORIENTED_EDGE('NONE',*,*,#1181,.T.) ;
#10166=CARTESIAN_POINT('NONE',(-2.383907593094,3.301,0.662959711743));
#10167=CARTESIAN_POINT('NONE',(-1.658976256131,3.301,0.681501716022));
#10168 = FILL_AREA_STYLE_COLOUR('',#11104) ;
#10169=CARTESIAN_POINT('NONE',(-2.606938696619,3.301,0.737365315155));
#10170 = ADVANCED_FACE('NONE',(#3002,#9698),#5244,.F.) ;
#10171=DIRECTION('NONE',(0.,1.,0.));
#10172 = MECHANICAL_DESIGN_GEOMETRIC_PRESENTATION_REPRESENTATION('',(#4286),#1961) ;
#10173 =(GEOMETRIC_REPRESENTATION_CONTEXT(3) GLOBAL_UNCERTAINTY_ASSIGNED_CONTEXT((#7780)) GLOBAL_UNIT_ASSIGNED_CONTEXT((#13423,#6585,#3234)) REPRESENTATION_CONTEXT('NONE','WORKASPACE'));
#10174 = ORIENTED_EDGE('NONE',*,*,#3357,.F.) ;
#10175 = ADVANCED_FACE('NONE',(#1020),#6988,.T.) ;
#10176 = ORIENTED_EDGE('NONE',*,*,#5172,.F.) ;
#10177 = SURFACE_STYLE_USAGE(.BOTH.,#10252) ;
#10178=CARTESIAN_POINT('NONE',(-2.393667800553,3.299999999999,0.675679832889));
#10179 = ORIENTED_EDGE('NONE',*,*,#5016,.F.) ;
#10180 = FACE_OUTER_BOUND('NONE',#14505,.T.) ;
#10181=DIRECTION('NONE',(0.,0.,1.));
#10182=CARTESIAN_POINT('NONE',(-2.480463744881,3.301,0.80982026012));
#10183 = SURFACE_SIDE_STYLE('',(#4495)) ;
#10184 = EDGE_CURVE('NONE',#493,#537,#2164,.T.) ;
#10185 = FACE_OUTER_BOUND('NONE',#3967,.T.) ;
#10186 = MECHANICAL_DESIGN_GEOMETRIC_PRESENTATION_REPRESENTATION('',(#3611),#3158) ;
#10187=AXIS2_PLACEMENT_3D('NONE',#9332,#12772,#13773);
#10188=CARTESIAN_POINT('NONE',(-2.399791817409,3.299999999999,0.655111061699));
#10189 = VERTEX_POINT('NONE',#3286) ;
#10190 = ORIENTED_EDGE('NONE',*,*,#8301,.F.) ;
#10191 = COLOUR_RGB('',0.647058823529,0.619607843137,0.588235294117) ;
#10192 = UNCERTAINTY_MEASURE_WITH_UNIT(LENGTH_MEASURE(1.000000000000E-05),#10433,'distance_accuracy_value','NONE');
#10193 = FACE_OUTER_BOUND('NONE',#14809,.T.) ;
#10194 = COLOUR_RGB('',0.647058823529,0.619607843137,0.588235294117) ;
#10195 = FACE_OUTER_BOUND('NONE',#10748,.T.) ;
#10196 = FILL_AREA_STYLE_COLOUR('',#8890) ;
#10197 = ORIENTED_EDGE('NONE',*,*,#2271,.T.) ;
#10198=CARTESIAN_POINT('NONE',(-2.324699078981,3.301,0.706489087061));
#10199 =(NAMED_UNIT(*) SI_UNIT($,.STERADIAN.) SOLID_ANGLE_UNIT());
#10200 = SURFACE_STYLE_USAGE(.BOTH.,#6797) ;
#10201 = VERTEX_POINT('NONE',#1304) ;
#10202 = EDGE_CURVE('NONE',#10626,#13895,#4426,.T.) ;
#10203=AXIS2_PLACEMENT_3D('NONE',#1934,#2072,#930);
#10204 = VECTOR('NONE',#11058,1000.) ;
#10205=CARTESIAN_POINT('NONE',(-2.457412891615,3.299999999999,0.809983744997));
#10206 = VECTOR('NONE',#7043,1000.) ;
#10207 = SURFACE_SIDE_STYLE('',(#3305)) ;
#10208 = B_SPLINE_CURVE_WITH_KNOTS('NONE',3,(#6553,#1010,#4417,#12302),.UNSPECIFIED.,.F.,.F.,(4,4),(18.000000000000,19.000000000000),.UNSPECIFIED.) ;
#10209 = ORIENTED_EDGE('NONE',*,*,#13575,.F.) ;
#10210 = ORIENTED_EDGE('NONE',*,*,#4292,.T.) ;
#10211=CARTESIAN_POINT('NONE',(-1.552818840819,3.301,0.760339860241));
#10212 = ORIENTED_EDGE('NONE',*,*,#14785,.F.) ;
#10213=DIRECTION('NONE',(-0.999974850185,0.,-0.007092178509));
#10214 = VERTEX_POINT('NONE',#1373) ;
#10215 =(NAMED_UNIT(*) PLANE_ANGLE_UNIT() SI_UNIT($,.RADIAN.));
#10216 = FILL_AREA_STYLE_COLOUR('',#13401) ;
#10217=CARTESIAN_POINT('NONE',(-1.739678746919,3.299999999999,0.683532147807));
#10218=DIRECTION('NONE',(-1.,1.084202172485000E-17,0.));
#10219 = LINE('NONE',#2416,#8293) ;
#10220 = COLOUR_RGB('',1.,1.,1.) ;
#10221 = EDGE_CURVE('NONE',#14796,#3229,#14653,.T.) ;
#10222 =(NAMED_UNIT(*) PLANE_ANGLE_UNIT() SI_UNIT($,.RADIAN.));
#10223 = MECHANICAL_DESIGN_GEOMETRIC_PRESENTATION_REPRESENTATION('',(#11482),#3877) ;
#10224 = EDGE_CURVE('NONE',#9361,#571,#10051,.T.) ;
#10225 = FILL_AREA_STYLE('',(#2079)) ;
#10226 = VERTEX_POINT('NONE',#9236) ;
#10227 = FACE_OUTER_BOUND('NONE',#11874,.T.) ;
#10228=CARTESIAN_POINT('NONE',(-1.714303895699,3.301,0.898012801955));
#10229 = PRESENTATION_STYLE_ASSIGNMENT((#7816)) ;
#10230=CARTESIAN_POINT('NONE',(-2.40935956794,3.299999999999,0.693473622903));
#10231 = ORIENTED_EDGE('NONE',*,*,#8672,.F.) ;
#10232 = B_SPLINE_CURVE_WITH_KNOTS('NONE',3,(#12631,#13713,#8394,#2800),.UNSPECIFIED.,.F.,.F.,(4,4),(2.000000000000,3.000000000000),.UNSPECIFIED.) ;
#10233=DIRECTION('NONE',(0.,0.,1.));
#10234=DIRECTION('NONE',(-0.707106781186,0.707106781186,0.));
#10235=DIRECTION('NONE',(0.,-1.,0.));
#10236 = FACE_OUTER_BOUND('NONE',#1478,.T.) ;
#10237 = VECTOR('NONE',#1913,1000.) ;
#10238 = EDGE_CURVE('NONE',#9455,#8759,#2055,.T.) ;
#10239=DIRECTION('NONE',(0.,-1.,0.));
#10240 = PRESENTATION_STYLE_ASSIGNMENT((#1433)) ;
#10241=CARTESIAN_POINT('NONE',(-2.294376552045,3.299999999999,0.917260418749));
#10242 = ORIENTED_EDGE('NONE',*,*,#11537,.T.) ;
#10243 = ORIENTED_EDGE('NONE',*,*,#9834,.F.) ;
#10244 = ADVANCED_FACE('NONE',(#14702),#13533,.F.) ;
#10245=DIRECTION('NONE',(0.,0.,1.));
#10246 = VERTEX_POINT('NONE',#1094) ;
#10247 = COLOUR_RGB('',0.250980392156,0.250980392156,0.250980392156) ;
#10248=CARTESIAN_POINT('NONE',(-2.335942800976,3.299999999999,0.822823566679));
#10249 = ORIENTED_EDGE('NONE',*,*,#9748,.F.) ;
#10250 = COLOUR_RGB('',0.647058823529,0.619607843137,0.588235294117) ;
#10251=CARTESIAN_POINT('NONE',(-2.376303828783,3.299999999999,0.620028967036));
#10252 = SURFACE_SIDE_STYLE('',(#9014)) ;
#10253 = LINE('NONE',#8278,#3209) ;
#10254 = EDGE_LOOP('NONE',(#12059,#2804,#8572,#1212)) ;
#10255=CARTESIAN_POINT('NONE',(-2.479614226236,3.301,0.584484282275));
#10256=CARTESIAN_POINT('NONE',(-1.922477723962,3.299999999999,0.768129516705));
#10257 = ORIENTED_EDGE('NONE',*,*,#1397,.T.) ;
#10258 = UNCERTAINTY_MEASURE_WITH_UNIT(LENGTH_MEASURE(1.000000000000E-05),#10920,'distance_accuracy_value','NONE');
#10259 = FILL_AREA_STYLE_COLOUR('',#14341) ;
#10260 = ADVANCED_FACE('NONE',(#6701),#13600,.F.) ;
#10261=CARTESIAN_POINT('NONE',(-2.541666341489,3.301,0.827540819267));
#10262=DIRECTION('NONE',(-0.007092178509,0.,0.999974850185));
#10263 = COLOUR_RGB('',0.647058823529,0.619607843137,0.588235294117) ;
#10264 = LINE('NONE',#1528,#13674) ;
#10265=CARTESIAN_POINT('NONE',(-2.397296466739,3.301,0.690315052434));
#10266=CARTESIAN_POINT('NONE',(-2.563687867268,3.301,0.871367500768));
#10267 = VERTEX_POINT('NONE',#9534) ;
#10268 = FACE_OUTER_BOUND('NONE',#12040,.T.) ;
#10269=CARTESIAN_POINT('NONE',(-2.306220868519,3.299999999999,0.929154727078));
#10270 = PLANE('NONE',#1350) ;
#10271 = ADVANCED_FACE('NONE',(#7240),#5956,.F.) ;
#10272 = UNCERTAINTY_MEASURE_WITH_UNIT(LENGTH_MEASURE(1.000000000000E-05),#7621,'distance_accuracy_value','NONE');
#10273 = SURFACE_STYLE_FILL_AREA(#10571) ;
#10274=CARTESIAN_POINT('NONE',(-1.857594530533,3.301,0.916951660111));
#10275 = EDGE_LOOP('NONE',(#14251,#699,#487,#11477,#8457,#9730,#12686,#13220,#4820,#11206,#7296,#10298)) ;
#10276=CARTESIAN_POINT('NONE',(-2.31334520809,3.299999999999,0.706569612765));
#10277=CARTESIAN_POINT('NONE',(-2.487107376923,3.299999999999,0.603022477289));
#10278 = PLANE('NONE',#11194) ;
#10279 = ORIENTED_EDGE('NONE',*,*,#10202,.T.) ;
#10280 = B_SPLINE_SURFACE_WITH_KNOTS('NONE',3,1,((#10372,#9347),(#13789,#9129),(#3729,#13570),(#3511,#8009)),.UNSPECIFIED.,.F.,.F.,.F.,(4,4),(2,2),(15.000000000000,16.000000000000),(0.,1.),.UNSPECIFIED.) ;
#10281 =(NAMED_UNIT(*) PLANE_ANGLE_UNIT() SI_UNIT($,.RADIAN.));
#10282=CARTESIAN_POINT('NONE',(-2.308663787838,3.301,0.704583034519));
#10283 = MECHANICAL_DESIGN_GEOMETRIC_PRESENTATION_REPRESENTATION('',(#10519),#13764) ;
#10284 =(GEOMETRIC_REPRESENTATION_CONTEXT(3) GLOBAL_UNCERTAINTY_ASSIGNED_CONTEXT((#13338)) GLOBAL_UNIT_ASSIGNED_CONTEXT((#12825,#3765,#575)) REPRESENTATION_CONTEXT('NONE','WORKASPACE'));
#10285=DIRECTION('NONE',(0.,-1.,0.));
#10286 = VECTOR('NONE',#8221,1000.) ;
#10287 = MECHANICAL_DESIGN_GEOMETRIC_PRESENTATION_REPRESENTATION('',(#6274),#1151) ;
#10288 =(LENGTH_UNIT() NAMED_UNIT(*) SI_UNIT(.MILLI.,.METRE.));
#10289 = ORIENTED_EDGE('NONE',*,*,#6646,.T.) ;
#10290 = B_SPLINE_CURVE_WITH_KNOTS('NONE',3,(#6848,#6624,#5793,#6932),.UNSPECIFIED.,.F.,.F.,(4,4),(5.000000000000,6.000000000000),.UNSPECIFIED.) ;
#10291=CARTESIAN_POINT('NONE',(-1.93048270534,3.301,0.673502756813));
#10292 = VERTEX_POINT('NONE',#4867) ;
#10293 = STYLED_ITEM('NONE',(#1196),#2791) ;
#10294=DIRECTION('NONE',(0.,0.,-1.));
#10295 = PLANE('NONE',#10508) ;
#10296 = ADVANCED_FACE('NONE',(#2597),#2525,.F.) ;
#10297 = UNCERTAINTY_MEASURE_WITH_UNIT(LENGTH_MEASURE(1.000000000000E-05),#6061,'distance_accuracy_value','NONE');
#10298 = ORIENTED_EDGE('NONE',*,*,#4189,.T.) ;
#10299=CARTESIAN_POINT('NONE',(-2.094508917951,3.299999999999,0.680147964718));
#10300 = ORIENTED_EDGE('NONE',*,*,#2078,.T.) ;
#10301=CARTESIAN_POINT('NONE',(-1.739697190505,3.299999999999,0.563801307785));
#10302 = PRESENTATION_LAYER_ASSIGNMENT('','',(#4403)) ;
#10303=DIRECTION('NONE',(0.007092178509,0.,-0.999974850185));
#10304 = STYLED_ITEM('NONE',(#6160),#6629) ;
#10305 = VECTOR('NONE',#10643,1000.) ;
#10306 = FACE_OUTER_BOUND('NONE',#1318,.T.) ;
#10307=DIRECTION('NONE',(-5.004010026856000E-16,-1.,0.));
#10308 = FACE_OUTER_BOUND('NONE',#12052,.T.) ;
#10309 = PRESENTATION_STYLE_ASSIGNMENT((#5700)) ;
#10310 = FACE_OUTER_BOUND('NONE',#2184,.T.) ;
#10311=DIRECTION('NONE',(0.007092178509,0.,-0.999974850185));
#10312=CARTESIAN_POINT('NONE',(0.9,-0.325,-0.05));
#10313 = STYLED_ITEM('NONE',(#11977),#6079) ;
#10314 = ORIENTED_EDGE('NONE',*,*,#12876,.T.) ;
#10315 = PRESENTATION_STYLE_ASSIGNMENT((#6915)) ;
#10316 = SURFACE_STYLE_FILL_AREA(#3272) ;
#10317=CARTESIAN_POINT('NONE',(-1.727791227399,3.299999999999,0.842389885814));
#10318 = PLANE('NONE',#3010) ;
#10319 = PLANE('NONE',#7335) ;
#10320=DIRECTION('NONE',(0.007092178509,0.,-0.999974850185));
#10321 = EDGE_CURVE('NONE',#11107,#740,#7316,.T.) ;
#10322=CARTESIAN_POINT('NONE',(-1.787413567045,3.301,0.563462886214));
#10323 = LINE('NONE',#6842,#8807) ;
#10324=DIRECTION('NONE',(0.999974850185,0.,0.007092178509));
#10325 = ORIENTED_EDGE('NONE',*,*,#6211,.T.) ;
#10326 = FILL_AREA_STYLE('',(#10473)) ;
#10327 = ORIENTED_EDGE('NONE',*,*,#1979,.T.) ;
#10328=DIRECTION('NONE',(0.007092178509,0.,-0.999974850185));
#10329 = PRESENTATION_STYLE_ASSIGNMENT((#7835)) ;
#10330 = SURFACE_SIDE_STYLE('',(#1370)) ;
#10331 = EDGE_LOOP('NONE',(#8161,#3589,#9151,#10279)) ;
#10332 = ADVANCED_FACE('NONE',(#11810),#8364,.F.) ;
#10333=CARTESIAN_POINT('NONE',(-2.392588692688,3.299999999999,0.681863803664));
#10334 = EDGE_CURVE('NONE',#6621,#11150,#8789,.T.) ;
#10335 = ORIENTED_EDGE('NONE',*,*,#7282,.F.) ;
#10336 = SURFACE_SIDE_STYLE('',(#4563)) ;
#10337 = FILL_AREA_STYLE('',(#12533)) ;
#10338=DIRECTION('NONE',(0.,-1.,0.));
#10339 = PRESENTATION_LAYER_ASSIGNMENT('','',(#7285)) ;
#10340 =(LENGTH_UNIT() NAMED_UNIT(*) SI_UNIT(.MILLI.,.METRE.));
#10341 = FILL_AREA_STYLE('',(#5811)) ;
#10342 = ORIENTED_EDGE('NONE',*,*,#1816,.F.) ;
#10343=DIRECTION('NONE',(0.999974850185,0.,0.007092178509));
#10344 = ADVANCED_FACE('NONE',(#11003),#12870,.T.) ;
#10345 = MECHANICAL_DESIGN_GEOMETRIC_PRESENTATION_REPRESENTATION('',(#8482),#5147) ;
#10346 =(NAMED_UNIT(*) SI_UNIT($,.STERADIAN.) SOLID_ANGLE_UNIT());
#10348 = MECHANICAL_DESIGN_GEOMETRIC_PRESENTATION_REPRESENTATION('',(#10114),#8486) ;
#10347=DIRECTION('NONE',(1.,0.,0.));
#10349 = SURFACE_SIDE_STYLE('',(#8144)) ;
#10350=CARTESIAN_POINT('NONE',(3.899999999999,0.324999999999,-0.05));
#10351 = SURFACE_STYLE_USAGE(.BOTH.,#4728) ;
#10352=CARTESIAN_POINT('NONE',(-2.580119829427,3.299999999999,0.852784394404));
#10353 = ADVANCED_FACE('NONE',(#874),#1500,.F.) ;
#10354 = EDGE_LOOP('NONE',(#9404,#11585,#4063,#4053)) ;
#10355=CARTESIAN_POINT('NONE',(-2.550550308789,3.301,0.905835938266));
#10356 = UNCERTAINTY_MEASURE_WITH_UNIT(LENGTH_MEASURE(1.000000000000E-05),#8637,'distance_accuracy_value','NONE');
#10357 =(LENGTH_UNIT() NAMED_UNIT(*) SI_UNIT(.MILLI.,.METRE.));
#10358 = FILL_AREA_STYLE('',(#2477)) ;
#10359=AXIS2_PLACEMENT_3D('NONE',#14753,#8103,#6912);
#10360 = SURFACE_STYLE_FILL_AREA(#2792) ;
#10361 = EDGE_CURVE('NONE',#13589,#9986,#13274,.T.) ;
#10362 =(GEOMETRIC_REPRESENTATION_CONTEXT(3) GLOBAL_UNCERTAINTY_ASSIGNED_CONTEXT((#8676)) GLOBAL_UNIT_ASSIGNED_CONTEXT((#14831,#9874,#6389)) REPRESENTATION_CONTEXT('NONE','WORKASPACE'));
#10363 = ORIENTED_EDGE('NONE',*,*,#3491,.F.) ;
#10364 = STYLED_ITEM('NONE',(#3097),#10548) ;
#10365 = ORIENTED_EDGE('NONE',*,*,#9006,.F.) ;
#10366 = EDGE_CURVE('NONE',#2352,#2711,#6833,.T.) ;
#10367 = LINE('NONE',#4822,#7080) ;
#10368 = LINE('NONE',#532,#10466) ;
#10369=CARTESIAN_POINT('NONE',(-1.,6.75,0.5));
#10370=DIRECTION('NONE',(0.999974850185,0.,0.007092178509));
#10371 = ORIENTED_EDGE('NONE',*,*,#3635,.F.) ;
#10372=CARTESIAN_POINT('NONE',(-2.430296220094,3.301,0.654707552457));
#10373 = ORIENTED_EDGE('NONE',*,*,#13762,.F.) ;
#10374 = LINE('NONE',#3657,#1463) ;
#10375=CARTESIAN_POINT('NONE',(-2.793511923081,3.301,0.720445310248));
#10376 = PRESENTATION_LAYER_ASSIGNMENT('','',(#2610)) ;
#10377=CARTESIAN_POINT('NONE',(-2.401496751873,3.299999999999,0.627211961027));
#10378 = VECTOR('NONE',#3954,1000.) ;
#10379 = FACE_OUTER_BOUND('NONE',#5505,.T.) ;
#10380=CARTESIAN_POINT('NONE',(-2.2710097805,3.301,0.811305782385));
#10381=AXIS2_PLACEMENT_3D('NONE',#13495,#2263,#6810);
#10382 =(LENGTH_UNIT() NAMED_UNIT(*) SI_UNIT(.MILLI.,.METRE.));
#10383 = FILL_AREA_STYLE_COLOUR('',#6838) ;
#10384 = ADVANCED_FACE('NONE',(#5713),#7361,.F.) ;
#10385 = LINE('NONE',#4535,#4785) ;
#10386 =(NAMED_UNIT(*) SI_UNIT($,.STERADIAN.) SOLID_ANGLE_UNIT());
#10387 = PRESENTATION_LAYER_ASSIGNMENT('','',(#9458)) ;
#10388 = FILL_AREA_STYLE('',(#1348)) ;
#10389 = ORIENTED_EDGE('NONE',*,*,#11997,.F.) ;
#10390=CARTESIAN_POINT('NONE',(-2.359390315969,3.301,0.918171832901));
#10391=DIRECTION('NONE',(0.,0.,-1.));
#10392=DIRECTION('NONE',(-0.887386942262,0.,0.461025394855));
#10393 = LINE('NONE',#1142,#6408) ;
#10394=CARTESIAN_POINT('NONE',(-2.323176201807,3.299999999999,0.694084866093));
#10395 =(NAMED_UNIT(*) SI_UNIT($,.STERADIAN.) SOLID_ANGLE_UNIT());
#10396=DIRECTION('NONE',(0.007092178509,0.,-0.999974850185));
#10397=DIRECTION('NONE',(-0.707106781186,-0.707106781186,0.));
#10398 = COLOUR_RGB('',0.647058823529,0.619607843137,0.588235294117) ;
#10399 =(GEOMETRIC_REPRESENTATION_CONTEXT(3) GLOBAL_UNCERTAINTY_ASSIGNED_CONTEXT((#11447)) GLOBAL_UNIT_ASSIGNED_CONTEXT((#14329,#8868,#10040)) REPRESENTATION_CONTEXT('NONE','WORKASPACE'));
#10400 = SURFACE_STYLE_USAGE(.BOTH.,#1432) ;
#10401 = ADVANCED_FACE('NONE',(#11415),#12427,.T.) ;
#10402 = SURFACE_STYLE_USAGE(.BOTH.,#5864) ;
#10403 =(GEOMETRIC_REPRESENTATION_CONTEXT(3) GLOBAL_UNCERTAINTY_ASSIGNED_CONTEXT((#8806)) GLOBAL_UNIT_ASSIGNED_CONTEXT((#11098,#8963,#12328)) REPRESENTATION_CONTEXT('NONE','WORKASPACE'));
#10404 = VERTEX_POINT('NONE',#11258) ;
#10405 = PRESENTATION_STYLE_ASSIGNMENT((#10471)) ;
#10406 = ORIENTED_EDGE('NONE',*,*,#10184,.F.) ;
#10407 =(NAMED_UNIT(*) PLANE_ANGLE_UNIT() SI_UNIT($,.RADIAN.));
#10408 = ORIENTED_EDGE('NONE',*,*,#5722,.F.) ;
#10409 = LINE('NONE',#10251,#5957) ;
#10410 = ORIENTED_EDGE('NONE',*,*,#13129,.T.) ;
#10411 = B_SPLINE_SURFACE_WITH_KNOTS('NONE',3,1,((#5057,#12001),(#9580,#8627),(#2892,#8771),(#12941,#12074)),.UNSPECIFIED.,.F.,.F.,.F.,(4,4),(2,2),(1.,2.000000000000),(0.,1.),.UNSPECIFIED.) ;
#10412 = PRESENTATION_LAYER_ASSIGNMENT('','',(#6145)) ;
#10413=DIRECTION('NONE',(0.,-1.,0.));
#10414 = VERTEX_POINT('NONE',#11502) ;
#10415 = SURFACE_STYLE_FILL_AREA(#1454) ;
#10416 =(LENGTH_UNIT() NAMED_UNIT(*) SI_UNIT(.MILLI.,.METRE.));
#10417 = VECTOR('NONE',#12511,999.999999999999) ;
#10418 = COLOUR_RGB('',0.647058823529,0.619607843137,0.588235294117) ;
#10419=CARTESIAN_POINT('NONE',(-2.392588692688,3.299999999999,0.681863803664));
#10420 = SURFACE_STYLE_FILL_AREA(#2609) ;
#10421 = STYLED_ITEM('NONE',(#2193),#5110) ;
#10422 = ADVANCED_FACE('NONE',(#4771),#10692,.F.) ;
#10423 = LINE('NONE',#10569,#4810) ;
#10424=DIRECTION('NONE',(0.,-1.,0.));
#10425 = UNCERTAINTY_MEASURE_WITH_UNIT(LENGTH_MEASURE(1.000000000000E-05),#7881,'distance_accuracy_value','NONE');
#10426=CARTESIAN_POINT('NONE',(-1.982623110569,3.299999999999,0.807613147466));
#10427 = LINE('NONE',#9254,#464) ;
#10428=CARTESIAN_POINT('NONE',(-2.419609323552,3.301,0.638874651521));
#10429 = ORIENTED_EDGE('NONE',*,*,#14470,.F.) ;
#10430 = MECHANICAL_DESIGN_GEOMETRIC_PRESENTATION_REPRESENTATION('',(#6416),#4303) ;
#10431=AXIS2_PLACEMENT_3D('NONE',#13480,#3434,#14652);
#10432 = EDGE_CURVE('NONE',#8304,#2524,#4917,.T.) ;
#10433 =(LENGTH_UNIT() NAMED_UNIT(*) SI_UNIT(.MILLI.,.METRE.));
#10434 = EDGE_CURVE('NONE',#3229,#2490,#10614,.T.) ;
#10435 = VERTEX_POINT('NONE',#1570) ;
#10436 = VECTOR('NONE',#3825,1000.) ;
#10437 = SURFACE_SIDE_STYLE('',(#5830)) ;
#10438=CARTESIAN_POINT('NONE',(-2.285710233412,3.301,0.640947278447));
#10439=CARTESIAN_POINT('NONE',(-2.390180935766,3.301,0.65904722223));
#10440 = UNCERTAINTY_MEASURE_WITH_UNIT(LENGTH_MEASURE(1.000000000000E-05),#2102,'distance_accuracy_value','NONE');
#10441 = VERTEX_POINT('NONE',#480) ;
#10442=CARTESIAN_POINT('NONE',(-2.105996533761,3.299999999999,0.709565383857));
#10443=CARTESIAN_POINT('NONE',(-2.445963416946,3.299999999999,0.576675017148));
#10444=CARTESIAN_POINT('NONE',(-2.325782203696,3.301,0.920780901299));
#10445 = MECHANICAL_DESIGN_GEOMETRIC_PRESENTATION_REPRESENTATION('',(#4530),#13930) ;
#10446 = LINE('NONE',#3734,#3571) ;
#10447 = SURFACE_SIDE_STYLE('',(#11637)) ;
#10448 = EDGE_CURVE('NONE',#14308,#751,#8261,.T.) ;
#10449 =(LENGTH_UNIT() NAMED_UNIT(*) SI_UNIT(.MILLI.,.METRE.));
#10450 = VECTOR('NONE',#1497,1000.) ;
#10451=CARTESIAN_POINT('NONE',(-2.713594157459,3.301,0.720450632168));
#10452=CARTESIAN_POINT('NONE',(1.799999999999,3.299999999999,1.));
#10453=DIRECTION('NONE',(0.,-1.,0.));
#10454=AXIS2_PLACEMENT_3D('NONE',#866,#13097,#5759);
#10455 = VERTEX_POINT('NONE',#13806) ;
#10456=CARTESIAN_POINT('NONE',(-2.306035261891,3.301,0.90738296511));
#10457 =(NAMED_UNIT(*) PLANE_ANGLE_UNIT() SI_UNIT($,.RADIAN.));
#10458=CARTESIAN_POINT('NONE',(-2.516139394525,3.299999999999,0.931596293747));
#10459=DIRECTION('NONE',(0.,0.,1.));
#10460=DIRECTION('NONE',(0.,0.,1.));
#10461 = ADVANCED_FACE('NONE',(#1427),#14835,.F.) ;
#10462=CARTESIAN_POINT('NONE',(-2.410662989055,3.299999999999,0.666138853302));
#10463=CARTESIAN_POINT('NONE',(-2.276287199883,3.299999999999,0.851695157556));
#10464=DIRECTION('NONE',(0.,-1.,0.));
#10465 = ADVANCED_FACE('NONE',(#1646),#9513,.F.) ;
#10466 = VECTOR('NONE',#4665,1000.) ;
#10467 =(NAMED_UNIT(*) PLANE_ANGLE_UNIT() SI_UNIT($,.RADIAN.));
#10468 =(LENGTH_UNIT() NAMED_UNIT(*) SI_UNIT(.MILLI.,.METRE.));
#10469=CARTESIAN_POINT('NONE',(-2.650763863663,3.301,0.930641488967));
#10470 = VERTEX_POINT('NONE',#8040) ;
#10471 = SURFACE_STYLE_USAGE(.BOTH.,#9225) ;
#10472 = ORIENTED_EDGE('NONE',*,*,#12508,.F.) ;
#10473 = FILL_AREA_STYLE_COLOUR('',#11264) ;
#10474 = ORIENTED_EDGE('NONE',*,*,#525,.T.) ;
#10475 =(LENGTH_UNIT() NAMED_UNIT(*) SI_UNIT(.MILLI.,.METRE.));
#10476=CARTESIAN_POINT('NONE',(-1.739678746919,3.299999999999,0.683532147807));
#10477 =(LENGTH_UNIT() NAMED_UNIT(*) SI_UNIT(.MILLI.,.METRE.));
#10478 = STYLED_ITEM('NONE',(#12096),#10344) ;
#10479 = ORIENTED_EDGE('NONE',*,*,#8489,.T.) ;
#10480 = ADVANCED_FACE('NONE',(#3351),#10660,.T.) ;
#10481 =(LENGTH_UNIT() NAMED_UNIT(*) SI_UNIT(.MILLI.,.METRE.));
#10482 = ORIENTED_EDGE('NONE',*,*,#3635,.T.) ;
#10483=CARTESIAN_POINT('NONE',(-1.565346301524,3.299999999999,0.691709482088));
#10484=DIRECTION('NONE',(0.707106781186,0.707106781186,0.));
#10485=CARTESIAN_POINT('NONE',(-2.325782203696,3.301,0.920780901299));
#10486 = PRESENTATION_LAYER_ASSIGNMENT('','',(#8134)) ;
#10487=CARTESIAN_POINT('NONE',(-2.580253891451,3.299999999999,0.871686717921));
#10488 = SURFACE_SIDE_STYLE('',(#9324)) ;
#10489 = ORIENTED_EDGE('NONE',*,*,#8094,.F.) ;
#10490=CARTESIAN_POINT('NONE',(-2.731690350175,3.301,0.677025678973));
#10491 =(NAMED_UNIT(*) PLANE_ANGLE_UNIT() SI_UNIT($,.RADIAN.));
#10492 = LINE('NONE',#9398,#14446) ;
#10493 = COLOUR_RGB('',0.647058823529,0.619607843137,0.588235294117) ;
#10494 = COLOUR_RGB('',0.647058823529,0.619607843137,0.588235294117) ;
#10495=CARTESIAN_POINT('NONE',(-2.643336857002,3.301,0.908234828108));
#10496=CARTESIAN_POINT('NONE',(-2.31334520809,3.301,0.706569612765));
#10497 =(NAMED_UNIT(*) PLANE_ANGLE_UNIT() SI_UNIT($,.RADIAN.));
#10498=DIRECTION('NONE',(0.,-1.,0.));
#10499 = ORIENTED_EDGE('NONE',*,*,#658,.T.) ;
#10500 = PRESENTATION_LAYER_ASSIGNMENT('','',(#11686)) ;
#10501 = B_SPLINE_CURVE_WITH_KNOTS('NONE',3,(#2063,#14454,#12212,#13298),.UNSPECIFIED.,.F.,.F.,(4,4),(8.000000000000,9.000000000000),.UNSPECIFIED.) ;
#10502 = EDGE_CURVE('NONE',#2490,#395,#1159,.T.) ;
#10503 = ORIENTED_EDGE('NONE',*,*,#6474,.T.) ;
#10504 = FILL_AREA_STYLE('',(#8309)) ;
#10505 = PRESENTATION_LAYER_ASSIGNMENT('','',(#11691)) ;
#10506=CARTESIAN_POINT('NONE',(-2.31302775029,3.299999999999,0.657410873616));
#10507 = ORIENTED_EDGE('NONE',*,*,#13331,.F.) ;
#10508=AXIS2_PLACEMENT_3D('NONE',#11549,#4666,#5912);
#10509=CARTESIAN_POINT('NONE',(-2.367504634313,3.301,0.830772421658));
#10510=CARTESIAN_POINT('NONE',(-2.304713207794,3.299999999999,0.615420975662));
#10511=CARTESIAN_POINT('NONE',(-2.335942800976,3.299999999999,0.822823566679));
#10512 = ORIENTED_EDGE('NONE',*,*,#4554,.T.) ;
#10513 = ADVANCED_FACE('NONE',(#14549),#8946,.F.) ;
#10514 = ORIENTED_EDGE('NONE',*,*,#9296,.T.) ;
#10515 = FACE_OUTER_BOUND('NONE',#8939,.T.) ;
#10516 = SURFACE_STYLE_USAGE(.BOTH.,#8165) ;
#10517=CARTESIAN_POINT('NONE',(-2.431461167227,3.301,0.687015779029));
#10518 = EDGE_CURVE('NONE',#5856,#13034,#1227,.T.) ;
#10519 = STYLED_ITEM('NONE',(#11598),#691) ;
#10520 = EDGE_CURVE('NONE',#13351,#10267,#2374,.T.) ;
#10521=CARTESIAN_POINT('NONE',(-1.739678746919,3.301,0.683532147807));
#10522 =(GEOMETRIC_REPRESENTATION_CONTEXT(3) GLOBAL_UNCERTAINTY_ASSIGNED_CONTEXT((#12739)) GLOBAL_UNIT_ASSIGNED_CONTEXT((#938,#10709,#8645)) REPRESENTATION_CONTEXT('NONE','WORKASPACE'));
#10523 = SURFACE_STYLE_USAGE(.BOTH.,#10447) ;
#10524=CARTESIAN_POINT('NONE',(-2.813428749957,3.301,0.661036361202));
#10525 = PRESENTATION_STYLE_ASSIGNMENT((#10758)) ;
#10526=CARTESIAN_POINT('NONE',(-2.291762386433,3.299999999999,0.825757165794));
#10527=CARTESIAN_POINT('NONE',(-2.367504634313,3.299999999999,0.830772421658));
#10528 = B_SPLINE_SURFACE_WITH_KNOTS('NONE',3,1,((#768,#5124),(#8694,#9650),(#8476,#8621),(#7506,#842)),.UNSPECIFIED.,.F.,.F.,.F.,(4,4),(2,2),(12.000000000000,13.000000000000),(0.,1.),.UNSPECIFIED.) ;
#10529 = ORIENTED_EDGE('NONE',*,*,#11640,.F.) ;
#10530=AXIS2_PLACEMENT_3D('NONE',#11372,#3565,#4579);
#10531 = TOROIDAL_SURFACE('NONE',#11223,3.740172735303,0.751525314169) ;
#10532 =(GEOMETRIC_REPRESENTATION_CONTEXT(3) GLOBAL_UNCERTAINTY_ASSIGNED_CONTEXT((#7035)) GLOBAL_UNIT_ASSIGNED_CONTEXT((#767,#1983,#6302)) REPRESENTATION_CONTEXT('NONE','WORKASPACE'));
#10533 = EDGE_CURVE('NONE',#4655,#12674,#4818,.T.) ;
#10534 = FILL_AREA_STYLE_COLOUR('',#10044) ;
#10535=DIRECTION('NONE',(1.,-1.264902534566000E-16,0.));
#10536 =(NAMED_UNIT(*) SI_UNIT($,.STERADIAN.) SOLID_ANGLE_UNIT());
#10537 =(NAMED_UNIT(*) PLANE_ANGLE_UNIT() SI_UNIT($,.RADIAN.));
#10538=CARTESIAN_POINT('NONE',(-2.407635624882,3.301,0.82424909395));
#10539 = PRESENTATION_LAYER_ASSIGNMENT('','',(#7949)) ;
#10540=CARTESIAN_POINT('NONE',(-2.419609323552,3.299999999999,0.638874651521));
#10541 = SURFACE_STYLE_USAGE(.BOTH.,#1791) ;
#10542 = LINE('NONE',#9720,#1274) ;
#10543 = CIRCLE('NONE',#708,0.299999999999) ;
#10544 = VECTOR('NONE',#8136,1000.) ;
#10545 =(NAMED_UNIT(*) PLANE_ANGLE_UNIT() SI_UNIT($,.RADIAN.));
#10546 = ORIENTED_EDGE('NONE',*,*,#9492,.F.) ;
#10547=CARTESIAN_POINT('NONE',(-2.276287199883,3.301,0.851695157556));
#10548 = ADVANCED_FACE('NONE',(#8554),#10411,.T.) ;
#10549 = ORIENTED_EDGE('NONE',*,*,#9729,.T.) ;
#10550 = SURFACE_STYLE_USAGE(.BOTH.,#3759) ;
#10551 = ORIENTED_EDGE('NONE',*,*,#1297,.T.) ;
#10552 = FILL_AREA_STYLE_COLOUR('',#11381) ;
#10553=DIRECTION('NONE',(-0.999974850185,0.,-0.007092178509));
#10554 = VECTOR('NONE',#3688,1000.) ;
#10555 = ORIENTED_EDGE('NONE',*,*,#2632,.F.) ;
#10556 = VERTEX_POINT('NONE',#11857) ;
#10557 = FILL_AREA_STYLE('',(#8502)) ;
#10558=CARTESIAN_POINT('NONE',(-2.639644260427,3.301,0.906576567133));
#10559 = ORIENTED_EDGE('NONE',*,*,#11832,.T.) ;
#10560 = LINE('NONE',#3987,#12481) ;
#10561 = SURFACE_STYLE_FILL_AREA(#2767) ;
#10562 = FILL_AREA_STYLE('',(#10788)) ;
#10563=CARTESIAN_POINT('NONE',(-2.640407025665,3.301,0.908567542738));
#10564 =(LENGTH_UNIT() NAMED_UNIT(*) SI_UNIT(.MILLI.,.METRE.));
#10565=DIRECTION('NONE',(0.999974850185,0.,0.007092178509));
#10566 = ADVANCED_FACE('NONE',(#14096),#14825,.F.) ;
#10567 = ORIENTED_EDGE('NONE',*,*,#4631,.F.) ;
#10568 =(NAMED_UNIT(*) PLANE_ANGLE_UNIT() SI_UNIT($,.RADIAN.));
#10569=CARTESIAN_POINT('NONE',(3.3,-0.7,0.));
#10570 = UNCERTAINTY_MEASURE_WITH_UNIT(LENGTH_MEASURE(1.000000000000E-05),#3118,'distance_accuracy_value','NONE');
#10571 = FILL_AREA_STYLE('',(#4805)) ;
#10572 = LINE('NONE',#12907,#12170) ;
#10573=CARTESIAN_POINT('NONE',(-1.827069550709,3.301,0.649943044093));
#10574 = PLANE('NONE',#4522) ;
#10575 = FILL_AREA_STYLE('',(#1894)) ;
#10576 = ORIENTED_EDGE('NONE',*,*,#2008,.T.) ;
#10577 = VERTEX_POINT('NONE',#4252) ;
#10578 = FILL_AREA_STYLE_COLOUR('',#7376) ;
#10579=CARTESIAN_POINT('NONE',(-1.739697190505,3.301,0.563801307785));
#10580 = COLOUR_RGB('',0.250980392156,0.250980392156,0.250980392156) ;
#10581=CARTESIAN_POINT('NONE',(-1.93048270534,3.299999999999,0.673502756813));
#10582 = EDGE_LOOP('NONE',(#12266,#657,#7986,#7069)) ;
#10583 = B_SPLINE_CURVE_WITH_KNOTS('NONE',3,(#7740,#12230,#6609,#792),.UNSPECIFIED.,.F.,.F.,(4,4),(4.000000000000,5.000000000000),.UNSPECIFIED.) ;
#10584 = VECTOR('NONE',#6644,1000.) ;
#10585 = PRODUCT_RELATED_PRODUCT_CATEGORY('part','',(#9428)) ;
#10586 =(NAMED_UNIT(*) SI_UNIT($,.STERADIAN.) SOLID_ANGLE_UNIT());
#10587 = UNCERTAINTY_MEASURE_WITH_UNIT(LENGTH_MEASURE(1.000000000000E-05),#12623,'distance_accuracy_value','NONE');
#10588=CARTESIAN_POINT('NONE',(-0.8,-2.710505431213000E-17,0.));
#10589 = ORIENTED_EDGE('NONE',*,*,#6835,.T.) ;
#10590 =(NAMED_UNIT(*) SI_UNIT($,.STERADIAN.) SOLID_ANGLE_UNIT());
#10591 = ORIENTED_EDGE('NONE',*,*,#9911,.F.) ;
#10592 =(NAMED_UNIT(*) SI_UNIT($,.STERADIAN.) SOLID_ANGLE_UNIT());
#10593 = FILL_AREA_STYLE('',(#9716)) ;
#10594 = SURFACE_SIDE_STYLE('',(#13862)) ;
#10595=CARTESIAN_POINT('NONE',(-1.588586109549,3.299999999999,0.665516266492));
#10596 = VECTOR('NONE',#6120,1000.) ;
#10597 = SURFACE_STYLE_USAGE(.BOTH.,#9288) ;
#10598 = LINE('NONE',#13951,#12317) ;
#10599=DIRECTION('NONE',(1.284980352575000E-16,-1.,0.));
#10600 = ORIENTED_EDGE('NONE',*,*,#1531,.T.) ;
#10601 = LINE('NONE',#546,#14136) ;
#10602 = B_SPLINE_SURFACE_WITH_KNOTS('NONE',3,1,((#3259,#14463),(#6821,#14601),(#9135,#6750),(#6674,#4464)),.UNSPECIFIED.,.F.,.F.,.F.,(4,4),(2,2),(21.,22.000000000000),(0.,1.),.UNSPECIFIED.) ;
#10603 = ADVANCED_FACE('NONE',(#6736),#13568,.F.) ;
#10604 = PRESENTATION_LAYER_ASSIGNMENT('','',(#1458)) ;
#10605=CARTESIAN_POINT('NONE',(-2.339381895203,3.299999999999,0.920684447433));
#10606 = COLOUR_RGB('',0.647058823529,0.619607843137,0.588235294117) ;
#10607=CARTESIAN_POINT('NONE',(-2.66546274503,3.301,0.614921183651));
#10608 = VECTOR('NONE',#13086,1000.) ;
#10609 = ADVANCED_FACE('NONE',(#1125),#7726,.F.) ;
#10610=CARTESIAN_POINT('NONE',(-2.40935956794,3.301,0.693473622903));
#10611=CARTESIAN_POINT('NONE',(-2.641701160922,3.301,0.915109003889));
#10612=CARTESIAN_POINT('NONE',(-2.340679529671,3.301,0.672624357197));
#10613 = ORIENTED_EDGE('NONE',*,*,#7128,.T.) ;
#10614 = LINE('NONE',#9214,#13850) ;
#10615 = FILL_AREA_STYLE('',(#7223)) ;
#10616 =(LENGTH_UNIT() NAMED_UNIT(*) SI_UNIT(.MILLI.,.METRE.));
#10617 = SURFACE_SIDE_STYLE('',(#6088)) ;
#10618=CARTESIAN_POINT('NONE',(-2.793137619644,3.301,0.720447964942));
#10619 = VECTOR('NONE',#14015,1000.) ;
#10620 = EDGE_CURVE('NONE',#2967,#12884,#14590,.T.) ;
#10621 = ORIENTED_EDGE('NONE',*,*,#12836,.F.) ;
#10622 = VECTOR('NONE',#13498,1000.) ;
#10623 = ORIENTED_EDGE('NONE',*,*,#3858,.F.) ;
#10624 = EDGE_CURVE('NONE',#10226,#5504,#7800,.T.) ;
#10625=CARTESIAN_POINT('NONE',(-2.418798550517,3.299999999999,0.616920162324));
#10626 = VERTEX_POINT('NONE',#3312) ;
#10627=CARTESIAN_POINT('NONE',(-2.550397877476,3.301,0.835963530081));
#10628 =(LENGTH_UNIT() NAMED_UNIT(*) SI_UNIT(.MILLI.,.METRE.));
#10629 = EDGE_CURVE('NONE',#8894,#3018,#2125,.T.) ;
#10630 = ORIENTED_EDGE('NONE',*,*,#8725,.F.) ;
#10631 =(GEOMETRIC_REPRESENTATION_CONTEXT(3) GLOBAL_UNCERTAINTY_ASSIGNED_CONTEXT((#1679)) GLOBAL_UNIT_ASSIGNED_CONTEXT((#8619,#4383,#4658)) REPRESENTATION_CONTEXT('NONE','WORKASPACE'));
#10632 = ORIENTED_EDGE('NONE',*,*,#8074,.T.) ;
#10633=CARTESIAN_POINT('NONE',(-3.899999999999,-0.324999999999,0.299999999999));
#10634 = ORIENTED_EDGE('NONE',*,*,#6897,.F.) ;
#10635=CARTESIAN_POINT('NONE',(-2.435350199985,3.299999999999,0.645999908712));
#10636 =(GEOMETRIC_REPRESENTATION_CONTEXT(3) GLOBAL_UNCERTAINTY_ASSIGNED_CONTEXT((#6700)) GLOBAL_UNIT_ASSIGNED_CONTEXT((#11639,#12797,#6908)) REPRESENTATION_CONTEXT('NONE','WORKASPACE'));
#10637 = B_SPLINE_CURVE_WITH_KNOTS('NONE',3,(#3069,#12981,#738,#1682),.UNSPECIFIED.,.F.,.F.,(4,4),(8.000000000000,9.000000000000),.UNSPECIFIED.) ;
#10638 = FILL_AREA_STYLE('',(#6106)) ;
#10639=CARTESIAN_POINT('NONE',(-2.339381895203,3.301,0.920684447433));
#10640=CARTESIAN_POINT('NONE',(-2.383017398388,3.301,0.616612451628));
#10641 = LINE('NONE',#579,#8801) ;
#10642 = EDGE_CURVE('NONE',#6133,#2806,#12277,.T.) ;
#10643=DIRECTION('NONE',(1.314184451497000E-16,-1.,0.));
#10644 = MECHANICAL_DESIGN_GEOMETRIC_PRESENTATION_REPRESENTATION('',(#5437),#6136) ;
#10645 =(GEOMETRIC_REPRESENTATION_CONTEXT(3) GLOBAL_UNCERTAINTY_ASSIGNED_CONTEXT((#12923)) GLOBAL_UNIT_ASSIGNED_CONTEXT((#5612,#7579,#11298)) REPRESENTATION_CONTEXT('NONE','WORKASPACE'));
#10646=DIRECTION('NONE',(0.007092178509,0.,-0.999974850185));
#10647 = ORIENTED_EDGE('NONE',*,*,#4973,.F.) ;
#10648 = SURFACE_STYLE_FILL_AREA(#1678) ;
#10649 = VECTOR('NONE',#14315,1000.) ;
#10650 = UNCERTAINTY_MEASURE_WITH_UNIT(LENGTH_MEASURE(1.000000000000E-05),#7955,'distance_accuracy_value','NONE');
#10651=CARTESIAN_POINT('NONE',(-2.073527232118,3.301,0.657738820371));
#10652=CARTESIAN_POINT('NONE',(-2.632765633702,3.301,0.737182141301));
#10653=CARTESIAN_POINT('NONE',(-2.455402686888,3.299999999999,0.917989975253));
#10654 =(LENGTH_UNIT() NAMED_UNIT(*) SI_UNIT(.MILLI.,.METRE.));
#10655 = ORIENTED_EDGE('NONE',*,*,#9996,.F.) ;
#10656 = EDGE_CURVE('NONE',#7817,#14226,#14285,.T.) ;
#10657 = COLOUR_RGB('',0.250980392156,0.250980392156,0.250980392156) ;
#10658 = ORIENTED_EDGE('NONE',*,*,#13273,.T.) ;
#10659 = UNCERTAINTY_MEASURE_WITH_UNIT(LENGTH_MEASURE(1.000000000000E-05),#14639,'distance_accuracy_value','NONE');
#10660 = B_SPLINE_SURFACE_WITH_KNOTS('NONE',3,1,((#13333,#7973),(#2161,#12441),(#4424,#11210),(#8877,#11145)),.UNSPECIFIED.,.F.,.F.,.F.,(4,4),(2,2),(1.,2.000000000000),(0.,1.),.UNSPECIFIED.) ;
#10661 = FACE_OUTER_BOUND('NONE',#4277,.T.) ;
#10662 = LINE('NONE',#13999,#11325) ;
#10663 = STYLED_ITEM('NONE',(#6287),#5194) ;
#10664 = SURFACE_SIDE_STYLE('',(#10360)) ;
#10665 = EDGE_LOOP('NONE',(#10119,#13490,#4502,#9892)) ;
#10666 = VECTOR('NONE',#1574,1000.) ;
#10667=CARTESIAN_POINT('NONE',(3.3,-0.7,0.));
#10668=DIRECTION('NONE',(-0.334929697692,0.,-0.94224312022));
#10669=CARTESIAN_POINT('NONE',(-2.792518868051,3.299999999999,0.716771517753));
#10670 = ORIENTED_EDGE('NONE',*,*,#5279,.F.) ;
#10671 =(NAMED_UNIT(*) PLANE_ANGLE_UNIT() SI_UNIT($,.RADIAN.));
#10672 = ORIENTED_EDGE('NONE',*,*,#10719,.F.) ;
#10673 = SURFACE_STYLE_USAGE(.BOTH.,#6142) ;
#10674=CARTESIAN_POINT('NONE',(-1.714303895699,3.299999999999,0.898012801955));
#10675 = VECTOR('NONE',#13137,1000.) ;
#10676 = EDGE_CURVE('NONE',#14787,#5774,#1264,.T.) ;
#10677=CARTESIAN_POINT('NONE',(-2.713594157459,3.299999999999,0.720450632168));
#10678 = CIRCLE('NONE',#3605,3.150000000000) ;
#10679=DIRECTION('NONE',(-0.007092178509,0.,0.999974850185));
#10680 = FACE_OUTER_BOUND('NONE',#831,.T.) ;
#10681=CARTESIAN_POINT('NONE',(-1.727791227399,3.301,0.842389885814));
#10682 = VECTOR('NONE',#13668,1000.) ;
#10683 = COLOUR_RGB('',0.250980392156,0.250980392156,0.250980392156) ;
#10684 = SURFACE_STYLE_FILL_AREA(#2887) ;
#10685 = PLANE('NONE',#14314) ;
#10686 = CIRCLE('NONE',#10922,3.200000000000) ;
#10687 =(NAMED_UNIT(*) SI_UNIT($,.STERADIAN.) SOLID_ANGLE_UNIT());
#10688 =(GEOMETRIC_REPRESENTATION_CONTEXT(3) GLOBAL_UNCERTAINTY_ASSIGNED_CONTEXT((#9272)) GLOBAL_UNIT_ASSIGNED_CONTEXT((#10475,#6774,#1517)) REPRESENTATION_CONTEXT('NONE','WORKASPACE'));
#10689 = FILL_AREA_STYLE('',(#12004)) ;
#10690 = VECTOR('NONE',#3708,1000.) ;
#10691 = ORIENTED_EDGE('NONE',*,*,#6289,.T.) ;
#10692 = PLANE('NONE',#13389) ;
#10693 = LINE('NONE',#1571,#14483) ;
#10694=CARTESIAN_POINT('NONE',(-2.425221894515,3.301,0.704528402498));
#10695 = STYLED_ITEM('NONE',(#8638),#3623) ;
#10696 = PRESENTATION_STYLE_ASSIGNMENT((#10769)) ;
#10697=CARTESIAN_POINT('NONE',(-2.415737983181,3.299999999999,0.6471995853));
#10698 = EDGE_CURVE('NONE',#2000,#12902,#13865,.T.) ;
#10699 = FILL_AREA_STYLE_COLOUR('',#3394) ;
#10700 =(GEOMETRIC_REPRESENTATION_CONTEXT(3) GLOBAL_UNCERTAINTY_ASSIGNED_CONTEXT((#7555)) GLOBAL_UNIT_ASSIGNED_CONTEXT((#3685,#12881,#8492)) REPRESENTATION_CONTEXT('NONE','WORKASPACE'));
#10701 = COLOUR_RGB('',0.647058823529,0.619607843137,0.588235294117) ;
#10702 = ORIENTED_EDGE('NONE',*,*,#10366,.F.) ;
#10703 = PRESENTATION_LAYER_ASSIGNMENT('','',(#12554)) ;
#10704 = ORIENTED_EDGE('NONE',*,*,#4743,.F.) ;
#10705=CARTESIAN_POINT('NONE',(-2.813428749957,3.299999999999,0.661036361202));
#10706 = STYLED_ITEM('NONE',(#3361),#2998) ;
#10707 = VERTEX_POINT('NONE',#8321) ;
#10708 = SURFACE_SIDE_STYLE('',(#1584)) ;
#10709 =(NAMED_UNIT(*) PLANE_ANGLE_UNIT() SI_UNIT($,.RADIAN.));
#10710 = ORIENTED_EDGE('NONE',*,*,#12045,.F.) ;
#10711 = ORIENTED_EDGE('NONE',*,*,#11013,.F.) ;
#10712 = SURFACE_STYLE_FILL_AREA(#6177) ;
#10713 = EDGE_CURVE('NONE',#14259,#14013,#14739,.T.) ;
#10714 = FILL_AREA_STYLE_COLOUR('',#1835) ;
#10715 = ORIENTED_EDGE('NONE',*,*,#5922,.F.) ;
#10716 = LINE('NONE',#9460,#11798) ;
#10717=DIRECTION('NONE',(0.007092178509,0.,-0.999974850185));
#10718 =(LENGTH_UNIT() NAMED_UNIT(*) SI_UNIT(.MILLI.,.METRE.));
#10719 = EDGE_CURVE('NONE',#411,#13916,#3870,.T.) ;
#10720 = LINE('NONE',#6186,#2439) ;
#10721 =(NAMED_UNIT(*) PLANE_ANGLE_UNIT() SI_UNIT($,.RADIAN.));
#10722=CARTESIAN_POINT('NONE',(-2.451564298519,3.301,0.864988211072));
#10723=DIRECTION('NONE',(-0.007092178509,0.,0.999974850185));
#10724 = MECHANICAL_DESIGN_GEOMETRIC_PRESENTATION_REPRESENTATION('',(#11176),#14203) ;
#10725 =(NAMED_UNIT(*) PLANE_ANGLE_UNIT() SI_UNIT($,.RADIAN.));
#10726 = MECHANICAL_DESIGN_GEOMETRIC_PRESENTATION_REPRESENTATION('',(#10478),#13967) ;
#10727=CARTESIAN_POINT('NONE',(3.3,0.7,0.));
#10728=CARTESIAN_POINT('NONE',(-2.324925593336,3.299999999999,0.61527762221));
#10729 = UNCERTAINTY_MEASURE_WITH_UNIT(LENGTH_MEASURE(1.000000000000E-05),#2991,'distance_accuracy_value','NONE');
#10730=DIRECTION('NONE',(0.,-1.,0.));
#10731 = FILL_AREA_STYLE('',(#7261)) ;
#10732 = ADVANCED_FACE('NONE',(#3586),#2723,.T.) ;
#10733 = LINE('NONE',#4083,#6753) ;
#10734 = SURFACE_SIDE_STYLE('',(#2860)) ;
#10735 = ORIENTED_EDGE('NONE',*,*,#13385,.T.) ;
#10736 =(GEOMETRIC_REPRESENTATION_CONTEXT(3) GLOBAL_UNCERTAINTY_ASSIGNED_CONTEXT((#7449)) GLOBAL_UNIT_ASSIGNED_CONTEXT((#1875,#10928,#14119)) REPRESENTATION_CONTEXT('NONE','WORKASPACE'));
#10737 = VERTEX_POINT('NONE',#7053) ;
#10738 = COLOUR_RGB('',0.647058823529,0.619607843137,0.588235294117) ;
#10739 =(NAMED_UNIT(*) SI_UNIT($,.STERADIAN.) SOLID_ANGLE_UNIT());
#10740=DIRECTION('NONE',(-0.999974850185,0.,-0.007092178509));
#10741 = UNCERTAINTY_MEASURE_WITH_UNIT(LENGTH_MEASURE(1.000000000000E-05),#2182,'distance_accuracy_value','NONE');
#10742 = ORIENTED_EDGE('NONE',*,*,#8070,.T.) ;
#10743 = EDGE_CURVE('NONE',#10267,#11470,#5833,.T.) ;
#10744 = VECTOR('NONE',#10054,1000.) ;
#10745=DIRECTION('NONE',(1.,0.,0.));
#10746=CARTESIAN_POINT('NONE',(-2.425350409914,3.301,0.621490335455));
#10747 = STYLED_ITEM('NONE',(#8224),#9282) ;
#10748 = EDGE_LOOP('NONE',(#3085,#2463,#1837,#3949)) ;
#10749=CARTESIAN_POINT('NONE',(3.740172735303,0.,1.571543008235));
#10750 = EDGE_LOOP('NONE',(#6125,#13313,#3088,#7741)) ;
#10751=CARTESIAN_POINT('NONE',(-2.496314347256,3.301,0.823620152803));
#10752=CARTESIAN_POINT('NONE',(-2.269005077839,3.299999999999,0.739762060982));
#10753 = SURFACE_SIDE_STYLE('',(#2170)) ;
#10754 = B_SPLINE_SURFACE_WITH_KNOTS('NONE',3,1,((#4131,#6544),(#3195,#13098),(#3047,#11881),(#13310,#14118)),.UNSPECIFIED.,.F.,.F.,.F.,(4,4),(2,2),(28.000000000000,29.000000000000),(0.,1.),.UNSPECIFIED.) ;
#10755=AXIS2_PLACEMENT_3D('NONE',#7216,#14680,#3607);
#10756=CARTESIAN_POINT('NONE',(-1.657696398465,3.301,0.62338064039));
#10757 = PRESENTATION_LAYER_ASSIGNMENT('','',(#5319)) ;
#10758 = SURFACE_STYLE_USAGE(.BOTH.,#11638) ;
#10759 = ORIENTED_EDGE('NONE',*,*,#10897,.F.) ;
#10760 = SURFACE_SIDE_STYLE('',(#4178)) ;
#10761 = ADVANCED_FACE('NONE',(#12634),#1408,.F.) ;
#10762 = SURFACE_STYLE_FILL_AREA(#13148) ;
#10763=CARTESIAN_POINT('NONE',(-2.308087033146,3.299999999999,0.655699077713));
#10764 = ORIENTED_EDGE('NONE',*,*,#10676,.F.) ;
#10765 = STYLED_ITEM('NONE',(#7018),#6260) ;
#10766 = FILL_AREA_STYLE('',(#11647)) ;
#10767 = ORIENTED_EDGE('NONE',*,*,#10221,.F.) ;
#10768 = LINE('NONE',#481,#12624) ;
#10769 = SURFACE_STYLE_USAGE(.BOTH.,#8490) ;
#10770 = FILL_AREA_STYLE_COLOUR('',#9279) ;
#10771 = ORIENTED_EDGE('NONE',*,*,#11320,.F.) ;
#10772 = PRESENTATION_LAYER_ASSIGNMENT('','',(#8888)) ;
#10773 = PRESENTATION_LAYER_ASSIGNMENT('','',(#6743)) ;
#10774 = EDGE_LOOP('NONE',(#7724,#5060,#12199,#7996)) ;
#10775 = FILL_AREA_STYLE_COLOUR('',#4684) ;
#10776 = VERTEX_POINT('NONE',#10511) ;
#10777=CARTESIAN_POINT('NONE',(-1.98947133851,3.299999999999,0.672216787491));
#10778 = PLANE('NONE',#8873) ;
#10779 = LINE('NONE',#9676,#12253) ;
#10780 = PRESENTATION_LAYER_ASSIGNMENT('','',(#11714)) ;
#10781 =(LENGTH_UNIT() NAMED_UNIT(*) SI_UNIT(.MILLI.,.METRE.));
#10782 = VERTEX_POINT('NONE',#457) ;
#10783 = B_SPLINE_SURFACE_WITH_KNOTS('NONE',3,1,((#2342,#6820),(#11489,#1272),(#13433,#12347),(#2268,#6747)),.UNSPECIFIED.,.F.,.F.,.F.,(4,4),(2,2),(2.000000000000,3.000000000000),(0.,1.),.UNSPECIFIED.) ;
#10784 = VERTEX_POINT('NONE',#1763) ;
#10785 = VERTEX_POINT('NONE',#7275) ;
#10786=AXIS2_PLACEMENT_3D('NONE',#3478,#9017,#2230);
#10787 =(NAMED_UNIT(*) SI_UNIT($,.STERADIAN.) SOLID_ANGLE_UNIT());
#10788 = FILL_AREA_STYLE_COLOUR('',#12165) ;
#10789=CARTESIAN_POINT('NONE',(-2.641082409328,3.299999999999,0.9114325567));
#10790 = PRESENTATION_STYLE_ASSIGNMENT((#1596)) ;
#10791=DIRECTION('NONE',(-0.999974850185,0.,-0.007092178509));
#10792 = PRESENTATION_LAYER_ASSIGNMENT('','',(#2551)) ;
#10793 = PLANE('NONE',#3956) ;
#10794 = FILL_AREA_STYLE('',(#14270)) ;
#10795 = ORIENTED_EDGE('NONE',*,*,#5266,.T.) ;
#10796 = PRESENTATION_LAYER_ASSIGNMENT('','',(#11028)) ;
#10797 = COLOUR_RGB('',0.647058823529,0.619607843137,0.588235294117) ;
#10798 = PLANE('NONE',#13693) ;
#10799 = EDGE_CURVE('NONE',#1764,#12186,#10825,.T.) ;
#10800=CARTESIAN_POINT('NONE',(-2.052545579382,3.301,0.635329675789));
#10801=CARTESIAN_POINT('NONE',(2.,-2.,0.));
#10802=CARTESIAN_POINT('NONE',(-1.827131081904,3.301,0.658618748919));
#10803=CARTESIAN_POINT('NONE',(-2.304686032692,3.301,0.835896981899));
#10804 = EDGE_LOOP('NONE',(#7310,#2367,#5438,#12455,#7975,#1677)) ;
#10805 = ADVANCED_FACE('NONE',(#10960),#14025,.T.) ;
#10806 = ORIENTED_EDGE('NONE',*,*,#10812,.T.) ;
#10807 = PRESENTATION_STYLE_ASSIGNMENT((#672)) ;
#10808=CARTESIAN_POINT('NONE',(-2.511524719074,3.301,0.703167667539));
#10809 = ADVANCED_FACE('NONE',(#680),#5904,.F.) ;
#10810 = FACE_OUTER_BOUND('NONE',#5382,.T.) ;
#10811 = ORIENTED_EDGE('NONE',*,*,#12676,.T.) ;
#10812 = EDGE_CURVE('NONE',#13996,#12093,#6443,.T.) ;
#10813=CARTESIAN_POINT('NONE',(0.,3.301,0.));
#10814 = LINE('NONE',#603,#2996) ;
#10815 = B_SPLINE_CURVE_WITH_KNOTS('NONE',3,(#7948,#8014,#11396,#14744),.UNSPECIFIED.,.F.,.F.,(4,4),(23.000000000000,24.000000000000),.UNSPECIFIED.) ;
#10816 = SURFACE_SIDE_STYLE('',(#11988)) ;
#10817 = ORIENTED_EDGE('NONE',*,*,#1040,.T.) ;
#10818 = SURFACE_STYLE_USAGE(.BOTH.,#1843) ;
#10819 = VERTEX_POINT('NONE',#9857) ;
#10820=CARTESIAN_POINT('NONE',(-2.305578621182,3.299999999999,0.631885017457));
#10821 = VERTEX_POINT('NONE',#6791) ;
#10822 = LINE('NONE',#7501,#2140) ;
#10823 = EDGE_CURVE('NONE',#14013,#1349,#7851,.T.) ;
#10824=CARTESIAN_POINT('NONE',(-2.559462323557,3.299999999999,0.684610660091));
#10825 = B_SPLINE_CURVE_WITH_KNOTS('NONE',3,(#606,#9565,#2873,#7494),.UNSPECIFIED.,.F.,.F.,(4,4),(4.000000000000,5.000000000000),.UNSPECIFIED.) ;
#10826 = SURFACE_SIDE_STYLE('',(#6300)) ;
#10827=ADVANCED_BREP_SHAPE_REPRESENTATION('CAP-SMD_BD6.3-L6.6-W6.6-FD',(#11042,#14328),#13614);
#10828 =(NAMED_UNIT(*) PLANE_ANGLE_UNIT() SI_UNIT($,.RADIAN.));
#10829 = EDGE_LOOP('NONE',(#5414,#11963,#9905,#5979)) ;
#10830 = EDGE_CURVE('NONE',#3839,#14258,#14641,.T.) ;
#10831=CARTESIAN_POINT('NONE',(-2.445963416946,3.299999999999,0.576675017148));
#10832 = SURFACE_STYLE_USAGE(.BOTH.,#3095) ;
#10833 = ORIENTED_EDGE('NONE',*,*,#11737,.T.) ;
#10834=CARTESIAN_POINT('NONE',(-2.701834336199,3.299999999999,0.641302491134));
#10835 = FILL_AREA_STYLE('',(#4037)) ;
#10836 = SURFACE_STYLE_FILL_AREA(#10914) ;
#10837 = FILL_AREA_STYLE_COLOUR('',#7475) ;
#10838=CARTESIAN_POINT('NONE',(-2.667575853247,3.301,0.7369352548));
#10839 = ADVANCED_FACE('NONE',(#10195),#14363,.F.) ;
#10840 = LINE('NONE',#4993,#7371) ;
#10841=CARTESIAN_POINT('NONE',(-2.292955209241,3.299999999999,0.870792151638));
#10842=AXIS2_PLACEMENT_3D('NONE',#11190,#1136,#3525);
#10843=CARTESIAN_POINT('NONE',(-1.607488114217,3.301,0.761687394205));
#10844 = VERTEX_POINT('NONE',#13277) ;
#10845=AXIS2_PLACEMENT_3D('NONE',#13223,#3181,#9949);
#10846 = PRESENTATION_LAYER_ASSIGNMENT('','',(#5161)) ;
#10847 = VECTOR('NONE',#4472,1000.) ;
#10848 = EDGE_LOOP('NONE',(#3264,#6459,#7906,#13626,#7756,#5617,#5621)) ;
#10849 = LINE('NONE',#9747,#7868) ;
#10850 = UNCERTAINTY_MEASURE_WITH_UNIT(LENGTH_MEASURE(1.000000000000E-05),#4687,'distance_accuracy_value','NONE');
#10851 = FILL_AREA_STYLE('',(#868)) ;
#10852 = PLANE('NONE',#9045) ;
#10853=CARTESIAN_POINT('NONE',(-2.340780408026,3.299999999999,0.686847887764));
#10854 = ORIENTED_EDGE('NONE',*,*,#1828,.F.) ;
#10855 = VERTEX_POINT('NONE',#10061) ;
#10856 = SURFACE_STYLE_USAGE(.BOTH.,#2920) ;
#10857 = EDGE_CURVE('NONE',#3693,#5539,#11095,.T.) ;
#10858 = PRESENTATION_LAYER_ASSIGNMENT('','',(#6117)) ;
#10859 = VECTOR('NONE',#3443,1000.) ;
#10860 = FACE_OUTER_BOUND('NONE',#2588,.T.) ;
#10861 =(GEOMETRIC_REPRESENTATION_CONTEXT(3) GLOBAL_UNCERTAINTY_ASSIGNED_CONTEXT((#8061)) GLOBAL_UNIT_ASSIGNED_CONTEXT((#11115,#2200,#13359)) REPRESENTATION_CONTEXT('NONE','WORKASPACE'));
#10862=CARTESIAN_POINT('NONE',(-2.386753145569,3.299999999999,0.69912401559));
#10863 = SURFACE_STYLE_FILL_AREA(#7176) ;
#10864 = FILL_AREA_STYLE_COLOUR('',#1772) ;
#10865=DIRECTION('NONE',(0.,-1.,0.));
#10866 = VERTEX_POINT('NONE',#4371) ;
#10867=CARTESIAN_POINT('NONE',(-2.603983878753,3.301,0.808944211248));
#10868 = MECHANICAL_DESIGN_GEOMETRIC_PRESENTATION_REPRESENTATION('',(#7798),#14340) ;
#10869 = LINE('NONE',#3923,#7886) ;
#10870 = UNCERTAINTY_MEASURE_WITH_UNIT(LENGTH_MEASURE(1.000000000000E-05),#10073,'distance_accuracy_value','NONE');
#10871 =(LENGTH_UNIT() NAMED_UNIT(*) SI_UNIT(.MILLI.,.METRE.));
#10872 = SURFACE_STYLE_USAGE(.BOTH.,#7479) ;
#10873=DIRECTION('NONE',(1.,0.,0.));
#10874 = ORIENTED_EDGE('NONE',*,*,#387,.F.) ;
#10875=CARTESIAN_POINT('NONE',(-2.642075464357,3.301,0.915106349196));
#10876=DIRECTION('NONE',(-0.999974850185,0.,-0.007092178509));
#10877=CARTESIAN_POINT('NONE',(-1.607826535789,3.299999999999,0.809403770746));
#10878 = VECTOR('NONE',#9807,1000.) ;
#10879 = VECTOR('NONE',#13486,1000.) ;
#10880 =(NAMED_UNIT(*) PLANE_ANGLE_UNIT() SI_UNIT($,.RADIAN.));
#10881 = ADVANCED_FACE('NONE',(#3227),#5604,.F.) ;
#10882 = SURFACE_SIDE_STYLE('',(#8528)) ;
#10883 = VECTOR('NONE',#2074,1000.) ;
#10884=CARTESIAN_POINT('NONE',(-2.701986767511,3.299999999999,0.711174899319));
#10885 = ORIENTED_EDGE('NONE',*,*,#504,.F.) ;
#10886 = FILL_AREA_STYLE_COLOUR('',#4695) ;
#10887=CARTESIAN_POINT('NONE',(-2.288106481093,3.301,0.626955585546));
#10888=DIRECTION('NONE',(0.,0.,-1.));
#10889 = UNCERTAINTY_MEASURE_WITH_UNIT(LENGTH_MEASURE(1.000000000000E-05),#10468,'distance_accuracy_value','NONE');
#10890 = PRESENTATION_LAYER_ASSIGNMENT('','',(#6863)) ;
#10891 = ORIENTED_EDGE('NONE',*,*,#14279,.T.) ;
#10892 =(NAMED_UNIT(*) SI_UNIT($,.STERADIAN.) SOLID_ANGLE_UNIT());
#10893 = VERTEX_POINT('NONE',#11226) ;
#10894=DIRECTION('NONE',(0.,-1.,0.));
#10895=CARTESIAN_POINT('NONE',(-2.632765633702,3.301,0.737182141301));
#10896 = ORIENTED_EDGE('NONE',*,*,#5038,.F.) ;
#10897 = EDGE_CURVE('NONE',#14571,#7381,#2759,.T.) ;
#10898 = ADVANCED_FACE('NONE',(#10126),#11833,.F.) ;
#10899=CARTESIAN_POINT('NONE',(-2.317216537321,3.301,0.627872093431));
#10900=CARTESIAN_POINT('NONE',(-2.461705842647,3.301,0.588416904607));
#10901 = VECTOR('NONE',#6687,1000.) ;
#10902=CARTESIAN_POINT('NONE',(-2.,-2.,-0.01));
#10903=AXIS2_PLACEMENT_3D('NONE',#13080,#3026,#9795);
#10904 = ORIENTED_EDGE('NONE',*,*,#13745,.T.) ;
#10905 = EDGE_CURVE('NONE',#2014,#2019,#10102,.T.) ;
#10906=DIRECTION('NONE',(0.,-1.,0.));
#10907 = MECHANICAL_DESIGN_GEOMETRIC_PRESENTATION_REPRESENTATION('',(#8790),#9969) ;
#10908=CARTESIAN_POINT('NONE',(-1.752747730884,3.299999999999,0.93591516678));
#10909 = VECTOR('NONE',#11630,1000.) ;
#10910 = PRESENTATION_STYLE_ASSIGNMENT((#13219)) ;
#10911 = ORIENTED_EDGE('NONE',*,*,#12508,.T.) ;
#10912=CARTESIAN_POINT('NONE',(-2.430296220094,3.301,0.654707552457));
#10913 =(NAMED_UNIT(*) PLANE_ANGLE_UNIT() SI_UNIT($,.RADIAN.));
#10914 = FILL_AREA_STYLE('',(#6391)) ;
#10915 = EDGE_CURVE('NONE',#3401,#5539,#9937,.T.) ;
#10916 =(NAMED_UNIT(*) PLANE_ANGLE_UNIT() SI_UNIT($,.RADIAN.));
#10917=CARTESIAN_POINT('NONE',(-2.355968453579,3.301,0.673202180176));
#10918 = VECTOR('NONE',#3206,1000.) ;
#10919 = STYLED_ITEM('NONE',(#11617),#2441) ;
#10920 =(LENGTH_UNIT() NAMED_UNIT(*) SI_UNIT(.MILLI.,.METRE.));
#10921 =(NAMED_UNIT(*) SI_UNIT($,.STERADIAN.) SOLID_ANGLE_UNIT());
#10922=AXIS2_PLACEMENT_3D('NONE',#4416,#2095,#13322);
#10923=CARTESIAN_POINT('NONE',(-1.79030551771,3.301,0.72655384046));
#10924 = ORIENTED_EDGE('NONE',*,*,#13887,.F.) ;
#10925 = CIRCLE('NONE',#7859,0.500000000000) ;
#10926 = EDGE_CURVE('NONE',#4003,#11074,#13770,.T.) ;
#10927 = FACE_OUTER_BOUND('NONE',#9085,.T.) ;
#10928 =(NAMED_UNIT(*) PLANE_ANGLE_UNIT() SI_UNIT($,.RADIAN.));
#10929 = STYLED_ITEM('NONE',(#8693),#3865) ;
#10930 = ORIENTED_EDGE('NONE',*,*,#6717,.F.) ;
#10931 = VERTEX_POINT('NONE',#12692) ;
#10932 =(NAMED_UNIT(*) SI_UNIT($,.STERADIAN.) SOLID_ANGLE_UNIT());
#10933 =(NAMED_UNIT(*) PLANE_ANGLE_UNIT() SI_UNIT($,.RADIAN.));
#10934=DIRECTION('NONE',(0.007092178509,0.,-0.999974850185));
#10935=DIRECTION('NONE',(0.969383158146,0.,-0.245553034398));
#10936=DIRECTION('NONE',(-0.007092178509,0.,0.999974850185));
#10937=CARTESIAN_POINT('NONE',(-2.3,-2.,0.));
#10938 = MECHANICAL_DESIGN_GEOMETRIC_PRESENTATION_REPRESENTATION('',(#12554),#1308) ;
#10939=CARTESIAN_POINT('NONE',(-2.460806603498,3.299999999999,0.703527378515));
#10940 = COLOUR_RGB('',0.647058823529,0.619607843137,0.588235294117) ;
#10941=CARTESIAN_POINT('NONE',(3.039736830714,-1.,0.5));
#10942 = VERTEX_POINT('NONE',#11680) ;
#10943 = ADVANCED_FACE('NONE',(#8142),#11371,.F.) ;
#10944 = MECHANICAL_DESIGN_GEOMETRIC_PRESENTATION_REPRESENTATION('',(#13252),#2450) ;
#10945=CARTESIAN_POINT('NONE',(0.,0.,0.5));
#10946 = PRESENTATION_STYLE_ASSIGNMENT((#11901)) ;
#10947 = ORIENTED_EDGE('NONE',*,*,#2308,.T.) ;
#10948 = SURFACE_STYLE_USAGE(.BOTH.,#7554) ;
#10949=CARTESIAN_POINT('NONE',(-1.739198803412,3.301,0.615861623691));
#10950=CARTESIAN_POINT('NONE',(-2.431566470072,3.299999999999,0.701863148656));
#10951 = MECHANICAL_DESIGN_GEOMETRIC_PRESENTATION_REPRESENTATION('',(#2964),#1317) ;
#10952=DIRECTION('NONE',(-0.999974850185,0.,-0.007092178509));
#10953 = FILL_AREA_STYLE_COLOUR('',#12216) ;
#10954=AXIS2_PLACEMENT_3D('NONE',#7530,#721,#4268);
#10955 = FILL_AREA_STYLE_COLOUR('',#11338) ;
#10956 = ORIENTED_EDGE('NONE',*,*,#6355,.T.) ;
#10957 = SURFACE_STYLE_FILL_AREA(#7642) ;
#10958=DIRECTION('NONE',(0.,-1.,0.));
#10959 = B_SPLINE_CURVE_WITH_KNOTS('NONE',3,(#12154,#13162,#10031,#2002),.UNSPECIFIED.,.F.,.F.,(4,4),(11.,12.000000000000),.UNSPECIFIED.) ;
#10960 = FACE_OUTER_BOUND('NONE',#1687,.T.) ;
#10961 = ORIENTED_EDGE('NONE',*,*,#7615,.T.) ;
#10962 =(GEOMETRIC_REPRESENTATION_CONTEXT(3) GLOBAL_UNCERTAINTY_ASSIGNED_CONTEXT((#716)) GLOBAL_UNIT_ASSIGNED_CONTEXT((#13753,#12671,#11515)) REPRESENTATION_CONTEXT('NONE','WORKASPACE'));
#10963 = FILL_AREA_STYLE('',(#13135)) ;
#10964 = ORIENTED_EDGE('NONE',*,*,#8913,.T.) ;
#10965 = EDGE_CURVE('NONE',#14416,#14447,#5096,.T.) ;
#10966 = ORIENTED_EDGE('NONE',*,*,#3862,.T.) ;
#10967=CARTESIAN_POINT('NONE',(-2.313166227056,3.299999999999,0.615361023832));
#10968 = VECTOR('NONE',#4831,1000.) ;
#10969 = EDGE_CURVE('NONE',#458,#5043,#9625,.T.) ;
#10970=CARTESIAN_POINT('NONE',(-1.55257271604,3.301,0.725637040938));
#10971 =(LENGTH_UNIT() NAMED_UNIT(*) SI_UNIT(.MILLI.,.METRE.));
#10972=DIRECTION('NONE',(0.707106781186,-0.707106781186,0.));
#10973 = PRESENTATION_LAYER_ASSIGNMENT('','',(#9796)) ;
#10974 = ORIENTED_EDGE('NONE',*,*,#6786,.T.) ;
#10975=CARTESIAN_POINT('NONE',(-2.485338288758,3.301,0.630672484786));
#10976 =(NAMED_UNIT(*) SI_UNIT($,.STERADIAN.) SOLID_ANGLE_UNIT());
#10977 = FILL_AREA_STYLE_COLOUR('',#10121) ;
#10978 = EDGE_CURVE('NONE',#6573,#10737,#6746,.T.) ;
#10979 = ORIENTED_EDGE('NONE',*,*,#1183,.F.) ;
#10980 =(LENGTH_UNIT() NAMED_UNIT(*) SI_UNIT(.MILLI.,.METRE.));
#10981 = FACE_OUTER_BOUND('NONE',#1012,.T.) ;
#10982 = EDGE_CURVE('NONE',#11076,#12110,#10637,.T.) ;
#10983 = SURFACE_STYLE_FILL_AREA(#13152) ;
#10984 = MECHANICAL_DESIGN_GEOMETRIC_PRESENTATION_REPRESENTATION('',(#4140),#13508) ;
#10985 = SURFACE_SIDE_STYLE('',(#10836)) ;
#10986 = VECTOR('NONE',#10888,1000.) ;
#10987=CARTESIAN_POINT('NONE',(3.299999999999,3.299999999999,0.));
#10988=CARTESIAN_POINT('NONE',(-1.739678746919,3.299999999999,0.683532147807));
#10989=CARTESIAN_POINT('NONE',(-2.297424069226,3.301,0.898335530337));
#10990 =(LENGTH_UNIT() NAMED_UNIT(*) SI_UNIT(.MILLI.,.METRE.));
#10991 = LINE('NONE',#5210,#6385) ;
#10992 = VECTOR('NONE',#9732,1000.) ;
#10993 = EDGE_CURVE('NONE',#11292,#8209,#8385,.T.) ;
#10994 = ORIENTED_EDGE('NONE',*,*,#13050,.F.) ;
#10995=AXIS2_PLACEMENT_3D('NONE',#11990,#14292,#4234);
#10996 = FACE_OUTER_BOUND('NONE',#1275,.T.) ;
#10997=DIRECTION('NONE',(1.224646799147000E-16,1.,0.));
#10998=DIRECTION('NONE',(0.,0.,-1.));
#10999=CARTESIAN_POINT('NONE',(-2.339381895203,3.299999999999,0.920684447433));
#11000 = ORIENTED_EDGE('NONE',*,*,#7282,.T.) ;
#11001 = B_SPLINE_CURVE_WITH_KNOTS('NONE',3,(#6051,#12694,#2623,#13700),.UNSPECIFIED.,.F.,.F.,(4,4),(3.000000000000,4.000000000000),.UNSPECIFIED.) ;
#11002 = ORIENTED_EDGE('NONE',*,*,#10058,.F.) ;
#11003 = FACE_OUTER_BOUND('NONE',#10829,.T.) ;
#11004 = SURFACE_STYLE_FILL_AREA(#1879) ;
#11005 = FILL_AREA_STYLE('',(#7611)) ;
#11006=DIRECTION('NONE',(1.,0.,0.));
#11007 = VECTOR('NONE',#12237,1000.) ;
#11008 = LINE('NONE',#13174,#10901) ;
#11009=CARTESIAN_POINT('NONE',(-2.559739296584,3.299999999999,0.723662985245));
#11010 = PRESENTATION_LAYER_ASSIGNMENT('','',(#675)) ;
#11011 = EDGE_CURVE('NONE',#12775,#13245,#1748,.T.) ;
#11012=DIRECTION('NONE',(0.,0.,1.));
#11013 = EDGE_CURVE('NONE',#6849,#7410,#5243,.T.) ;
#11014=DIRECTION('NONE',(1.,0.,0.));
#11015 = ORIENTED_EDGE('NONE',*,*,#6565,.F.) ;
#11016=CARTESIAN_POINT('NONE',(-2.376827022548,3.299999999999,0.680603076085));
#11017 = VECTOR('NONE',#5973,999.999999999999) ;
#11018 = VECTOR('NONE',#3453,1000.) ;
#11019 = UNCERTAINTY_MEASURE_WITH_UNIT(LENGTH_MEASURE(1.000000000000E-05),#9212,'distance_accuracy_value','NONE');
#11020 = PRESENTATION_STYLE_ASSIGNMENT((#6997)) ;
#11021=CARTESIAN_POINT('NONE',(-2.305578621182,3.301,0.631885017457));
#11022 = ORIENTED_EDGE('NONE',*,*,#4879,.T.) ;
#11023 = FILL_AREA_STYLE('',(#8745)) ;
#11024 = COLOUR_RGB('',0.647058823529,0.619607843137,0.588235294117) ;
#11025 = FILL_AREA_STYLE('',(#4023)) ;
#11026 = ADVANCED_FACE('NONE',(#590),#9358,.F.) ;
#11027=CARTESIAN_POINT('NONE',(-2.516139394525,3.301,0.931596293747));
#11028 = STYLED_ITEM('NONE',(#7038),#5829) ;
#11029 = FACE_OUTER_BOUND('NONE',#9584,.T.) ;
#11030 = ORIENTED_EDGE('NONE',*,*,#9781,.F.) ;
#11031 = FILL_AREA_STYLE_COLOUR('',#3872) ;
#11032 = PRESENTATION_STYLE_ASSIGNMENT((#5537)) ;
#11033 = SURFACE_STYLE_FILL_AREA(#1109) ;
#11034 = ORIENTED_EDGE('NONE',*,*,#5543,.F.) ;
#11035 = SURFACE_STYLE_USAGE(.BOTH.,#5262) ;
#11036 = ORIENTED_EDGE('NONE',*,*,#4942,.T.) ;
#11037 = B_SPLINE_CURVE_WITH_KNOTS('NONE',3,(#3887,#2820,#7292,#11787),.UNSPECIFIED.,.F.,.F.,(4,4),(4.000000000000,5.000000000000),.UNSPECIFIED.) ;
#11038=CARTESIAN_POINT('NONE',(0.,0.,7.199999999999));
#11039 = VERTEX_POINT('NONE',#11756) ;
#11040 = B_SPLINE_CURVE_WITH_KNOTS('NONE',3,(#14746,#13574,#14524,#3594),.UNSPECIFIED.,.F.,.F.,(4,4),(2.000000000000,3.000000000000),.UNSPECIFIED.) ;
#11041 = MECHANICAL_DESIGN_GEOMETRIC_PRESENTATION_REPRESENTATION('',(#9147),#13567) ;
#11042 = MANIFOLD_SOLID_BREP('͹̨-����5',#2257) ;
#11043 = LINE('NONE',#12537,#10544) ;
#11044 = ORIENTED_EDGE('NONE',*,*,#2704,.T.) ;
#11045=CARTESIAN_POINT('NONE',(-2.701986767511,3.301,0.711174899319));
#11046 = EDGE_LOOP('NONE',(#14003,#7276,#3619,#14583,#2412,#1880,#449,#6058,#713,#13196,#2886,#13167,#10512,#11664)) ;
#11047 = LINE('NONE',#14173,#10608) ;
#11048 = SURFACE_SIDE_STYLE('',(#1991)) ;
#11049=CARTESIAN_POINT('NONE',(-2.418342621521,3.301,0.644997565736));
#11050=DIRECTION('NONE',(-0.007092178509,0.,0.999974850185));
#11051=CARTESIAN_POINT('NONE',(-2.793137619644,3.301,0.720447964942));
#11052=CARTESIAN_POINT('NONE',(-2.543221481231,3.299999999999,0.61578816232));
#11053=CARTESIAN_POINT('NONE',(-1.943114802453,3.301,0.619621116343));
#11054 = FILL_AREA_STYLE_COLOUR('',#3400) ;
#11055 = EDGE_CURVE('NONE',#1189,#13238,#2857,.T.) ;
#11056=CARTESIAN_POINT('NONE',(-2.455502237896,3.299999999999,0.932026354102));
#11057 = EDGE_LOOP('NONE',(#6558,#3094,#4067,#8549)) ;
#11058=DIRECTION('NONE',(-0.707106781186,0.707106781186,0.));
#11059 = COLOUR_RGB('',0.647058823529,0.619607843137,0.588235294117) ;
#11060=DIRECTION('NONE',(1.,0.,0.));
#11061=CARTESIAN_POINT('NONE',(-2.070469228394,3.299999999999,0.838224223174));
#11062 = ORIENTED_EDGE('NONE',*,*,#6748,.F.) ;
#11063 = VERTEX_POINT('NONE',#2103) ;
#11064 = FACE_OUTER_BOUND('NONE',#3533,.T.) ;
#11065 = EDGE_LOOP('NONE',(#9942,#6448,#6027,#6692,#12821)) ;
#11066 = EDGE_CURVE('NONE',#2145,#7712,#2430,.T.) ;
#11067=CARTESIAN_POINT('NONE',(-2.348014086786,3.301,0.822737952812));
#11068 = LINE('NONE',#1949,#9113) ;
#11069 =(GEOMETRIC_REPRESENTATION_CONTEXT(3) GLOBAL_UNCERTAINTY_ASSIGNED_CONTEXT((#11369)) GLOBAL_UNIT_ASSIGNED_CONTEXT((#473,#8334,#12799)) REPRESENTATION_CONTEXT('NONE','WORKASPACE'));
#11070 = SURFACE_SIDE_STYLE('',(#4275)) ;
#11071=DIRECTION('NONE',(1.,0.,0.));
#11072 = PRESENTATION_LAYER_ASSIGNMENT('','',(#8738)) ;
#11073 = EDGE_CURVE('NONE',#509,#11039,#4622,.T.) ;
#11074 = VERTEX_POINT('NONE',#1019) ;
#11075=DIRECTION('NONE',(-1.084202172485000E-17,1.,0.));
#11076 = VERTEX_POINT('NONE',#12109) ;
#11077 = SURFACE_STYLE_USAGE(.BOTH.,#13332) ;
#11078=AXIS2_PLACEMENT_3D('NONE',#13852,#12785,#2720);
#11079=CARTESIAN_POINT('NONE',(-2.367397561674,3.299999999999,0.815675516406));
#11080=AXIS2_PLACEMENT_3D('NONE',#9718,#12929,#977);
#11081=CARTESIAN_POINT('NONE',(-2.701986767511,3.299999999999,0.711174899319));
#11082=CARTESIAN_POINT('NONE',(-2.395868713299,3.301,0.673730224867));
#11083 =(GEOMETRIC_REPRESENTATION_CONTEXT(3) GLOBAL_UNCERTAINTY_ASSIGNED_CONTEXT((#14313)) GLOBAL_UNIT_ASSIGNED_CONTEXT((#13596,#5521,#4628)) REPRESENTATION_CONTEXT('NONE','WORKASPACE'));
#11084 = VECTOR('NONE',#14254,1000.) ;
#11085 = ORIENTED_EDGE('NONE',*,*,#9928,.T.) ;
#11086 = EDGE_CURVE('NONE',#10784,#2352,#8732,.T.) ;
#11087 = FILL_AREA_STYLE('',(#1165)) ;
#11088 =(LENGTH_UNIT() NAMED_UNIT(*) SI_UNIT(.MILLI.,.METRE.));
#11089 = VECTOR('NONE',#3807,1000.) ;
#11090 = VECTOR('NONE',#7214,1000.) ;
#11091 = ORIENTED_EDGE('NONE',*,*,#14522,.T.) ;
#11092 =(LENGTH_UNIT() NAMED_UNIT(*) SI_UNIT(.MILLI.,.METRE.));
#11093=CARTESIAN_POINT('NONE',(-2.305578621182,3.301,0.631885017457));
#11094 = EDGE_CURVE('NONE',#3859,#7090,#1209,.T.) ;
#11095 = LINE('NONE',#14501,#6083) ;
#11096 = ORIENTED_EDGE('NONE',*,*,#5909,.F.) ;
#11097 = EDGE_LOOP('NONE',(#13330,#6303,#9408,#2251)) ;
#11098 =(LENGTH_UNIT() NAMED_UNIT(*) SI_UNIT(.MILLI.,.METRE.));
#11099 =(LENGTH_UNIT() NAMED_UNIT(*) SI_UNIT(.MILLI.,.METRE.));
#11100 = PRESENTATION_STYLE_ASSIGNMENT((#6582)) ;
#11101 = ORIENTED_EDGE('NONE',*,*,#5551,.T.) ;
#11102=CARTESIAN_POINT('NONE',(-2.731690350175,3.299999999999,0.677025678973));
#11103 = VECTOR('NONE',#2069,1000.) ;
#11104 = COLOUR_RGB('',0.250980392156,0.250980392156,0.250980392156) ;
#11105 = VECTOR('NONE',#10535,1000.) ;
#11106 = FACE_OUTER_BOUND('NONE',#12895,.T.) ;
#11107 = VERTEX_POINT('NONE',#5453) ;
#11108 = FACE_OUTER_BOUND('NONE',#5389,.T.) ;
#11109 = ORIENTED_EDGE('NONE',*,*,#5737,.T.) ;
#11110 = STYLED_ITEM('NONE',(#4448),#1115) ;
#11111=CARTESIAN_POINT('NONE',(-2.435309494684,3.301,0.64026058936));
#11112 = EDGE_CURVE('NONE',#2510,#13634,#4354,.T.) ;
#11113 = MECHANICAL_DESIGN_GEOMETRIC_PRESENTATION_REPRESENTATION('',(#2906),#4050) ;
#11114 = ORIENTED_EDGE('NONE',*,*,#8266,.F.) ;
#11115 =(LENGTH_UNIT() NAMED_UNIT(*) SI_UNIT(.MILLI.,.METRE.));
#11116 = PLANE('NONE',#13173) ;
#11117 =(NAMED_UNIT(*) PLANE_ANGLE_UNIT() SI_UNIT($,.RADIAN.));
#11118 = SURFACE_STYLE_USAGE(.BOTH.,#6601) ;
#11119 = PRESENTATION_STYLE_ASSIGNMENT((#2498)) ;
#11120 = LINE('NONE',#4330,#6617) ;
#11121=CARTESIAN_POINT('NONE',(-1.943114802453,3.301,0.619621116343));
#11122 = ORIENTED_EDGE('NONE',*,*,#11974,.F.) ;
#11123 =(NAMED_UNIT(*) PLANE_ANGLE_UNIT() SI_UNIT($,.RADIAN.));
#11124 = CYLINDRICAL_SURFACE('NONE',#8508,3.200000000000) ;
#11125 = LINE('NONE',#1073,#9984) ;
#11126 = ORIENTED_EDGE('NONE',*,*,#13903,.F.) ;
#11127 = ORIENTED_EDGE('NONE',*,*,#12963,.F.) ;
#11128=DIRECTION('NONE',(1.,0.,0.));
#11129 = VECTOR('NONE',#5709,1000.) ;
#11130=CARTESIAN_POINT('NONE',(-0.899999999999,0.324999999999,0.299999999999));
#11131 = MECHANICAL_DESIGN_GEOMETRIC_PRESENTATION_REPRESENTATION('',(#2929),#11854) ;
#11132 = EDGE_CURVE('NONE',#11770,#8022,#13235,.T.) ;
#11133=CARTESIAN_POINT('NONE',(-1.657696398465,3.301,0.62338064039));
#11134=CARTESIAN_POINT('NONE',(-2.207526211562,3.301,0.933785088579));
#11135 = FACE_OUTER_BOUND('NONE',#8058,.T.) ;
#11136 = PRESENTATION_STYLE_ASSIGNMENT((#1008)) ;
#11137 = UNCERTAINTY_MEASURE_WITH_UNIT(LENGTH_MEASURE(1.000000000000E-05),#7992,'distance_accuracy_value','NONE');
#11138=DIRECTION('NONE',(0.007092178509,0.,-0.999974850185));
#11139 = MECHANICAL_DESIGN_GEOMETRIC_PRESENTATION_REPRESENTATION('',(#6641),#7140) ;
#11140=CARTESIAN_POINT('NONE',(0.,0.,2.186229122613));
#11141 = ORIENTED_EDGE('NONE',*,*,#9537,.T.) ;
#11142 =(GEOMETRIC_REPRESENTATION_CONTEXT(3) GLOBAL_UNCERTAINTY_ASSIGNED_CONTEXT((#13620)) GLOBAL_UNIT_ASSIGNED_CONTEXT((#11732,#10545,#7226)) REPRESENTATION_CONTEXT('NONE','WORKASPACE'));
#11143 = ORIENTED_EDGE('NONE',*,*,#6835,.F.) ;
#11144 = EDGE_CURVE('NONE',#10267,#2982,#4146,.T.) ;
#11145=CARTESIAN_POINT('NONE',(-2.642075464357,3.299999999999,0.915106349196));
#11146 = SURFACE_STYLE_FILL_AREA(#12248) ;
#11147 = UNCERTAINTY_MEASURE_WITH_UNIT(LENGTH_MEASURE(1.000000000000E-05),#2218,'distance_accuracy_value','NONE');
#11148 =(GEOMETRIC_REPRESENTATION_CONTEXT(3) GLOBAL_UNCERTAINTY_ASSIGNED_CONTEXT((#6252)) GLOBAL_UNIT_ASSIGNED_CONTEXT((#3196,#12019,#942)) REPRESENTATION_CONTEXT('NONE','WORKASPACE'));
#11149 = EDGE_CURVE('NONE',#14159,#13376,#515,.T.) ;
#11150 = VERTEX_POINT('NONE',#4688) ;
#11151=AXIS2_PLACEMENT_3D('NONE',#4225,#2032,#10952);
#11152 = SURFACE_STYLE_FILL_AREA(#11023) ;
#11153=CARTESIAN_POINT('NONE',(-2.293064894801,3.301,0.622366164494));
#11154 = COLOUR_RGB('',0.647058823529,0.619607843137,0.588235294117) ;
#11155=CARTESIAN_POINT('NONE',(-2.454718845175,3.301,0.588466458886));
#11156 = FACE_OUTER_BOUND('NONE',#9446,.T.) ;
#11157 = UNCERTAINTY_MEASURE_WITH_UNIT(LENGTH_MEASURE(1.000000000000E-05),#2493,'distance_accuracy_value','NONE');
#11158 = COLOUR_RGB('',1.,1.,1.) ;
#11159 = VERTEX_POINT('NONE',#1353) ;
#11160 = ADVANCED_FACE('NONE',(#3532),#13582,.F.) ;
#11161 = SURFACE_SIDE_STYLE('',(#10000)) ;
#11162=CARTESIAN_POINT('NONE',(-2.368206358308,3.301,0.929713296567));
#11163=CARTESIAN_POINT('NONE',(-1.974765770617,3.301,0.923061550359));
#11164 = B_SPLINE_CURVE_WITH_KNOTS('NONE',3,(#8900,#13352,#6652,#4766),.UNSPECIFIED.,.F.,.F.,(4,4),(18.000000000000,19.000000000000),.UNSPECIFIED.) ;
#11165 = SURFACE_STYLE_USAGE(.BOTH.,#7570) ;
#11166 = VERTEX_POINT('NONE',#8484) ;
#11167 = PRESENTATION_STYLE_ASSIGNMENT((#6310)) ;
#11168 = FILL_AREA_STYLE('',(#4442)) ;
#11169 = ORIENTED_EDGE('NONE',*,*,#1290,.T.) ;
#11170=CARTESIAN_POINT('NONE',(-2.401496751873,3.299999999999,0.627211961027));
#11171 = COLOUR_RGB('',0.647058823529,0.619607843137,0.588235294117) ;
#11172 = SURFACE_STYLE_USAGE(.BOTH.,#7718) ;
#11173 = ADVANCED_FACE('NONE',(#8342),#8259,.T.) ;
#11174=CARTESIAN_POINT('NONE',(-2.700625146958,3.301,0.620349020351));
#11175 = EDGE_LOOP('NONE',(#13557,#14377,#9276,#1138)) ;
#11176 = STYLED_ITEM('NONE',(#1160),#7855) ;
#11177 = ADVANCED_FACE('NONE',(#11723),#7120,.F.) ;
#11178 = PRESENTATION_LAYER_ASSIGNMENT('','',(#11404)) ;
#11179 = UNCERTAINTY_MEASURE_WITH_UNIT(LENGTH_MEASURE(1.000000000000E-05),#12330,'distance_accuracy_value','NONE');
#11180=CARTESIAN_POINT('NONE',(-2.451564298519,3.301,0.864988211072));
#11181=DIRECTION('NONE',(0.,0.,1.));
#11182=CARTESIAN_POINT('NONE',(-1.94904628028,3.299999999999,0.721957524591));
#11183=CARTESIAN_POINT('NONE',(-2.407926756275,3.299999999999,0.865297704095));
#11184 = SURFACE_SIDE_STYLE('',(#6817)) ;
#11185=CARTESIAN_POINT('NONE',(1.699999999999,2.,0.));
#11186 = VECTOR('NONE',#2969,1000.) ;
#11187 = ADVANCED_FACE('NONE',(#2743),#8185,.F.) ;
#11188 = FACE_OUTER_BOUND('NONE',#7776,.T.) ;
#11189=DIRECTION('NONE',(0.991989216912,0.,-0.126322577276));
#11190=CARTESIAN_POINT('NONE',(2.,-2.,-0.01));
#11191 = ORIENTED_EDGE('NONE',*,*,#7306,.F.) ;
#11192 = VECTOR('NONE',#11914,1000.) ;
#11193=DIRECTION('NONE',(0.,-1.,0.));
#11194=AXIS2_PLACEMENT_3D('NONE',#7925,#12397,#2624);
#11195 = EDGE_LOOP('NONE',(#11979,#13594,#9637,#4236,#2384,#609,#12726,#12204,#3603,#644,#6832,#636)) ;
#11196 =(LENGTH_UNIT() NAMED_UNIT(*) SI_UNIT(.MILLI.,.METRE.));
#11197 = FACE_OUTER_BOUND('NONE',#6546,.T.) ;
#11198=CARTESIAN_POINT('NONE',(-2.563687867268,3.301,0.871367500768));
#11199 = FILL_AREA_STYLE('',(#6767)) ;
#11200 = PLANE('NONE',#8336) ;
#11201=DIRECTION('NONE',(0.,-1.,0.));
#11202 = COLOUR_RGB('',0.250980392156,0.250980392156,0.250980392156) ;
#11203 = VERTEX_POINT('NONE',#6462) ;
#11204=CARTESIAN_POINT('NONE',(1.,-3.299999999999,1.5));
#11205=AXIS2_PLACEMENT_3D('NONE',#7551,#9773,#10873);
#11206 = ORIENTED_EDGE('NONE',*,*,#4577,.T.) ;
#11207 = PRESENTATION_STYLE_ASSIGNMENT((#5588)) ;
#11208 = ORIENTED_EDGE('NONE',*,*,#10676,.T.) ;
#11209 = PRESENTATION_STYLE_ASSIGNMENT((#11077)) ;
#11210=CARTESIAN_POINT('NONE',(-2.642732928143,3.299999999999,0.911046528367));
#11211=CARTESIAN_POINT('NONE',(-2.435309494684,3.301,0.64026058936));
#11212 = SURFACE_STYLE_FILL_AREA(#1163) ;
#11213 = PLANE('NONE',#5351) ;
#11214 = VECTOR('NONE',#499,1000.) ;
#11215 = ORIENTED_EDGE('NONE',*,*,#9160,.T.) ;
#11216 =(GEOMETRIC_REPRESENTATION_CONTEXT(3) GLOBAL_UNCERTAINTY_ASSIGNED_CONTEXT((#4776)) GLOBAL_UNIT_ASSIGNED_CONTEXT((#1039,#6445,#2183)) REPRESENTATION_CONTEXT('NONE','WORKASPACE'));
#11217 =(NAMED_UNIT(*) SI_UNIT($,.STERADIAN.) SOLID_ANGLE_UNIT());
#11218=DIRECTION('NONE',(-0.999974850185,0.,-0.007092178509));
#11219=CARTESIAN_POINT('NONE',(-1.946966524652,3.301,0.673385847684));
#11220=CARTESIAN_POINT('NONE',(-2.324925593336,3.301,0.61527762221));
#11221 = EDGE_CURVE('NONE',#3288,#9316,#924,.T.) ;
#11222 = VERTEX_POINT('NONE',#12142) ;
#11223=AXIS2_PLACEMENT_3D('NONE',#927,#1862,#5284);
#11224 = VECTOR('NONE',#11301,1000.) ;
#11225 = PRESENTATION_STYLE_ASSIGNMENT((#2176)) ;
#11226=CARTESIAN_POINT('NONE',(-2.2710097805,3.301,0.811305782385));
#11227 = ORIENTED_EDGE('NONE',*,*,#10361,.F.) ;
#11228 = FILL_AREA_STYLE_COLOUR('',#14127) ;
#11229 = PLANE('NONE',#8396) ;
#11230 = VERTEX_POINT('NONE',#8632) ;
#11231 = SURFACE_STYLE_FILL_AREA(#6961) ;
#11232 = PRESENTATION_LAYER_ASSIGNMENT('','',(#14729)) ;
#11233 = STYLED_ITEM('NONE',(#3169),#4218) ;
#11234 = ADVANCED_FACE('NONE',(#14386),#5203,.F.) ;
#11235=CARTESIAN_POINT('NONE',(-2.407635624882,3.301,0.82424909395));
#11236=CARTESIAN_POINT('NONE',(-2.355570691995,3.301,0.617119048686));
#11237 = EDGE_CURVE('NONE',#3693,#458,#6942,.T.) ;
#11238=DIRECTION('NONE',(0.007092178509,0.,-0.999974850185));
#11239 = VERTEX_POINT('NONE',#8703) ;
#11240=CARTESIAN_POINT('NONE',(-2.052545579382,3.299999999999,0.635329675789));
#11241 =(GEOMETRIC_REPRESENTATION_CONTEXT(3) GLOBAL_UNCERTAINTY_ASSIGNED_CONTEXT((#4648)) GLOBAL_UNIT_ASSIGNED_CONTEXT((#13051,#2927,#6341)) REPRESENTATION_CONTEXT('NONE','WORKASPACE'));
#11242 = SURFACE_SIDE_STYLE('',(#5556)) ;
#11243 = FACE_OUTER_BOUND('NONE',#12201,.T.) ;
#11244=CARTESIAN_POINT('NONE',(-2.455502237896,3.299999999999,0.932026354102));
#11245 = PRESENTATION_STYLE_ASSIGNMENT((#1056)) ;
#11246 = ADVANCED_FACE('NONE',(#4117),#11863,.F.) ;
#11247=DIRECTION('NONE',(1.,0.,0.));
#11248=DIRECTION('NONE',(-1.,5.004010026856000E-16,0.));
#11249=CARTESIAN_POINT('NONE',(-2.221138464825,3.299999999999,0.63198480083));
#11250 = ADVANCED_FACE('NONE',(#1127),#12280,.T.) ;
#11251 = LINE('NONE',#2270,#7161) ;
#11252 = ORIENTED_EDGE('NONE',*,*,#14359,.T.) ;
#11253=CARTESIAN_POINT('NONE',(-1.701302644687,3.299999999999,0.899840238057));
#11254 =(GEOMETRIC_REPRESENTATION_CONTEXT(3) GLOBAL_UNCERTAINTY_ASSIGNED_CONTEXT((#2703)) GLOBAL_UNIT_ASSIGNED_CONTEXT((#8312,#9706,#12115)) REPRESENTATION_CONTEXT('NONE','WORKASPACE'));
#11255 =(NAMED_UNIT(*) SI_UNIT($,.STERADIAN.) SOLID_ANGLE_UNIT());
#11256 = ORIENTED_EDGE('NONE',*,*,#3659,.F.) ;
#11257 = ADVANCED_FACE('NONE',(#7871),#1195,.F.) ;
#11258=CARTESIAN_POINT('NONE',(-2.073527232118,3.301,0.657738820371));
#11259 = SURFACE_SIDE_STYLE('',(#1213)) ;
#11260 = FACE_OUTER_BOUND('NONE',#9153,.T.) ;
#11261=CARTESIAN_POINT('NONE',(-2.580253891451,3.299999999999,0.871686717921));
#11262=CARTESIAN_POINT('NONE',(-2.755420337475,3.301,0.614283172301));
#11263 =(LENGTH_UNIT() NAMED_UNIT(*) SI_UNIT(.MILLI.,.METRE.));
#11264 = COLOUR_RGB('',0.647058823529,0.619607843137,0.588235294117) ;
#11265 = EDGE_LOOP('NONE',(#12304,#9904,#11215,#7937,#5526,#921,#955)) ;
#11266 = B_SPLINE_CURVE_WITH_KNOTS('NONE',3,(#8376,#11973,#3920,#1889),.UNSPECIFIED.,.F.,.F.,(4,4),(35.000000000000,36.000000000000),.UNSPECIFIED.) ;
#11267 = MECHANICAL_DESIGN_GEOMETRIC_PRESENTATION_REPRESENTATION('',(#12252),#10106) ;
#11268=DIRECTION('NONE',(1.284980352575000E-16,-1.,0.));
#11269 = ORIENTED_EDGE('NONE',*,*,#12664,.T.) ;
#11270=DIRECTION('NONE',(0.007092178509,0.,-0.999974850185));
#11271 = FILL_AREA_STYLE('',(#11430)) ;
#11272=CARTESIAN_POINT('NONE',(-2.381064922802,3.299999999999,0.66678548266));
#11273 = EDGE_CURVE('NONE',#12288,#14663,#10080,.T.) ;
#11274 = ORIENTED_EDGE('NONE',*,*,#9006,.T.) ;
#11275 = PLANE('NONE',#6622) ;
#11276=CARTESIAN_POINT('NONE',(2.999999999999,0.4,0.299999999999));
#11277 = PRESENTATION_STYLE_ASSIGNMENT((#5886)) ;
#11278 = FACE_OUTER_BOUND('NONE',#6282,.T.) ;
#11279 = SURFACE_STYLE_FILL_AREA(#1457) ;
#11280 = LINE('NONE',#10266,#12403) ;
#11281 = COLOUR_RGB('',0.250980392156,0.250980392156,0.250980392156) ;
#11282 = ORIENTED_EDGE('NONE',*,*,#4482,.T.) ;
#11283 = ORIENTED_EDGE('NONE',*,*,#5533,.F.) ;
#11284 = COLOUR_RGB('',0.647058823529,0.619607843137,0.588235294117) ;
#11285 = PRESENTATION_LAYER_ASSIGNMENT('','',(#8959)) ;
#11286 = MECHANICAL_DESIGN_GEOMETRIC_PRESENTATION_REPRESENTATION('',(#9672),#14087) ;
#11287=DIRECTION('NONE',(0.,-1.,0.));
#11288 = PRESENTATION_STYLE_ASSIGNMENT((#8060)) ;
#11289 = UNCERTAINTY_MEASURE_WITH_UNIT(LENGTH_MEASURE(1.000000000000E-05),#9036,'distance_accuracy_value','NONE');
#11290 = SURFACE_STYLE_USAGE(.BOTH.,#12120) ;
#11291=CARTESIAN_POINT('NONE',(-1.757577800259,3.301,0.882956449549));
#11292 = VERTEX_POINT('NONE',#4598) ;
#11293=DIRECTION('NONE',(0.362554487497,0.,-0.931962576284));
#11294=CARTESIAN_POINT('NONE',(-2.303313565873,3.299999999999,0.70395811786));
#11295 = ORIENTED_EDGE('NONE',*,*,#794,.T.) ;
#11296 = EDGE_CURVE('NONE',#14796,#5037,#2413,.T.) ;
#11297 = TOROIDAL_SURFACE('NONE',#11078,3.740172735303,0.751525314169) ;
#11298 =(NAMED_UNIT(*) SI_UNIT($,.STERADIAN.) SOLID_ANGLE_UNIT());
#11299 = COLOUR_RGB('',0.250980392156,0.250980392156,0.250980392156) ;
#11300=CARTESIAN_POINT('NONE',(-2.550550308789,3.301,0.905835938266));
#11301=DIRECTION('NONE',(0.999974850185,0.,0.007092178509));
#11302 = ORIENTED_EDGE('NONE',*,*,#7097,.F.) ;
#11303 =(NAMED_UNIT(*) PLANE_ANGLE_UNIT() SI_UNIT($,.RADIAN.));
#11304 = ORIENTED_EDGE('NONE',*,*,#11273,.T.) ;
#11305 = B_SPLINE_CURVE_WITH_KNOTS('NONE',3,(#12655,#12806,#2580,#8343),.UNSPECIFIED.,.F.,.F.,(4,4),(8.000000000000,9.000000000000),.UNSPECIFIED.) ;
#11306 = LINE('NONE',#13296,#13171) ;
#11307 = UNCERTAINTY_MEASURE_WITH_UNIT(LENGTH_MEASURE(1.000000000000E-05),#9012,'distance_accuracy_value','NONE');
#11308=AXIS2_PLACEMENT_3D('NONE',#11490,#11562,#8474);
#11309 = VECTOR('NONE',#11784,1000.) ;
#11310 =(LENGTH_UNIT() NAMED_UNIT(*) SI_UNIT(.MILLI.,.METRE.));
#11311 = VERTEX_POINT('NONE',#13644) ;
#11312 =(NAMED_UNIT(*) SI_UNIT($,.STERADIAN.) SOLID_ANGLE_UNIT());
#11313 = ADVANCED_FACE('NONE',(#10021),#11116,.F.) ;
#11314 = EDGE_LOOP('NONE',(#2631,#1299,#11801,#3270,#744,#1022,#2948,#6991,#3052,#11887,#5436,#4750,#14741,#4087)) ;
#11315 = PLANE('NONE',#1234) ;
#11316 = LINE('NONE',#4903,#10968) ;
#11317=DIRECTION('NONE',(0.,0.,-1.));
#11318 =(NAMED_UNIT(*) PLANE_ANGLE_UNIT() SI_UNIT($,.RADIAN.));
#11319 = LINE('NONE',#9198,#5571) ;
#11320 = EDGE_CURVE('NONE',#14625,#10626,#669,.T.) ;
#11321 = B_SPLINE_CURVE_WITH_KNOTS('NONE',3,(#1190,#8843,#11240,#12136),.UNSPECIFIED.,.F.,.F.,(4,4),(33.000000000000,34.000000000000),.UNSPECIFIED.) ;
#11322 =(LENGTH_UNIT() NAMED_UNIT(*) SI_UNIT(.MILLI.,.METRE.));
#11323 = FILL_AREA_STYLE_COLOUR('',#5701) ;
#11324 = CIRCLE('NONE',#11578,3.085537628748) ;
#11325 = VECTOR('NONE',#11910,1000.) ;
#11326 = LINE('NONE',#1277,#8772) ;
#11327 = B_SPLINE_SURFACE_WITH_KNOTS('NONE',3,1,((#10803,#8456),(#8386,#13924),(#8600,#12909),(#11684,#13840)),.UNSPECIFIED.,.F.,.F.,.F.,(4,4),(2,2),(10.,11.),(0.,1.),.UNSPECIFIED.) ;
#11328 =(GEOMETRIC_REPRESENTATION_CONTEXT(3) GLOBAL_UNCERTAINTY_ASSIGNED_CONTEXT((#12310)) GLOBAL_UNIT_ASSIGNED_CONTEXT((#6987,#9205,#10386)) REPRESENTATION_CONTEXT('NONE','WORKASPACE'));
#11329 = EDGE_LOOP('NONE',(#4421,#2335,#13821,#2775)) ;
#11330 = EDGE_CURVE('NONE',#8209,#7427,#13760,.T.) ;
#11331=CARTESIAN_POINT('NONE',(-2.451564298519,3.299999999999,0.864988211072));
#11332=CARTESIAN_POINT('NONE',(-2.514026286307,3.299999999999,0.809582222598));
#11333=CARTESIAN_POINT('NONE',(-3.299999999999,1.,0.5));
#11334 = ORIENTED_EDGE('NONE',*,*,#385,.T.) ;
#11335 = STYLED_ITEM('NONE',(#11815),#12832) ;
#11336 = B_SPLINE_CURVE_WITH_KNOTS('NONE',3,(#11102,#8965,#12267,#2187),.UNSPECIFIED.,.F.,.F.,(4,4),(3.000000000000,4.000000000000),.UNSPECIFIED.) ;
#11337 = SURFACE_STYLE_USAGE(.BOTH.,#5783) ;
#11338 = COLOUR_RGB('',0.647058823529,0.619607843137,0.588235294117) ;
#11339=CARTESIAN_POINT('NONE',(-1.918250594675,3.299999999999,0.661442900351));
#11340=CARTESIAN_POINT('NONE',(-1.980887962984,3.301,0.807625453752));
#11341 = FACE_OUTER_BOUND('NONE',#4301,.T.) ;
#11342 = PLANE('NONE',#13926) ;
#11343 = ORIENTED_EDGE('NONE',*,*,#3838,.F.) ;
#11344=CARTESIAN_POINT('NONE',(-3.299999999999,3.299999999999,0.5));
#11345 = EDGE_CURVE('NONE',#10074,#7817,#5859,.T.) ;
#11346 = STYLED_ITEM('NONE',(#11795),#13109) ;
#11347 = VECTOR('NONE',#7079,1000.) ;
#11348 = ORIENTED_EDGE('NONE',*,*,#2096,.T.) ;
#11349 =(NAMED_UNIT(*) SI_UNIT($,.STERADIAN.) SOLID_ANGLE_UNIT());
#11350 = EDGE_LOOP('NONE',(#601,#3871,#5761,#11114)) ;
#11351=CARTESIAN_POINT('NONE',(-2.451974614896,3.301,0.575384642706));
#11352 = PRESENTATION_LAYER_ASSIGNMENT('','',(#12071)) ;
#11353=CARTESIAN_POINT('NONE',(-2.802200322387,3.301,0.73598045002));
#11354=CARTESIAN_POINT('NONE',(-2.291762386433,3.301,0.825757165794));
#11355 = ORIENTED_EDGE('NONE',*,*,#7866,.T.) ;
#11356=CARTESIAN_POINT('NONE',(-2.696374443533,3.301,0.80828894439));
#11357=CARTESIAN_POINT('NONE',(3.039736830714,1.,0.5));
#11358 = EDGE_LOOP('NONE',(#14565,#7565,#10242,#5443)) ;
#11359=CARTESIAN_POINT('NONE',(-2.265166247021,3.299999999999,0.686697912895));
#11360=AXIS2_PLACEMENT_3D('NONE',#9917,#5394,#13269);
#11361=DIRECTION('NONE',(0.,-1.,0.));
#11362=DIRECTION('NONE',(0.,-1.,0.));
#11363=CARTESIAN_POINT('NONE',(-2.454718845175,3.299999999999,0.588466458886));
#11364=CARTESIAN_POINT('NONE',(-2.314826930551,3.299999999999,0.669189264504));
#11365 = VECTOR('NONE',#5721,1000.) ;
#11366 = COLOUR_RGB('',1.,1.,1.) ;
#11367=DIRECTION('NONE',(0.007092178509,0.,-0.999974850185));
#11368 = PRESENTATION_LAYER_ASSIGNMENT('','',(#12085)) ;
#11369 = UNCERTAINTY_MEASURE_WITH_UNIT(LENGTH_MEASURE(1.000000000000E-05),#473,'distance_accuracy_value','NONE');
#11370=CARTESIAN_POINT('NONE',(-2.294529598992,3.301,0.683744627587));
#11371 = PLANE('NONE',#9175) ;
#11372=CARTESIAN_POINT('NONE',(-2.,-2.,0.));
#11373 = ORIENTED_EDGE('NONE',*,*,#4833,.T.) ;
#11374=CARTESIAN_POINT('NONE',(2.299999999999,2.,0.));
#11375 = FILL_AREA_STYLE_COLOUR('',#13439) ;
#11376 = PRESENTATION_STYLE_ASSIGNMENT((#10200)) ;
#11377 = VERTEX_POINT('NONE',#2727) ;
#11378=DIRECTION('NONE',(0.,0.,-1.));
#11379 = MECHANICAL_DESIGN_GEOMETRIC_PRESENTATION_REPRESENTATION('',(#9520),#2700) ;
#11380 =(NAMED_UNIT(*) PLANE_ANGLE_UNIT() SI_UNIT($,.RADIAN.));
#11381 = COLOUR_RGB('',1.,1.,1.) ;
#11382=CARTESIAN_POINT('NONE',(-1.694362087446,3.299999999999,0.899889462966));
#11383 = MECHANICAL_DESIGN_GEOMETRIC_PRESENTATION_REPRESENTATION('',(#6437),#14413) ;
#11384 = PRESENTATION_STYLE_ASSIGNMENT((#7934)) ;
#11385 = ORIENTED_EDGE('NONE',*,*,#3310,.T.) ;
#11386=CARTESIAN_POINT('NONE',(3.299999999999,1.799999999999,1.5));
#11387 = ORIENTED_EDGE('NONE',*,*,#5442,.F.) ;
#11388 = LINE('NONE',#13635,#11555) ;
#11389=CARTESIAN_POINT('NONE',(-2.355570691995,3.301,0.617119048686));
#11390=DIRECTION('NONE',(1.,0.,0.));
#11391 = VERTEX_POINT('NONE',#11556) ;
#11392 = SURFACE_STYLE_FILL_AREA(#6893) ;
#11393=CARTESIAN_POINT('NONE',(3.3,-0.7,1.5));
#11394 = LINE('NONE',#2644,#6696) ;
#11395=DIRECTION('NONE',(0.,-1.,0.));
#11396=CARTESIAN_POINT('NONE',(-2.052680947236,3.299999999999,0.776749777993));
#11397 = FILL_AREA_STYLE('',(#6902)) ;
#11398=CARTESIAN_POINT('NONE',(-2.580253891451,3.301,0.871686717921));
#11399=CARTESIAN_POINT('NONE',(-1.,6.75,0.5));
#11400 =(LENGTH_UNIT() NAMED_UNIT(*) SI_UNIT(.MILLI.,.METRE.));
#11401 = SURFACE_STYLE_USAGE(.BOTH.,#390) ;
#11402 = VECTOR('NONE',#7327,1000.) ;
#11403=CARTESIAN_POINT('NONE',(-2.358380653092,3.299999999999,0.810998052195));
#11404 = STYLED_ITEM('NONE',(#1664),#10296) ;
#11405=PRODUCT_DEFINITION_SHAPE('NONE','NONE',#12717);
#11406 = EDGE_CURVE('NONE',#11222,#14775,#9776,.T.) ;
#11407 = EDGE_CURVE('NONE',#5678,#2352,#3591,.T.) ;
#11408 = SURFACE_STYLE_USAGE(.BOTH.,#7148) ;
#11409 = EDGE_LOOP('NONE',(#8005,#4769,#715,#4508)) ;
#11410 = FILL_AREA_STYLE_COLOUR('',#1692) ;
#11411=CARTESIAN_POINT('NONE',(-1.827131081904,3.299999999999,0.658618748919));
#11412 = FILL_AREA_STYLE_COLOUR('',#8764) ;
#11413=CARTESIAN_POINT('NONE',(-2.303188132299,3.299999999999,0.690670567107));
#11414 = ORIENTED_EDGE('NONE',*,*,#7919,.T.) ;
#11415 = FACE_OUTER_BOUND('NONE',#441,.T.) ;
#11416 = COLOUR_RGB('',0.647058823529,0.619607843137,0.588235294117) ;
#11417 = LINE('NONE',#7887,#11937) ;
#11418=DIRECTION('NONE',(0.,-1.,0.));
#11419 =(GEOMETRIC_REPRESENTATION_CONTEXT(3) GLOBAL_UNCERTAINTY_ASSIGNED_CONTEXT((#5216)) GLOBAL_UNIT_ASSIGNED_CONTEXT((#8481,#7514,#8413)) REPRESENTATION_CONTEXT('NONE','WORKASPACE'));
#11420 =(LENGTH_UNIT() NAMED_UNIT(*) SI_UNIT(.MILLI.,.METRE.));
#11421=CARTESIAN_POINT('NONE',(-1.739697190505,3.299999999999,0.563801307785));
#11422 = UNCERTAINTY_MEASURE_WITH_UNIT(LENGTH_MEASURE(1.000000000000E-05),#1248,'distance_accuracy_value','NONE');
#11423=CARTESIAN_POINT('NONE',(-2.276416837418,3.299999999999,0.869973642013));
#11424 = ADVANCED_FACE('NONE',(#4904),#5839,.T.) ;
#11425 = VECTOR('NONE',#11523,1000.) ;
#11426 = ORIENTED_EDGE('NONE',*,*,#10184,.T.) ;
#11427 = STYLED_ITEM('NONE',(#11288),#8403) ;
#11428 = EDGE_CURVE('NONE',#13291,#5117,#12862,.T.) ;
#11429 = ORIENTED_EDGE('NONE',*,*,#10620,.T.) ;
#11430 = FILL_AREA_STYLE_COLOUR('',#14543) ;
#11431 = FILL_AREA_STYLE('',(#14699)) ;
#11432 = VERTEX_POINT('NONE',#5118) ;
#11433=CARTESIAN_POINT('NONE',(-1.918145991831,3.301,0.646694228624));
#11434=DIRECTION('NONE',(-0.999974850185,0.,-0.007092178509));
#11435 = EDGE_LOOP('NONE',(#6508,#13670,#2843,#3117,#5338)) ;
#11436 = SURFACE_SIDE_STYLE('',(#14708)) ;
#11437 = EDGE_CURVE('NONE',#13376,#14159,#4948,.T.) ;
#11438 = B_SPLINE_CURVE_WITH_KNOTS('NONE',3,(#12644,#1203,#4681,#6675),.UNSPECIFIED.,.F.,.F.,(4,4),(9.000000000000,10.),.UNSPECIFIED.) ;
#11439 = PRESENTATION_LAYER_ASSIGNMENT('','',(#3223)) ;
#11440=CARTESIAN_POINT('NONE',(-2.451564298519,3.299999999999,0.864988211072));
#11441 = SURFACE_STYLE_USAGE(.BOTH.,#6706) ;
#11442 =(LENGTH_UNIT() NAMED_UNIT(*) SI_UNIT(.MILLI.,.METRE.));
#11443 = VECTOR('NONE',#8499,1000.) ;
#11444=DIRECTION('NONE',(0.,-1.,0.));
#11445=CARTESIAN_POINT('NONE',(-2.397296466739,3.299999999999,0.690315052434));
#11446 = EDGE_CURVE('NONE',#6036,#8148,#8006,.T.) ;
#11447 = UNCERTAINTY_MEASURE_WITH_UNIT(LENGTH_MEASURE(1.000000000000E-05),#14329,'distance_accuracy_value','NONE');
#11448=DIRECTION('NONE',(0.,-1.,0.));
#11449 = SURFACE_STYLE_FILL_AREA(#6048) ;
#11450 = FILL_AREA_STYLE('',(#3851)) ;
#11451 = SURFACE_STYLE_FILL_AREA(#1246) ;
#11452 = COLOUR_RGB('',0.647058823529,0.619607843137,0.588235294117) ;
#11453 = UNCERTAINTY_MEASURE_WITH_UNIT(LENGTH_MEASURE(1.000000000000E-05),#11968,'distance_accuracy_value','NONE');
#11454 = PLANE('NONE',#3702) ;
#11455=CARTESIAN_POINT('NONE',(-1.703628443413,3.299999999999,0.73844756218));
#11456 =(NAMED_UNIT(*) SI_UNIT($,.STERADIAN.) SOLID_ANGLE_UNIT());
#11457=DIRECTION('NONE',(0.,-1.,0.));
#11458 = VERTEX_POINT('NONE',#14231) ;
#11459 = EDGE_CURVE('NONE',#3757,#14447,#13006,.T.) ;
#11460 =(NAMED_UNIT(*) PLANE_ANGLE_UNIT() SI_UNIT($,.RADIAN.));
#11461 = B_SPLINE_SURFACE_WITH_KNOTS('NONE',3,1,((#813,#11016),(#5657,#3285),(#13461,#13398),(#959,#11272)),.UNSPECIFIED.,.F.,.F.,.F.,(4,4),(2,2),(5.000000000000,6.000000000000),(0.,1.),.UNSPECIFIED.) ;
#11462=DIRECTION('NONE',(0.,-1.,0.));
#11463=DIRECTION('NONE',(-1.,0.,0.));
#11464 = PRESENTATION_LAYER_ASSIGNMENT('','',(#10519)) ;
#11465 = FILL_AREA_STYLE_COLOUR('',#5602) ;
#11466=AXIS2_PLACEMENT_3D('NONE',#8880,#4217,#6496);
#11467 = CIRCLE('NONE',#9832,3.150000000000) ;
#11468 = LINE('NONE',#4587,#11224) ;
#11469=CARTESIAN_POINT('NONE',(-2.305354750381,3.299999999999,0.653098200189));
#11470 = VERTEX_POINT('NONE',#10967) ;
#11471 = B_SPLINE_CURVE_WITH_KNOTS('NONE',3,(#3390,#1342,#4532,#7872),.UNSPECIFIED.,.F.,.F.,(4,4),(10.,11.),.UNSPECIFIED.) ;
#11472=CARTESIAN_POINT('NONE',(-2.455811225115,3.301,0.575357432097));
#11473 =(GEOMETRIC_REPRESENTATION_CONTEXT(3) GLOBAL_UNCERTAINTY_ASSIGNED_CONTEXT((#3782)) GLOBAL_UNIT_ASSIGNED_CONTEXT((#4545,#12428,#6834)) REPRESENTATION_CONTEXT('NONE','WORKASPACE'));
#11474 =(LENGTH_UNIT() NAMED_UNIT(*) SI_UNIT(.MILLI.,.METRE.));
#11475 = SURFACE_STYLE_USAGE(.BOTH.,#4523) ;
#11476 = UNCERTAINTY_MEASURE_WITH_UNIT(LENGTH_MEASURE(1.000000000000E-05),#11650,'distance_accuracy_value','NONE');
#11477 = ORIENTED_EDGE('NONE',*,*,#7809,.T.) ;
#11478=CARTESIAN_POINT('NONE',(-2.514026286307,3.299999999999,0.809582222598));
#11479 = ORIENTED_EDGE('NONE',*,*,#13331,.T.) ;
#11480=CARTESIAN_POINT('NONE',(0.9,0.324999999999,0.299999999999));
#11481=DIRECTION('NONE',(0.007092178509,0.,-0.999974850185));
#11482 = STYLED_ITEM('NONE',(#5077),#10271) ;
#11483 =(NAMED_UNIT(*) SI_UNIT($,.STERADIAN.) SOLID_ANGLE_UNIT());
#11484 =(GEOMETRIC_REPRESENTATION_CONTEXT(3) GLOBAL_UNCERTAINTY_ASSIGNED_CONTEXT((#8084)) GLOBAL_UNIT_ASSIGNED_CONTEXT((#1198,#13432,#2341)) REPRESENTATION_CONTEXT('NONE','WORKASPACE'));
#11485=AXIS2_PLACEMENT_3D('NONE',#5233,#7469,#3126);
#11486 = EDGE_CURVE('NONE',#10214,#981,#4169,.T.) ;
#11487 = FACE_BOUND('NONE',#14827,.T.) ;
#11488 = LINE('NONE',#9283,#7715) ;
#11489=CARTESIAN_POINT('NONE',(-2.701412263596,3.301,0.731329989118));
#11490=CARTESIAN_POINT('NONE',(0.,0.,0.299999999999));
#11491 =(LENGTH_UNIT() NAMED_UNIT(*) SI_UNIT(.MILLI.,.METRE.));
#11492 = SURFACE_SIDE_STYLE('',(#8020)) ;
#11493 = EDGE_CURVE('NONE',#1832,#6361,#10822,.T.) ;
#11494 = PRESENTATION_LAYER_ASSIGNMENT('','',(#3275)) ;
#11495 =(NAMED_UNIT(*) SI_UNIT($,.STERADIAN.) SOLID_ANGLE_UNIT());
#11496 = VERTEX_POINT('NONE',#3089) ;
#11497=CARTESIAN_POINT('NONE',(-2.496981560235,3.301,0.917695083045));
#11498 =(LENGTH_UNIT() NAMED_UNIT(*) SI_UNIT(.MILLI.,.METRE.));
#11499=CARTESIAN_POINT('NONE',(0.,0.,7.698999999999));
#11500=CARTESIAN_POINT('NONE',(-0.8,0.324999999999,0.299999999999));
#11501=CARTESIAN_POINT('NONE',(3.899999999999,0.324999999999,0.299999999999));
#11502=CARTESIAN_POINT('NONE',(-2.408302837861,3.301,0.918324024192));
#11503 = FILL_AREA_STYLE('',(#13447)) ;
#11504=CARTESIAN_POINT('NONE',(-3.299999999999,3.299999999999,1.5));
#11505=CARTESIAN_POINT('NONE',(-2.221138464825,3.301,0.63198480083));
#11506 = SURFACE_STYLE_FILL_AREA(#3090) ;
#11507 = EDGE_CURVE('NONE',#5069,#11074,#11924,.T.) ;
#11508 = SURFACE_STYLE_FILL_AREA(#7005) ;
#11509=DIRECTION('NONE',(-1.,0.,0.));
#11510 = PLANE('NONE',#8205) ;
#11511 = ORIENTED_EDGE('NONE',*,*,#490,.T.) ;
#11512=CARTESIAN_POINT('NONE',(-2.580119829427,3.299999999999,0.852784394404));
#11513 = VERTEX_POINT('NONE',#6297) ;
#11514 = SURFACE_STYLE_FILL_AREA(#9453) ;
#11515 =(NAMED_UNIT(*) SI_UNIT($,.STERADIAN.) SOLID_ANGLE_UNIT());
#11516 = ORIENTED_EDGE('NONE',*,*,#13449,.F.) ;
#11517=DIRECTION('NONE',(-0.939429756309,0.,0.342741495824));
#11518 = EDGE_CURVE('NONE',#7149,#14850,#1915,.T.) ;
#11519=CARTESIAN_POINT('NONE',(-2.314826930551,3.301,0.669189264504));
#11520 = VERTEX_POINT('NONE',#2046) ;
#11521=CARTESIAN_POINT('NONE',(-3.299999999999,-3.299999999999,1.5));
#11522 = LINE('NONE',#4565,#9710) ;
#11523=DIRECTION('NONE',(0.,-1.,0.));
#11524 = EDGE_CURVE('NONE',#12875,#5318,#13078,.T.) ;
#11525 = STYLED_ITEM('NONE',(#3792),#14088) ;
#11526=CARTESIAN_POINT('NONE',(-2.550397877476,3.301,0.835963530081));
#11527=CARTESIAN_POINT('NONE',(-2.294529598992,3.299999999999,0.683744627587));
#11528 = ADVANCED_FACE('NONE',(#8616),#761,.F.) ;
#11529=CARTESIAN_POINT('NONE',(-2.431933018816,3.301,0.625997903456));
#11530 = ORIENTED_EDGE('NONE',*,*,#12322,.T.) ;
#11531 =(NAMED_UNIT(*) SI_UNIT($,.STERADIAN.) SOLID_ANGLE_UNIT());
#11532 = VECTOR('NONE',#956,1000.) ;
#11533=DIRECTION('NONE',(0.707106781186,-0.707106781186,0.));
#11534=CARTESIAN_POINT('NONE',(-2.470464368018,3.301,0.600645033687));
#11536=CARTESIAN_POINT('NONE',(-2.386753145569,3.299999999999,0.69912401559));
#11535 = VECTOR('NONE',#3715,1000.) ;
#11537 = EDGE_CURVE('NONE',#9986,#12404,#12025,.T.) ;
#11538 =(LENGTH_UNIT() NAMED_UNIT(*) SI_UNIT(.MILLI.,.METRE.));
#11539=CARTESIAN_POINT('NONE',(-2.401496751873,3.301,0.627211961027));
#11540 = VERTEX_POINT('NONE',#2957) ;
#11541 = PRESENTATION_STYLE_ASSIGNMENT((#13558)) ;
#11542=DIRECTION('NONE',(0.,-1.,0.));
#11543 =(NAMED_UNIT(*) SI_UNIT($,.STERADIAN.) SOLID_ANGLE_UNIT());
#11544 =(NAMED_UNIT(*) SI_UNIT($,.STERADIAN.) SOLID_ANGLE_UNIT());
#11545 = PRESENTATION_LAYER_ASSIGNMENT('','',(#9672)) ;
#11546 = ORIENTED_EDGE('NONE',*,*,#387,.T.) ;
#11547 = EDGE_CURVE('NONE',#4102,#7862,#3023,.T.) ;
#11548=DIRECTION('NONE',(0.,0.,1.));
#11549=CARTESIAN_POINT('NONE',(-2.515416004456,3.301,0.917564339388));
#11550 =(NAMED_UNIT(*) SI_UNIT($,.STERADIAN.) SOLID_ANGLE_UNIT());
#11551 = ORIENTED_EDGE('NONE',*,*,#3751,.F.) ;
#11552 =(LENGTH_UNIT() NAMED_UNIT(*) SI_UNIT(.MILLI.,.METRE.));
#11553 = EDGE_LOOP('NONE',(#14670,#1171,#13202,#8206)) ;
#11554=CARTESIAN_POINT('NONE',(-2.399911048344,3.299999999999,0.614745798602));
#11555 = VECTOR('NONE',#13783,1000.) ;
#11556=CARTESIAN_POINT('NONE',(2.988647421133,0.,1.571543008235));
#11557 = STYLED_ITEM('NONE',(#3375),#11567) ;
#11558 = SURFACE_STYLE_USAGE(.BOTH.,#8166) ;
#11559 = MECHANICAL_DESIGN_GEOMETRIC_PRESENTATION_REPRESENTATION('',(#2578),#14525) ;
#11560 = STYLED_ITEM('NONE',(#9052),#2021) ;
#11561=DIRECTION('NONE',(0.999974850185,0.,0.007092178509));
#11562=DIRECTION('NONE',(0.,0.,1.));
#11563=CARTESIAN_POINT('NONE',(-2.511524719074,3.299999999999,0.703167667539));
#11564 = B_SPLINE_CURVE_WITH_KNOTS('NONE',3,(#4068,#500,#6261,#8505),.UNSPECIFIED.,.F.,.F.,(4,4),(20.,21.),.UNSPECIFIED.) ;
#11565=DIRECTION('NONE',(0.,-1.,0.));
#11566=CARTESIAN_POINT('NONE',(-2.303188132299,3.301,0.690670567107));
#11567 = ADVANCED_FACE('NONE',(#1847),#1768,.F.) ;
#11568=AXIS2_PLACEMENT_3D('NONE',#1495,#10679,#6147);
#11569=AXIS2_PLACEMENT_3D('NONE',#13734,#9210,#2574);
#11570 = ORIENTED_EDGE('NONE',*,*,#2321,.F.) ;
#11571 = LINE('NONE',#1503,#5878) ;
#11572 = LINE('NONE',#1504,#10992) ;
#11573 = SURFACE_SIDE_STYLE('',(#6013)) ;
#11574=DIRECTION('NONE',(0.007092178509,0.,-0.999974850185));
#11575=DIRECTION('NONE',(0.,-1.,0.));
#11576=CARTESIAN_POINT('NONE',(-2.329491787908,3.301,0.630155740645));
#11577=CARTESIAN_POINT('NONE',(-2.021128493468,3.301,0.854191212864));
#11578=AXIS2_PLACEMENT_3D('NONE',#7138,#8245,#1557);
#11579 = CIRCLE('NONE',#14123,0.400000000000) ;
#11580 = B_SPLINE_CURVE_WITH_KNOTS('NONE',3,(#8466,#455,#10510,#12787),.UNSPECIFIED.,.F.,.F.,(4,4),(7.000000000000,8.000000000000),.UNSPECIFIED.) ;
#11581=CARTESIAN_POINT('NONE',(-2.269005077839,3.299999999999,0.739762060982));
#11582=DIRECTION('NONE',(0.,-1.,0.));
#11583 =(LENGTH_UNIT() NAMED_UNIT(*) SI_UNIT(.MILLI.,.METRE.));
#11584 = ORIENTED_EDGE('NONE',*,*,#6109,.F.) ;
#11585 = ORIENTED_EDGE('NONE',*,*,#4203,.F.) ;
#11586 = FILL_AREA_STYLE_COLOUR('',#7989) ;
#11587 = VERTEX_POINT('NONE',#4377) ;
#11588 = STYLED_ITEM('NONE',(#13266),#12620) ;
#11589=CARTESIAN_POINT('NONE',(-1.773409389351,3.299999999999,0.668543471348));
#11590 = EDGE_CURVE('NONE',#2585,#3656,#6401,.T.) ;
#11591 = SURFACE_STYLE_FILL_AREA(#11662) ;
#11592 = ORIENTED_EDGE('NONE',*,*,#11094,.T.) ;
#11593=CARTESIAN_POINT('NONE',(-2.425350409914,3.301,0.621490335455));
#11594=AXIS2_PLACEMENT_3D('NONE',#12070,#1854,#12000);
#11595 = ORIENTED_EDGE('NONE',*,*,#9719,.T.) ;
#11596=CARTESIAN_POINT('NONE',(-2.550397877476,3.301,0.835963530081));
#11597=DIRECTION('NONE',(0.,0.,-1.));
#11598 = PRESENTATION_STYLE_ASSIGNMENT((#6185)) ;
#11599 =(LENGTH_UNIT() NAMED_UNIT(*) SI_UNIT(.MILLI.,.METRE.));
#11600=DIRECTION('NONE',(-0.007092178509,0.,0.999974850185));
#11601 = PRESENTATION_LAYER_ASSIGNMENT('','',(#7602)) ;
#11602=CARTESIAN_POINT('NONE',(-2.483112157816,3.301,0.637862783361));
#11603 = LINE('NONE',#5021,#3940) ;
#11604 = EDGE_CURVE('NONE',#7427,#13441,#8548,.T.) ;
#11605 = MECHANICAL_DESIGN_GEOMETRIC_PRESENTATION_REPRESENTATION('',(#7598),#9246) ;
#11606=CARTESIAN_POINT('NONE',(-1.714303895699,3.301,0.898012801955));
#11607 = ORIENTED_EDGE('NONE',*,*,#6897,.T.) ;
#11608 = EDGE_CURVE('NONE',#7497,#7333,#11336,.T.) ;
#11609 = EDGE_CURVE('NONE',#9128,#7523,#9682,.T.) ;
#11610 = SURFACE_STYLE_FILL_AREA(#2544) ;
#11611=DIRECTION('NONE',(0.,-1.,0.));
#11612 = UNCERTAINTY_MEASURE_WITH_UNIT(LENGTH_MEASURE(1.000000000000E-05),#4751,'distance_accuracy_value','NONE');
#11613 = VECTOR('NONE',#6781,1000.) ;
#11614 =(LENGTH_UNIT() NAMED_UNIT(*) SI_UNIT(.MILLI.,.METRE.));
#11615=CARTESIAN_POINT('NONE',(-2.417625435485,3.301,0.693414998421));
#11616 =(NAMED_UNIT(*) SI_UNIT($,.STERADIAN.) SOLID_ANGLE_UNIT());
#11617 = PRESENTATION_STYLE_ASSIGNMENT((#7039)) ;
#11618 = ORIENTED_EDGE('NONE',*,*,#11537,.F.) ;
#11619 = VECTOR('NONE',#11201,1000.) ;
#11620 = LINE('NONE',#2028,#12592) ;
#11621 =(NAMED_UNIT(*) SI_UNIT($,.STERADIAN.) SOLID_ANGLE_UNIT());
#11622 = EDGE_CURVE('NONE',#12118,#11230,#11164,.T.) ;
#11623 = PRESENTATION_STYLE_ASSIGNMENT((#5687)) ;
#11624 = CIRCLE('NONE',#6187,0.300000000000) ;
#11625 = ORIENTED_EDGE('NONE',*,*,#13438,.T.) ;
#11626 =(GEOMETRIC_REPRESENTATION_CONTEXT(3) GLOBAL_UNCERTAINTY_ASSIGNED_CONTEXT((#3638)) GLOBAL_UNIT_ASSIGNED_CONTEXT((#11400,#9057,#10154)) REPRESENTATION_CONTEXT('NONE','WORKASPACE'));
#11627 = UNCERTAINTY_MEASURE_WITH_UNIT(LENGTH_MEASURE(1.000000000000E-05),#13694,'distance_accuracy_value','NONE');
#11628 = ORIENTED_EDGE('NONE',*,*,#7208,.T.) ;
#11629 = ORIENTED_EDGE('NONE',*,*,#4770,.T.) ;
#11630=DIRECTION('NONE',(-0.342741495824,0.,-0.939429756309));
#11631 =(NAMED_UNIT(*) PLANE_ANGLE_UNIT() SI_UNIT($,.RADIAN.));
#11632 = COLOUR_RGB('',0.647058823529,0.619607843137,0.588235294117) ;
#11633 = MECHANICAL_DESIGN_GEOMETRIC_PRESENTATION_REPRESENTATION('',(#14862),#9758) ;
#11634=CARTESIAN_POINT('NONE',(-1.721459763476,3.301,0.68366136334));
#11635 = VECTOR('NONE',#10791,1000.) ;
#11636 = EDGE_CURVE('NONE',#8514,#12960,#14441,.T.) ;
#11637 = SURFACE_STYLE_FILL_AREA(#8170) ;
#11638 = SURFACE_SIDE_STYLE('',(#11853)) ;
#11639 =(LENGTH_UNIT() NAMED_UNIT(*) SI_UNIT(.MILLI.,.METRE.));
#11640 = EDGE_CURVE('NONE',#6878,#723,#548,.T.) ;
#11641 = SURFACE_SIDE_STYLE('',(#2501)) ;
#11642 =(GEOMETRIC_REPRESENTATION_CONTEXT(3) GLOBAL_UNCERTAINTY_ASSIGNED_CONTEXT((#2486)) GLOBAL_UNIT_ASSIGNED_CONTEXT((#5213,#2678,#8358)) REPRESENTATION_CONTEXT('NONE','WORKASPACE'));
#11643=CARTESIAN_POINT('NONE',(-2.052545579382,3.301,0.635329675789));
#11644 = ORIENTED_EDGE('NONE',*,*,#3266,.F.) ;
#11645 = FACE_OUTER_BOUND('NONE',#10331,.T.) ;
#11646 = SURFACE_STYLE_FILL_AREA(#6994) ;
#11647 = FILL_AREA_STYLE_COLOUR('',#2386) ;
#11648=CARTESIAN_POINT('NONE',(-2.323176201807,3.301,0.694084866093));
#11649 = SURFACE_STYLE_USAGE(.BOTH.,#9514) ;
#11650 =(LENGTH_UNIT() NAMED_UNIT(*) SI_UNIT(.MILLI.,.METRE.));
#11651 =(NAMED_UNIT(*) PLANE_ANGLE_UNIT() SI_UNIT($,.RADIAN.));
#11652 = EDGE_CURVE('NONE',#489,#6936,#7832,.T.) ;
#11653 = VECTOR('NONE',#14360,1000.) ;
#11654 = FILL_AREA_STYLE('',(#2670)) ;
#11655 = SURFACE_STYLE_FILL_AREA(#4996) ;
#11656=AXIS2_PLACEMENT_3D('NONE',#7962,#10233,#11128);
#11657 = FILL_AREA_STYLE_COLOUR('',#12410) ;
#11658 = ORIENTED_EDGE('NONE',*,*,#11906,.T.) ;
#11659 = SURFACE_STYLE_FILL_AREA(#9383) ;
#11660 = ORIENTED_EDGE('NONE',*,*,#3858,.T.) ;
#11661 = COLOUR_RGB('',0.647058823529,0.619607843137,0.588235294117) ;
#11662 = FILL_AREA_STYLE('',(#12526)) ;
#11663 = VERTEX_POINT('NONE',#14828) ;
#11664 = ORIENTED_EDGE('NONE',*,*,#4248,.T.) ;
#11665 = B_SPLINE_SURFACE_WITH_KNOTS('NONE',3,1,((#10116,#4797),(#4638,#3705),(#2377,#9092),(#13543,#8211)),.UNSPECIFIED.,.F.,.F.,.F.,(4,4),(2,2),(4.000000000000,5.000000000000),(0.,1.),.UNSPECIFIED.) ;
#11666 = LINE('NONE',#5010,#6506) ;
#11667 = VERTEX_POINT('NONE',#11497) ;
#11668 = FACE_OUTER_BOUND('NONE',#9319,.T.) ;
#11669 = FILL_AREA_STYLE('',(#8507)) ;
#11670 = PLANE('NONE',#6989) ;
#11671 =(NAMED_UNIT(*) PLANE_ANGLE_UNIT() SI_UNIT($,.RADIAN.));
#11672=CARTESIAN_POINT('NONE',(-1.99545210679,3.301,0.903827322299));
#11673=CARTESIAN_POINT('NONE',(-2.559363214998,3.299999999999,0.670636665148));
#11674 = COLOUR_RGB('',0.647058823529,0.619607843137,0.588235294117) ;
#11675 = PRESENTATION_STYLE_ASSIGNMENT((#9469)) ;
#11676 =(NAMED_UNIT(*) SI_UNIT($,.STERADIAN.) SOLID_ANGLE_UNIT());
#11677 = UNCERTAINTY_MEASURE_WITH_UNIT(LENGTH_MEASURE(1.000000000000E-05),#9309,'distance_accuracy_value','NONE');
#11678=CARTESIAN_POINT('NONE',(-2.642075464357,3.301,0.915106349196));
#11679=CARTESIAN_POINT('NONE',(-3.039736830714,-1.,0.5));
#11680=CARTESIAN_POINT('NONE',(-2.445963416946,3.301,0.576675017148));
#11681 = STYLED_ITEM('NONE',(#11032),#8378) ;
#11682 = LINE('NONE',#3855,#11017) ;
#11683=CARTESIAN_POINT('NONE',(-2.40935956794,3.299999999999,0.693473622903));
#11684=CARTESIAN_POINT('NONE',(-2.292955209241,3.301,0.870792151638));
#11685 = ORIENTED_EDGE('NONE',*,*,#12241,.T.) ;
#11686 = STYLED_ITEM('NONE',(#8758),#9124) ;
#11687=CARTESIAN_POINT('NONE',(-2.41094482902,3.301,0.705877401422));
#11688 =(NAMED_UNIT(*) SI_UNIT($,.STERADIAN.) SOLID_ANGLE_UNIT());
#11689 = EDGE_CURVE('NONE',#1187,#13994,#1423,.T.) ;
#11690=CARTESIAN_POINT('NONE',(-2.999999999999,-0.4,0.299999999999));
#11691 = STYLED_ITEM('NONE',(#4196),#8573) ;
#11692 = SURFACE_STYLE_USAGE(.BOTH.,#3505) ;
#11693 = ORIENTED_EDGE('NONE',*,*,#1793,.T.) ;
#11694 = PRESENTATION_LAYER_ASSIGNMENT('','',(#5072)) ;
#11695=CARTESIAN_POINT('NONE',(-1.725686908372,3.299999999999,0.912681507997));
#11696 = FACE_OUTER_BOUND('NONE',#9308,.T.) ;
#11697=DIRECTION('NONE',(1.,1.284980352575000E-16,0.));
#11698 = ORIENTED_EDGE('NONE',*,*,#3535,.T.) ;
#11699 = VERTEX_POINT('NONE',#13804) ;
#11700 = SURFACE_STYLE_FILL_AREA(#2726) ;
#11701 = PLANE('NONE',#7912) ;
#11702 = EDGE_CURVE('NONE',#6661,#9538,#8255,.T.) ;
#11703 = VECTOR('NONE',#7685,1000.) ;
#11704 = COLOUR_RGB('',0.647058823529,0.619607843137,0.588235294117) ;
#11705=CARTESIAN_POINT('NONE',(-2.481329174979,3.299999999999,0.931843180247));
#11706=AXIS2_PLACEMENT_3D('NONE',#9867,#7505,#2121);
#11707=DIRECTION('NONE',(0.999974850185,0.,0.007092178509));
#11708 = B_SPLINE_CURVE_WITH_KNOTS('NONE',3,(#12709,#3490,#6030,#3832,#11589,#8359,#10476),.UNSPECIFIED.,.F.,.F.,(4,3,4),(0.,1.,2.000000000000),.UNSPECIFIED.) ;
#11709 = EDGE_CURVE('NONE',#14625,#4114,#4843,.T.) ;
#11710 = LINE('NONE',#3878,#11089) ;
#11711 = B_SPLINE_CURVE_WITH_KNOTS('NONE',3,(#1850,#4243,#13142,#10899),.UNSPECIFIED.,.F.,.F.,(4,4),(3.000000000000,4.000000000000),.UNSPECIFIED.) ;
#11712=CARTESIAN_POINT('NONE',(-2.715124325989,3.299999999999,0.676706461821));
#11713=CARTESIAN_POINT('NONE',(-2.392588692688,3.299999999999,0.681863803664));
#11714 = STYLED_ITEM('NONE',(#8111),#2520) ;
#11715=CARTESIAN_POINT('NONE',(0.399999999999,-2.710505431213000E-17,0.299999999999));
#11716 = B_SPLINE_SURFACE_WITH_KNOTS('NONE',3,1,((#8971,#8075),(#13424,#9046),(#12555,#2479),(#1259,#6968)),.UNSPECIFIED.,.F.,.F.,.F.,(4,4),(2,2),(8.000000000000,9.000000000000),(0.,1.),.UNSPECIFIED.) ;
#11717 = PRESENTATION_LAYER_ASSIGNMENT('','',(#13794)) ;
#11718 = EDGE_CURVE('NONE',#10707,#10074,#2786,.T.) ;
#11719=CARTESIAN_POINT('NONE',(-2.487259802667,3.301,0.637708592696));
#11720 = SURFACE_STYLE_FILL_AREA(#8338) ;
#11721 = LINE('NONE',#11411,#7918) ;
#11722=DIRECTION('NONE',(-0.007092178509,0.,0.999974850185));
#11723 = FACE_OUTER_BOUND('NONE',#12822,.T.) ;
#11724 = ORIENTED_EDGE('NONE',*,*,#10448,.F.) ;
#11725=CARTESIAN_POINT('NONE',(-2.392650452605,3.301,0.932472121394));
#11726=CARTESIAN_POINT('NONE',(-1.607235836295,3.299999999999,0.72611700111));
#11727 = EDGE_CURVE('NONE',#11734,#3449,#6152,.T.) ;
#11728 = SURFACE_SIDE_STYLE('',(#12807)) ;
#11729=CARTESIAN_POINT('NONE',(-1.552818840819,3.301,0.760339860241));
#11730=DIRECTION('NONE',(0.,-1.,0.));
#11731 = MECHANICAL_DESIGN_GEOMETRIC_PRESENTATION_REPRESENTATION('',(#1640),#14730) ;
#11732 =(LENGTH_UNIT() NAMED_UNIT(*) SI_UNIT(.MILLI.,.METRE.));
#11733 = FILL_AREA_STYLE('',(#2587)) ;
#11734 = VERTEX_POINT('NONE',#9364) ;
#11735=CARTESIAN_POINT('NONE',(-2.368206358308,3.301,0.929713296567));
#11736 = VERTEX_POINT('NONE',#12650) ;
#11737 = EDGE_CURVE('NONE',#1694,#8858,#11571,.T.) ;
#11738 = FILL_AREA_STYLE_COLOUR('',#9995) ;
#11739=DIRECTION('NONE',(0.,0.,1.));
#11740=CARTESIAN_POINT('NONE',(-2.291762386433,3.299999999999,0.825757165794));
#11741 = VECTOR('NONE',#5290,1000.) ;
#11742 = ORIENTED_EDGE('NONE',*,*,#14839,.F.) ;
#11743 = VERTEX_POINT('NONE',#11719) ;
#11744 = LINE('NONE',#9609,#12863) ;
#11745 = ORIENTED_EDGE('NONE',*,*,#3797,.T.) ;
#11746 = LINE('NONE',#12755,#2627) ;
#11747=CARTESIAN_POINT('NONE',(-2.448671365021,3.299999999999,0.575844779842));
#11748 =(NAMED_UNIT(*) SI_UNIT($,.STERADIAN.) SOLID_ANGLE_UNIT());
#11749=CARTESIAN_POINT('NONE',(-2.455502237896,3.301,0.932026354102));
#11750 = VERTEX_POINT('NONE',#2818) ;
#11751 = ADVANCED_FACE('NONE',(#11645),#5103,.F.) ;
#11752=CARTESIAN_POINT('NONE',(-2.621037256947,3.301,0.855987867869));
#11753=CARTESIAN_POINT('NONE',(-2.755420337475,3.301,0.614283172301));
#11754 = PRESENTATION_STYLE_ASSIGNMENT((#791)) ;
#11755 = UNCERTAINTY_MEASURE_WITH_UNIT(LENGTH_MEASURE(1.000000000000E-05),#2340,'distance_accuracy_value','NONE');
#11756=CARTESIAN_POINT('NONE',(-2.323176201807,3.299999999999,0.694084866093));
#11757 = SURFACE_STYLE_USAGE(.BOTH.,#663) ;
#11758=CARTESIAN_POINT('NONE',(-2.333566237399,3.301,0.808803337215));
#11759=DIRECTION('NONE',(-1.264902534566000E-16,-1.,0.));
#11760 = ORIENTED_EDGE('NONE',*,*,#4942,.F.) ;
#11761 = ORIENTED_EDGE('NONE',*,*,#1637,.F.) ;
#11762=CARTESIAN_POINT('NONE',(-1.64714409788,3.299999999999,0.848167552084));
#11763=CARTESIAN_POINT('NONE',(-1.621381567201,3.299999999999,0.885657628431));
#11764 = ORIENTED_EDGE('NONE',*,*,#7463,.F.) ;
#11765=AXIS2_PLACEMENT_3D('NONE',#2039,#12324,#970);
#11766=DIRECTION('NONE',(-0.999974850185,0.,-0.007092178509));
#11767 = SURFACE_STYLE_USAGE(.BOTH.,#8530) ;
#11768 = ORIENTED_EDGE('NONE',*,*,#4860,.F.) ;
#11769=DIRECTION('NONE',(0.,-1.,0.));
#11770 = VERTEX_POINT('NONE',#7289) ;
#11771=CARTESIAN_POINT('NONE',(-1.739697190505,3.301,0.563801307785));
#11772 = PRESENTATION_STYLE_ASSIGNMENT((#4167)) ;
#11773 = ADVANCED_FACE('NONE',(#14698),#442,.F.) ;
#11774=CARTESIAN_POINT('NONE',(-2.419609323552,3.299999999999,0.638874651521));
#11775 = EDGE_CURVE('NONE',#9929,#3308,#2373,.T.) ;
#11776 = SURFACE_STYLE_FILL_AREA(#14747) ;
#11777 = COLOUR_RGB('',0.647058823529,0.619607843137,0.588235294117) ;
#11778 = LINE('NONE',#1702,#7861) ;
#11779 = LINE('NONE',#8550,#7823) ;
#11780 = EDGE_CURVE('NONE',#11540,#6498,#12531,.T.) ;
#11781 = COLOUR_RGB('',1.,1.,1.) ;
#11782 = B_SPLINE_CURVE_WITH_KNOTS('NONE',3,(#6866,#8837,#13212,#3239),.UNSPECIFIED.,.F.,.F.,(4,4),(21.,22.000000000000),.UNSPECIFIED.) ;
#11783 = STYLED_ITEM('NONE',(#9195),#11257) ;
#11784=DIRECTION('NONE',(0.,-1.,0.));
#11785 = COLOUR_RGB('',0.647058823529,0.619607843137,0.588235294117) ;
#11786 = COLOUR_RGB('',0.647058823529,0.619607843137,0.588235294117) ;
#11787=CARTESIAN_POINT('NONE',(-1.694362087446,3.301,0.899889462966));
#11788 = EDGE_CURVE('NONE',#8751,#13100,#2453,.T.) ;
#11789=DIRECTION('NONE',(0.,-1.,0.));
#11790 = FILL_AREA_STYLE('',(#2822)) ;
#11791 = ORIENTED_EDGE('NONE',*,*,#9553,.F.) ;
#11792 = SURFACE_STYLE_FILL_AREA(#7298) ;
#11793 = FACE_OUTER_BOUND('NONE',#11329,.T.) ;
#11794=CARTESIAN_POINT('NONE',(-2.419553574988,3.301,0.631014279365));
#11795 = PRESENTATION_STYLE_ASSIGNMENT((#560)) ;
#11796 = LINE('NONE',#12661,#8817) ;
#11797=CARTESIAN_POINT('NONE',(-2.393336196919,3.301,0.703693967497));
#11798 = VECTOR('NONE',#5080,1000.) ;
#11799 = ORIENTED_EDGE('NONE',*,*,#1004,.F.) ;
#11800 = SURFACE_STYLE_USAGE(.BOTH.,#12885) ;
#11801 = ORIENTED_EDGE('NONE',*,*,#6640,.T.) ;
#11802 = EDGE_CURVE('NONE',#14132,#13096,#7978,.T.) ;
#11803 = VERTEX_POINT('NONE',#11521) ;
#11804=CARTESIAN_POINT('NONE',(-1.827131081904,3.301,0.658618748919));
#11805 = SURFACE_STYLE_FILL_AREA(#718) ;
#11806 = ORIENTED_EDGE('NONE',*,*,#12932,.T.) ;
#11807 = STYLED_ITEM('NONE',(#14732),#14036) ;
#11808 = ORIENTED_EDGE('NONE',*,*,#2107,.F.) ;
#11809 = VECTOR('NONE',#9216,1000.) ;
#11810 = FACE_OUTER_BOUND('NONE',#13085,.T.) ;
#11811=DIRECTION('NONE',(-1.,0.,0.));
#11812 = ORIENTED_EDGE('NONE',*,*,#7009,.F.) ;
#11813 =(NAMED_UNIT(*) PLANE_ANGLE_UNIT() SI_UNIT($,.RADIAN.));
#11814=AXIS2_PLACEMENT_3D('NONE',#5934,#10459,#1567);
#11815 = PRESENTATION_STYLE_ASSIGNMENT((#501)) ;
#11816=CARTESIAN_POINT('NONE',(-2.222511383839,3.299999999999,0.825562061135));
#11817=CARTESIAN_POINT('NONE',(-1.740933984092,3.299999999999,0.738182977972));
#11818 = EDGE_CURVE('NONE',#4434,#2585,#1576,.T.) ;
#11819=CARTESIAN_POINT('NONE',(-1.974765770617,3.301,0.923061550359));
#11820=DIRECTION('NONE',(-0.999974850185,0.,-0.007092178509));
#11821=CARTESIAN_POINT('NONE',(-2.316067551767,3.301,0.808927444139));
#11822 = MECHANICAL_DESIGN_GEOMETRIC_PRESENTATION_REPRESENTATION('',(#5197),#4731) ;
#11823 = VECTOR('NONE',#8460,1000.) ;
#11824 = ORIENTED_EDGE('NONE',*,*,#3681,.T.) ;
#11825 = PLANE('NONE',#6654) ;
#11826 = VECTOR('NONE',#5928,1000.) ;
#11827 =(NAMED_UNIT(*) SI_UNIT($,.STERADIAN.) SOLID_ANGLE_UNIT());
#11828 = LINE('NONE',#3716,#10286) ;
#11829=CARTESIAN_POINT('NONE',(2.,2.,0.));
#11830 = ORIENTED_EDGE('NONE',*,*,#8864,.T.) ;
#11831 = VERTEX_POINT('NONE',#13683) ;
#11832 = EDGE_CURVE('NONE',#5774,#3642,#898,.T.) ;
#11833 = B_SPLINE_SURFACE_WITH_KNOTS('NONE',3,1,((#5972,#3783),(#8062,#6953),(#9252,#2619),(#12544,#12769)),.UNSPECIFIED.,.F.,.F.,.F.,(4,4),(2,2),(8.000000000000,9.000000000000),(0.,1.),.UNSPECIFIED.) ;
#11834 = PLANE('NONE',#12542) ;
#11835 =(GEOMETRIC_REPRESENTATION_CONTEXT(3) GLOBAL_UNCERTAINTY_ASSIGNED_CONTEXT((#1162)) GLOBAL_UNIT_ASSIGNED_CONTEXT((#1903,#4010,#1693)) REPRESENTATION_CONTEXT('NONE','WORKASPACE'));
#11836 = ORIENTED_EDGE('NONE',*,*,#2994,.F.) ;
#11837 = FILL_AREA_STYLE_COLOUR('',#2411) ;
#11838 = ORIENTED_EDGE('NONE',*,*,#9083,.F.) ;
#11839 = PRESENTATION_STYLE_ASSIGNMENT((#6364)) ;
#11840 = SURFACE_SIDE_STYLE('',(#12856)) ;
#11841 = VERTEX_POINT('NONE',#8129) ;
#11842=CARTESIAN_POINT('NONE',(-2.368089551792,3.301,0.913243945384));
#11843 = VECTOR('NONE',#12729,1000.) ;
#11844 = VERTEX_POINT('NONE',#11359) ;
#11845 = LINE('NONE',#4100,#585) ;
#11846 = MECHANICAL_DESIGN_GEOMETRIC_PRESENTATION_REPRESENTATION('',(#14186),#5926) ;
#11847 = FILL_AREA_STYLE('',(#7351)) ;
#11848 = COLOUR_RGB('',0.250980392156,0.250980392156,0.250980392156) ;
#11849=CARTESIAN_POINT('NONE',(-2.772473715671,3.299999999999,0.661326828922));
#11850=CARTESIAN_POINT('NONE',(-2.710853244851,3.299999999999,0.703438408685));
#11851 = COLOUR_RGB('',1.,1.,1.) ;
#11852 = FACE_OUTER_BOUND('NONE',#9066,.T.) ;
#11853 = SURFACE_STYLE_FILL_AREA(#468) ;
#11854 =(GEOMETRIC_REPRESENTATION_CONTEXT(3) GLOBAL_UNCERTAINTY_ASSIGNED_CONTEXT((#6275)) GLOBAL_UNIT_ASSIGNED_CONTEXT((#7082,#13968,#6090)) REPRESENTATION_CONTEXT('NONE','WORKASPACE'));
#11855=CARTESIAN_POINT('NONE',(-2.47728301994,3.301,0.616442982551));
#11856 = STYLED_ITEM('NONE',(#11136),#13517) ;
#11857=CARTESIAN_POINT('NONE',(-0.880617391387,-2.499402530603,7.7));
#11858 =(GEOMETRIC_REPRESENTATION_CONTEXT(3) GLOBAL_UNCERTAINTY_ASSIGNED_CONTEXT((#12633)) GLOBAL_UNIT_ASSIGNED_CONTEXT((#13986,#10568,#7472)) REPRESENTATION_CONTEXT('NONE','WORKASPACE'));
#11859 = VERTEX_POINT('NONE',#11596) ;
#11860=CARTESIAN_POINT('NONE',(-2.71059662169,3.301,0.649662596819));
#11861=DIRECTION('NONE',(0.373386312957,0.,-0.927675946274));
#11862=CARTESIAN_POINT('NONE',(-2.106211892943,3.301,0.739930350746));
#11863 = CYLINDRICAL_SURFACE('NONE',#6347,3.200000000000) ;
#11864 = SURFACE_SIDE_STYLE('',(#11792)) ;
#11865 = SURFACE_STYLE_FILL_AREA(#1647) ;
#11866 = PRESENTATION_STYLE_ASSIGNMENT((#1507)) ;
#11867 = STYLED_ITEM('NONE',(#9136),#3691) ;
#11868=CARTESIAN_POINT('NONE',(-3.299999999999,-3.299999999999,0.5));
#11869=CARTESIAN_POINT('NONE',(-2.431566470072,3.301,0.701863148656));
#11870 =(GEOMETRIC_REPRESENTATION_CONTEXT(3) GLOBAL_UNCERTAINTY_ASSIGNED_CONTEXT((#10258)) GLOBAL_UNIT_ASSIGNED_CONTEXT((#10920,#4400,#3520)) REPRESENTATION_CONTEXT('NONE','WORKASPACE'));
#11871 = ADVANCED_FACE('NONE',(#10180),#12749,.F.) ;
#11872 = EDGE_CURVE('NONE',#9670,#11841,#2881,.T.) ;
#11873 =(LENGTH_UNIT() NAMED_UNIT(*) SI_UNIT(.MILLI.,.METRE.));
#11874 = EDGE_LOOP('NONE',(#14097,#916,#13036,#8924)) ;
#11875 =(NAMED_UNIT(*) PLANE_ANGLE_UNIT() SI_UNIT($,.RADIAN.));
#11876 = PRESENTATION_LAYER_ASSIGNMENT('','',(#3632)) ;
#11877 = ORIENTED_EDGE('NONE',*,*,#9748,.T.) ;
#11878 = FACE_OUTER_BOUND('NONE',#2756,.T.) ;
#11879 = UNCERTAINTY_MEASURE_WITH_UNIT(LENGTH_MEASURE(1.000000000000E-05),#10781,'distance_accuracy_value','NONE');
#11880 = SURFACE_SIDE_STYLE('',(#11955)) ;
#11881=CARTESIAN_POINT('NONE',(-1.929239807901,3.299999999999,0.62058712364));
#11882=DIRECTION('NONE',(0.338211162486,0.,-0.941070246883));
#11883 = ORIENTED_EDGE('NONE',*,*,#9928,.F.) ;
#11884 = ORIENTED_EDGE('NONE',*,*,#14643,.T.) ;
#11885 = COLOUR_RGB('',0.647058823529,0.619607843137,0.588235294117) ;
#11886 = LINE('NONE',#10558,#11214) ;
#11887 = ORIENTED_EDGE('NONE',*,*,#11899,.T.) ;
#11888=CARTESIAN_POINT('NONE',(-1.594296132205,3.301,0.858953686889));
#11889 = EDGE_CURVE('NONE',#10844,#7801,#4871,.T.) ;
#11890 =(LENGTH_UNIT() NAMED_UNIT(*) SI_UNIT(.MILLI.,.METRE.));
#11891=CARTESIAN_POINT('NONE',(-2.301221483031,3.301,0.642085008008));
#11892=DIRECTION('NONE',(0.,0.,-1.));
#11893 = EDGE_CURVE('NONE',#14159,#12412,#1592,.T.) ;
#11894 = B_SPLINE_CURVE_WITH_KNOTS('NONE',3,(#1737,#8727,#7749,#9974),.UNSPECIFIED.,.F.,.F.,(4,4),(1.,2.000000000000),.UNSPECIFIED.) ;
#11895 = PRESENTATION_LAYER_ASSIGNMENT('','',(#7187)) ;
#11896 = ORIENTED_EDGE('NONE',*,*,#6541,.T.) ;
#11897 =(GEOMETRIC_REPRESENTATION_CONTEXT(3) GLOBAL_UNCERTAINTY_ASSIGNED_CONTEXT((#14478)) GLOBAL_UNIT_ASSIGNED_CONTEXT((#6259,#5222,#3053)) REPRESENTATION_CONTEXT('NONE','WORKASPACE'));
#11898=DIRECTION('NONE',(0.,-1.,0.));
#11899 = EDGE_CURVE('NONE',#12159,#12127,#10716,.T.) ;
#11900 = UNCERTAINTY_MEASURE_WITH_UNIT(LENGTH_MEASURE(1.000000000000E-05),#10340,'distance_accuracy_value','NONE');
#11901 = SURFACE_STYLE_USAGE(.BOTH.,#4151) ;
#11902=CARTESIAN_POINT('NONE',(-2.66546274503,3.299999999999,0.614921183651));
#11903 = FILL_AREA_STYLE('',(#2938)) ;
#11904 = ORIENTED_EDGE('NONE',*,*,#3674,.T.) ;
#11905 = STYLED_ITEM('NONE',(#6210),#8186) ;
#11906 = EDGE_CURVE('NONE',#6216,#5069,#10560,.T.) ;
#11907 = ORIENTED_EDGE('NONE',*,*,#2078,.F.) ;
#11908 = PRESENTATION_LAYER_ASSIGNMENT('','',(#4825)) ;
#11909=CARTESIAN_POINT('NONE',(-2.680970235921,3.299999999999,0.628723509804));
#11910=DIRECTION('NONE',(-0.999974850185,0.,-0.007092178509));
#11911=CARTESIAN_POINT('NONE',(-2.306220868519,3.299999999999,0.929154727078));
#11912 = EDGE_LOOP('NONE',(#8335,#5780,#10212,#1502)) ;
#11913 = VERTEX_POINT('NONE',#11888) ;
#11914=DIRECTION('NONE',(0.,-1.,0.));
#11915 = VECTOR('NONE',#9552,1000.) ;
#11916 = EDGE_CURVE('NONE',#2296,#9361,#12827,.T.) ;
#11917 = UNCERTAINTY_MEASURE_WITH_UNIT(LENGTH_MEASURE(1.000000000000E-05),#6966,'distance_accuracy_value','NONE');
#11918=CARTESIAN_POINT('NONE',(-2.791843484388,3.299999999999,0.71390650379));
#11919 = EDGE_LOOP('NONE',(#13592,#9170,#1686,#4350)) ;
#11920 = SURFACE_STYLE_FILL_AREA(#13000) ;
#11921 = ORIENTED_EDGE('NONE',*,*,#9820,.F.) ;
#11922 = PLANE('NONE',#1276) ;
#11923=CARTESIAN_POINT('NONE',(-2.71059662169,3.301,0.649662596819));
#11924 = LINE('NONE',#3161,#10619) ;
#11925 = STYLED_ITEM('NONE',(#4845),#8722) ;
#11926 = LINE('NONE',#14232,#6157) ;
#11927 = SURFACE_SIDE_STYLE('',(#12065)) ;
#11928 = VECTOR('NONE',#13163,999.999999999999) ;
#11929=DIRECTION('NONE',(1.,0.,0.));
#11930 =(LENGTH_UNIT() NAMED_UNIT(*) SI_UNIT(.MILLI.,.METRE.));
#11931 = EDGE_LOOP('NONE',(#4365,#5986,#6166,#5733,#810,#7645,#10052,#2481,#2684,#5128,#12518,#11036,#1809,#13418,#3489)) ;
#11932 = FACE_OUTER_BOUND('NONE',#4135,.T.) ;
#11933 = EDGE_CURVE('NONE',#3560,#7649,#11746,.T.) ;
#11934 = ORIENTED_EDGE('NONE',*,*,#1208,.F.) ;
#11935=CARTESIAN_POINT('NONE',(-2.426892537098,3.301,0.65859968932));
#11936 = SURFACE_STYLE_FILL_AREA(#8702) ;
#11937 = VECTOR('NONE',#4546,1000.) ;
#11938=CARTESIAN_POINT('NONE',(-2.641082409328,3.301,0.9114325567));
#11939 = STYLED_ITEM('NONE',(#6139),#9815) ;
#11940 =(NAMED_UNIT(*) PLANE_ANGLE_UNIT() SI_UNIT($,.RADIAN.));
#11941 = ORIENTED_EDGE('NONE',*,*,#5801,.F.) ;
#11942=CARTESIAN_POINT('NONE',(-2.457511557726,3.301,0.823895356034));
#11943=CARTESIAN_POINT('NONE',(-2.79108071915,3.301,0.711915528186));
#11944 = FILL_AREA_STYLE('',(#13228)) ;
#11945 =(LENGTH_UNIT() NAMED_UNIT(*) SI_UNIT(.MILLI.,.METRE.));
#11946=CARTESIAN_POINT('NONE',(-0.899999999999,-0.325,-0.05));
#11947 = B_SPLINE_CURVE_WITH_KNOTS('NONE',3,(#10831,#4028,#6456,#5195),.UNSPECIFIED.,.F.,.F.,(4,4),(2.000000000000,3.000000000000),.UNSPECIFIED.) ;
#11948=CARTESIAN_POINT('NONE',(-1.607235836295,3.301,0.72611700111));
#11949 = PRESENTATION_LAYER_ASSIGNMENT('','',(#5340)) ;
#11950 = COLOUR_RGB('',0.647058823529,0.619607843137,0.588235294117) ;
#11951 = ORIENTED_EDGE('NONE',*,*,#13197,.T.) ;
#11952 = PLANE('NONE',#14085) ;
#11953 = ORIENTED_EDGE('NONE',*,*,#1397,.F.) ;
#11954=CARTESIAN_POINT('NONE',(-2.457511557726,3.301,0.823895356034));
#11955 = SURFACE_STYLE_FILL_AREA(#10851) ;
#11956 = SURFACE_STYLE_USAGE(.BOTH.,#4062) ;
#11957 = VECTOR('NONE',#11575,1000.) ;
#11958=CARTESIAN_POINT('NONE',(-2.323176201807,3.299999999999,0.694084866093));
#11959 = ORIENTED_EDGE('NONE',*,*,#5305,.F.) ;
#11960 = ORIENTED_EDGE('NONE',*,*,#8941,.F.) ;
#11961=CARTESIAN_POINT('NONE',(3.3,-1.,0.5));
#11962 = EDGE_CURVE('NONE',#1946,#10866,#11564,.T.) ;
#11963 = ORIENTED_EDGE('NONE',*,*,#2531,.F.) ;
#11964=DIRECTION('NONE',(0.,-1.,0.));
#11965 =(GEOMETRIC_REPRESENTATION_CONTEXT(3) GLOBAL_UNCERTAINTY_ASSIGNED_CONTEXT((#9675)) GLOBAL_UNIT_ASSIGNED_CONTEXT((#4834,#13723,#1492)) REPRESENTATION_CONTEXT('NONE','WORKASPACE'));
#11966 = STYLED_ITEM('NONE',(#2380),#4170) ;
#11967 =(NAMED_UNIT(*) SI_UNIT($,.STERADIAN.) SOLID_ANGLE_UNIT());
#11968 =(LENGTH_UNIT() NAMED_UNIT(*) SI_UNIT(.MILLI.,.METRE.));
#11969 = LINE('NONE',#9763,#5708) ;
#11970=DIRECTION('NONE',(1.,0.,0.));
#11971 = FACE_OUTER_BOUND('NONE',#5326,.T.) ;
#11972 = ORIENTED_EDGE('NONE',*,*,#5610,.F.) ;
#11973=CARTESIAN_POINT('NONE',(-2.105713522633,3.301,0.79199069963));
#11974 = EDGE_CURVE('NONE',#12875,#10470,#13907,.T.) ;
#11975 = LINE('NONE',#9624,#13964) ;
#11976 =(LENGTH_UNIT() NAMED_UNIT(*) SI_UNIT(.MILLI.,.METRE.));
#11977 = PRESENTATION_STYLE_ASSIGNMENT((#10872)) ;
#11978 = EDGE_CURVE('NONE',#9929,#12210,#7243,.T.) ;
#11979 = ORIENTED_EDGE('NONE',*,*,#3862,.F.) ;
#11980=DIRECTION('NONE',(0.,-1.,0.));
#11981=CARTESIAN_POINT('NONE',(-2.603983878753,3.299999999999,0.808944211248));
#11982 = UNCERTAINTY_MEASURE_WITH_UNIT(LENGTH_MEASURE(1.000000000000E-05),#14842,'distance_accuracy_value','NONE');
#11983=CARTESIAN_POINT('NONE',(-1.694860474421,3.299999999999,0.847829130512));
#11984 = VERTEX_POINT('NONE',#1667) ;
#11985 = ADVANCED_FACE('NONE',(#11668),#9611,.F.) ;
#11986=CARTESIAN_POINT('NONE',(-3.899999999999,-0.324999999999,-0.05));
#11987=CARTESIAN_POINT('NONE',(-2.647750805978,3.299999999999,0.628959113856));
#11988 = SURFACE_STYLE_FILL_AREA(#13201) ;
#11989 = VERTEX_POINT('NONE',#7746) ;
#11990=CARTESIAN_POINT('NONE',(-2.265067138462,3.301,0.672723917952));
#11991 = ORIENTED_EDGE('NONE',*,*,#4458,.F.) ;
#11992 = LINE('NONE',#7350,#14604) ;
#11993 = FACE_OUTER_BOUND('NONE',#12627,.T.) ;
#11994 = ORIENTED_EDGE('NONE',*,*,#3578,.T.) ;
#11995=CARTESIAN_POINT('NONE',(2.,2.,-0.01));
#11996=CARTESIAN_POINT('NONE',(-2.408302837861,3.299999999999,0.918324024192));
#11997 = EDGE_CURVE('NONE',#9522,#4372,#6551,.T.) ;
#11998 =(NAMED_UNIT(*) SI_UNIT($,.STERADIAN.) SOLID_ANGLE_UNIT());
#11999 = EDGE_LOOP('NONE',(#4962,#6755,#7588,#8057)) ;
#12000=DIRECTION('NONE',(1.,0.,0.));
#12001=CARTESIAN_POINT('NONE',(-2.305354750381,3.299999999999,0.653098200189));
#12002 = VERTEX_POINT('NONE',#13172) ;
#12003=CARTESIAN_POINT('NONE',(-2.308087033146,3.301,0.655699077713));
#12004 = FILL_AREA_STYLE_COLOUR('',#12588) ;
#12005 = STYLED_ITEM('NONE',(#12815),#14428) ;
#12006 =(NAMED_UNIT(*) PLANE_ANGLE_UNIT() SI_UNIT($,.RADIAN.));
#12007=DIRECTION('NONE',(0.,-1.,0.));
#12008 = FILL_AREA_STYLE_COLOUR('',#2530) ;
#12009 = EDGE_CURVE('NONE',#7513,#723,#12235,.T.) ;
#12010 = FACE_OUTER_BOUND('NONE',#1332,.T.) ;
#12011 = SURFACE_STYLE_FILL_AREA(#7521) ;
#12012 = STYLED_ITEM('NONE',(#11020),#11160) ;
#12013 = MECHANICAL_DESIGN_GEOMETRIC_PRESENTATION_REPRESENTATION('',(#5412),#11083) ;
#12014 = EDGE_LOOP('NONE',(#9700,#3029,#3193,#14484)) ;
#12015 = SURFACE_STYLE_USAGE(.BOTH.,#9886) ;
#12016 =(NAMED_UNIT(*) SI_UNIT($,.STERADIAN.) SOLID_ANGLE_UNIT());
#12017 =(NAMED_UNIT(*) SI_UNIT($,.STERADIAN.) SOLID_ANGLE_UNIT());
#12018 = PRESENTATION_STYLE_ASSIGNMENT((#14774)) ;
#12019 =(NAMED_UNIT(*) PLANE_ANGLE_UNIT() SI_UNIT($,.RADIAN.));
#12020 = ORIENTED_EDGE('NONE',*,*,#472,.F.) ;
#12021 = VERTEX_POINT('NONE',#12164) ;
#12022 = PRESENTATION_STYLE_ASSIGNMENT((#5441)) ;
#12023 = VERTEX_POINT('NONE',#6484) ;
#12024 = SURFACE_STYLE_FILL_AREA(#5373) ;
#12025 = CIRCLE('NONE',#12940,0.500000000000) ;
#12026 = PRESENTATION_STYLE_ASSIGNMENT((#7616)) ;
#12027=CARTESIAN_POINT('NONE',(-2.276556208829,3.301,0.889624572402));
#12028=CARTESIAN_POINT('NONE',(-2.317216537321,3.301,0.627872093431));
#12029=CARTESIAN_POINT('NONE',(-2.487107376923,3.301,0.603022477289));
#12030=DIRECTION('NONE',(0.999974850185,0.,0.007092178509));
#12031 = EDGE_CURVE('NONE',#5688,#10455,#13972,.T.) ;
#12032 = LINE('NONE',#6343,#503) ;
#12033 = SURFACE_SIDE_STYLE('',(#8515)) ;
#12034 = VECTOR('NONE',#8411,1000.) ;
#12035 = SURFACE_STYLE_USAGE(.BOTH.,#13115) ;
#12036 = UNCERTAINTY_MEASURE_WITH_UNIT(LENGTH_MEASURE(1.000000000000E-05),#6822,'distance_accuracy_value','NONE');
#12037 = FILL_AREA_STYLE_COLOUR('',#11059) ;
#12038=CARTESIAN_POINT('NONE',(-2.693120290172,3.301,0.718911389952));
#12039 =(NAMED_UNIT(*) PLANE_ANGLE_UNIT() SI_UNIT($,.RADIAN.));
#12040 = EDGE_LOOP('NONE',(#6859,#8896,#13114,#703)) ;
#12041=CARTESIAN_POINT('NONE',(-2.293064051676,3.301,0.886138592513));
#12042 =(NAMED_UNIT(*) PLANE_ANGLE_UNIT() SI_UNIT($,.RADIAN.));
#12043=CARTESIAN_POINT('NONE',(-2.27110844661,3.299999999999,0.825217393422));
#12044 = VECTOR('NONE',#1343,1000.) ;
#12045 = EDGE_CURVE('NONE',#943,#1591,#13105,.T.) ;
#12046 = FILL_AREA_STYLE_COLOUR('',#10194) ;
#12047=CARTESIAN_POINT('NONE',(-2.534636222652,3.299999999999,0.931465107641));
#12048 = EDGE_CURVE('NONE',#5220,#7970,#7614,.T.) ;
#12049=AXIS2_PLACEMENT_3D('NONE',#9292,#14824,#13729);
#12050 = EDGE_CURVE('NONE',#9247,#10556,#8517,.T.) ;
#12051 = SURFACE_SIDE_STYLE('',(#12918)) ;
#12052 = EDGE_LOOP('NONE',(#3799,#2980,#11126,#12124)) ;
#12053 = ORIENTED_EDGE('NONE',*,*,#11524,.T.) ;

#12055 =(LENGTH_UNIT() NAMED_UNIT(*) SI_UNIT(.MILLI.,.METRE.));
#12056=CARTESIAN_POINT('NONE',(-2.431933018816,3.299999999999,0.625997903456));
#12057 = STYLED_ITEM('NONE',(#4755),#12608) ;
#12058 = VERTEX_POINT('NONE',#9971) ;
#12059 = ORIENTED_EDGE('NONE',*,*,#1634,.T.) ;
#12060 = FACE_OUTER_BOUND('NONE',#12814,.T.) ;
#12061 = EDGE_LOOP('NONE',(#4128,#7186,#5364,#1511)) ;
#12062=CARTESIAN_POINT('NONE',(-2.324699078981,3.301,0.706489087061));
#12063=AXIS2_PLACEMENT_3D('NONE',#5552,#13425,#2327);
#12064 = ADVANCED_FACE('NONE',(#2220),#14197,.F.) ;
#12065 = SURFACE_STYLE_FILL_AREA(#7653) ;
#12066 = VECTOR('NONE',#13885,1000.) ;
#12067 = PLANE('NONE',#14719) ;
#12068 = STYLED_ITEM('NONE',(#1045),#1065) ;
#12069 = VERTEX_POINT('NONE',#2091) ;
#12070=CARTESIAN_POINT('NONE',(0.,0.,1.571543008235));
#12071 = STYLED_ITEM('NONE',(#9291),#5204) ;
#12072 =(LENGTH_UNIT() NAMED_UNIT(*) SI_UNIT(.MILLI.,.METRE.));
#12073 = STYLED_ITEM('NONE',(#14795),#2415) ;
#12074=CARTESIAN_POINT('NONE',(-2.301221483031,3.299999999999,0.642085008008));
#12075 = ORIENTED_EDGE('NONE',*,*,#10202,.F.) ;
#12076=CARTESIAN_POINT('NONE',(3.3,-1.,1.));
#12077 = EDGE_CURVE('NONE',#12539,#12546,#1947,.T.) ;
#12078 = STYLED_ITEM('NONE',(#14711),#13374) ;
#12079 =(NAMED_UNIT(*) SI_UNIT($,.STERADIAN.) SOLID_ANGLE_UNIT());
#12080 = PRESENTATION_STYLE_ASSIGNMENT((#6392)) ;
#12081 = FILL_AREA_STYLE_COLOUR('',#14577) ;
#12082 = EDGE_CURVE('NONE',#1303,#408,#13421,.T.) ;
#12083=CARTESIAN_POINT('NONE',(-2.304713207794,3.299999999999,0.615420975662));
#12084 = LINE('NONE',#14749,#6906) ;
#12085 = STYLED_ITEM('NONE',(#2592),#7124) ;
#12086 = ORIENTED_EDGE('NONE',*,*,#8003,.T.) ;
#12087=CARTESIAN_POINT('NONE',(-2.606839145611,3.301,0.723328936307));
#12088 = SURFACE_STYLE_USAGE(.BOTH.,#11880) ;
#12089=CARTESIAN_POINT('NONE',(1.,-3.299999999999,1.));
#12090=CARTESIAN_POINT('NONE',(-1.568084401449,3.301,0.833111174432));
#12091 = PLANE('NONE',#3395) ;
#12092 = MECHANICAL_DESIGN_GEOMETRIC_PRESENTATION_REPRESENTATION('',(#10695),#8099) ;
#12093 = VERTEX_POINT('NONE',#6615) ;
#12094 = EDGE_CURVE('NONE',#13391,#2799,#5381,.T.) ;
#12095 = EDGE_LOOP('NONE',(#14196,#1614,#14009,#13013,#6564)) ;
#12096 = PRESENTATION_STYLE_ASSIGNMENT((#4338)) ;
#12097 =(NAMED_UNIT(*) SI_UNIT($,.STERADIAN.) SOLID_ANGLE_UNIT());
#12098 = ORIENTED_EDGE('NONE',*,*,#8214,.F.) ;
#12099 = B_SPLINE_CURVE_WITH_KNOTS('NONE',3,(#403,#2899,#12808,#9375),.UNSPECIFIED.,.F.,.F.,(4,4),(16.000000000000,17.000000000000),.UNSPECIFIED.) ;
#12100 =(GEOMETRIC_REPRESENTATION_CONTEXT(3) GLOBAL_UNCERTAINTY_ASSIGNED_CONTEXT((#456)) GLOBAL_UNIT_ASSIGNED_CONTEXT((#4333,#11123,#4409)) REPRESENTATION_CONTEXT('NONE','WORKASPACE'));
#12101=DIRECTION('NONE',(1.,0.,0.));
#12102 = FILL_AREA_STYLE('',(#5446)) ;
#12103 = VECTOR('NONE',#3720,1000.) ;
#12105=AXIS2_PLACEMENT_3D('NONE',#8746,#3293,#10056);
#12104 = LINE('NONE',#6556,#709) ;
#12106 = ORIENTED_EDGE('NONE',*,*,#5628,.F.) ;
#12107=CARTESIAN_POINT('NONE',(-2.323029332435,3.299999999999,0.822915153606));
#12108 = MECHANICAL_DESIGN_GEOMETRIC_PRESENTATION_REPRESENTATION('',(#6924),#876) ;
#12109=CARTESIAN_POINT('NONE',(-1.588586109549,3.301,0.665516266492));
#12110 = VERTEX_POINT('NONE',#11133) ;
#12111=DIRECTION('NONE',(0.,-1.,0.));
#12112=CARTESIAN_POINT('NONE',(-2.399911048344,3.301,0.614745798602));
#12113=CARTESIAN_POINT('NONE',(-2.333883215155,3.301,0.620392216211));
#12114 =(GEOMETRIC_REPRESENTATION_CONTEXT(3) GLOBAL_UNCERTAINTY_ASSIGNED_CONTEXT((#12340)) GLOBAL_UNIT_ASSIGNED_CONTEXT((#13056,#2779,#7405)) REPRESENTATION_CONTEXT('NONE','WORKASPACE'));
#12115 =(NAMED_UNIT(*) SI_UNIT($,.STERADIAN.) SOLID_ANGLE_UNIT());
#12116=CARTESIAN_POINT('NONE',(-2.291762386433,3.301,0.825757165794));
#12117 = ORIENTED_EDGE('NONE',*,*,#3941,.T.) ;
#12118 = VERTEX_POINT('NONE',#6837) ;
#12119=DIRECTION('NONE',(0.007092178509,0.,-0.999974850185));
#12120 = SURFACE_SIDE_STYLE('',(#4298)) ;
#12121 = ORIENTED_EDGE('NONE',*,*,#3081,.F.) ;
#12122 = PRESENTATION_LAYER_ASSIGNMENT('','',(#14666)) ;
#12123 = SURFACE_STYLE_FILL_AREA(#13280) ;
#12124 = ORIENTED_EDGE('NONE',*,*,#13575,.T.) ;
#12125 = FACE_OUTER_BOUND('NONE',#7164,.T.) ;
#12126 = FACE_OUTER_BOUND('NONE',#1653,.T.) ;
#12127 = VERTEX_POINT('NONE',#14538) ;
#12128 = SURFACE_STYLE_USAGE(.BOTH.,#9645) ;
#12129 = COLOUR_RGB('',0.250980392156,0.250980392156,0.250980392156) ;
#12130 = EDGE_CURVE('NONE',#5515,#6258,#13448,.T.) ;
#12131=DIRECTION('NONE',(0.007092178509,0.,-0.999974850185));
#12132=CARTESIAN_POINT('NONE',(-2.305578621182,3.299999999999,0.631885017457));
#12133=CARTESIAN_POINT('NONE',(-2.454718845175,3.301,0.588466458886));
#12134 = ORIENTED_EDGE('NONE',*,*,#2909,.T.) ;
#12135 = STYLED_ITEM('NONE',(#11376),#9261) ;
#12136=CARTESIAN_POINT('NONE',(-2.073527232118,3.299999999999,0.657738820371));
#12137 =(NAMED_UNIT(*) PLANE_ANGLE_UNIT() SI_UNIT($,.RADIAN.));
#12138 = ADVANCED_FACE('NONE',(#1430),#2917,.F.) ;
#12139 = VERTEX_POINT('NONE',#4477) ;
#12140=CARTESIAN_POINT('NONE',(-2.41094482902,3.299999999999,0.705877401422));
#12141=CARTESIAN_POINT('NONE',(-2.731690350175,3.301,0.677025678973));
#12142=CARTESIAN_POINT('NONE',(-1.857096160457,3.299999999999,0.96901204209));
#12143=CARTESIAN_POINT('NONE',(-2.562157698737,3.301,0.915111671114));
#12144 =(LENGTH_UNIT() NAMED_UNIT(*) SI_UNIT(.MILLI.,.METRE.));
#12145 = ADVANCED_FACE('NONE',(#10236),#10319,.F.) ;
#12146 = LINE('NONE',#7517,#9704) ;
#12147 = SURFACE_STYLE_FILL_AREA(#6535) ;
#12148 = UNCERTAINTY_MEASURE_WITH_UNIT(LENGTH_MEASURE(1.000000000000E-05),#7761,'distance_accuracy_value','NONE');
#12149=DIRECTION('NONE',(1.,-1.084202172485000E-17,0.));
#12150 =(NAMED_UNIT(*) PLANE_ANGLE_UNIT() SI_UNIT($,.RADIAN.));
#12151 = B_SPLINE_SURFACE_WITH_KNOTS('NONE',3,1,((#6503,#10419),(#7102,#12610),(#14642,#9322),(#9167,#11445)),.UNSPECIFIED.,.F.,.F.,.F.,(4,4),(2,2),(12.000000000000,13.000000000000),(0.,1.),.UNSPECIFIED.) ;
#12152 = ORIENTED_EDGE('NONE',*,*,#2178,.T.) ;
#12153 = STYLED_ITEM('NONE',(#972),#9922) ;
#12154=CARTESIAN_POINT('NONE',(-2.335942800976,3.299999999999,0.822823566679));
#12155 = EDGE_CURVE('NONE',#2612,#10785,#12430,.T.) ;
#12156 = FILL_AREA_STYLE('',(#7450)) ;
#12157=CARTESIAN_POINT('NONE',(-1.694362087446,3.301,0.899889462966));
#12158=CARTESIAN_POINT('NONE',(-1.827069550709,3.299999999999,0.649943044093));
#12159 = VERTEX_POINT('NONE',#14838) ;
#12160 = ORIENTED_EDGE('NONE',*,*,#11893,.F.) ;
#12161 = FILL_AREA_STYLE_COLOUR('',#4813) ;
#12162 = PRESENTATION_STYLE_ASSIGNMENT((#14405)) ;
#12163 = VERTEX_POINT('NONE',#2435) ;
#12164=CARTESIAN_POINT('NONE',(2.999999999999,0.4,0.));
#12165 = COLOUR_RGB('',0.647058823529,0.619607843137,0.588235294117) ;
#12166=CARTESIAN_POINT('NONE',(-1.7,-2.,-0.01));
#12167=CARTESIAN_POINT('NONE',(-2.647750805978,3.301,0.628959113856));
#12168=AXIS2_PLACEMENT_3D('NONE',#2763,#799,#2844);
#12169 = LINE('NONE',#13177,#9744) ;
#12170 = VECTOR('NONE',#2708,1000.) ;
#12171 = COLOUR_RGB('',0.647058823529,0.619607843137,0.588235294117) ;
#12172=CARTESIAN_POINT('NONE',(-2.292851676192,3.301,0.856194317635));
#12173=DIRECTION('NONE',(-0.007092178509,0.,0.999974850185));
#12174 = EDGE_CURVE('NONE',#13394,#8680,#12099,.T.) ;
#12175 = B_SPLINE_CURVE_WITH_KNOTS('NONE',3,(#4991,#10463,#4919,#9586),.UNSPECIFIED.,.F.,.F.,(4,4),(2.000000000000,3.000000000000),.UNSPECIFIED.) ;
#12176 = MECHANICAL_DESIGN_GEOMETRIC_PRESENTATION_REPRESENTATION('',(#10293),#7011) ;
#12177 =(LENGTH_UNIT() NAMED_UNIT(*) SI_UNIT(.MILLI.,.METRE.));
#12178 = ORIENTED_EDGE('NONE',*,*,#7009,.T.) ;
#12179 = FACE_OUTER_BOUND('NONE',#1725,.T.) ;
#12180 = VECTOR('NONE',#4397,1000.) ;
#12181 = PRESENTATION_LAYER_ASSIGNMENT('','',(#14486)) ;
#12182 = UNCERTAINTY_MEASURE_WITH_UNIT(LENGTH_MEASURE(1.000000000000E-05),#5254,'distance_accuracy_value','NONE');
#12183=CARTESIAN_POINT('NONE',(-2.324925593336,3.301,0.61527762221));
#12184 = SURFACE_SIDE_STYLE('',(#5387)) ;
#12185 = FACE_OUTER_BOUND('NONE',#10254,.T.) ;
#12186 = VERTEX_POINT('NONE',#1358) ;
#12187 = SURFACE_STYLE_USAGE(.BOTH.,#4429) ;
#12188=DIRECTION('NONE',(0.,-1.,0.));
#12189=CARTESIAN_POINT('NONE',(-2.639644260427,3.301,0.906576567133));
#12190 = UNCERTAINTY_MEASURE_WITH_UNIT(LENGTH_MEASURE(1.000000000000E-05),#7477,'distance_accuracy_value','NONE');
#12191=DIRECTION('NONE',(-1.,0.,0.));
#12192 = MECHANICAL_DESIGN_GEOMETRIC_PRESENTATION_REPRESENTATION('',(#3955),#1161) ;
#12193 = EDGE_CURVE('NONE',#3282,#6213,#11579,.T.) ;
#12194 = ORIENTED_EDGE('NONE',*,*,#1613,.F.) ;
#12195=CARTESIAN_POINT('NONE',(-2.543221481231,3.301,0.61578816232));
#12196=DIRECTION('NONE',(0.,-1.,0.));
#12197=CARTESIAN_POINT('NONE',(-1.857096160457,3.301,0.96901204209));
#12198 = VERTEX_POINT('NONE',#2668) ;
#12199 = ORIENTED_EDGE('NONE',*,*,#5983,.T.) ;
#12200 =(NAMED_UNIT(*) SI_UNIT($,.STERADIAN.) SOLID_ANGLE_UNIT());
#12201 = EDGE_LOOP('NONE',(#13325,#13507,#11385,#9556,#3012,#14406,#3426,#10670,#6514,#10956,#4967,#10249,#14068,#7415)) ;
#12202=DIRECTION('NONE',(0.,0.,-1.));
#12203 = LINE('NONE',#11235,#547) ;
#12204 = ORIENTED_EDGE('NONE',*,*,#1226,.F.) ;
#12205 = VERTEX_POINT('NONE',#11577) ;
#12206 = ADVANCED_FACE('NONE',(#1713),#696,.F.) ;
#12207 = LINE('NONE',#4317,#10134) ;
#12208 = UNCERTAINTY_MEASURE_WITH_UNIT(LENGTH_MEASURE(1.000000000000E-05),#4930,'distance_accuracy_value','NONE');
#12209 =(LENGTH_UNIT() NAMED_UNIT(*) SI_UNIT(.MILLI.,.METRE.));
#12210 = VERTEX_POINT('NONE',#2747) ;
#12211=DIRECTION('NONE',(-0.007092178509,0.,0.999974850185));
#12212=CARTESIAN_POINT('NONE',(-2.288106481093,3.299999999999,0.626955585546));
#12213=CARTESIAN_POINT('NONE',(-2.667575853247,3.301,0.7369352548));
#12214=CARTESIAN_POINT('NONE',(-2.516139394525,3.301,0.931596293747));
#12215 = SURFACE_SIDE_STYLE('',(#8918)) ;
#12216 = COLOUR_RGB('',1.,1.,1.) ;
#12217=CARTESIAN_POINT('NONE',(-2.480463744881,3.299999999999,0.80982026012));
#12218=CARTESIAN_POINT('NONE',(-2.3,-2.,-0.01));
#12219 = FILL_AREA_STYLE_COLOUR('',#3848) ;
#12220 =(NAMED_UNIT(*) PLANE_ANGLE_UNIT() SI_UNIT($,.RADIAN.));
#12221 = EDGE_CURVE('NONE',#7817,#2019,#6087,.T.) ;
#12222 = FILL_AREA_STYLE_COLOUR('',#9946) ;
#12223 = ADVANCED_FACE('NONE',(#8264),#12952,.F.) ;
#12224=CARTESIAN_POINT('NONE',(-1.994301441068,3.301,0.619258082434));
#12225=AXIS2_PLACEMENT_3D('NONE',#11735,#8120,#568);
#12226 = ORIENTED_EDGE('NONE',*,*,#13273,.F.) ;
#12227 = VECTOR('NONE',#7960,1000.) ;
#12228=DIRECTION('NONE',(0.,0.,-1.));
#12229 = FILL_AREA_STYLE('',(#4473)) ;
#12230=CARTESIAN_POINT('NONE',(-2.451911569405,3.299999999999,0.588486369088));
#12231 = ORIENTED_EDGE('NONE',*,*,#6451,.F.) ;
#12232 = ORIENTED_EDGE('NONE',*,*,#563,.T.) ;
#12233 =(NAMED_UNIT(*) PLANE_ANGLE_UNIT() SI_UNIT($,.RADIAN.));
#12234 = PRESENTATION_STYLE_ASSIGNMENT((#13248)) ;
#12235 = LINE('NONE',#13381,#4709) ;
#12236=DIRECTION('NONE',(-0.007092178509,0.,0.999974850185));
#12237=DIRECTION('NONE',(-0.707106781186,-0.707106781186,0.));
#12238 = STYLED_ITEM('NONE',(#13367),#14488) ;
#12239=CARTESIAN_POINT('NONE',(-2.386753145569,3.301,0.69912401559));
#12240 = SURFACE_STYLE_FILL_AREA(#9833) ;
#12241 = EDGE_CURVE('NONE',#2447,#11667,#482,.T.) ;
#12242 = ORIENTED_EDGE('NONE',*,*,#12077,.F.) ;
#12243 = FILL_AREA_STYLE_COLOUR('',#9420) ;
#12244 = B_SPLINE_CURVE_WITH_KNOTS('NONE',3,(#13541,#5735,#7979,#5961),.UNSPECIFIED.,.F.,.F.,(4,4),(34.000000000000,35.000000000000),.UNSPECIFIED.) ;
#12245 = VERTEX_POINT('NONE',#8634) ;
#12246=CARTESIAN_POINT('NONE',(-2.323029332435,3.301,0.822915153606));
#12247=AXIS2_PLACEMENT_3D('NONE',#2195,#983,#7796);
#12248 = FILL_AREA_STYLE('',(#14417)) ;
#12249 = COLOUR_RGB('',0.250980392156,0.250980392156,0.250980392156) ;
#12250 = FILL_AREA_STYLE('',(#14138)) ;
#12251 = PRESENTATION_STYLE_ASSIGNMENT((#4219)) ;
#12252 = STYLED_ITEM('NONE',(#10147),#10609) ;
#12253 = VECTOR('NONE',#6828,1000.) ;
#12254 = VERTEX_POINT('NONE',#2132) ;
#12255 = EDGE_CURVE('NONE',#6446,#9123,#7664,.T.) ;
#12256=CARTESIAN_POINT('NONE',(-2.632765633702,3.301,0.737182141301));
#12257=DIRECTION('NONE',(0.,-1.,0.));
#12258=DIRECTION('NONE',(0.999974850185,0.,0.007092178509));
#12259 = VECTOR('NONE',#8544,1000.) ;
#12260 = PRESENTATION_LAYER_ASSIGNMENT('','',(#9207)) ;
#12261 = ORIENTED_EDGE('NONE',*,*,#13035,.T.) ;
#12262=CARTESIAN_POINT('NONE',(-2.563687867268,3.299999999999,0.871367500768));
#12263=CARTESIAN_POINT('NONE',(3.039736830714,1.,0.5));
#12264 = VERTEX_POINT('NONE',#8707) ;
#12265=DIRECTION('NONE',(-1.,0.,0.));
#12266 = ORIENTED_EDGE('NONE',*,*,#883,.T.) ;
#12267=CARTESIAN_POINT('NONE',(-2.725776051324,3.299999999999,0.709571275216));
#12268 = EDGE_CURVE('NONE',#5740,#6651,#1863,.T.) ;
#12269 = VECTOR('NONE',#9284,1000.) ;
#12270 =(GEOMETRIC_REPRESENTATION_CONTEXT(3) GLOBAL_UNCERTAINTY_ASSIGNED_CONTEXT((#5810)) GLOBAL_UNIT_ASSIGNED_CONTEXT((#4615,#3682,#12657)) REPRESENTATION_CONTEXT('NONE','WORKASPACE'));
#12271 = FILL_AREA_STYLE_COLOUR('',#14142) ;
#12272=CARTESIAN_POINT('NONE',(-2.559363214998,3.301,0.670636665148));
#12273 = SURFACE_STYLE_FILL_AREA(#3380) ;
#12274 = VERTEX_POINT('NONE',#780) ;
#12275 = MECHANICAL_DESIGN_GEOMETRIC_PRESENTATION_REPRESENTATION('',(#9953),#7818) ;
#12276=CARTESIAN_POINT('NONE',(-1.98947133851,3.299999999999,0.672216787491));
#12277 = LINE('NONE',#4319,#3326) ;
#12278 = VECTOR('NONE',#6003,1000.) ;
#12279=CARTESIAN_POINT('NONE',(-2.725776051324,3.301,0.709571275216));
#12280 = PLANE('NONE',#3769) ;
#12281 = LINE('NONE',#11183,#14494) ;
#12282=CARTESIAN_POINT('NONE',(-2.222511383839,3.299999999999,0.825562061135));
#12283=CARTESIAN_POINT('NONE',(-2.070469228394,3.299999999999,0.838224223174));
#12284 = MECHANICAL_DESIGN_GEOMETRIC_PRESENTATION_REPRESENTATION('',(#12517),#817) ;
#12285 = UNCERTAINTY_MEASURE_WITH_UNIT(LENGTH_MEASURE(1.000000000000E-05),#4989,'distance_accuracy_value','NONE');
#12286 = SURFACE_STYLE_FILL_AREA(#4123) ;
#12287 =(NAMED_UNIT(*) PLANE_ANGLE_UNIT() SI_UNIT($,.RADIAN.));
#12288 = VERTEX_POINT('NONE',#10838) ;
#12289 = LINE('NONE',#8712,#10204) ;
#12290 = MECHANICAL_DESIGN_GEOMETRIC_PRESENTATION_REPRESENTATION('',(#8798),#13442) ;
#12291 = SURFACE_STYLE_FILL_AREA(#3529) ;
#12292 = SURFACE_SIDE_STYLE('',(#3331)) ;
#12293 = ORIENTED_EDGE('NONE',*,*,#4155,.T.) ;
#12294 = VERTEX_POINT('NONE',#6600) ;
#12295=CARTESIAN_POINT('NONE',(-2.390180935766,3.301,0.65904722223));
#12296 = LINE('NONE',#8721,#7929) ;
#12297 = VECTOR('NONE',#13324,1000.) ;
#12298 = MECHANICAL_DESIGN_GEOMETRIC_PRESENTATION_REPRESENTATION('',(#13005),#14382) ;
#12299=DIRECTION('NONE',(0.,-1.,0.));
#12300 = PLANE('NONE',#14141) ;
#12301 = EDGE_CURVE('NONE',#2874,#5140,#4717,.T.) ;
#12302=CARTESIAN_POINT('NONE',(-2.425350409914,3.301,0.621490335455));
#12303 = PRESENTATION_LAYER_ASSIGNMENT('','',(#2945)) ;
#12304 = ORIENTED_EDGE('NONE',*,*,#2150,.T.) ;
#12305 = FILL_AREA_STYLE_COLOUR('',#7016) ;
#12306 = ORIENTED_EDGE('NONE',*,*,#8094,.T.) ;
#12307 = SURFACE_SIDE_STYLE('',(#2295)) ;
#12308 = EDGE_LOOP('NONE',(#7448,#1097,#907,#4299)) ;
#12309=CARTESIAN_POINT('NONE',(-2.304686032692,3.301,0.835896981899));
#12310 = UNCERTAINTY_MEASURE_WITH_UNIT(LENGTH_MEASURE(1.000000000000E-05),#6987,'distance_accuracy_value','NONE');
#12311 = VECTOR('NONE',#9906,1000.) ;
#12312 = ADVANCED_FACE('NONE',(#9737),#12989,.F.) ;
#12313 = ORIENTED_EDGE('NONE',*,*,#647,.T.) ;
#12314 = STYLED_ITEM('NONE',(#4005),#1278) ;
#12315=DIRECTION('NONE',(-0.007092178509,0.,0.999974850185));
#12316 = EDGE_CURVE('NONE',#2799,#5688,#4881,.T.) ;
#12317 = VECTOR('NONE',#543,1000.) ;
#12318=CARTESIAN_POINT('NONE',(-2.641701160922,3.299999999999,0.915109003889));
#12319=CARTESIAN_POINT('NONE',(-2.425350409914,3.299999999999,0.621490335455));
#12320 = UNCERTAINTY_MEASURE_WITH_UNIT(LENGTH_MEASURE(1.000000000000E-05),#558,'distance_accuracy_value','NONE');
#12321 = ORIENTED_EDGE('NONE',*,*,#12082,.F.) ;
#12322 = EDGE_CURVE('NONE',#13634,#9929,#13445,.T.) ;
#12323=CARTESIAN_POINT('NONE',(-3.299999999999,3.299999999999,1.5));
#12324=DIRECTION('NONE',(-0.707106781186,-0.707106781186,0.));
#12325 =(NAMED_UNIT(*) SI_UNIT($,.STERADIAN.) SOLID_ANGLE_UNIT());
#12326 = EDGE_CURVE('NONE',#11076,#2585,#12146,.T.) ;
#12327 = ORIENTED_EDGE('NONE',*,*,#11899,.F.) ;
#12328 =(NAMED_UNIT(*) SI_UNIT($,.STERADIAN.) SOLID_ANGLE_UNIT());
#12329=CARTESIAN_POINT('NONE',(-1.974765770617,3.301,0.923061550359));
#12330 =(LENGTH_UNIT() NAMED_UNIT(*) SI_UNIT(.MILLI.,.METRE.));
#12331 = EDGE_LOOP('NONE',(#4074,#4267,#11836,#4926)) ;
#12332=AXIS2_PLACEMENT_3D('NONE',#10813,#5040,#903);
#12333 = B_SPLINE_SURFACE_WITH_KNOTS('NONE',3,1,((#7580,#2254),(#5479,#1330),(#7930,#6588),(#11300,#12334)),.UNSPECIFIED.,.F.,.F.,.F.,(4,4),(2,2),(4.000000000000,5.000000000000),(0.,1.),.UNSPECIFIED.) ;
#12334=CARTESIAN_POINT('NONE',(-2.550550308789,3.299999999999,0.905835938266));
#12335=CARTESIAN_POINT('NONE',(-2.484932793369,3.301,0.630675360704));
#12336=CARTESIAN_POINT('NONE',(-2.376303828783,3.301,0.620028967036));
#12337 = ORIENTED_EDGE('NONE',*,*,#3722,.F.) ;
#12338 = EDGE_CURVE('NONE',#8759,#3481,#7534,.T.) ;
#12339=DIRECTION('NONE',(0.,0.,1.));
#12340 = UNCERTAINTY_MEASURE_WITH_UNIT(LENGTH_MEASURE(1.000000000000E-05),#13056,'distance_accuracy_value','NONE');
#12341=DIRECTION('NONE',(-0.999974850185,0.,-0.007092178509));
#12342 = FILL_AREA_STYLE_COLOUR('',#3902) ;
#12343=CARTESIAN_POINT('NONE',(-1.552818840819,3.299999999999,0.760339860241));
#12344=DIRECTION('NONE',(0.,0.,1.));
#12345 = SURFACE_STYLE_FILL_AREA(#4599) ;
#12346 = LINE('NONE',#6745,#14718) ;
#12347=CARTESIAN_POINT('NONE',(-2.686072681374,3.299999999999,0.736804068694));
#12348 =(GEOMETRIC_REPRESENTATION_CONTEXT(3) GLOBAL_UNCERTAINTY_ASSIGNED_CONTEXT((#11879)) GLOBAL_UNIT_ASSIGNED_CONTEXT((#10781,#6329,#5218)) REPRESENTATION_CONTEXT('NONE','WORKASPACE'));
#12349=DIRECTION('NONE',(1.284980352575000E-16,-1.,0.));
#12350 = VECTOR('NONE',#14309,1000.) ;
#12351=CARTESIAN_POINT('NONE',(-2.639644260427,3.299999999999,0.906576567133));
#12352 = EDGE_CURVE('NONE',#8469,#1658,#10023,.T.) ;
#12353 = ORIENTED_EDGE('NONE',*,*,#5391,.F.) ;
#12354 = VECTOR('NONE',#2169,1000.) ;
#12355=AXIS2_PLACEMENT_3D('NONE',#13476,#1464,#9031);
#12356 =(NAMED_UNIT(*) SI_UNIT($,.STERADIAN.) SOLID_ANGLE_UNIT());
#12357 = VECTOR('NONE',#4808,999.999999999999) ;
#12358 = EDGE_LOOP('NONE',(#6771,#5420,#9307)) ;
#12359 = SURFACE_STYLE_FILL_AREA(#9000) ;
#12360 = FILL_AREA_STYLE_COLOUR('',#2637) ;
#12361=CARTESIAN_POINT('NONE',(-2.392563915549,3.301,0.678370304928));
#12362 = FILL_AREA_STYLE_COLOUR('',#4309) ;
#12363 = SURFACE_SIDE_STYLE('',(#4553)) ;
#12364 = VECTOR('NONE',#2741,1000.) ;
#12365=CARTESIAN_POINT('NONE',(2.,-2.,-0.01));
#12366 = MECHANICAL_DESIGN_GEOMETRIC_PRESENTATION_REPRESENTATION('',(#12843),#14233) ;
#12367 = ORIENTED_EDGE('NONE',*,*,#3357,.T.) ;
#12368=CARTESIAN_POINT('NONE',(-2.550397877476,3.299999999999,0.835963530081));
#12369 = ORIENTED_EDGE('NONE',*,*,#5279,.T.) ;
#12370=CARTESIAN_POINT('NONE',(2.999999999999,-0.4,0.299999999999));
#12371 = EDGE_CURVE('NONE',#4266,#12443,#12792,.T.) ;
#12372 =(NAMED_UNIT(*) SI_UNIT($,.STERADIAN.) SOLID_ANGLE_UNIT());
#12373 = B_SPLINE_SURFACE_WITH_KNOTS('NONE',3,1,((#10167,#6761),(#5579,#5858),(#2432,#14472),(#9215,#14614)),.UNSPECIFIED.,.F.,.F.,.F.,(4,4),(2,2),(17.000000000000,18.000000000000),(0.,1.),.UNSPECIFIED.) ;
#12374 =(NAMED_UNIT(*) SI_UNIT($,.STERADIAN.) SOLID_ANGLE_UNIT());
#12375 = CIRCLE('NONE',#2777,3.150000000000) ;
#12376 = EDGE_CURVE('NONE',#6557,#2967,#14245,.T.) ;
#12377=AXIS2_PLACEMENT_3D('NONE',#5508,#877,#2089);
#12378 = ORIENTED_EDGE('NONE',*,*,#11802,.F.) ;
#12379 = MECHANICAL_DESIGN_GEOMETRIC_PRESENTATION_REPRESENTATION('',(#3689),#8415) ;
#12380 =(LENGTH_UNIT() NAMED_UNIT(*) SI_UNIT(.MILLI.,.METRE.));
#12381 = PRESENTATION_STYLE_ASSIGNMENT((#12187)) ;
#12382=CARTESIAN_POINT('NONE',(-2.485338288758,3.299999999999,0.630672484786));
#12383=CARTESIAN_POINT('NONE',(-1.946966524652,3.299999999999,0.673385847684));
#12384=DIRECTION('NONE',(0.999974850185,0.,0.007092178509));
#12385 = SURFACE_STYLE_USAGE(.BOTH.,#6785) ;
#12386 = EDGE_CURVE('NONE',#2328,#8899,#13503,.T.) ;
#12387 = ORIENTED_EDGE('NONE',*,*,#10238,.T.) ;
#12388=AXIS2_PLACEMENT_3D('NONE',#10801,#7112,#8383);
#12389 =(GEOMETRIC_REPRESENTATION_CONTEXT(3) GLOBAL_UNCERTAINTY_ASSIGNED_CONTEXT((#5669)) GLOBAL_UNIT_ASSIGNED_CONTEXT((#10288,#2402,#1331)) REPRESENTATION_CONTEXT('NONE','WORKASPACE'));
#12390 = EDGE_CURVE('NONE',#12205,#12443,#2204,.T.) ;
#12391 =(LENGTH_UNIT() NAMED_UNIT(*) SI_UNIT(.MILLI.,.METRE.));
#12392 = FACE_OUTER_BOUND('NONE',#7672,.T.) ;
#12393=CARTESIAN_POINT('NONE',(-2.514026286307,3.301,0.809582222598));
#12394=CARTESIAN_POINT('NONE',(-1.802937596751,3.299999999999,0.917339306591));
#12395 = ORIENTED_EDGE('NONE',*,*,#9575,.T.) ;
#12396 = SURFACE_STYLE_FILL_AREA(#11168) ;
#12397=DIRECTION('NONE',(0.,1.,0.));
#12398 =(GEOMETRIC_REPRESENTATION_CONTEXT(3) GLOBAL_UNCERTAINTY_ASSIGNED_CONTEXT((#5095)) GLOBAL_UNIT_ASSIGNED_CONTEXT((#778,#8562,#12079)) REPRESENTATION_CONTEXT('NONE','WORKASPACE'));
#12399 = ORIENTED_EDGE('NONE',*,*,#9896,.T.) ;
#12400 = EDGE_CURVE('NONE',#12069,#1886,#10219,.T.) ;
#12401=DIRECTION('NONE',(-0.938529171974,0.,-0.345199932434));
#12402 = VECTOR('NONE',#592,1000.) ;
#12403 = VECTOR('NONE',#11448,1000.) ;
#12404 = VERTEX_POINT('NONE',#13648) ;
#12405 = EDGE_CURVE('NONE',#11803,#5182,#7874,.T.) ;
#12406 = SURFACE_STYLE_FILL_AREA(#7936) ;
#12407 = EDGE_LOOP('NONE',(#13136,#1821,#5256,#9566)) ;
#12408=CARTESIAN_POINT('NONE',(-2.606839145611,3.299999999999,0.723328936307));
#12409 = LINE('NONE',#3508,#7690) ;
#12410 = COLOUR_RGB('',0.647058823529,0.619607843137,0.588235294117) ;
#12411=DIRECTION('NONE',(0.,-1.,0.));
#12412 = VERTEX_POINT('NONE',#11185) ;
#12413 = SURFACE_STYLE_USAGE(.BOTH.,#1266) ;
#12414 = ORIENTED_EDGE('NONE',*,*,#6784,.F.) ;
#12415 = LINE('NONE',#5623,#7429) ;
#12416 = SURFACE_SIDE_STYLE('',(#12345)) ;
#12417 =(NAMED_UNIT(*) SI_UNIT($,.STERADIAN.) SOLID_ANGLE_UNIT());
#12418 = EDGE_CURVE('NONE',#637,#10226,#4602,.T.) ;
#12419 =(NAMED_UNIT(*) SI_UNIT($,.STERADIAN.) SOLID_ANGLE_UNIT());
#12420 = ORIENTED_EDGE('NONE',*,*,#3198,.F.) ;
#12421 = PRESENTATION_STYLE_ASSIGNMENT((#2422)) ;
#12422 = ORIENTED_EDGE('NONE',*,*,#12595,.T.) ;
#12423 = FILL_AREA_STYLE('',(#11410)) ;
#12424=DIRECTION('NONE',(-1.,0.,0.));
#12425=CARTESIAN_POINT('NONE',(0.,0.,7.698999999999));
#12426 = VERTEX_POINT('NONE',#3321) ;
#12427 = CYLINDRICAL_SURFACE('NONE',#14427,3.150000000000) ;
#12428 =(NAMED_UNIT(*) PLANE_ANGLE_UNIT() SI_UNIT($,.RADIAN.));
#12429=DIRECTION('NONE',(-1.,0.,0.));
#12430 = LINE('NONE',#12509,#797) ;
#12431 = EDGE_CURVE('NONE',#374,#14645,#7352,.T.) ;
#12432=CARTESIAN_POINT('NONE',(-2.393667800553,3.301,0.675679832889));
#12433 = B_SPLINE_CURVE_WITH_KNOTS('NONE',3,(#11211,#1229,#7762,#9980),.UNSPECIFIED.,.F.,.F.,(4,4),(16.000000000000,17.000000000000),.UNSPECIFIED.) ;
#12434 = LINE('NONE',#11996,#11347) ;
#12435 = FILL_AREA_STYLE('',(#6927)) ;
#12436 = VECTOR('NONE',#6694,1000.) ;
#12437 =(LENGTH_UNIT() NAMED_UNIT(*) SI_UNIT(.MILLI.,.METRE.));
#12438 = ORIENTED_EDGE('NONE',*,*,#3266,.T.) ;
#12439 = COLOUR_RGB('',0.250980392156,0.250980392156,0.250980392156) ;
#12440 = EDGE_LOOP('NONE',(#7698,#6130)) ;
#12441=CARTESIAN_POINT('NONE',(-2.643336857002,3.299999999999,0.908234828108));
#12442 = FACE_OUTER_BOUND('NONE',#9161,.T.) ;
#12443 = VERTEX_POINT('NONE',#9133) ;
#12444 = B_SPLINE_SURFACE_WITH_KNOTS('NONE',3,1,((#12239,#10862),(#7539,#8656),(#5304,#14265),(#7825,#3539)),.UNSPECIFIED.,.F.,.F.,.F.,(4,4),(2,2),(6.000000000000,7.000000000000),(0.,1.),.UNSPECIFIED.) ;
#12445 = SURFACE_STYLE_USAGE(.BOTH.,#9084) ;
#12446 = ORIENTED_EDGE('NONE',*,*,#8333,.F.) ;
#12447 = PRESENTATION_LAYER_ASSIGNMENT('','',(#1218)) ;
#12448 = MECHANICAL_DESIGN_GEOMETRIC_PRESENTATION_REPRESENTATION('',(#1439),#13836) ;
#12449=CARTESIAN_POINT('NONE',(-1.98947133851,3.301,0.672216787491));
#12450 = LINE('NONE',#1315,#7873) ;
#12451 = PLANE('NONE',#6657) ;
#12452 = EDGE_CURVE('NONE',#5901,#8260,#11040,.T.) ;
#12453 = UNCERTAINTY_MEASURE_WITH_UNIT(LENGTH_MEASURE(1.000000000000E-05),#5012,'distance_accuracy_value','NONE');
#12454 = FILL_AREA_STYLE('',(#14375)) ;
#12455 = ORIENTED_EDGE('NONE',*,*,#11112,.F.) ;
#12456=DIRECTION('NONE',(0.,-1.,0.));
#12457 = B_SPLINE_CURVE_WITH_KNOTS('NONE',3,(#6223,#2962,#10681,#8546),.UNSPECIFIED.,.F.,.F.,(4,4),(19.000000000000,20.),.UNSPECIFIED.) ;
#12458 = COLOUR_RGB('',0.647058823529,0.619607843137,0.588235294117) ;
#12459 = PRESENTATION_STYLE_ASSIGNMENT((#13553)) ;
#12460 = UNCERTAINTY_MEASURE_WITH_UNIT(LENGTH_MEASURE(1.000000000000E-05),#11491,'distance_accuracy_value','NONE');
#12461 = SURFACE_STYLE_USAGE(.BOTH.,#1322) ;
#12462=CARTESIAN_POINT('NONE',(-2.340537503566,3.301,0.652599123372));
#12463 = ORIENTED_EDGE('NONE',*,*,#10238,.F.) ;
#12464=CARTESIAN_POINT('NONE',(-2.802200322387,3.301,0.73598045002));
#12465 = LINE('NONE',#14725,#5235) ;
#12466=CARTESIAN_POINT('NONE',(-2.65,3.551475717527000E-16,7.7));
#12467 = ORIENTED_EDGE('NONE',*,*,#4314,.T.) ;
#12468=DIRECTION('NONE',(0.334929697701,0.,0.942243120217));
#12469 =(GEOMETRIC_REPRESENTATION_CONTEXT(3) GLOBAL_UNCERTAINTY_ASSIGNED_CONTEXT((#9327)) GLOBAL_UNIT_ASSIGNED_CONTEXT((#7491,#12996,#753)) REPRESENTATION_CONTEXT('NONE','WORKASPACE'));
#12470 = VECTOR('NONE',#463,1000.) ;
#12471=CARTESIAN_POINT('NONE',(0.,0.,1.571543008235));
#12472 = EDGE_CURVE('NONE',#11391,#11841,#8525,.T.) ;
#12473 = ADVANCED_FACE('NONE',(#10308),#10783,.F.) ;
#12474=CARTESIAN_POINT('NONE',(-2.496314347256,3.301,0.823620152803));
#12475 = VERTEX_POINT('NONE',#11249) ;
#12476 = SURFACE_STYLE_FILL_AREA(#7048) ;
#12477 = VERTEX_POINT('NONE',#5698) ;
#12478 = FILL_AREA_STYLE_COLOUR('',#11781) ;
#12479 = UNCERTAINTY_MEASURE_WITH_UNIT(LENGTH_MEASURE(1.000000000000E-05),#6809,'distance_accuracy_value','NONE');
#12480 = TOROIDAL_SURFACE('NONE',#9218,2.650000000000,0.500000000000) ;
#12481 = VECTOR('NONE',#14052,1000.) ;
#12482=CARTESIAN_POINT('NONE',(-2.386753145569,3.301,0.69912401559));
#12483 = ORIENTED_EDGE('NONE',*,*,#8818,.F.) ;
#12484 = LINE('NONE',#7201,#6982) ;
#12485 = ORIENTED_EDGE('NONE',*,*,#4994,.F.) ;
#12486 = PRESENTATION_STYLE_ASSIGNMENT((#10516)) ;
#12487 =(NAMED_UNIT(*) PLANE_ANGLE_UNIT() SI_UNIT($,.RADIAN.));
#12488 = VECTOR('NONE',#4604,1000.) ;
#12489 = EDGE_CURVE('NONE',#6856,#8734,#14214,.T.) ;
#12490=DIRECTION('NONE',(0.,-1.,0.));
#12491=DIRECTION('NONE',(0.,-1.,0.));
#12492 = B_SPLINE_CURVE_WITH_KNOTS('NONE',3,(#4704,#13672,#3979,#13037),.UNSPECIFIED.,.F.,.F.,(4,4),(4.000000000000,5.000000000000),.UNSPECIFIED.) ;
#12493 = FACE_OUTER_BOUND('NONE',#982,.T.) ;
#12494 = SURFACE_STYLE_FILL_AREA(#12571) ;
#12495 =(GEOMETRIC_REPRESENTATION_CONTEXT(3) GLOBAL_UNCERTAINTY_ASSIGNED_CONTEXT((#6711)) GLOBAL_UNIT_ASSIGNED_CONTEXT((#13883,#9587,#3892)) REPRESENTATION_CONTEXT('NONE','WORKASPACE'));
#12496=DIRECTION('NONE',(0.007092178509,0.,-0.999974850185));
#12497=AXIS2_PLACEMENT_3D('NONE',#6129,#674,#10740);
#12498 = B_SPLINE_SURFACE_WITH_KNOTS('NONE',3,1,((#1404,#13633),(#10291,#10581),(#14734,#1620),(#13781,#5827)),.UNSPECIFIED.,.F.,.F.,.F.,(4,4),(2,2),(27.000000000000,28.000000000000),(0.,1.),.UNSPECIFIED.) ;
#12499 = VECTOR('NONE',#7952,1000.) ;
#12500 = ORIENTED_EDGE('NONE',*,*,#11518,.F.) ;
#12501 = EDGE_CURVE('NONE',#14165,#2145,#4156,.T.) ;
#12502=CARTESIAN_POINT('NONE',(-2.516139394525,3.299999999999,0.931596293747));
#12503=DIRECTION('NONE',(0.,-1.,0.));
#12504=CARTESIAN_POINT('NONE',(-2.271014397669,3.301,0.631631062914));
#12505=CARTESIAN_POINT('NONE',(-2.47728301994,3.301,0.616442982551));
#12506 = STYLED_ITEM('NONE',(#4138),#12845) ;
#12507=CARTESIAN_POINT('NONE',(-2.303188132299,3.299999999999,0.690670567107));
#12508 = EDGE_CURVE('NONE',#9670,#12967,#11324,.T.) ;
#12509=CARTESIAN_POINT('NONE',(-1.7,0.899999999999,0.299999999999));
#12510 =(GEOMETRIC_REPRESENTATION_CONTEXT(3) GLOBAL_UNCERTAINTY_ASSIGNED_CONTEXT((#10870)) GLOBAL_UNIT_ASSIGNED_CONTEXT((#10073,#14512,#10141)) REPRESENTATION_CONTEXT('NONE','WORKASPACE'));
#12511=DIRECTION('NONE',(-0.007092178509,0.,0.999974850185));
#12512 = SURFACE_STYLE_USAGE(.BOTH.,#10099) ;
#12513 =(NAMED_UNIT(*) PLANE_ANGLE_UNIT() SI_UNIT($,.RADIAN.));
#12514=DIRECTION('NONE',(-1.,-1.284980352575000E-16,0.));
#12515=DIRECTION('NONE',(0.,0.,1.));
#12516 = MECHANICAL_DESIGN_GEOMETRIC_PRESENTATION_REPRESENTATION('',(#11346),#5458) ;
#12517 = STYLED_ITEM('NONE',(#3684),#935) ;
#12518 = ORIENTED_EDGE('NONE',*,*,#1004,.T.) ;
#12519 = SURFACE_SIDE_STYLE('',(#8036)) ;
#12520 = ORIENTED_EDGE('NONE',*,*,#3066,.F.) ;
#12521 = EDGE_CURVE('NONE',#13893,#14625,#1729,.T.) ;
#12522 = FILL_AREA_STYLE_COLOUR('',#1792) ;
#12523 =(GEOMETRIC_REPRESENTATION_CONTEXT(3) GLOBAL_UNCERTAINTY_ASSIGNED_CONTEXT((#8668)) GLOBAL_UNIT_ASSIGNED_CONTEXT((#7368,#6234,#7294)) REPRESENTATION_CONTEXT('NONE','WORKASPACE'));
#12524 = SURFACE_SIDE_STYLE('',(#13396)) ;
#12525 = MECHANICAL_DESIGN_GEOMETRIC_PRESENTATION_REPRESENTATION('',(#4290),#5464) ;
#12526 = FILL_AREA_STYLE_COLOUR('',#6466) ;
#12527 = ORIENTED_EDGE('NONE',*,*,#12521,.F.) ;
#12528 = FILL_AREA_STYLE_COLOUR('',#7714) ;
#12529=CARTESIAN_POINT('NONE',(-2.550550308789,3.301,0.905835938266));
#12530 = ORIENTED_EDGE('NONE',*,*,#490,.F.) ;
#12531 = LINE('NONE',#1236,#7095) ;
#12532 = MECHANICAL_DESIGN_GEOMETRIC_PRESENTATION_REPRESENTATION('',(#5685),#9500) ;
#12533 = FILL_AREA_STYLE_COLOUR('',#1953) ;
#12534 =(NAMED_UNIT(*) PLANE_ANGLE_UNIT() SI_UNIT($,.RADIAN.));
#12535=CARTESIAN_POINT('NONE',(-2.368206358308,3.299999999999,0.929713296567));
#12536=AXIS2_PLACEMENT_3D('NONE',#12590,#13523,#11509);
#12537=CARTESIAN_POINT('NONE',(-2.270915731559,3.301,0.617719451877));
#12538 = ORIENTED_EDGE('NONE',*,*,#14175,.F.) ;
#12539 = VERTEX_POINT('NONE',#743) ;
#12540 = PRESENTATION_LAYER_ASSIGNMENT('','',(#4778)) ;
#12541=CARTESIAN_POINT('NONE',(-1.594296132205,3.299999999999,0.858953686889));
#12542=AXIS2_PLACEMENT_3D('NONE',#3791,#7774,#5396);
#12543 = FILL_AREA_STYLE_COLOUR('',#9572) ;
#12544=CARTESIAN_POINT('NONE',(-2.293064894801,3.301,0.622366164494));
#12545 =(NAMED_UNIT(*) SI_UNIT($,.STERADIAN.) SOLID_ANGLE_UNIT());
#12546 = VERTEX_POINT('NONE',#8168) ;
#12547=DIRECTION('NONE',(0.,-1.,0.));
#12548=CARTESIAN_POINT('NONE',(-1.773274020676,3.301,0.649456914113));
#12549 = ORIENTED_EDGE('NONE',*,*,#12155,.T.) ;
#12550 = VECTOR('NONE',#6222,1000.) ;
#12551=DIRECTION('NONE',(0.,0.,-1.));
#12552 = PRESENTATION_LAYER_ASSIGNMENT('','',(#4104)) ;
#12553 = PLANE('NONE',#4044) ;
#12554 = STYLED_ITEM('NONE',(#11541),#1660) ;
#12555=CARTESIAN_POINT('NONE',(-1.630850943379,3.301,0.6305119443));
#12556 = FILL_AREA_STYLE_COLOUR('',#822) ;
#12557 = PRESENTATION_LAYER_ASSIGNMENT('','',(#4543)) ;
#12558 = ORIENTED_EDGE('NONE',*,*,#3503,.F.) ;
#12559 = FILL_AREA_STYLE_COLOUR('',#9521) ;
#12560 = PLANE('NONE',#9342) ;
#12561 = ORIENTED_EDGE('NONE',*,*,#12221,.F.) ;
#12562 = STYLED_ITEM('NONE',(#3780),#7636) ;
#12563 = VERTEX_POINT('NONE',#8327) ;
#12564=CARTESIAN_POINT('NONE',(-2.333566237399,3.301,0.808803337215));
#12565 = EDGE_CURVE('NONE',#1831,#6446,#7205,.T.) ;
#12566 = SURFACE_STYLE_USAGE(.BOTH.,#10594) ;
#12567=CARTESIAN_POINT('NONE',(-2.350992604214,3.301,0.934826346174));
#12568 = EDGE_CURVE('NONE',#6133,#3202,#5716,.T.) ;
#12569=CARTESIAN_POINT('NONE',(-1.565346301524,3.301,0.691709482088));
#12570 = SURFACE_SIDE_STYLE('',(#3597)) ;
#12571 = FILL_AREA_STYLE('',(#11323)) ;
#12572=CARTESIAN_POINT('NONE',(-1.,6.75,1.5));
#12573 = STYLED_ITEM('NONE',(#9328),#7663) ;
#12574=CARTESIAN_POINT('NONE',(-2.367397561674,3.299999999999,0.815675516406));
#12575 = COLOUR_RGB('',1.,1.,1.) ;
#12576 = ADVANCED_FACE('NONE',(#2647,#3805),#8603,.F.) ;
#12577 = B_SPLINE_SURFACE_WITH_KNOTS('NONE',3,1,((#12847,#1968),(#1757,#7338),(#14072,#12047),(#11027,#2033)),.UNSPECIFIED.,.F.,.F.,.F.,(4,4),(2,2),(2.000000000000,3.000000000000),(0.,1.),.UNSPECIFIED.) ;
#12578 = FACE_OUTER_BOUND('NONE',#9525,.T.) ;
#12579 = EDGE_LOOP('NONE',(#3242,#8593,#4924,#4842)) ;
#12580=CARTESIAN_POINT('NONE',(-2.650763863663,3.299999999999,0.930641488967));
#12581 =(NAMED_UNIT(*) SI_UNIT($,.STERADIAN.) SOLID_ANGLE_UNIT());
#12582 = LINE('NONE',#3815,#6247) ;
#12583 = EDGE_CURVE('NONE',#8628,#14338,#10446,.T.) ;
#12584=CARTESIAN_POINT('NONE',(-2.221138464825,3.301,0.63198480083));
#12585=DIRECTION('NONE',(1.,-1.264902534566000E-16,0.));
#12586=AXIS2_PLACEMENT_3D('NONE',#8647,#1728,#11882);
#12587 = PLANE('NONE',#13321) ;
#12588 = COLOUR_RGB('',0.647058823529,0.619607843137,0.588235294117) ;
#12589 = FILL_AREA_STYLE('',(#4550)) ;
#12590=CARTESIAN_POINT('NONE',(2.,-2.,-0.01));
#12591 =(LENGTH_UNIT() NAMED_UNIT(*) SI_UNIT(.MILLI.,.METRE.));
#12592 = VECTOR('NONE',#12111,1000.) ;
#12593 = ORIENTED_EDGE('NONE',*,*,#11144,.T.) ;
#12594 =(GEOMETRIC_REPRESENTATION_CONTEXT(3) GLOBAL_UNCERTAINTY_ASSIGNED_CONTEXT((#6594)) GLOBAL_UNIT_ASSIGNED_CONTEXT((#9174,#6870,#10346)) REPRESENTATION_CONTEXT('NONE','WORKASPACE'));
#12595 = EDGE_CURVE('NONE',#7149,#8894,#12720,.T.) ;
#12596 = ORIENTED_EDGE('NONE',*,*,#11330,.F.) ;
#12597=AXIS2_PLACEMENT_3D('NONE',#11038,#7573,#2115);
#12598=DIRECTION('NONE',(0.,0.,1.));
#12599 =(NAMED_UNIT(*) PLANE_ANGLE_UNIT() SI_UNIT($,.RADIAN.));
#12600 = FACE_OUTER_BOUND('NONE',#3930,.T.) ;
#12601 = EDGE_LOOP('NONE',(#9062,#4384,#2862,#8810)) ;
#12602 =(NAMED_UNIT(*) SI_UNIT($,.STERADIAN.) SOLID_ANGLE_UNIT());
#12603 = SURFACE_STYLE_USAGE(.BOTH.,#3627) ;
#12604 = ORIENTED_EDGE('NONE',*,*,#10905,.T.) ;
#12605=CARTESIAN_POINT('NONE',(-2.435309494684,3.301,0.64026058936));
#12606=CARTESIAN_POINT('NONE',(-2.296761950676,3.299999999999,0.844562594389));
#12607 =(GEOMETRIC_REPRESENTATION_CONTEXT(3) GLOBAL_UNCERTAINTY_ASSIGNED_CONTEXT((#9127)) GLOBAL_UNIT_ASSIGNED_CONTEXT((#13492,#2634,#4824)) REPRESENTATION_CONTEXT('NONE','WORKASPACE'));
#12608 = ADVANCED_FACE('NONE',(#4905),#9421,.T.) ;
#12609 = SURFACE_STYLE_USAGE(.BOTH.,#4715) ;
#12610=CARTESIAN_POINT('NONE',(-2.392613469828,3.299999999999,0.685357302399));
#12611 = FACE_OUTER_BOUND('NONE',#3013,.T.) ;
#12612=AXIS2_PLACEMENT_3D('NONE',#7976,#14704,#14777);
#12613 = SURFACE_SIDE_STYLE('',(#5814)) ;
#12614 = UNCERTAINTY_MEASURE_WITH_UNIT(LENGTH_MEASURE(1.000000000000E-05),#9424,'distance_accuracy_value','NONE');
#12615 =(NAMED_UNIT(*) SI_UNIT($,.STERADIAN.) SOLID_ANGLE_UNIT());
#12616=CARTESIAN_POINT('NONE',(-2.294529598992,3.301,0.683744627587));
#12617 = SURFACE_STYLE_FILL_AREA(#7995) ;
#12618 = ORIENTED_EDGE('NONE',*,*,#3523,.T.) ;
#12619 = LINE('NONE',#3436,#10206) ;
#12620 = ADVANCED_FACE('NONE',(#6705),#2231,.F.) ;
#12621 = B_SPLINE_SURFACE_WITH_KNOTS('NONE',3,1,((#14048,#13641),(#1193,#10299),(#9051,#10442),(#14591,#13716)),.UNSPECIFIED.,.F.,.F.,.F.,(4,4),(2,2),(34.000000000000,35.000000000000),(0.,1.),.UNSPECIFIED.) ;
#12622 =(NAMED_UNIT(*) SI_UNIT($,.STERADIAN.) SOLID_ANGLE_UNIT());
#12623 =(LENGTH_UNIT() NAMED_UNIT(*) SI_UNIT(.MILLI.,.METRE.));
#12624 = VECTOR('NONE',#2898,1000.) ;
#12625=CARTESIAN_POINT('NONE',(-2.314826930551,3.299999999999,0.669189264504));
#12626 = MECHANICAL_DESIGN_GEOMETRIC_PRESENTATION_REPRESENTATION('',(#5776),#10532) ;
#12627 = EDGE_LOOP('NONE',(#6398,#14735,#11799,#13314)) ;
#12628 = ORIENTED_EDGE('NONE',*,*,#10969,.F.) ;
#12629=DIRECTION('NONE',(0.49874846926,0.,0.866746770637));
#12630 =(GEOMETRIC_REPRESENTATION_CONTEXT(3) GLOBAL_UNCERTAINTY_ASSIGNED_CONTEXT((#9251)) GLOBAL_UNIT_ASSIGNED_CONTEXT((#7821,#4690,#7963)) REPRESENTATION_CONTEXT('NONE','WORKASPACE'));
#12631=CARTESIAN_POINT('NONE',(-2.665467835281,3.301,0.628833458361));
#12632=DIRECTION('NONE',(0.,0.,-1.));
#12633 = UNCERTAINTY_MEASURE_WITH_UNIT(LENGTH_MEASURE(1.000000000000E-05),#13986,'distance_accuracy_value','NONE');
#12634 = FACE_OUTER_BOUND('NONE',#11175,.T.) ;
#12635 = ORIENTED_EDGE('NONE',*,*,#2942,.F.) ;
#12636 = LINE('NONE',#13496,#3237) ;
#12637 = ORIENTED_EDGE('NONE',*,*,#7097,.T.) ;
#12638=CARTESIAN_POINT('NONE',(0.,0.,0.5));
#12639=DIRECTION('NONE',(0.,0.,-1.));
#12640 = MECHANICAL_DESIGN_GEOMETRIC_PRESENTATION_REPRESENTATION('',(#4404),#11965) ;
#12641=AXIS2_PLACEMENT_3D('NONE',#1530,#11012,#11970);
#12642 = FILL_AREA_STYLE('',(#5164)) ;
#12643 = VECTOR('NONE',#11462,1000.) ;
#12644=CARTESIAN_POINT('NONE',(-2.314826930551,3.299999999999,0.669189264504));
#12645=CARTESIAN_POINT('NONE',(-3.299999999999,1.,0.5));
#12646 = EDGE_CURVE('NONE',#9678,#2175,#3131,.T.) ;
#12647=CARTESIAN_POINT('NONE',(-2.312726897553,3.301,0.694158976288));
#12648 = FILL_AREA_STYLE_COLOUR('',#512) ;
#12649 = ORIENTED_EDGE('NONE',*,*,#3001,.F.) ;
#12650=CARTESIAN_POINT('NONE',(-2.206153292548,3.299999999999,0.740207828274));
#12651 = FACE_OUTER_BOUND('NONE',#7488,.T.) ;
#12652 = PLANE('NONE',#8034) ;
#12653 = SURFACE_STYLE_FILL_AREA(#11790) ;
#12654 = SURFACE_STYLE_USAGE(.BOTH.,#3747) ;
#12655=CARTESIAN_POINT('NONE',(-2.306035261891,3.299999999999,0.90738296511));
#12656 = LINE('NONE',#9001,#4391) ;
#12657 =(NAMED_UNIT(*) SI_UNIT($,.STERADIAN.) SOLID_ANGLE_UNIT());
#12658 = ADVANCED_FACE('NONE',(#7700),#13366,.T.) ;
#12659 = FACE_OUTER_BOUND('NONE',#6176,.T.) ;
#12660=CARTESIAN_POINT('NONE',(-2.446059870812,3.301,0.590274708655));
#12661=CARTESIAN_POINT('NONE',(-2.415737983181,3.301,0.6471995853));
#12662 = LINE('NONE',#4697,#10682) ;
#12663 = ORIENTED_EDGE('NONE',*,*,#11872,.T.) ;
#12664 = EDGE_CURVE('NONE',#12960,#5267,#13685,.T.) ;
#12665 =(NAMED_UNIT(*) SI_UNIT($,.STERADIAN.) SOLID_ANGLE_UNIT());
#12666 = EDGE_LOOP('NONE',(#12663,#8085,#7010,#6307)) ;
#12667=CARTESIAN_POINT('NONE',(-2.813428749957,3.301,0.661036361202));
#12668 = ORIENTED_EDGE('NONE',*,*,#3476,.F.) ;
#12669 = SURFACE_STYLE_USAGE(.BOTH.,#14628) ;
#12670 = PRESENTATION_STYLE_ASSIGNMENT((#5873)) ;
#12671 =(NAMED_UNIT(*) PLANE_ANGLE_UNIT() SI_UNIT($,.RADIAN.));
#12672 = ORIENTED_EDGE('NONE',*,*,#850,.T.) ;
#12673 = PRESENTATION_STYLE_ASSIGNMENT((#3699)) ;
#12674 = VERTEX_POINT('NONE',#3771) ;
#12675=CARTESIAN_POINT('NONE',(-1.568084401449,3.301,0.833111174432));
#12676 = EDGE_CURVE('NONE',#8178,#1852,#5662,.T.) ;
#12677 =(NAMED_UNIT(*) PLANE_ANGLE_UNIT() SI_UNIT($,.RADIAN.));
#12678 = FILL_AREA_STYLE('',(#8368)) ;
#12679 =(GEOMETRIC_REPRESENTATION_CONTEXT(3) GLOBAL_UNCERTAINTY_ASSIGNED_CONTEXT((#9623)) GLOBAL_UNIT_ASSIGNED_CONTEXT((#13831,#7252,#8294)) REPRESENTATION_CONTEXT('NONE','WORKASPACE'));
#12680 = LINE('NONE',#6707,#4765) ;
#12681 = FACE_OUTER_BOUND('NONE',#11409,.T.) ;
#12682 = MECHANICAL_DESIGN_GEOMETRIC_PRESENTATION_REPRESENTATION('',(#6327),#7050) ;
#12683=DIRECTION('NONE',(0.,0.,-1.));
#12684 = PRESENTATION_STYLE_ASSIGNMENT((#7251)) ;
#12685 =(NAMED_UNIT(*) SI_UNIT($,.STERADIAN.) SOLID_ANGLE_UNIT());
#12686 = ORIENTED_EDGE('NONE',*,*,#10089,.T.) ;
#12687=CARTESIAN_POINT('NONE',(-2.,2.,-0.01));
#12688 = FACE_OUTER_BOUND('NONE',#14548,.T.) ;
#12689 = SURFACE_STYLE_FILL_AREA(#7259) ;
#12690 = EDGE_CURVE('NONE',#14193,#2155,#1379,.T.) ;
#12692=CARTESIAN_POINT('NONE',(-2.496981560235,3.299999999999,0.917695083045));
#12691 = VECTOR('NONE',#6348,1000.) ;
#12693=CARTESIAN_POINT('NONE',(-1.671356058189,3.301,0.714383260638));
#12694=CARTESIAN_POINT('NONE',(-2.559160162967,3.299999999999,0.844323635766));
#12695=CARTESIAN_POINT('NONE',(-2.561528093917,3.299999999999,0.826339372882));
#12696 = ORIENTED_EDGE('NONE',*,*,#13129,.F.) ;
#12697 = FACE_OUTER_BOUND('NONE',#14420,.T.) ;
#12698 = SURFACE_SIDE_STYLE('',(#2476)) ;
#12700 = SURFACE_STYLE_FILL_AREA(#10358) ;
#12699 = B_SPLINE_SURFACE_WITH_KNOTS('NONE',3,1,((#3311,#14803),(#1550,#2483),(#9125,#11695),(#8318,#4745)),.UNSPECIFIED.,.F.,.F.,.F.,(4,4),(2,2),(3.000000000000,4.000000000000),(0.,1.),.UNSPECIFIED.) ;
#12701 = VECTOR('NONE',#9958,1000.) ;
#12702=CARTESIAN_POINT('NONE',(-1.594296132205,3.301,0.858953686889));
#12703 = PRESENTATION_LAYER_ASSIGNMENT('','',(#9430)) ;
#12704 =(GEOMETRIC_REPRESENTATION_CONTEXT(3) GLOBAL_UNCERTAINTY_ASSIGNED_CONTEXT((#12148)) GLOBAL_UNIT_ASSIGNED_CONTEXT((#7761,#6854,#2298)) REPRESENTATION_CONTEXT('NONE','WORKASPACE'));
#12705 =(GEOMETRIC_REPRESENTATION_CONTEXT(3) GLOBAL_UNCERTAINTY_ASSIGNED_CONTEXT((#10425)) GLOBAL_UNIT_ASSIGNED_CONTEXT((#7881,#4542,#8927)) REPRESENTATION_CONTEXT('NONE','WORKASPACE'));
#12706 = FILL_AREA_STYLE_COLOUR('',#2656) ;
#12707 = VERTEX_POINT('NONE',#9163) ;
#12708 = FILL_AREA_STYLE('',(#2721)) ;
#12709=CARTESIAN_POINT('NONE',(-1.739198803412,3.299999999999,0.615861623691));
#12710 = EDGE_CURVE('NONE',#7513,#12274,#13897,.T.) ;
#12711=CARTESIAN_POINT('NONE',(-1.,6.75,1.5));
#12712 = ORIENTED_EDGE('NONE',*,*,#12664,.F.) ;
#12713 = ORIENTED_EDGE('NONE',*,*,#2994,.T.) ;
#12714=CARTESIAN_POINT('NONE',(-2.79535401671,3.301,0.711885220435));
#12715 = SURFACE_SIDE_STYLE('',(#3732)) ;
#12716=CARTESIAN_POINT('NONE',(-2.306035261891,3.301,0.90738296511));
#12717=PRODUCT_DEFINITION('δ֪','',#4706,#9028);
#12718 =(GEOMETRIC_REPRESENTATION_CONTEXT(3) GLOBAL_UNCERTAINTY_ASSIGNED_CONTEXT((#11157)) GLOBAL_UNIT_ASSIGNED_CONTEXT((#2493,#6068,#11483)) REPRESENTATION_CONTEXT('NONE','WORKASPACE'));
#12719 = MECHANICAL_DESIGN_GEOMETRIC_PRESENTATION_REPRESENTATION('',(#11560),#10861) ;
#12720 = LINE('NONE',#10875,#7346) ;
#12721 = CYLINDRICAL_SURFACE('NONE',#12768,0.300000000000) ;
#12722=CARTESIAN_POINT('NONE',(-2.514031376558,3.301,0.823494497308));
#12723 = LINE('NONE',#10527,#13892) ;
#12724 = VECTOR('NONE',#801,1000.) ;
#12725=CARTESIAN_POINT('NONE',(-2.073527232118,3.301,0.657738820371));
#12726 = ORIENTED_EDGE('NONE',*,*,#931,.F.) ;
#12727 = SURFACE_SIDE_STYLE('',(#3741)) ;
#12728 = SURFACE_STYLE_USAGE(.BOTH.,#6077) ;
#12729=DIRECTION('NONE',(0.,0.,1.));
#12730 = SURFACE_STYLE_USAGE(.BOTH.,#2663) ;
#12731 = VERTEX_POINT('NONE',#3630) ;
#12732 = SURFACE_STYLE_USAGE(.BOTH.,#2511) ;
#12733=CARTESIAN_POINT('NONE',(-2.398100375549,3.301,0.671718011713));
#12734=CARTESIAN_POINT('NONE',(-2.431566470072,3.301,0.701863148656));
#12735 = FILL_AREA_STYLE('',(#7156)) ;
#12736 = STYLED_ITEM('NONE',(#2581),#12223) ;
#12737 = LINE('NONE',#7375,#8561) ;
#12738=CARTESIAN_POINT('NONE',(-2.368089551792,3.299999999999,0.913243945384));
#12739 = UNCERTAINTY_MEASURE_WITH_UNIT(LENGTH_MEASURE(1.000000000000E-05),#938,'distance_accuracy_value','NONE');
#12740 = ORIENTED_EDGE('NONE',*,*,#13679,.F.) ;
#12741 = VECTOR('NONE',#6676,1000.) ;
#12742 = ORIENTED_EDGE('NONE',*,*,#6827,.F.) ;
#12743 = FACE_OUTER_BOUND('NONE',#596,.T.) ;
#12744 = EDGE_LOOP('NONE',(#13349,#5075,#14778,#4730)) ;
#12745=DIRECTION('NONE',(-1.,0.,0.));
#12746 =(GEOMETRIC_REPRESENTATION_CONTEXT(3) GLOBAL_UNCERTAINTY_ASSIGNED_CONTEXT((#6962)) GLOBAL_UNIT_ASSIGNED_CONTEXT((#2236,#9915,#11217)) REPRESENTATION_CONTEXT('NONE','WORKASPACE'));
#12747 = FILL_AREA_STYLE_COLOUR('',#13526) ;
#12748 = ORIENTED_EDGE('NONE',*,*,#1569,.F.) ;
#12749 = B_SPLINE_SURFACE_WITH_KNOTS('NONE',3,1,((#12605,#8438),(#724,#10635),(#2993,#13046),(#8584,#1881)),.UNSPECIFIED.,.F.,.F.,.F.,(4,4),(2,2),(16.000000000000,17.000000000000),(0.,1.),.UNSPECIFIED.) ;
#12750=CARTESIAN_POINT('NONE',(-2.425350409914,3.299999999999,0.621490335455));
#12751 = MECHANICAL_DESIGN_GEOMETRIC_PRESENTATION_REPRESENTATION('',(#4490),#12510) ;
#12752=CARTESIAN_POINT('NONE',(-2.529951454553,3.301,0.917461248788));
#12753 = EDGE_CURVE('NONE',#1730,#2552,#11522,.T.) ;
#12754 = ORIENTED_EDGE('NONE',*,*,#6474,.F.) ;
#12755=CARTESIAN_POINT('NONE',(1.,-3.039736830714,0.5));
#12756=DIRECTION('NONE',(0.396279771914,0.,-0.918129806929));
#12757 = SURFACE_STYLE_FILL_AREA(#12678) ;
#12758=CARTESIAN_POINT('NONE',(0.,0.,0.));
#12759 = STYLED_ITEM('NONE',(#9220),#12993) ;
#12760=AXIS2_PLACEMENT_3D('NONE',#5411,#5478,#13209);
#12761=CARTESIAN_POINT('NONE',(-2.376827022548,3.299999999999,0.680603076085));
#12762 = PRESENTATION_STYLE_ASSIGNMENT((#9542)) ;
#12763 = VECTOR('NONE',#13511,1000.) ;
#12764 = EDGE_CURVE('NONE',#458,#14153,#524,.T.) ;
#12765=CARTESIAN_POINT('NONE',(-2.415737983181,3.301,0.6471995853));
#12766 =(NAMED_UNIT(*) SI_UNIT($,.STERADIAN.) SOLID_ANGLE_UNIT());
#12767 = UNCERTAINTY_MEASURE_WITH_UNIT(LENGTH_MEASURE(1.000000000000E-05),#10416,'distance_accuracy_value','NONE');
#12768=AXIS2_PLACEMENT_3D('NONE',#9354,#13795,#1417);
#12769=CARTESIAN_POINT('NONE',(-2.293064894801,3.299999999999,0.622366164494));
#12770 = LINE('NONE',#4953,#9595) ;
#12771=CARTESIAN_POINT('NONE',(-2.403011006166,3.299999999999,0.669187702008));
#12772=DIRECTION('NONE',(-0.007092178509,0.,0.999974850185));
#12773=CARTESIAN_POINT('NONE',(3.899999999999,0.324999999999,-0.05));
#12774 = EDGE_CURVE('NONE',#11159,#676,#13436,.T.) ;
#12775 = VERTEX_POINT('NONE',#2454) ;
#12776 = CIRCLE('NONE',#12536,0.300000000000) ;
#12777 = ORIENTED_EDGE('NONE',*,*,#10012,.F.) ;
#12778 = LINE('NONE',#9705,#5440) ;
#12779 = EDGE_CURVE('NONE',#11663,#4266,#12244,.T.) ;
#12780 = PRESENTATION_LAYER_ASSIGNMENT('','',(#3389)) ;
#12781=CARTESIAN_POINT('NONE',(-3.15,0.,7.199999999999));
#12782 = PRESENTATION_LAYER_ASSIGNMENT('','',(#12314)) ;
#12783 = EDGE_LOOP('NONE',(#3566,#8610,#3084,#10632)) ;
#12784 = ADVANCED_FACE('NONE',(#6860),#11275,.F.) ;
#12785=DIRECTION('NONE',(0.,0.,1.));
#12786=AXIS2_PLACEMENT_3D('NONE',#5427,#14390,#2136);
#12787=CARTESIAN_POINT('NONE',(-2.313166227056,3.299999999999,0.615361023832));
#12788 = ORIENTED_EDGE('NONE',*,*,#7850,.F.) ;
#12789=DIRECTION('NONE',(0.,0.,-1.));
#12790 = EDGE_LOOP('NONE',(#4199,#9459,#10327,#10891)) ;
#12791=DIRECTION('NONE',(0.,-1.,0.));
#12792 = B_SPLINE_CURVE_WITH_KNOTS('NONE',3,(#4188,#6981,#12283,#8920),.UNSPECIFIED.,.F.,.F.,(4,4),(35.000000000000,36.000000000000),.UNSPECIFIED.) ;
#12793=CARTESIAN_POINT('NONE',(3.299999999999,3.299999999999,1.5));
#12794 = VECTOR('NONE',#1202,1000.) ;
#12795=CARTESIAN_POINT('NONE',(-1.720979819969,3.301,0.615990839224));
#12796 = EDGE_CURVE('NONE',#2939,#6573,#8050,.T.) ;
#12797 =(NAMED_UNIT(*) PLANE_ANGLE_UNIT() SI_UNIT($,.RADIAN.));
#12798 = PRESENTATION_STYLE_ASSIGNMENT((#3667)) ;
#12799 =(NAMED_UNIT(*) SI_UNIT($,.STERADIAN.) SOLID_ANGLE_UNIT());
#12800 = ORIENTED_EDGE('NONE',*,*,#12866,.F.) ;
#12801 =(LENGTH_UNIT() NAMED_UNIT(*) SI_UNIT(.MILLI.,.METRE.));
#12802=CARTESIAN_POINT('NONE',(-2.559072083606,3.301,0.629588055003));
#12803=DIRECTION('NONE',(-0.007092178509,0.,0.999974850185));
#12804=CARTESIAN_POINT('NONE',(-2.340780408026,3.301,0.686847887764));
#12805 = ORIENTED_EDGE('NONE',*,*,#14522,.F.) ;
#12806=CARTESIAN_POINT('NONE',(-2.314677204059,3.299999999999,0.916367794752));
#12807 = SURFACE_STYLE_FILL_AREA(#4851) ;
#12808=CARTESIAN_POINT('NONE',(-1.671356058189,3.299999999999,0.714383260638));
#12809=DIRECTION('NONE',(1.264902534566000E-16,1.,0.));
#12810 = ADVANCED_FACE('NONE',(#1814),#7461,.F.) ;
#12811=DIRECTION('NONE',(0.,-1.,0.));
#12812 = ORIENTED_EDGE('NONE',*,*,#8819,.F.) ;
#12813 = PLANE('NONE',#7965) ;
#12814 = EDGE_LOOP('NONE',(#4014,#5541,#8718,#5011)) ;
#12815 = PRESENTATION_STYLE_ASSIGNMENT((#8356)) ;
#12816 = ORIENTED_EDGE('NONE',*,*,#12710,.T.) ;
#12817=DIRECTION('NONE',(0.,0.,1.));
#12818 = VECTOR('NONE',#8041,1000.) ;
#12819 =(NAMED_UNIT(*) SI_UNIT($,.STERADIAN.) SOLID_ANGLE_UNIT());
#12820 = PRESENTATION_STYLE_ASSIGNMENT((#6255)) ;
#12821 = ORIENTED_EDGE('NONE',*,*,#1183,.T.) ;
#12822 = EDGE_LOOP('NONE',(#1114,#8575,#3466,#8237)) ;
#12823=DIRECTION('NONE',(0.342741495824,0.,0.939429756309));
#12824 = B_SPLINE_SURFACE_WITH_KNOTS('NONE',3,1,((#1717,#10841),(#8567,#2976),(#10989,#9880),(#7443,#8854)),.UNSPECIFIED.,.F.,.F.,.F.,(4,4),(2,2),(9.000000000000,10.),(0.,1.),.UNSPECIFIED.) ;
#12825 =(LENGTH_UNIT() NAMED_UNIT(*) SI_UNIT(.MILLI.,.METRE.));
#12826 = ORIENTED_EDGE('NONE',*,*,#8659,.T.) ;
#12827 = LINE('NONE',#9681,#6128) ;
#12828 = PLANE('NONE',#6872) ;
#12829=DIRECTION('NONE',(0.,0.,1.));
#12830=CARTESIAN_POINT('NONE',(-2.562157698737,3.299999999999,0.915111671114));
#12831=DIRECTION('NONE',(-0.88961035806,0.,0.456720276353));
#12832 = ADVANCED_FACE('NONE',(#10860),#6184,.F.) ;
#12833 = ORIENTED_EDGE('NONE',*,*,#2219,.F.) ;
#12834 = LINE('NONE',#4149,#14393) ;
#12835 = UNCERTAINTY_MEASURE_WITH_UNIT(LENGTH_MEASURE(1.000000000000E-05),#12177,'distance_accuracy_value','NONE');
#12836 = EDGE_CURVE('NONE',#14152,#14571,#9613,.T.) ;
#12837=DIRECTION('NONE',(0.,0.,-1.));
#12838 = B_SPLINE_CURVE_WITH_KNOTS('NONE',3,(#3707,#425,#5664,#11363),.UNSPECIFIED.,.F.,.F.,(4,4),(5.000000000000,6.000000000000),.UNSPECIFIED.) ;
#12839=DIRECTION('NONE',(0.,-1.,0.));
#12840=CARTESIAN_POINT('NONE',(-2.301221483031,3.301,0.642085008008));
#12841 =(NAMED_UNIT(*) PLANE_ANGLE_UNIT() SI_UNIT($,.RADIAN.));
#12842 = ORIENTED_EDGE('NONE',*,*,#14275,.F.) ;
#12843 = STYLED_ITEM('NONE',(#12670),#9547) ;
#12844 = EDGE_LOOP('NONE',(#3132,#13851,#8155,#12327)) ;
#12845 = ADVANCED_FACE('NONE',(#8586),#12828,.T.) ;
#12846 = SURFACE_STYLE_FILL_AREA(#4960) ;
#12847=CARTESIAN_POINT('NONE',(-2.562157698737,3.301,0.915111671114));
#12848 = COLOUR_RGB('',0.647058823529,0.619607843137,0.588235294117) ;
#12849 = EDGE_CURVE('NONE',#12546,#6481,#11008,.T.) ;
#12850 = MECHANICAL_DESIGN_GEOMETRIC_PRESENTATION_REPRESENTATION('',(#3275),#7464) ;
#12851=CARTESIAN_POINT('NONE',(-2.715124325989,3.299999999999,0.676706461821));
#12852 = ORIENTED_EDGE('NONE',*,*,#3756,.F.) ;
#12853 = VECTOR('NONE',#13203,1000.) ;
#12854 = EDGE_CURVE('NONE',#12707,#6455,#9631,.T.) ;
#12855 = FILL_AREA_STYLE('',(#12559)) ;
#12856 = SURFACE_STYLE_FILL_AREA(#12997) ;
#12857=DIRECTION('NONE',(0.,0.,-1.));
#12858 = VERTEX_POINT('NONE',#4206) ;
#12859=CARTESIAN_POINT('NONE',(-2.79535401671,3.301,0.711885220435));
#12860 = ORIENTED_EDGE('NONE',*,*,#1907,.T.) ;
#12861=CARTESIAN_POINT('NONE',(-1.701524076034,3.299999999999,0.564072045136));
#12862 = LINE('NONE',#2809,#3541) ;
#12863 = VECTOR('NONE',#6101,1000.) ;
#12864 = VECTOR('NONE',#3928,1000.) ;
#12865 =(GEOMETRIC_REPRESENTATION_CONTEXT(3) GLOBAL_UNCERTAINTY_ASSIGNED_CONTEXT((#8220)) GLOBAL_UNIT_ASSIGNED_CONTEXT((#14164,#6378,#6149)) REPRESENTATION_CONTEXT('NONE','WORKASPACE'));
#12866 = EDGE_CURVE('NONE',#12912,#3498,#4273,.T.) ;
#12867 = SURFACE_SIDE_STYLE('',(#7061)) ;
#12868=CARTESIAN_POINT('NONE',(3.15,3.857637417314000E-16,0.956856893858));
#12869 = COLOUR_RGB('',0.647058823529,0.619607843137,0.588235294117) ;
#12870 = B_SPLINE_SURFACE_WITH_KNOTS('NONE',3,1,((#8582,#5142),(#13043,#7679),(#1943,#9968),(#13102,#798)),.UNSPECIFIED.,.F.,.F.,.F.,(4,4),(2,2),(3.000000000000,4.000000000000),(0.,1.),.UNSPECIFIED.) ;
#12871=AXIS2_PLACEMENT_3D('NONE',#4676,#10083,#2267);
#12872=AXIS2_PLACEMENT_3D('NONE',#8799,#5310,#12030);
#12873=DIRECTION('NONE',(0.349299057801,0.,0.937011295673));
#12874 = FILL_AREA_STYLE_COLOUR('',#11777) ;
#12875 = VERTEX_POINT('NONE',#3338) ;
#12876 = EDGE_CURVE('NONE',#11859,#5176,#6256,.T.) ;
#12877=CARTESIAN_POINT('NONE',(-2.715124325989,3.301,0.676706461821));
#12878=CARTESIAN_POINT('NONE',(-2.541683831448,3.299999999999,0.9135724289));
#12879=CARTESIAN_POINT('NONE',(-2.317216537321,3.301,0.627872093431));
#12880 =(GEOMETRIC_REPRESENTATION_CONTEXT(3) GLOBAL_UNCERTAINTY_ASSIGNED_CONTEXT((#2466)) GLOBAL_UNIT_ASSIGNED_CONTEXT((#14731,#11380,#11621)) REPRESENTATION_CONTEXT('NONE','WORKASPACE'));
#12881 =(NAMED_UNIT(*) PLANE_ANGLE_UNIT() SI_UNIT($,.RADIAN.));
#12882 = VECTOR('NONE',#9331,1000.) ;
#12883 = PRESENTATION_LAYER_ASSIGNMENT('','',(#4190)) ;
#12884 = VERTEX_POINT('NONE',#13319) ;
#12885 = SURFACE_SIDE_STYLE('',(#3897)) ;
#12886 = ORIENTED_EDGE('NONE',*,*,#14093,.F.) ;
#12887 = ORIENTED_EDGE('NONE',*,*,#2339,.T.) ;
#12888=CARTESIAN_POINT('NONE',(-2.339326813793,3.299999999999,0.934909084123));
#12889 =(NAMED_UNIT(*) PLANE_ANGLE_UNIT() SI_UNIT($,.RADIAN.));
#12890 = EDGE_LOOP('NONE',(#11951,#10092,#14296,#1375)) ;
#12891 = ADVANCED_FACE('NONE',(#1081),#12300,.F.) ;
#12892 = ORIENTED_EDGE('NONE',*,*,#5896,.T.) ;
#12893 = SURFACE_SIDE_STYLE('',(#7096)) ;
#12894=CARTESIAN_POINT('NONE',(0.,-1.,1.5));
#12895 = EDGE_LOOP('NONE',(#14436,#6515,#11373,#789,#4357,#4212,#9388,#4444,#12593,#1555,#973,#10325,#12152,#5730)) ;
#12896 = PRESENTATION_STYLE_ASSIGNMENT((#9684)) ;
#12897=CARTESIAN_POINT('NONE',(-2.314677204059,3.301,0.916367794752));
#12898=CARTESIAN_POINT('NONE',(-2.514031376558,3.299999999999,0.823494497308));
#12899=CARTESIAN_POINT('NONE',(-2.376303828783,3.301,0.620028967036));
#12900 = PLANE('NONE',#5788) ;
#12901 = ORIENTED_EDGE('NONE',*,*,#1907,.F.) ;
#12902 = VERTEX_POINT('NONE',#1005) ;
#12903 = FACE_OUTER_BOUND('NONE',#9947,.T.) ;
#12904=DIRECTION('NONE',(1.314184451497000E-16,-1.,0.));
#12905 = UNCERTAINTY_MEASURE_WITH_UNIT(LENGTH_MEASURE(1.000000000000E-05),#14228,'distance_accuracy_value','NONE');
#12906=CARTESIAN_POINT('NONE',(-2.417625435485,3.301,0.693414998421));
#12907=CARTESIAN_POINT('NONE',(-2.460806603498,3.299999999999,0.703527378515));
#12908 = LINE('NONE',#7331,#5765) ;
#12909=CARTESIAN_POINT('NONE',(-2.292851676192,3.299999999999,0.856194317635));
#12910 = EDGE_LOOP('NONE',(#10600,#1801,#4780,#13985)) ;
#12911 = STYLED_ITEM('NONE',(#6433),#14104) ;
#12912 = VERTEX_POINT('NONE',#4415) ;
#12913 = LINE('NONE',#821,#6918) ;
#12914=CARTESIAN_POINT('NONE',(-2.661992291233,3.301,0.85569740015));
#12915 = EDGE_CURVE('NONE',#2086,#489,#7508,.T.) ;
#12916 = SURFACE_SIDE_STYLE('',(#4226)) ;
#12917 = PRESENTATION_LAYER_ASSIGNMENT('','',(#8710)) ;
#12918 = SURFACE_STYLE_FILL_AREA(#13126) ;
#12919 = ORIENTED_EDGE('NONE',*,*,#604,.T.) ;
#12920=SHAPE_DEFINITION_REPRESENTATION(#11405,#10827);
#12921 = SURFACE_SIDE_STYLE('',(#10957)) ;
#12922=CARTESIAN_POINT('NONE',(-2.632765633702,3.301,0.737182141301));
#12923 = UNCERTAINTY_MEASURE_WITH_UNIT(LENGTH_MEASURE(1.000000000000E-05),#5612,'distance_accuracy_value','NONE');
#12924 =(LENGTH_UNIT() NAMED_UNIT(*) SI_UNIT(.MILLI.,.METRE.));
#12925 = VERTEX_POINT('NONE',#3277) ;
#12926=DIRECTION('NONE',(0.,-1.,0.));
#12927 = ORIENTED_EDGE('NONE',*,*,#11689,.F.) ;
#12928 =(LENGTH_UNIT() NAMED_UNIT(*) SI_UNIT(.MILLI.,.METRE.));
#12929=DIRECTION('NONE',(0.461025394855,0.,0.887386942262));
#12930 = B_SPLINE_CURVE_WITH_KNOTS('NONE',3,(#2189,#10970,#2118,#14372),.UNSPECIFIED.,.F.,.F.,(4,4),(7.000000000000,8.000000000000),.UNSPECIFIED.) ;
#12931 = EDGE_CURVE('NONE',#12475,#11432,#2221,.T.) ;
#12932 = EDGE_CURVE('NONE',#8931,#6425,#2151,.T.) ;
#12933 =(GEOMETRIC_REPRESENTATION_CONTEXT(3) GLOBAL_UNCERTAINTY_ASSIGNED_CONTEXT((#7257)) GLOBAL_UNIT_ASSIGNED_CONTEXT((#7599,#1870,#6323)) REPRESENTATION_CONTEXT('NONE','WORKASPACE'));
#12934=CARTESIAN_POINT('NONE',(-1.974765770617,3.299999999999,0.923061550359));
#12935=CARTESIAN_POINT('NONE',(-0.880617391387,2.499402530603,7.698999999999));
#12936=CARTESIAN_POINT('NONE',(3.039736830714,-1.,0.5));
#12937 = B_SPLINE_CURVE_WITH_KNOTS('NONE',3,(#2808,#8614,#8471,#3021),.UNSPECIFIED.,.F.,.F.,(4,4),(6.000000000000,7.000000000000),.UNSPECIFIED.) ;
#12938 = LINE('NONE',#10975,#802) ;
#12939 = STYLED_ITEM('NONE',(#14005),#10827) ;
#12940=AXIS2_PLACEMENT_3D('NONE',#8541,#2879,#686);
#12941=CARTESIAN_POINT('NONE',(-2.301221483031,3.301,0.642085008008));
#12942 = EDGE_CURVE('NONE',#11667,#10931,#10042,.T.) ;
#12943 = ORIENTED_EDGE('NONE',*,*,#5806,.T.) ;
#12944 = SURFACE_SIDE_STYLE('',(#1783)) ;
#12945 = CIRCLE('NONE',#8960,0.751525314169) ;
#12946=CARTESIAN_POINT('NONE',(-2.397296466739,3.299999999999,0.690315052434));
#12947 =(LENGTH_UNIT() NAMED_UNIT(*) SI_UNIT(.MILLI.,.METRE.));
#12948 = ORIENTED_EDGE('NONE',*,*,#3781,.T.) ;
#12949 = SURFACE_STYLE_USAGE(.BOTH.,#11864) ;
#12950=CARTESIAN_POINT('NONE',(-2.41094482902,3.299999999999,0.705877401422));
#12951 = EDGE_CURVE('NONE',#6621,#8958,#7865,.T.) ;
#12952 = PLANE('NONE',#5889) ;
#12953=CARTESIAN_POINT('NONE',(-2.268905526831,3.299999999999,0.725725682133));
#12954 = LINE('NONE',#13809,#4318) ;
#12955 = PRESENTATION_LAYER_ASSIGNMENT('','',(#1014)) ;
#12956 = STYLED_ITEM('NONE',(#6038),#11985) ;
#12957 = VERTEX_POINT('NONE',#11262) ;
#12958 = ADVANCED_FACE('NONE',(#3683),#13519,.F.) ;
#12959 = B_SPLINE_SURFACE_WITH_KNOTS('NONE',3,1,((#14496,#1026),(#11220,#8886),(#12113,#13342),(#7845,#6635)),.UNSPECIFIED.,.F.,.F.,.F.,(4,4),(2,2),(6.000000000000,7.000000000000),(0.,1.),.UNSPECIFIED.) ;
#12960 = VERTEX_POINT('NONE',#3536) ;
#12961=CARTESIAN_POINT('NONE',(-1.740933984092,3.299999999999,0.738182977972));
#12962 = ORIENTED_EDGE('NONE',*,*,#2446,.F.) ;
#12963 = EDGE_CURVE('NONE',#9863,#4160,#3633,.T.) ;
#12964 =(LENGTH_UNIT() NAMED_UNIT(*) SI_UNIT(.MILLI.,.METRE.));
#12965 = PLANE('NONE',#12586) ;
#12966 = EDGE_LOOP('NONE',(#11516,#6362,#8800,#12422)) ;
#12967 = VERTEX_POINT('NONE',#5719) ;
#12968=DIRECTION('NONE',(0.,0.,-1.));
#12969 = FILL_AREA_STYLE('',(#13822)) ;
#12970 = SURFACE_SIDE_STYLE('',(#14198)) ;
#12971=CARTESIAN_POINT('NONE',(-2.301255109149,3.301,0.646826184864));

#12973 =(LENGTH_UNIT() NAMED_UNIT(*) SI_UNIT(.MILLI.,.METRE.));
#12974=CARTESIAN_POINT('NONE',(-3.299999999999,3.299999999999,0.299999999999));
#12975 = EDGE_CURVE('NONE',#7365,#11540,#8031,.T.) ;
#12976=AXIS2_PLACEMENT_3D('NONE',#9089,#11597,#6943);
#12977 = ORIENTED_EDGE('NONE',*,*,#7128,.F.) ;
#12978 = VECTOR('NONE',#7288,1000.) ;
#12979 = UNCERTAINTY_MEASURE_WITH_UNIT(LENGTH_MEASURE(1.000000000000E-05),#12072,'distance_accuracy_value','NONE');
#12980=DIRECTION('NONE',(-1.,0.,0.));
#12981=CARTESIAN_POINT('NONE',(-1.607524983549,3.301,0.644559193055));
#12982=DIRECTION('NONE',(0.,0.,-1.));
#12983=DIRECTION('NONE',(0.,0.,-1.));
#12984 = CYLINDRICAL_SURFACE('NONE',#11205,3.200000000000) ;
#12985 = ORIENTED_EDGE('NONE',*,*,#2598,.F.) ;
#12986 = MECHANICAL_DESIGN_GEOMETRIC_PRESENTATION_REPRESENTATION('',(#11335),#5449) ;
#12987 = ORIENTED_EDGE('NONE',*,*,#6167,.F.) ;
#12988 = UNCERTAINTY_MEASURE_WITH_UNIT(LENGTH_MEASURE(1.000000000000E-05),#11088,'distance_accuracy_value','NONE');
#12989 = B_SPLINE_SURFACE_WITH_KNOTS('NONE',3,1,((#4257,#4119),(#3038,#9877),(#14387,#14311),(#8851,#858)),.UNSPECIFIED.,.F.,.F.,.F.,(4,4),(2,2),(24.000000000000,25.000000000000),(0.,1.),.UNSPECIFIED.) ;
#12990 =(LENGTH_UNIT() NAMED_UNIT(*) SI_UNIT(.MILLI.,.METRE.));
#12991 = PRESENTATION_LAYER_ASSIGNMENT('','',(#13664)) ;
#12992 = SURFACE_STYLE_USAGE(.BOTH.,#10882) ;
#12993 = ADVANCED_FACE('NONE',(#12659),#2436,.F.) ;
#12994 = PRESENTATION_STYLE_ASSIGNMENT((#2798)) ;
#12995 = EDGE_LOOP('NONE',(#10165,#13900,#2372,#11896)) ;
#12996 =(NAMED_UNIT(*) PLANE_ANGLE_UNIT() SI_UNIT($,.RADIAN.));
#12997 = FILL_AREA_STYLE('',(#5041)) ;
#12998 = FILL_AREA_STYLE('',(#14010)) ;
#12999 = ORIENTED_EDGE('NONE',*,*,#10432,.T.) ;
#13000 = FILL_AREA_STYLE('',(#6215)) ;
#13001 =(GEOMETRIC_REPRESENTATION_CONTEXT(3) GLOBAL_UNCERTAINTY_ASSIGNED_CONTEXT((#12182)) GLOBAL_UNIT_ASSIGNED_CONTEXT((#5254,#6436,#14074)) REPRESENTATION_CONTEXT('NONE','WORKASPACE'));
#13002 = ORIENTED_EDGE('NONE',*,*,#2797,.F.) ;
#13003=DIRECTION('NONE',(0.,0.,1.));
#13004=CARTESIAN_POINT('NONE',(-3.899999999999,0.325,-0.05));
#13005 = STYLED_ITEM('NONE',(#1975),#2243) ;
#13006 = LINE('NONE',#11849,#7083) ;
#13007=CARTESIAN_POINT('NONE',(-2.383017398388,3.301,0.616612451628));
#13008 = FACE_OUTER_BOUND('NONE',#7944,.T.) ;
#13009 =(NAMED_UNIT(*) PLANE_ANGLE_UNIT() SI_UNIT($,.RADIAN.));
#13010 = SURFACE_STYLE_USAGE(.BOTH.,#7654) ;
#13011 = SURFACE_STYLE_USAGE(.BOTH.,#5272) ;
#13012 = ORIENTED_EDGE('NONE',*,*,#9311,.T.) ;
#13013 = ORIENTED_EDGE('NONE',*,*,#4325,.F.) ;
#13014 = PRESENTATION_STYLE_ASSIGNMENT((#9798)) ;
#13015 = EDGE_CURVE('NONE',#14650,#11239,#4693,.T.) ;
#13016=DIRECTION('NONE',(-1.,1.264902534566000E-16,0.));
#13017 = ORIENTED_EDGE('NONE',*,*,#10812,.F.) ;
#13018=CARTESIAN_POINT('NONE',(-2.701986767511,3.301,0.711174899319));
#13019=CARTESIAN_POINT('NONE',(-2.738015227702,3.301,0.614406615551));
#13020=CARTESIAN_POINT('NONE',(-1.985225815397,3.301,0.807594688155));
#13021 = VECTOR('NONE',#7983,1000.) ;
#13022 = FILL_AREA_STYLE_COLOUR('',#4459) ;
#13023 = ORIENTED_EDGE('NONE',*,*,#2001,.T.) ;
#13024 = SURFACE_STYLE_USAGE(.BOTH.,#9950) ;
#13025 = SURFACE_SIDE_STYLE('',(#1712)) ;
#13026 = PRESENTATION_LAYER_ASSIGNMENT('','',(#10695)) ;
#13027=CARTESIAN_POINT('NONE',(3.899999999999,0.324999999999,-0.05));
#13028=CARTESIAN_POINT('NONE',(-1.757897730363,3.299999999999,0.683402932274));
#13029 = PLANE('NONE',#9008) ;
#13030 = FACE_OUTER_BOUND('NONE',#12061,.T.) ;
#13031=CARTESIAN_POINT('NONE',(-1.7,-2.,0.));
#13032 = EDGE_CURVE('NONE',#5293,#3401,#9589,.T.) ;
#13033 =(NAMED_UNIT(*) SI_UNIT($,.STERADIAN.) SOLID_ANGLE_UNIT());
#13034 = VERTEX_POINT('NONE',#7157) ;
#13035 = EDGE_CURVE('NONE',#12957,#13138,#12737,.T.) ;
#13036 = ORIENTED_EDGE('NONE',*,*,#4307,.F.) ;
#13037=CARTESIAN_POINT('NONE',(-2.731690350175,3.299999999999,0.677025678973));
#13038 = UNCERTAINTY_MEASURE_WITH_UNIT(LENGTH_MEASURE(1.000000000000E-05),#6476,'distance_accuracy_value','NONE');
#13039=CARTESIAN_POINT('NONE',(-2.316067551767,3.299999999999,0.808927444139));
#13040=DIRECTION('NONE',(0.,-1.,0.));
#13041 = VERTEX_POINT('NONE',#13965) ;
#13042 = VERTEX_POINT('NONE',#3752) ;
#13043=CARTESIAN_POINT('NONE',(-2.308492081909,3.301,0.629244098306));
#13044 = PRESENTATION_LAYER_ASSIGNMENT('','',(#10010)) ;
#13045=CARTESIAN_POINT('NONE',(-2.541683831448,3.299999999999,0.9135724289));
#13046=CARTESIAN_POINT('NONE',(-2.433668711138,3.299999999999,0.650815636819));
#13047=CARTESIAN_POINT('NONE',(-2.221528704777,3.301,0.687007405918));
#13048 =(NAMED_UNIT(*) PLANE_ANGLE_UNIT() SI_UNIT($,.RADIAN.));
#13049=CARTESIAN_POINT('NONE',(-2.58038220164,3.299999999999,0.889778050659));
#13050 = EDGE_CURVE('NONE',#7625,#943,#4921,.T.) ;
#13051 =(LENGTH_UNIT() NAMED_UNIT(*) SI_UNIT(.MILLI.,.METRE.));
#13052 = PRESENTATION_LAYER_ASSIGNMENT('','',(#11176)) ;
#13053=CARTESIAN_POINT('NONE',(5.799999999999,0.4,0.299999999999));
#13054 = ORIENTED_EDGE('NONE',*,*,#8196,.F.) ;
#13055 = STYLED_ITEM('NONE',(#7455),#10353) ;
#13056 =(LENGTH_UNIT() NAMED_UNIT(*) SI_UNIT(.MILLI.,.METRE.));
#13057 = UNCERTAINTY_MEASURE_WITH_UNIT(LENGTH_MEASURE(1.000000000000E-05),#7719,'distance_accuracy_value','NONE');
#13058 = PRESENTATION_STYLE_ASSIGNMENT((#8597)) ;
#13059 = SURFACE_STYLE_USAGE(.BOTH.,#12184) ;
#13060 = FILL_AREA_STYLE_COLOUR('',#13344) ;
#13061 = ORIENTED_EDGE('NONE',*,*,#14461,.F.) ;
#13062 = EDGE_CURVE('NONE',#11496,#12198,#6019,.T.) ;
#13063=CARTESIAN_POINT('NONE',(-2.306035261891,3.301,0.90738296511));
#13064 = VERTEX_POINT('NONE',#8419) ;
#13065 = VECTOR('NONE',#461,1000.) ;
#13066 = EDGE_CURVE('NONE',#13718,#10214,#7441,.T.) ;
#13067=CARTESIAN_POINT('NONE',(-2.559072083606,3.299999999999,0.629588055003));
#13068 = SURFACE_STYLE_USAGE(.BOTH.,#12916) ;
#13069 = EDGE_LOOP('NONE',(#2664,#11838,#3546,#10257)) ;
#13070 = PRESENTATION_LAYER_ASSIGNMENT('','',(#4837)) ;
#13071 = PRESENTATION_LAYER_ASSIGNMENT('','',(#9335)) ;
#13072 = ORIENTED_EDGE('NONE',*,*,#7192,.F.) ;
#13073=CARTESIAN_POINT('NONE',(-2.335942800976,3.301,0.822823566679));
#13074 = ORIENTED_EDGE('NONE',*,*,#13066,.T.) ;
#13075=CARTESIAN_POINT('NONE',(-2.455502237896,3.301,0.932026354102));
#13076=DIRECTION('NONE',(0.,-1.,0.));
#13077 = EDGE_LOOP('NONE',(#7854,#10704,#8433,#5686)) ;
#13078 = LINE('NONE',#6371,#2867) ;
#13079 = EDGE_CURVE('NONE',#13916,#13994,#10840,.T.) ;
#13080=CARTESIAN_POINT('NONE',(-2.340286635026,3.301,0.617227448673));
#13081=CARTESIAN_POINT('NONE',(-2.701834336199,3.299999999999,0.641302491134));
#13082 = VECTOR('NONE',#1482,1000.) ;
#13083 = ORIENTED_EDGE('NONE',*,*,#7919,.F.) ;
#13084=DIRECTION('NONE',(-1.284980352575000E-16,1.,0.));
#13085 = EDGE_LOOP('NONE',(#1267,#1696,#2427,#4786)) ;
#13086=DIRECTION('NONE',(0.347576530354,0.,-0.937651617364));
#13087 = VECTOR('NONE',#6041,1000.) ;
#13088 = SURFACE_STYLE_USAGE(.BOTH.,#14176) ;
#13089=DIRECTION('NONE',(0.,1.,0.));
#13090 =(NAMED_UNIT(*) SI_UNIT($,.STERADIAN.) SOLID_ANGLE_UNIT());
#13091 = EDGE_CURVE('NONE',#8998,#4608,#1716,.T.) ;
#13092 = LINE('NONE',#8780,#3174) ;
#13093 = LINE('NONE',#9741,#13703) ;
#13094=CARTESIAN_POINT('NONE',(-2.206153292548,3.301,0.740207828274));
#13095 = FACE_OUTER_BOUND('NONE',#2259,.T.) ;
#13096 = VERTEX_POINT('NONE',#3893) ;
#13097=DIRECTION('NONE',(0.,0.,1.));
#13098=CARTESIAN_POINT('NONE',(-1.918047542014,3.299999999999,0.632813114141));
#13099=CARTESIAN_POINT('NONE',(-2.802200322387,3.301,0.73598045002));
#13100 = VERTEX_POINT('NONE',#6242) ;
#13101 = ORIENTED_EDGE('NONE',*,*,#12130,.T.) ;
#13102=CARTESIAN_POINT('NONE',(-2.317216537321,3.301,0.627872093431));
#13103 = ADVANCED_FACE('NONE',(#14107),#13029,.F.) ;
#13104 = ORIENTED_EDGE('NONE',*,*,#1007,.T.) ;
#13105 = LINE('NONE',#4205,#3337) ;
#13106 = VECTOR('NONE',#10413,1000.) ;
#13107 = COLOUR_RGB('',0.647058823529,0.619607843137,0.588235294117) ;
#13108 = EDGE_CURVE('NONE',#14324,#11292,#9440,.T.) ;
#13109 = ADVANCED_FACE('NONE',(#8566),#9060,.F.) ;
#13110 = LINE('NONE',#3061,#2679) ;
#13111 = SURFACE_SIDE_STYLE('',(#1885)) ;
#13112=CARTESIAN_POINT('NONE',(-1.552818840819,3.299999999999,0.760339860241));
#13113 = SURFACE_SIDE_STYLE('',(#5236)) ;
#13114 = ORIENTED_EDGE('NONE',*,*,#6301,.T.) ;
#13115 = SURFACE_SIDE_STYLE('',(#8664)) ;
#13116 = FILL_AREA_STYLE_COLOUR('',#6566) ;
#13117 =(NAMED_UNIT(*) SI_UNIT($,.STERADIAN.) SOLID_ANGLE_UNIT());
#13118 = ADVANCED_FACE('NONE',(#3661),#12721,.T.) ;
#13119=CARTESIAN_POINT('NONE',(-2.34048662194,3.299999999999,0.645424974182));
#13120 = ORIENTED_EDGE('NONE',*,*,#5565,.F.) ;
#13121 = SURFACE_STYLE_FILL_AREA(#12642) ;
#13122=CARTESIAN_POINT('NONE',(-2.639644260427,3.299999999999,0.906576567133));
#13123 = UNCERTAINTY_MEASURE_WITH_UNIT(LENGTH_MEASURE(1.000000000000E-05),#14541,'distance_accuracy_value','NONE');
#13124 = FACE_OUTER_BOUND('NONE',#13583,.T.) ;
#13125 = FILL_AREA_STYLE_COLOUR('',#2691) ;
#13126 = FILL_AREA_STYLE('',(#11837)) ;
#13127 = ORIENTED_EDGE('NONE',*,*,#7457,.F.) ;
#13128 = ORIENTED_EDGE('NONE',*,*,#12390,.F.) ;
#13129 = EDGE_CURVE('NONE',#11239,#1323,#4678,.T.) ;
#13130 = MECHANICAL_DESIGN_GEOMETRIC_PRESENTATION_REPRESENTATION('',(#8706),#7980) ;
#13131=CARTESIAN_POINT('NONE',(-2.348014086786,3.299999999999,0.822737952812));
#13132=CARTESIAN_POINT('NONE',(-2.368206358308,3.299999999999,0.929713296567));
#13133 =(NAMED_UNIT(*) PLANE_ANGLE_UNIT() SI_UNIT($,.RADIAN.));
#13134 = ORIENTED_EDGE('NONE',*,*,#13284,.F.) ;
#13135 = FILL_AREA_STYLE_COLOUR('',#14243) ;
#13136 = ORIENTED_EDGE('NONE',*,*,#4663,.T.) ;
#13137=DIRECTION('NONE',(0.,-1.,0.));
#13138 = VERTEX_POINT('NONE',#5843) ;
#13139=DIRECTION('NONE',(-1.,1.264902534566000E-16,0.));
#13140 = UNCERTAINTY_MEASURE_WITH_UNIT(LENGTH_MEASURE(1.000000000000E-05),#8330,'distance_accuracy_value','NONE');
#13141 = FILL_AREA_STYLE_COLOUR('',#10418) ;
#13142=CARTESIAN_POINT('NONE',(-2.312381784606,3.301,0.627906383222));
#13143 = FACE_OUTER_BOUND('NONE',#6418,.T.) ;
#13144 = VECTOR('NONE',#10370,1000.) ;
#13145 = EDGE_LOOP('NONE',(#14608,#11302,#3271,#10961)) ;
#13146 = PLANE('NONE',#5907) ;
#13147 = EDGE_CURVE('NONE',#13589,#4154,#7839,.T.) ;
#13148 = FILL_AREA_STYLE('',(#6228)) ;
#13149=CARTESIAN_POINT('NONE',(-2.418342621521,3.301,0.644997565736));
#13150 = EDGE_LOOP('NONE',(#1325,#5790,#13682,#1041)) ;
#13151 =(NAMED_UNIT(*) SI_UNIT($,.STERADIAN.) SOLID_ANGLE_UNIT());
#13152 = FILL_AREA_STYLE('',(#4321)) ;
#13153 = COLOUR_RGB('',0.250980392156,0.250980392156,0.250980392156) ;
#13154=DIRECTION('NONE',(0.,0.,-1.));
#13155=CARTESIAN_POINT('NONE',(-1.773409389351,3.299999999999,0.668543471348));
#13156=DIRECTION('NONE',(0.,-1.,0.));
#13157=CARTESIAN_POINT('NONE',(-2.222511383839,3.301,0.825562061135));
#13158 = MECHANICAL_DESIGN_GEOMETRIC_PRESENTATION_REPRESENTATION('',(#12012),#763) ;
#13159 =(GEOMETRIC_REPRESENTATION_CONTEXT(3) GLOBAL_UNCERTAINTY_ASSIGNED_CONTEXT((#589)) GLOBAL_UNIT_ASSIGNED_CONTEXT((#4686,#10090,#1351)) REPRESENTATION_CONTEXT('NONE','WORKASPACE'));
#13160=CARTESIAN_POINT('NONE',(-1.766961098568,3.299999999999,0.737998384387));
#13161 = ORIENTED_EDGE('NONE',*,*,#9474,.T.) ;
#13162=CARTESIAN_POINT('NONE',(-2.323029332435,3.299999999999,0.822915153606));
#13163=DIRECTION('NONE',(-0.007092178509,0.,0.999974850185));
#13164 = LINE('NONE',#871,#9321) ;
#13165=DIRECTION('NONE',(-0.349299057795,0.,-0.937011295675));
#13166 = EDGE_LOOP('NONE',(#10549,#9673,#4699,#13101)) ;
#13167 = ORIENTED_EDGE('NONE',*,*,#14710,.T.) ;
#13168=CARTESIAN_POINT('NONE',(-2.395868713299,3.301,0.673730224867));
#13169 = FACE_OUTER_BOUND('NONE',#4703,.T.) ;
#13170 = ORIENTED_EDGE('NONE',*,*,#4999,.F.) ;
#13171 = VECTOR('NONE',#7725,1000.) ;
#13172=CARTESIAN_POINT('NONE',(-2.333566237399,3.299999999999,0.808803337215));
#13173=AXIS2_PLACEMENT_3D('NONE',#12793,#13793,#540);
#13174=CARTESIAN_POINT('NONE',(-2.603099865801,3.299999999999,0.684301167068));
#13175 = VECTOR('NONE',#3313,1000.) ;
#13176=DIRECTION('NONE',(-0.999974850185,0.,-0.007092178509));
#13177=CARTESIAN_POINT('NONE',(-2.455502237896,3.301,0.932026354102));
#13178 = FACE_OUTER_BOUND('NONE',#4895,.T.) ;
#13179 = LINE('NONE',#4073,#14040) ;
#13180 = EDGE_LOOP('NONE',(#1663,#2519,#11685,#2100)) ;
#13181 = ORIENTED_EDGE('NONE',*,*,#2117,.F.) ;
#13182=CARTESIAN_POINT('NONE',(-2.455402686888,3.301,0.917989975253));
#13183 =(GEOMETRIC_REPRESENTATION_CONTEXT(3) GLOBAL_UNCERTAINTY_ASSIGNED_CONTEXT((#5601)) GLOBAL_UNIT_ASSIGNED_CONTEXT((#8970,#3377,#2323)) REPRESENTATION_CONTEXT('NONE','WORKASPACE'));
#13184 = EDGE_CURVE('NONE',#6268,#13041,#13868,.T.) ;
#13185=CARTESIAN_POINT('NONE',(-2.731690350175,3.301,0.677025678973));
#13186 =(NAMED_UNIT(*) PLANE_ANGLE_UNIT() SI_UNIT($,.RADIAN.));
#13187 = ORIENTED_EDGE('NONE',*,*,#14020,.T.) ;
#13188 = LINE('NONE',#3140,#1579) ;
#13189=CARTESIAN_POINT('NONE',(-2.419609323552,3.301,0.638874651521));
#13190 = PRESENTATION_LAYER_ASSIGNMENT('','',(#4965)) ;
#13191 = MECHANICAL_DESIGN_GEOMETRIC_PRESENTATION_REPRESENTATION('',(#11110),#10645) ;
#13192=CARTESIAN_POINT('NONE',(2.65,0.,7.7));
#13193 = ADVANCED_FACE('NONE',(#7139),#9499,.F.) ;
#13194 = VECTOR('NONE',#14304,1000.) ;
#13195=CARTESIAN_POINT('NONE',(-2.276287199883,3.299999999999,0.851695157556));
#13196 = ORIENTED_EDGE('NONE',*,*,#2826,.T.) ;
#13197 = EDGE_CURVE('NONE',#8793,#11734,#9201,.T.) ;
#13198=DIRECTION('NONE',(0.,0.,-1.));
#13199 =(NAMED_UNIT(*) PLANE_ANGLE_UNIT() SI_UNIT($,.RADIAN.));
#13200 = COLOUR_RGB('',0.250980392156,0.250980392156,0.250980392156) ;
#13201 = FILL_AREA_STYLE('',(#4163)) ;
#13202 = ORIENTED_EDGE('NONE',*,*,#10068,.T.) ;
#13203=DIRECTION('NONE',(0.,0.,1.));
#13204 = ORIENTED_EDGE('NONE',*,*,#9217,.F.) ;
#13205 = FILL_AREA_STYLE('',(#4237)) ;
#13206 =(NAMED_UNIT(*) PLANE_ANGLE_UNIT() SI_UNIT($,.RADIAN.));
#13207 = ORIENTED_EDGE('NONE',*,*,#12009,.F.) ;
#13208 = COLOUR_RGB('',0.250980392156,0.250980392156,0.250980392156) ;
#13209=DIRECTION('NONE',(-0.321638936845,0.,-0.946862394598));
#13210=CARTESIAN_POINT('NONE',(-1.668728691614,3.301,0.588597830522));
#13211 = PRESENTATION_LAYER_ASSIGNMENT('','',(#11346)) ;
#13212=CARTESIAN_POINT('NONE',(-1.971775419278,3.301,0.868423071751));
#13213 = ORIENTED_EDGE('NONE',*,*,#1407,.F.) ;
#13214 = EDGE_CURVE('NONE',#12443,#14612,#8215,.T.) ;
#13215=DIRECTION('NONE',(-0.359249240323,0.,-0.933241653231));
#13216 = STYLED_ITEM('NONE',(#929),#5361) ;
#13217=CARTESIAN_POINT('NONE',(3.899999999999,-0.325,-0.05));
#13218 = VECTOR('NONE',#8538,1000.) ;
#13219 = SURFACE_STYLE_USAGE(.BOTH.,#8699) ;
#13220 = ORIENTED_EDGE('NONE',*,*,#12418,.T.) ;
#13221=CARTESIAN_POINT('NONE',(-2.715016368452,3.301,0.661484788758));
#13222=DIRECTION('NONE',(0.334929697692,0.,0.94224312022));
#13223=CARTESIAN_POINT('NONE',(-2.270915731559,3.301,0.617719451877));
#13224 = MECHANICAL_DESIGN_GEOMETRIC_PRESENTATION_REPRESENTATION('',(#12078),#2425) ;
#13225 = PRESENTATION_STYLE_ASSIGNMENT((#4118)) ;
#13226=CARTESIAN_POINT('NONE',(-2.792518868051,3.301,0.716771517753));
#13227 = EDGE_CURVE('NONE',#7333,#14663,#10131,.T.) ;
#13228 = FILL_AREA_STYLE_COLOUR('',#1605) ;
#13229 = COLOUR_RGB('',0.647058823529,0.619607843137,0.588235294117) ;
#13230=AXIS2_PLACEMENT_3D('NONE',#9893,#5439,#4339);
#13231=CARTESIAN_POINT('NONE',(-2.340679529671,3.299999999999,0.672624357197));
#13232=CARTESIAN_POINT('NONE',(-2.608849350339,3.301,0.61532270605));
#13233 =(GEOMETRIC_REPRESENTATION_CONTEXT(3) GLOBAL_UNCERTAINTY_ASSIGNED_CONTEXT((#820)) GLOBAL_UNIT_ASSIGNED_CONTEXT((#9004,#12513,#14689)) REPRESENTATION_CONTEXT('NONE','WORKASPACE'));
#13234 = MECHANICAL_DESIGN_GEOMETRIC_PRESENTATION_REPRESENTATION('',(#12085),#10688) ;
#13235 = B_SPLINE_CURVE_WITH_KNOTS('NONE',3,(#2024,#4216,#4610,#13185),.UNSPECIFIED.,.F.,.F.,(4,4),(4.000000000000,5.000000000000),.UNSPECIFIED.) ;
#13236=CARTESIAN_POINT('NONE',(-2.443713413255,3.299999999999,0.70364860952));
#13237 = B_SPLINE_CURVE_WITH_KNOTS('NONE',3,(#10075,#1263,#5417,#13356),.UNSPECIFIED.,.F.,.F.,(4,4),(3.000000000000,4.000000000000),.UNSPECIFIED.) ;
#13238 = VERTEX_POINT('NONE',#8885) ;
#13239 = VECTOR('NONE',#13544,1000.) ;
#13240=CARTESIAN_POINT('NONE',(1.799999999999,3.299999999999,1.5));
#13241=DIRECTION('NONE',(-0.347576530354,0.,0.937651617364));
#13242=CARTESIAN_POINT('NONE',(-2.549188688235,3.299999999999,0.815010059299));
#13243=CARTESIAN_POINT('NONE',(-2.359390315969,3.299999999999,0.918171832901));
#13244 = VECTOR('NONE',#13156,1000.) ;
#13245 = VERTEX_POINT('NONE',#14422) ;
#13246 = ORIENTED_EDGE('NONE',*,*,#14175,.T.) ;
#13247 = PLANE('NONE',#10159) ;
#13248 = SURFACE_STYLE_USAGE(.BOTH.,#14261) ;
#13249 = ORIENTED_EDGE('NONE',*,*,#4909,.F.) ;
#13250=CARTESIAN_POINT('NONE',(-2.603000757242,3.301,0.670327172125));
#13251 = EDGE_CURVE('NONE',#5534,#2302,#10678,.T.) ;
#13252 = STYLED_ITEM('NONE',(#6097),#7221) ;
#13253=CARTESIAN_POINT('NONE',(-2.276416837418,3.301,0.869973642013));
#13254 = SURFACE_STYLE_FILL_AREA(#3125) ;
#13255=CARTESIAN_POINT('NONE',(-2.292955209241,3.301,0.870792151638));
#13257 = VECTOR('NONE',#11600,1000.) ;
#13256=DIRECTION('NONE',(0.,0.,-1.));
#13258=CARTESIAN_POINT('NONE',(-2.48630236408,3.299999999999,0.634658418036));
#13259 = ORIENTED_EDGE('NONE',*,*,#9172,.T.) ;
#13260 =(NAMED_UNIT(*) PLANE_ANGLE_UNIT() SI_UNIT($,.RADIAN.));
#13261=CARTESIAN_POINT('NONE',(-2.27110844661,3.299999999999,0.825217393422));
#13262=DIRECTION('NONE',(0.999974850185,0.,0.007092178509));
#13263 = PRESENTATION_STYLE_ASSIGNMENT((#13059)) ;
#13264=CARTESIAN_POINT('NONE',(-2.301191838953,3.301,0.637905286307));
#13265 = ORIENTED_EDGE('NONE',*,*,#13823,.F.) ;
#13266 = PRESENTATION_STYLE_ASSIGNMENT((#3139)) ;
#13267=CARTESIAN_POINT('NONE',(-1.720979819969,3.301,0.615990839224));
#13268 = B_SPLINE_CURVE_WITH_KNOTS('NONE',3,(#5460,#9990,#4362,#3292),.UNSPECIFIED.,.F.,.F.,(4,4),(11.,12.000000000000),.UNSPECIFIED.) ;
#13269=DIRECTION('NONE',(0.,0.,1.));
#13270 = FACE_OUTER_BOUND('NONE',#5812,.T.) ;
#13271=AXIS2_PLACEMENT_3D('NONE',#1443,#3548,#1521);
#13272 =(LENGTH_UNIT() NAMED_UNIT(*) SI_UNIT(.MILLI.,.METRE.));
#13273 = EDGE_CURVE('NONE',#12884,#12069,#689,.T.) ;
#13274 = CIRCLE('NONE',#11656,3.085537628748) ;
#13275 = ADVANCED_FACE('NONE',(#9646),#13341,.T.) ;
#13276 = ORIENTED_EDGE('NONE',*,*,#14267,.T.) ;
#13277=CARTESIAN_POINT('NONE',(-2.66546274503,3.301,0.614921183651));
#13278 = ORIENTED_EDGE('NONE',*,*,#12866,.T.) ;
#13279 = MECHANICAL_DESIGN_GEOMETRIC_PRESENTATION_REPRESENTATION('',(#9796),#2482) ;
#13280 = FILL_AREA_STYLE('',(#4165)) ;
#13281 = ORIENTED_EDGE('NONE',*,*,#4052,.T.) ;
#13282 =(NAMED_UNIT(*) SI_UNIT($,.STERADIAN.) SOLID_ANGLE_UNIT());
#13283 = ORIENTED_EDGE('NONE',*,*,#6730,.F.) ;
#13284 = EDGE_CURVE('NONE',#751,#7880,#4656,.T.) ;
#13285 = SURFACE_STYLE_USAGE(.BOTH.,#6520) ;
#13286 = EDGE_CURVE('NONE',#5117,#13042,#9599,.T.) ;
#13287=CARTESIAN_POINT('NONE',(-2.443713413255,3.301,0.70364860952));
#13288 = SURFACE_STYLE_USAGE(.BOTH.,#841) ;
#13289=CARTESIAN_POINT('NONE',(-2.415737983181,3.299999999999,0.6471995853));
#13290 =(GEOMETRIC_REPRESENTATION_CONTEXT(3) GLOBAL_UNCERTAINTY_ASSIGNED_CONTEXT((#10297)) GLOBAL_UNIT_ASSIGNED_CONTEXT((#6061,#14077,#9564)) REPRESENTATION_CONTEXT('NONE','WORKASPACE'));
#13291 = VERTEX_POINT('NONE',#1773) ;
#13292 = LINE('NONE',#1048,#5667) ;
#13293 = ORIENTED_EDGE('NONE',*,*,#12193,.F.) ;
#13294=AXIS2_PLACEMENT_3D('NONE',#12773,#11759,#9479);
#13295 = B_SPLINE_CURVE_WITH_KNOTS('NONE',3,(#10428,#4582,#5976,#11539),.UNSPECIFIED.,.F.,.F.,(4,4),(1.,2.000000000000),.UNSPECIFIED.) ;
#13296=CARTESIAN_POINT('NONE',(-2.608849350339,3.301,0.61532270605));
#13297 = SURFACE_STYLE_USAGE(.BOTH.,#1192) ;
#13298=CARTESIAN_POINT('NONE',(-2.293064894801,3.299999999999,0.622366164494));
#13299=CARTESIAN_POINT('NONE',(-1.985225815397,3.301,0.807594688155));
#13300 =(NAMED_UNIT(*) PLANE_ANGLE_UNIT() SI_UNIT($,.RADIAN.));
#13301 = EDGE_CURVE('NONE',#12254,#411,#3218,.T.) ;
#13302 = FILL_AREA_STYLE_COLOUR('',#3711) ;
#13303=CARTESIAN_POINT('NONE',(-1.694860474421,3.299999999999,0.847829130512));
#13304 = MECHANICAL_DESIGN_GEOMETRIC_PRESENTATION_REPRESENTATION('',(#4369),#12607) ;
#13305=CARTESIAN_POINT('NONE',(-1.773274020676,3.301,0.649456914113));
#13306 = FACE_OUTER_BOUND('NONE',#9817,.T.) ;
#13307 = EDGE_LOOP('NONE',(#13891,#14706,#5694,#12887)) ;
#13308 = MECHANICAL_DESIGN_GEOMETRIC_PRESENTATION_REPRESENTATION('',(#9353),#4161) ;
#13309 = EDGE_CURVE('NONE',#1722,#5226,#14495,.T.) ;
#13310=CARTESIAN_POINT('NONE',(-1.943114802453,3.301,0.619621116343));
#13311 = PRESENTATION_STYLE_ASSIGNMENT((#14534)) ;
#13312=CARTESIAN_POINT('NONE',(3.899999999999,-0.325,-0.05));
#13313 = ORIENTED_EDGE('NONE',*,*,#8016,.F.) ;
#13314 = ORIENTED_EDGE('NONE',*,*,#2553,.T.) ;
#13315 =(NAMED_UNIT(*) PLANE_ANGLE_UNIT() SI_UNIT($,.RADIAN.));
#13316 = EDGE_CURVE('NONE',#4827,#3994,#13268,.T.) ;
#13317=DIRECTION('NONE',(-0.126322577276,0.,-0.991989216912));
#13318 = STYLED_ITEM('NONE',(#7395),#731) ;
#13319=CARTESIAN_POINT('NONE',(-2.451564298519,3.301,0.864988211072));
#13320 = FACE_OUTER_BOUND('NONE',#3296,.T.) ;
#13321=AXIS2_PLACEMENT_3D('NONE',#7001,#10396,#14837);
#13322=DIRECTION('NONE',(1.,0.,0.));
#13323 = VECTOR('NONE',#2256,999.999999999999) ;
#13324=DIRECTION('NONE',(0.396279771914,0.,-0.918129806929));
#13325 = ORIENTED_EDGE('NONE',*,*,#3849,.T.) ;
#13326=DIRECTION('NONE',(-1.,0.,0.));
#13327 = ORIENTED_EDGE('NONE',*,*,#1104,.F.) ;
#13328 = VECTOR('NONE',#5714,1000.) ;
#13329 = PLANE('NONE',#12225) ;
#13330 = ORIENTED_EDGE('NONE',*,*,#7496,.T.) ;
#13331 = EDGE_CURVE('NONE',#5901,#11311,#6501,.T.) ;
#13332 = SURFACE_SIDE_STYLE('',(#8805)) ;
#13333=CARTESIAN_POINT('NONE',(-2.643917557988,3.301,0.906546259382));
#13334 = PRESENTATION_STYLE_ASSIGNMENT((#12035)) ;
#13335 =(GEOMETRIC_REPRESENTATION_CONTEXT(3) GLOBAL_UNCERTAINTY_ASSIGNED_CONTEXT((#8194)) GLOBAL_UNIT_ASSIGNED_CONTEXT((#11976,#3070,#5316)) REPRESENTATION_CONTEXT('NONE','WORKASPACE'));
#13336 = PRESENTATION_LAYER_ASSIGNMENT('','',(#13549)) ;
#13337 = MECHANICAL_DESIGN_GEOMETRIC_PRESENTATION_REPRESENTATION('',(#11966),#3712) ;
#13338 = UNCERTAINTY_MEASURE_WITH_UNIT(LENGTH_MEASURE(1.000000000000E-05),#12825,'distance_accuracy_value','NONE');
#13339 = ORIENTED_EDGE('NONE',*,*,#13921,.T.) ;
#13340=CARTESIAN_POINT('NONE',(0.8,0.4,0.299999999999));
#13341 = PLANE('NONE',#11360) ;
#13342=CARTESIAN_POINT('NONE',(-2.333883215155,3.299999999999,0.620392216211));
#13343=CARTESIAN_POINT('NONE',(-2.443713413255,3.299999999999,0.70364860952));
#13344 = COLOUR_RGB('',0.647058823529,0.619607843137,0.588235294117) ;
#13345 = VECTOR('NONE',#10045,1000.) ;
#13346 = ORIENTED_EDGE('NONE',*,*,#7021,.F.) ;
#13347 = ORIENTED_EDGE('NONE',*,*,#7693,.T.) ;
#13348=CARTESIAN_POINT('NONE',(-2.333861095493,3.301,0.6348661673));
#13349 = ORIENTED_EDGE('NONE',*,*,#12031,.T.) ;
#13350=CARTESIAN_POINT('NONE',(-1.974765770617,3.299999999999,0.923061550359));
#13351 = VERTEX_POINT('NONE',#11153) ;
#13352=CARTESIAN_POINT('NONE',(-1.607826535789,3.301,0.809403770746));
#13353=CARTESIAN_POINT('NONE',(-2.661992291233,3.299999999999,0.85569740015));
#13354 = VERTEX_POINT('NONE',#10055) ;
#13355 = ORIENTED_EDGE('NONE',*,*,#6406,.F.) ;
#13356=CARTESIAN_POINT('NONE',(-2.276416837418,3.301,0.869973642013));
#13357 = UNCERTAINTY_MEASURE_WITH_UNIT(LENGTH_MEASURE(1.000000000000E-05),#10628,'distance_accuracy_value','NONE');
#13358 = ORIENTED_EDGE('NONE',*,*,#2167,.T.) ;
#13359 =(NAMED_UNIT(*) SI_UNIT($,.STERADIAN.) SOLID_ANGLE_UNIT());
#13360 = ADVANCED_FACE('NONE',(#13404),#5497,.F.) ;
#13361=DIRECTION('NONE',(0.,0.,-1.));
#13362 = VECTOR('NONE',#2717,1000.) ;
#13363=DIRECTION('NONE',(1.,0.,0.));
#13364=CARTESIAN_POINT('NONE',(-1.657696398465,3.299999999999,0.62338064039));
#13365 = EDGE_CURVE('NONE',#11859,#14284,#7911,.T.) ;
#13366 = B_SPLINE_SURFACE_WITH_KNOTS('NONE',3,1,((#8883,#3482),(#1310,#13607),(#10261,#9241),(#1452,#8130)),.UNSPECIFIED.,.F.,.F.,.F.,(4,4),(2,2),(2.000000000000,3.000000000000),(0.,1.),.UNSPECIFIED.) ;
#13367 = PRESENTATION_STYLE_ASSIGNMENT((#8021)) ;
#13368 = STYLED_ITEM('NONE',(#13748),#14389) ;
#13369 = EDGE_LOOP('NONE',(#5800,#2596,#569,#7785)) ;
#13370=CARTESIAN_POINT('NONE',(1.,-3.039736830714,1.));
#13371 = COLOUR_RGB('',0.647058823529,0.619607843137,0.588235294117) ;
#13372=CARTESIAN_POINT('NONE',(-3.299999999999,3.299999999999,1.5));
#13373=CARTESIAN_POINT('NONE',(-2.457511557726,3.299999999999,0.823895356034));
#13374 = ADVANCED_FACE('NONE',(#6861),#11665,.F.) ;
#13375 = LINE('NONE',#4475,#2928) ;
#13376 = VERTEX_POINT('NONE',#9165) ;
#13377 = ORIENTED_EDGE('NONE',*,*,#3407,.T.) ;
#13378 = FILL_AREA_STYLE_COLOUR('',#12575) ;
#13379=CARTESIAN_POINT('NONE',(-1.727791227399,3.301,0.842389885814));
#13380 =(LENGTH_UNIT() NAMED_UNIT(*) SI_UNIT(.MILLI.,.METRE.));
#13381=CARTESIAN_POINT('NONE',(-2.299999999999,2.,-0.01));
#13382=CARTESIAN_POINT('NONE',(-1.827069550709,3.299999999999,0.649943044093));
#13383 = STYLED_ITEM('NONE',(#8709),#14448) ;
#13384 = SURFACE_SIDE_STYLE('',(#13522)) ;
#13385 = EDGE_CURVE('NONE',#8495,#8711,#12680,.T.) ;
#13386=CARTESIAN_POINT('NONE',(-2.305354750381,3.299999999999,0.653098200189));
#13387 = COLOUR_RGB('',0.647058823529,0.619607843137,0.588235294117) ;
#13388 = ORIENTED_EDGE('NONE',*,*,#12779,.F.) ;
#13389=AXIS2_PLACEMENT_3D('NONE',#630,#11574,#3609);
#13390=DIRECTION('NONE',(0.007092178509,0.,-0.999974850185));
#13391 = VERTEX_POINT('NONE',#3556) ;
#13392 = ADVANCED_FACE('NONE',(#8052),#8000,.F.) ;
#13393 = LINE('NONE',#14547,#4677) ;
#13394 = VERTEX_POINT('NONE',#11817) ;
#13395 = FACE_OUTER_BOUND('NONE',#10774,.T.) ;
#13396 = SURFACE_STYLE_FILL_AREA(#14629) ;
#13397 = MECHANICAL_DESIGN_GEOMETRIC_PRESENTATION_REPRESENTATION('',(#9444),#14550) ;
#13398=CARTESIAN_POINT('NONE',(-2.378191060558,3.299999999999,0.6706114748));
#13399=AXIS2_PLACEMENT_3D('NONE',#5476,#12202,#10009);
#13400 = PRESENTATION_LAYER_ASSIGNMENT('','',(#4916)) ;
#13401 = COLOUR_RGB('',0.647058823529,0.619607843137,0.588235294117) ;
#13402 = ORIENTED_EDGE('NONE',*,*,#9350,.T.) ;
#13403 = FILL_AREA_STYLE('',(#4796)) ;
#13404 = FACE_OUTER_BOUND('NONE',#4611,.T.) ;
#13405 = ADVANCED_FACE('NONE',(#3772),#14659,.T.) ;
#13406=CARTESIAN_POINT('NONE',(-2.470464368018,3.301,0.600645033687));
#13407=CARTESIAN_POINT('NONE',(-2.830405792484,3.299999999999,0.613751348693));
#13408 = MECHANICAL_DESIGN_GEOMETRIC_PRESENTATION_REPRESENTATION('',(#1242),#6372) ;
#13409 = COLOUR_RGB('',0.647058823529,0.619607843137,0.588235294117) ;
#13410 = VERTEX_POINT('NONE',#5017) ;
#13411 = ORIENTED_EDGE('NONE',*,*,#11689,.T.) ;
#13412 = UNCERTAINTY_MEASURE_WITH_UNIT(LENGTH_MEASURE(1.000000000000E-05),#3710,'distance_accuracy_value','NONE');
#13413 =(NAMED_UNIT(*) SI_UNIT($,.STERADIAN.) SOLID_ANGLE_UNIT());
#13414 = PRESENTATION_STYLE_ASSIGNMENT((#3494)) ;
#13415 = VERTEX_POINT('NONE',#12898) ;
#13416=CARTESIAN_POINT('NONE',(-1.740749406585,3.299999999999,0.834489457988));
#13417 =(NAMED_UNIT(*) SI_UNIT($,.STERADIAN.) SOLID_ANGLE_UNIT());
#13418 = ORIENTED_EDGE('NONE',*,*,#10221,.T.) ;
#13419=CARTESIAN_POINT('NONE',(-2.666760454689,3.301,0.841876045909));
#13420 = VECTOR('NONE',#11561,1000.) ;
#13421 = CIRCLE('NONE',#3350,2.650000000000) ;
#13422 = EDGE_CURVE('NONE',#11377,#2918,#10720,.T.) ;
#13423 =(LENGTH_UNIT() NAMED_UNIT(*) SI_UNIT(.MILLI.,.METRE.));
#13424=CARTESIAN_POINT('NONE',(-1.607524983549,3.301,0.644559193055));
#13425=DIRECTION('NONE',(0.,0.,1.));
#13426 = ORIENTED_EDGE('NONE',*,*,#5090,.F.) ;
#13427=CARTESIAN_POINT('NONE',(-2.666852463179,3.301,0.722903300441));
#13428 = PRESENTATION_STYLE_ASSIGNMENT((#12088)) ;
#13429 = VECTOR('NONE',#9726,1000.) ;
#13430 = SURFACE_STYLE_FILL_AREA(#14593) ;
#13431=CARTESIAN_POINT('NONE',(-2.455811225115,3.301,0.575357432097));
#13432 =(NAMED_UNIT(*) PLANE_ANGLE_UNIT() SI_UNIT($,.RADIAN.));
#13433=CARTESIAN_POINT('NONE',(-2.686072681374,3.301,0.736804068694));
#13434 = VECTOR('NONE',#1146,1000.) ;
#13435 = B_SPLINE_CURVE_WITH_KNOTS('NONE',3,(#9232,#415,#14772,#10627),.UNSPECIFIED.,.F.,.F.,(4,4),(2.000000000000,3.000000000000),.UNSPECIFIED.) ;
#13436 = B_SPLINE_CURVE_WITH_KNOTS('NONE',3,(#5805,#12606,#9392,#14637),.UNSPECIFIED.,.F.,.F.,(4,4),(10.,11.),.UNSPECIFIED.) ;
#13437=CARTESIAN_POINT('NONE',(-2.457511557726,3.301,0.823895356034));
#13438 = EDGE_CURVE('NONE',#3608,#5901,#2772,.T.) ;
#13439 = COLOUR_RGB('',0.647058823529,0.619607843137,0.588235294117) ;
#13440=DIRECTION('NONE',(-0.007092178509,0.,0.999974850185));
#13441 = VERTEX_POINT('NONE',#1817) ;
#13442 =(GEOMETRIC_REPRESENTATION_CONTEXT(3) GLOBAL_UNCERTAINTY_ASSIGNED_CONTEXT((#4733)) GLOBAL_UNIT_ASSIGNED_CONTEXT((#10382,#7060,#5997)) REPRESENTATION_CONTEXT('NONE','WORKASPACE'));
#13443 = FILL_AREA_STYLE('',(#11412)) ;
#13444 = ORIENTED_EDGE('NONE',*,*,#6539,.T.) ;
#13445 = B_SPLINE_CURVE_WITH_KNOTS('NONE',3,(#11051,#13226,#7438,#11943),.UNSPECIFIED.,.F.,.F.,(4,4),(3.000000000000,4.000000000000),.UNSPECIFIED.) ;
#13446=CARTESIAN_POINT('NONE',(-2.390180935766,3.299999999999,0.65904722223));
#13447 = FILL_AREA_STYLE_COLOUR('',#13765) ;
#13448 = LINE('NONE',#8190,#11809) ;
#13449 = EDGE_CURVE('NONE',#12163,#8894,#11894,.T.) ;
#13450 =(NAMED_UNIT(*) SI_UNIT($,.STERADIAN.) SOLID_ANGLE_UNIT());
#13451 = SURFACE_STYLE_FILL_AREA(#5583) ;
#13452=DIRECTION('NONE',(0.,-1.,0.));
#13453 = LINE('NONE',#2356,#1052) ;
#13454 = EDGE_CURVE('NONE',#2018,#7583,#726,.T.) ;
#13455=CARTESIAN_POINT('NONE',(-2.407635624882,3.301,0.82424909395));
#13456 = VECTOR('NONE',#5531,1000.) ;
#13457 = ORIENTED_EDGE('NONE',*,*,#8498,.T.) ;
#13458=CARTESIAN_POINT('NONE',(-2.367504634313,3.301,0.830772421658));
#13459 = ORIENTED_EDGE('NONE',*,*,#4496,.T.) ;
#13460 =(NAMED_UNIT(*) PLANE_ANGLE_UNIT() SI_UNIT($,.RADIAN.));
#13461=CARTESIAN_POINT('NONE',(-2.378191060558,3.301,0.6706114748));
#13462 = STYLED_ITEM('NONE',(#3040),#13724) ;
#13463=CARTESIAN_POINT('NONE',(-2.295531278295,3.301,0.666643473264));
#13464 = ORIENTED_EDGE('NONE',*,*,#13108,.F.) ;
#13465=CARTESIAN_POINT('NONE',(-1.588586109549,3.299999999999,0.665516266492));
#13466 = EDGE_CURVE('NONE',#7162,#2328,#12169,.T.) ;
#13467=CARTESIAN_POINT('NONE',(-2.011769824982,3.299999999999,0.88028601156));
#13468=CARTESIAN_POINT('NONE',(-2.830405792484,3.301,0.613751348693));
#13469 = FILL_AREA_STYLE('',(#2456)) ;
#13470=AXIS2_PLACEMENT_3D('NONE',#7190,#1543,#4894);
#13471 =(NAMED_UNIT(*) PLANE_ANGLE_UNIT() SI_UNIT($,.RADIAN.));
#13472=CARTESIAN_POINT('NONE',(-2.,-2.,0.));
#13473 = UNCERTAINTY_MEASURE_WITH_UNIT(LENGTH_MEASURE(1.000000000000E-05),#3315,'distance_accuracy_value','NONE');
#13474 = ORIENTED_EDGE('NONE',*,*,#10982,.F.) ;
#13475 = SURFACE_SIDE_STYLE('',(#4436)) ;
#13476=CARTESIAN_POINT('NONE',(-2.847810902256,3.301,0.613627905443));
#13477 = ADVANCED_FACE('NONE',(#4345),#2737,.T.) ;
#13478 = ORIENTED_EDGE('NONE',*,*,#3770,.F.) ;
#13479 = LINE('NONE',#5540,#4031) ;
#13480=CARTESIAN_POINT('NONE',(3.899999999999,-0.325,-0.05));
#13481 =(NAMED_UNIT(*) SI_UNIT($,.STERADIAN.) SOLID_ANGLE_UNIT());
#13482 = ORIENTED_EDGE('NONE',*,*,#2117,.T.) ;
#13483=AXIS2_PLACEMENT_3D('NONE',#11986,#10745,#13198);
#13484 = SURFACE_SIDE_STYLE('',(#9041)) ;
#13485 = PRESENTATION_LAYER_ASSIGNMENT('','',(#11482)) ;
#13486=DIRECTION('NONE',(0.999974850185,0.,0.007092178509));
#13487 = SURFACE_STYLE_FILL_AREA(#4449) ;
#13488=DIRECTION('NONE',(0.007092178509,0.,-0.999974850185));
#13489 = ORIENTED_EDGE('NONE',*,*,#4719,.T.) ;
#13490 = ORIENTED_EDGE('NONE',*,*,#10334,.F.) ;
#13491 = VECTOR('NONE',#12904,1000.) ;
#13492 =(LENGTH_UNIT() NAMED_UNIT(*) SI_UNIT(.MILLI.,.METRE.));
#13493 = EDGE_CURVE('NONE',#10201,#12875,#10686,.T.) ;
#13494 = UNCERTAINTY_MEASURE_WITH_UNIT(LENGTH_MEASURE(1.000000000000E-05),#10654,'distance_accuracy_value','NONE');
#13495=CARTESIAN_POINT('NONE',(0.,0.,0.299999999999));
#13496=CARTESIAN_POINT('NONE',(-2.265166247021,3.299999999999,0.686697912895));
#13497 = ORIENTED_EDGE('NONE',*,*,#3879,.T.) ;
#13498=DIRECTION('NONE',(0.,0.,1.));
#13499=CARTESIAN_POINT('NONE',(-1.805792564245,3.299999999999,0.708224100913));
#13500=DIRECTION('NONE',(0.,-1.,0.));
#13501=CARTESIAN_POINT('NONE',(-1.694860474421,3.299999999999,0.847829130512));
#13502=CARTESIAN_POINT('NONE',(0.999999999999,6.75,0.5));
#13503 = LINE('NONE',#6903,#12044) ;
#13504 = PRESENTATION_LAYER_ASSIGNMENT('','',(#3430)) ;
#13505 = PLANE('NONE',#3621) ;
#13506 =(NAMED_UNIT(*) PLANE_ANGLE_UNIT() SI_UNIT($,.RADIAN.));
#13507 = ORIENTED_EDGE('NONE',*,*,#4938,.T.) ;
#13508 =(GEOMETRIC_REPRESENTATION_CONTEXT(3) GLOBAL_UNCERTAINTY_ASSIGNED_CONTEXT((#5113)) GLOBAL_UNIT_ASSIGNED_CONTEXT((#3290,#12042,#964)) REPRESENTATION_CONTEXT('NONE','WORKASPACE'));
#13509 = VECTOR('NONE',#1535,1000.) ;
#13510=CARTESIAN_POINT('NONE',(-2.269005077839,3.301,0.739762060982));
#13511=DIRECTION('NONE',(-1.,0.,0.));
#13512 =(GEOMETRIC_REPRESENTATION_CONTEXT(3) GLOBAL_UNCERTAINTY_ASSIGNED_CONTEXT((#11179)) GLOBAL_UNIT_ASSIGNED_CONTEXT((#12330,#13206,#12200)) REPRESENTATION_CONTEXT('NONE','WORKASPACE'));
#13513 = FILL_AREA_STYLE('',(#5711)) ;
#13514 = VERTEX_POINT('NONE',#10937) ;
#13515=CARTESIAN_POINT('NONE',(-2.303188132299,3.301,0.690670567107));
#13516 = SURFACE_STYLE_FILL_AREA(#13740) ;
#13517 = ADVANCED_FACE('NONE',(#3060),#12444,.F.) ;
#13518 =(NAMED_UNIT(*) PLANE_ANGLE_UNIT() SI_UNIT($,.RADIAN.));
#13519 = PLANE('NONE',#13911) ;
#13520 = ADVANCED_FACE('NONE',(#11341),#11200,.F.) ;
#13521=CARTESIAN_POINT('NONE',(-2.549188688235,3.301,0.815010059299));
#13522 = SURFACE_STYLE_FILL_AREA(#14620) ;
#13523=DIRECTION('NONE',(0.,0.,-1.));
#13524 = EDGE_LOOP('NONE',(#8604,#13120,#10591,#14319,#6913)) ;
#13525 = SURFACE_SIDE_STYLE('',(#6770)) ;
#13526 = COLOUR_RGB('',0.647058823529,0.619607843137,0.588235294117) ;
#13527 = ORIENTED_EDGE('NONE',*,*,#8913,.F.) ;
#13528=CARTESIAN_POINT('NONE',(-2.460806603498,3.301,0.703527378515));
#13529 = ORIENTED_EDGE('NONE',*,*,#3081,.T.) ;
#13530 = SURFACE_STYLE_FILL_AREA(#5952) ;
#13531=DIRECTION('NONE',(1.,0.,0.));
#13532 =(NAMED_UNIT(*) SI_UNIT($,.STERADIAN.) SOLID_ANGLE_UNIT());
#13533 = PLANE('NONE',#10786) ;
#13534 = ADVANCED_FACE('NONE',(#6689),#7967,.F.) ;
#13535 =(GEOMETRIC_REPRESENTATION_CONTEXT(3) GLOBAL_UNCERTAINTY_ASSIGNED_CONTEXT((#5403)) GLOBAL_UNIT_ASSIGNED_CONTEXT((#11890,#13758,#1883)) REPRESENTATION_CONTEXT('NONE','WORKASPACE'));
#13536 = EDGE_CURVE('NONE',#10435,#11203,#10323,.T.) ;
#13537 = STYLED_ITEM('NONE',(#12022),#6458) ;
#13538 = ORIENTED_EDGE('NONE',*,*,#14348,.F.) ;
#13539 = VECTOR('NONE',#12926,1000.) ;
#13540 = STYLED_ITEM('NONE',(#14091),#4090) ;
#13541=CARTESIAN_POINT('NONE',(-2.073527232118,3.299999999999,0.657738820371));
#13542=CARTESIAN_POINT('NONE',(-2.511524719074,3.301,0.703167667539));
#13543=CARTESIAN_POINT('NONE',(-2.731690350175,3.301,0.677025678973));
#13544=DIRECTION('NONE',(0.,-1.,0.));
#13545 = PRESENTATION_LAYER_ASSIGNMENT('','',(#3030)) ;
#13546 = LINE('NONE',#4716,#3471) ;
#13547 = ORIENTED_EDGE('NONE',*,*,#3281,.T.) ;
#13548 = COLOUR_RGB('',0.647058823529,0.619607843137,0.588235294117) ;
#13549 = STYLED_ITEM('NONE',(#11866),#6554) ;
#13550 = CIRCLE('NONE',#12641,2.650000000000) ;
#13551=DIRECTION('NONE',(0.707106781186,0.707106781186,0.));
#13552 = ADVANCED_FACE('NONE',(#8115),#2516,.F.) ;
#13553 = SURFACE_STYLE_USAGE(.BOTH.,#2311) ;
#13554=CARTESIAN_POINT('NONE',(-2.340537503566,3.299999999999,0.652599123372));
#13555 = ORIENTED_EDGE('NONE',*,*,#11237,.F.) ;
#13556 = VECTOR('NONE',#5981,1000.) ;
#13557 = ORIENTED_EDGE('NONE',*,*,#5631,.T.) ;
#13558 = SURFACE_STYLE_USAGE(.BOTH.,#1255) ;
#13559 = COLOUR_RGB('',0.647058823529,0.619607843137,0.588235294117) ;
#13560 = PRESENTATION_LAYER_ASSIGNMENT('','',(#8450)) ;
#13561 = SURFACE_STYLE_FILL_AREA(#2398) ;
#13562 = ADVANCED_FACE('NONE',(#4775),#2830,.F.) ;
#13563=DIRECTION('NONE',(-1.,0.,0.));
#13564 = LINE('NONE',#11386,#14145) ;
#13565 = ORIENTED_EDGE('NONE',*,*,#5818,.F.) ;
#13566 = EDGE_CURVE('NONE',#7632,#11292,#11796,.T.) ;
#13567 =(GEOMETRIC_REPRESENTATION_CONTEXT(3) GLOBAL_UNCERTAINTY_ASSIGNED_CONTEXT((#3212)) GLOBAL_UNIT_ASSIGNED_CONTEXT((#1998,#3974,#4051)) REPRESENTATION_CONTEXT('NONE','WORKASPACE'));
#13568 = PLANE('NONE',#10381) ;
#13569 = EDGE_LOOP('NONE',(#3701,#8125,#8500,#4748)) ;
#13570=CARTESIAN_POINT('NONE',(-2.420369216353,3.299999999999,0.662451564722));
#13571 = ORIENTED_EDGE('NONE',*,*,#10656,.F.) ;
#13572=DIRECTION('NONE',(-1.,0.,0.));
#13573 =(NAMED_UNIT(*) SI_UNIT($,.STERADIAN.) SOLID_ANGLE_UNIT());
#13574=CARTESIAN_POINT('NONE',(-2.301191838953,3.301,0.637905286307));
#13575 = EDGE_CURVE('NONE',#3830,#7333,#1651,.T.) ;
#13576 = FILL_AREA_STYLE_COLOUR('',#550) ;
#13577 = ORIENTED_EDGE('NONE',*,*,#10082,.T.) ;
#13578=CARTESIAN_POINT('NONE',(-2.445963416946,3.301,0.576675017148));
#13579 = VERTEX_POINT('NONE',#12738) ;
#13580=CARTESIAN_POINT('NONE',(-1.658976256131,3.299999999999,0.681501716022));
#13581=CARTESIAN_POINT('NONE',(-0.899999999999,0.324999999999,-0.05));
#13582 = PLANE('NONE',#529) ;
#13583 = EDGE_LOOP('NONE',(#11295,#1086,#10630,#7691)) ;
#13584=CARTESIAN_POINT('NONE',(-2.431566470072,3.299999999999,0.701863148656));
#13585 = FILL_AREA_STYLE('',(#1428)) ;
#13586 =(NAMED_UNIT(*) PLANE_ANGLE_UNIT() SI_UNIT($,.RADIAN.));
#13587 =(NAMED_UNIT(*) SI_UNIT($,.STERADIAN.) SOLID_ANGLE_UNIT());
#13588 = PRESENTATION_STYLE_ASSIGNMENT((#14621)) ;
#13589 = VERTEX_POINT('NONE',#6089) ;
#13590=AXIS2_PLACEMENT_3D('NONE',#1676,#10646,#9976);
#13591 = FILL_AREA_STYLE('',(#12305)) ;
#13592 = ORIENTED_EDGE('NONE',*,*,#12094,.T.) ;
#13593 = FILL_AREA_STYLE('',(#3283)) ;
#13594 = ORIENTED_EDGE('NONE',*,*,#1634,.F.) ;
#13595=DIRECTION('NONE',(1.,0.,0.));
#13596 =(LENGTH_UNIT() NAMED_UNIT(*) SI_UNIT(.MILLI.,.METRE.));
#13597 = SURFACE_STYLE_USAGE(.BOTH.,#1585) ;
#13598 = ORIENTED_EDGE('NONE',*,*,#2107,.T.) ;
#13599 = B_SPLINE_CURVE_WITH_KNOTS('NONE',3,(#7004,#1082,#7966,#5511),.UNSPECIFIED.,.F.,.F.,(4,4),(3.000000000000,4.000000000000),.UNSPECIFIED.) ;
#13600 = PLANE('NONE',#9610) ;
#13601 = B_SPLINE_SURFACE_WITH_KNOTS('NONE',3,1,((#5848,#5056),(#7511,#920),(#1924,#14305),(#8697,#10908)),.UNSPECIFIED.,.F.,.F.,.F.,(4,4),(2,2),(2.000000000000,3.000000000000),(0.,1.),.UNSPECIFIED.) ;
#13602=CARTESIAN_POINT('NONE',(-2.772473715671,3.301,0.661326828922));
#13603 = ORIENTED_EDGE('NONE',*,*,#12932,.F.) ;
#13604 = VECTOR('NONE',#2738,1000.) ;
#13605=CARTESIAN_POINT('NONE',(-2.79108071915,3.301,0.711915528186));
#13606 =(GEOMETRIC_REPRESENTATION_CONTEXT(3) GLOBAL_UNCERTAINTY_ASSIGNED_CONTEXT((#14220)) GLOBAL_UNIT_ASSIGNED_CONTEXT((#12947,#5935,#13880)) REPRESENTATION_CONTEXT('NONE','WORKASPACE'));
#13607=CARTESIAN_POINT('NONE',(-2.529533777198,3.299999999999,0.82338454875));
#13608=CARTESIAN_POINT('NONE',(3.3,1.799999999999,1.));
#13609=DIRECTION('NONE',(0.,-1.,0.));
#13610=CARTESIAN_POINT('NONE',(-5.799999999999,0.4,0.299999999999));
#13611=CARTESIAN_POINT('NONE',(-2.394193420129,3.301,0.688215900851));
#13612=CARTESIAN_POINT('NONE',(-3.299999999999,-0.7,1.5));
#13613 = EDGE_CURVE('NONE',#3994,#13678,#6243,.T.) ;
#13614 =(GEOMETRIC_REPRESENTATION_CONTEXT(3) GLOBAL_UNCERTAINTY_ASSIGNED_CONTEXT((#14720)) GLOBAL_UNIT_ASSIGNED_CONTEXT((#6059,#7342,#5039)) REPRESENTATION_CONTEXT('NONE','WORKASPACE'));
#13615 = ORIENTED_EDGE('NONE',*,*,#13214,.F.) ;
#13616 = PRESENTATION_LAYER_ASSIGNMENT('','',(#3319)) ;
#13617=AXIS2_PLACEMENT_3D('NONE',#1642,#8256,#10391);
#13618=CARTESIAN_POINT('NONE',(-2.321204289102,3.301,0.935037615536));
#13619 = FILL_AREA_STYLE('',(#9101)) ;
#13620 = UNCERTAINTY_MEASURE_WITH_UNIT(LENGTH_MEASURE(1.000000000000E-05),#11732,'distance_accuracy_value','NONE');
#13621 =(LENGTH_UNIT() NAMED_UNIT(*) SI_UNIT(.MILLI.,.METRE.));
#13622 =(NAMED_UNIT(*) PLANE_ANGLE_UNIT() SI_UNIT($,.RADIAN.));
#13623 = VERTEX_POINT('NONE',#8347) ;
#13624 = FACE_OUTER_BOUND('NONE',#14482,.T.) ;
#13625 = FILL_AREA_STYLE_COLOUR('',#10250) ;
#13626 = ORIENTED_EDGE('NONE',*,*,#1706,.F.) ;
#13627 = LINE('NONE',#7997,#1990) ;
#13628 = FACE_BOUND('NONE',#3056,.T.) ;
#13629 = VECTOR('NONE',#3840,1000.) ;
#13630 = EDGE_CURVE('NONE',#1955,#3449,#5942,.T.) ;
#13631=CARTESIAN_POINT('NONE',(0.8,-2.710505431213000E-17,0.299999999999));
#13632 = EDGE_CURVE('NONE',#5140,#9247,#613,.T.) ;
#13633=CARTESIAN_POINT('NONE',(-1.945231410163,3.299999999999,0.673398153735));
#13634 = VERTEX_POINT('NONE',#10618) ;
#13635=CARTESIAN_POINT('NONE',(-2.460806603498,3.301,0.703527378515));
#13636 = SURFACE_STYLE_USAGE(.BOTH.,#3442) ;
#13637 = UNCERTAINTY_MEASURE_WITH_UNIT(LENGTH_MEASURE(1.000000000000E-05),#1214,'distance_accuracy_value','NONE');
#13638 =(GEOMETRIC_REPRESENTATION_CONTEXT(3) GLOBAL_UNCERTAINTY_ASSIGNED_CONTEXT((#3364)) GLOBAL_UNIT_ASSIGNED_CONTEXT((#13741,#13518,#5717)) REPRESENTATION_CONTEXT('NONE','WORKASPACE'));
#13639 =(LENGTH_UNIT() NAMED_UNIT(*) SI_UNIT(.MILLI.,.METRE.));
#13640 = ORIENTED_EDGE('NONE',*,*,#13466,.T.) ;
#13641=CARTESIAN_POINT('NONE',(-2.073527232118,3.299999999999,0.657738820371));
#13642 = VERTEX_POINT('NONE',#8420) ;
#13643 = SURFACE_SIDE_STYLE('',(#11700)) ;
#13644=CARTESIAN_POINT('NONE',(-2.301221483031,3.299999999999,0.642085008008));
#13645 = STYLED_ITEM('NONE',(#11167),#5690) ;
#13646 =(NAMED_UNIT(*) SI_UNIT($,.STERADIAN.) SOLID_ANGLE_UNIT());
#13647=CARTESIAN_POINT('NONE',(-2.666760454689,3.301,0.841876045909));
#13648=CARTESIAN_POINT('NONE',(-3.15,0.,0.956856893858));
#13649=CARTESIAN_POINT('NONE',(-2.696374443533,3.299999999999,0.80828894439));
#13650 = EDGE_CURVE('NONE',#8931,#9522,#12954,.T.) ;
#13651 = FILL_AREA_STYLE('',(#9202)) ;
#13652 = STYLED_ITEM('NONE',(#7594),#12312) ;
#13653=CARTESIAN_POINT('NONE',(-1.658976256131,3.301,0.681501716022));
#13654=CARTESIAN_POINT('NONE',(-2.544086911328,3.301,0.737811082447));
#13655 = B_SPLINE_SURFACE_WITH_KNOTS('NONE',3,1,((#3972,#1652),(#9519,#14109),(#11797,#4049),(#3896,#8568)),.UNSPECIFIED.,.F.,.F.,.F.,(4,4),(2,2),(7.000000000000,8.000000000000),(0.,1.),.UNSPECIFIED.) ;
#13656 = VECTOR('NONE',#8570,1000.) ;
#13657 = EDGE_LOOP('NONE',(#3160,#14677,#9186,#10289,#9295,#755,#2391)) ;
#13658=CARTESIAN_POINT('NONE',(-2.335942800976,3.301,0.822823566679));
#13659=CARTESIAN_POINT('NONE',(-2.562157698737,3.299999999999,0.915111671114));
#13660 = ADVANCED_FACE('NONE',(#9377),#12824,.F.) ;
#13661=DIRECTION('NONE',(0.,-1.,0.));
#13662=CARTESIAN_POINT('NONE',(3.3,0.7,1.5));
#13663 = SURFACE_SIDE_STYLE('',(#7002)) ;
#13664 = STYLED_ITEM('NONE',(#2480),#5168) ;
#13665 = PRESENTATION_STYLE_ASSIGNMENT((#14618)) ;
#13666 =(NAMED_UNIT(*) SI_UNIT($,.STERADIAN.) SOLID_ANGLE_UNIT());
#13667=CARTESIAN_POINT('NONE',(-2.451663407078,3.301,0.878962206015));
#13668=DIRECTION('NONE',(0.,-1.,0.));
#13669 = ORIENTED_EDGE('NONE',*,*,#12931,.T.) ;
#13670 = ORIENTED_EDGE('NONE',*,*,#5456,.T.) ;
#13671 = VERTEX_POINT('NONE',#3105) ;
#13672=CARTESIAN_POINT('NONE',(-2.725303958321,3.299999999999,0.643007647519));
#13673 = VECTOR('NONE',#11722,1000.) ;
#13674 = VECTOR('NONE',#11444,1000.) ;
#13675=CARTESIAN_POINT('NONE',(-2.223278147826,3.299999999999,0.933673370226));
#13676 = VECTOR('NONE',#9348,1000.) ;
#13677 = LINE('NONE',#2595,#4569) ;
#13678 = VERTEX_POINT('NONE',#13231) ;
#13679 = EDGE_CURVE('NONE',#14663,#14500,#13092,.T.) ;
#13680 =(LENGTH_UNIT() NAMED_UNIT(*) SI_UNIT(.MILLI.,.METRE.));
#13681 = FILL_AREA_STYLE('',(#5802)) ;
#13682 = ORIENTED_EDGE('NONE',*,*,#10624,.F.) ;
#13683=CARTESIAN_POINT('NONE',(-2.559739296584,3.301,0.723662985245));
#13684 = COLOUR_RGB('',0.250980392156,0.250980392156,0.250980392156) ;
#13685 = LINE('NONE',#4636,#8054) ;
#13686=DIRECTION('NONE',(0.,-1.,0.));
#13687=CARTESIAN_POINT('NONE',(-2.392588692688,3.301,0.681863803664));
#13688 = COLOUR_RGB('',0.647058823529,0.619607843137,0.588235294117) ;
#13689 =(NAMED_UNIT(*) PLANE_ANGLE_UNIT() SI_UNIT($,.RADIAN.));
#13690 = ORIENTED_EDGE('NONE',*,*,#14001,.T.) ;
#13691 = CYLINDRICAL_SURFACE('NONE',#14675,0.300000000000) ;
#13692 =(GEOMETRIC_REPRESENTATION_CONTEXT(3) GLOBAL_UNCERTAINTY_ASSIGNED_CONTEXT((#13123)) GLOBAL_UNIT_ASSIGNED_CONTEXT((#14541,#486,#2672)) REPRESENTATION_CONTEXT('NONE','WORKASPACE'));
#13693=AXIS2_PLACEMENT_3D('NONE',#10867,#6115,#7403);
#13694 =(LENGTH_UNIT() NAMED_UNIT(*) SI_UNIT(.MILLI.,.METRE.));
#13695 =(GEOMETRIC_REPRESENTATION_CONTEXT(3) GLOBAL_UNCERTAINTY_ASSIGNED_CONTEXT((#6442)) GLOBAL_UNIT_ASSIGNED_CONTEXT((#13272,#3294,#2174)) REPRESENTATION_CONTEXT('NONE','WORKASPACE'));
#13696=CARTESIAN_POINT('NONE',(-2.320177786709,3.301,0.65835835571));
#13697 = B_SPLINE_CURVE_WITH_KNOTS('NONE',3,(#8644,#14252,#14737,#4194),.UNSPECIFIED.,.F.,.F.,(4,4),(1.,2.000000000000),.UNSPECIFIED.) ;
#13698=CARTESIAN_POINT('NONE',(-1.701302644687,3.299999999999,0.899840238057));
#13699 = LINE('NONE',#12616,#12882) ;
#13700=CARTESIAN_POINT('NONE',(-2.563687867268,3.299999999999,0.871367500768));
#13701=CARTESIAN_POINT('NONE',(-1.,3.039736830714,1.5));
#13702 = ORIENTED_EDGE('NONE',*,*,#12690,.F.) ;
#13703 = VECTOR('NONE',#10028,1000.) ;
#13704 = ADVANCED_FACE('NONE',(#13306),#6468,.F.) ;
#13705 =(LENGTH_UNIT() NAMED_UNIT(*) SI_UNIT(.MILLI.,.METRE.));
#13706 = UNCERTAINTY_MEASURE_WITH_UNIT(LENGTH_MEASURE(1.000000000000E-05),#11599,'distance_accuracy_value','NONE');
#13707 = MECHANICAL_DESIGN_GEOMETRIC_PRESENTATION_REPRESENTATION('',(#847),#6434) ;
#13708 = STYLED_ITEM('NONE',(#5073),#7265) ;
#13709 =(LENGTH_UNIT() NAMED_UNIT(*) SI_UNIT(.MILLI.,.METRE.));
#13710=CARTESIAN_POINT('NONE',(-2.305354750381,3.301,0.653098200189));
#13711 = ORIENTED_EDGE('NONE',*,*,#3491,.T.) ;
#13712 = PRESENTATION_STYLE_ASSIGNMENT((#6972)) ;
#13713=CARTESIAN_POINT('NONE',(-2.680970235921,3.301,0.628723509804));
#13714=CARTESIAN_POINT('NONE',(-2.399791817409,3.301,0.655111061699));
#13715 = ORIENTED_EDGE('NONE',*,*,#1110,.T.) ;
#13716=CARTESIAN_POINT('NONE',(-2.106211892943,3.299999999999,0.739930350746));
#13717 = EDGE_CURVE('NONE',#3481,#13623,#9810,.T.) ;
#13718 = VERTEX_POINT('NONE',#7733) ;
#13719=CARTESIAN_POINT('NONE',(-2.681387913276,3.299999999999,0.722800209841));
#13720=CARTESIAN_POINT('NONE',(-1.739198803412,3.299999999999,0.615861623691));
#13721=CARTESIAN_POINT('NONE',(-2.339381895203,3.301,0.920684447433));
#13722=CARTESIAN_POINT('NONE',(-2.666852463179,3.299999999999,0.722903300441));
#13723 =(NAMED_UNIT(*) PLANE_ANGLE_UNIT() SI_UNIT($,.RADIAN.));
#13724 = ADVANCED_FACE('NONE',(#13030),#10602,.F.) ;
#13725 = EDGE_CURVE('NONE',#6379,#11496,#6905,.T.) ;
#13726 = SURFACE_STYLE_FILL_AREA(#5845) ;
#13727=DIRECTION('NONE',(0.,1.,0.));
#13728 = LINE('NONE',#2419,#6131) ;
#13729=DIRECTION('NONE',(-0.999974850185,0.,-0.007092178509));
#13730 = COLOUR_RGB('',0.647058823529,0.619607843137,0.588235294117) ;
#13731 = B_SPLINE_SURFACE_WITH_KNOTS('NONE',3,1,((#1475,#13779),(#4961,#14876),(#13929,#3864),(#12702,#5908)),.UNSPECIFIED.,.F.,.F.,.F.,(4,4),(2,2),(5.000000000000,6.000000000000),(0.,1.),.UNSPECIFIED.) ;
#13732 = SURFACE_STYLE_USAGE(.BOTH.,#4683) ;
#13733 = ORIENTED_EDGE('NONE',*,*,#6280,.F.) ;
#13734=CARTESIAN_POINT('NONE',(-2.,2.,0.));
#13735 = EDGE_CURVE('NONE',#5594,#8872,#11251,.T.) ;
#13736 = FILL_AREA_STYLE_COLOUR('',#11786) ;
#13737=CARTESIAN_POINT('NONE',(0.8,-0.325,0.299999999999));
#13738 =(NAMED_UNIT(*) SI_UNIT($,.STERADIAN.) SOLID_ANGLE_UNIT());
#13739=CARTESIAN_POINT('NONE',(-2.999999999999,-0.4,0.299999999999));
#13740 = FILL_AREA_STYLE('',(#5580)) ;
#13741 =(LENGTH_UNIT() NAMED_UNIT(*) SI_UNIT(.MILLI.,.METRE.));
#13742 = SURFACE_STYLE_FILL_AREA(#12589) ;
#13743 = ORIENTED_EDGE('NONE',*,*,#1181,.F.) ;
#13744 = SURFACE_STYLE_FILL_AREA(#2833) ;
#13745 = EDGE_CURVE('NONE',#14143,#1175,#8921,.T.) ;
#13746 = PRESENTATION_LAYER_ASSIGNMENT('','',(#4140)) ;
#13747 = ORIENTED_EDGE('NONE',*,*,#588,.T.) ;
#13748 = PRESENTATION_STYLE_ASSIGNMENT((#10550)) ;
#13749 = ORIENTED_EDGE('NONE',*,*,#14200,.T.) ;
#13750 = COLOUR_RGB('',0.647058823529,0.619607843137,0.588235294117) ;
#13751 = FILL_AREA_STYLE('',(#12522)) ;
#13752=CARTESIAN_POINT('NONE',(-2.355968453579,3.299999999999,0.673202180176));
#13753 =(LENGTH_UNIT() NAMED_UNIT(*) SI_UNIT(.MILLI.,.METRE.));
#13754 = VERTEX_POINT('NONE',#8017) ;
#13755=CARTESIAN_POINT('NONE',(-2.285710233412,3.301,0.640947278447));
#13756 = ORIENTED_EDGE('NONE',*,*,#11345,.T.) ;
#13757 = SURFACE_STYLE_USAGE(.BOTH.,#11436) ;
#13758 =(NAMED_UNIT(*) PLANE_ANGLE_UNIT() SI_UNIT($,.RADIAN.));
#13759 = PLANE('NONE',#6672) ;
#13760 = B_SPLINE_CURVE_WITH_KNOTS('NONE',3,(#11774,#5995,#9419,#10377),.UNSPECIFIED.,.F.,.F.,(4,4),(1.,2.000000000000),.UNSPECIFIED.) ;
#13761=CARTESIAN_POINT('NONE',(-2.392613469828,3.301,0.685357302399));
#13762 = EDGE_CURVE('NONE',#14665,#10577,#14748,.T.) ;
#13763 = ORIENTED_EDGE('NONE',*,*,#6799,.F.) ;
#13764 =(GEOMETRIC_REPRESENTATION_CONTEXT(3) GLOBAL_UNCERTAINTY_ASSIGNED_CONTEXT((#3947)) GLOBAL_UNIT_ASSIGNED_CONTEXT((#3704,#6262,#7246)) REPRESENTATION_CONTEXT('NONE','WORKASPACE'));
#13765 = COLOUR_RGB('',1.,1.,1.) ;
#13766=CARTESIAN_POINT('NONE',(-2.339326813793,3.299999999999,0.934909084123));
#13767=CARTESIAN_POINT('NONE',(0.999999999999,3.039736830714,1.));
#13768 = VECTOR('NONE',#11769,1000.) ;
#13769 = UNCERTAINTY_MEASURE_WITH_UNIT(LENGTH_MEASURE(1.000000000000E-05),#6377,'distance_accuracy_value','NONE');
#13770 = LINE('NONE',#5743,#11535) ;
#13771=CARTESIAN_POINT('NONE',(-2.41094482902,3.301,0.705877401422));
#13772 =(NAMED_UNIT(*) PLANE_ANGLE_UNIT() SI_UNIT($,.RADIAN.));
#13773=DIRECTION('NONE',(0.999974850185,0.,0.007092178509));
#13774 = SURFACE_SIDE_STYLE('',(#12617)) ;
#13775 = ORIENTED_EDGE('NONE',*,*,#563,.F.) ;
#13776 = B_SPLINE_SURFACE_WITH_KNOTS('NONE',3,1,((#13020,#14437),(#9733,#2250),(#6795,#8897),(#1112,#6648)),.UNSPECIFIED.,.F.,.F.,.F.,(4,4),(2,2),(23.000000000000,24.000000000000),(0.,1.),.UNSPECIFIED.) ;
#13777 = FACE_BOUND('NONE',#5652,.T.) ;
#13778 = PRESENTATION_STYLE_ASSIGNMENT((#9338)) ;
#13779=CARTESIAN_POINT('NONE',(-1.694362087446,3.299999999999,0.899889462966));
#13780 = PRESENTATION_LAYER_ASSIGNMENT('','',(#4404)) ;
#13781=CARTESIAN_POINT('NONE',(-1.918145991831,3.301,0.646694228624));
#13782 = ORIENTED_EDGE('NONE',*,*,#9635,.T.) ;
#13783=DIRECTION('NONE',(0.321638936845,0.,0.946862394598));
#13784 = MECHANICAL_DESIGN_GEOMETRIC_PRESENTATION_REPRESENTATION('',(#7949),#1622) ;
#13785=CARTESIAN_POINT('NONE',(-2.381064922802,3.301,0.66678548266));
#13786 = UNCERTAINTY_MEASURE_WITH_UNIT(LENGTH_MEASURE(1.000000000000E-05),#9171,'distance_accuracy_value','NONE');
#13787 = SURFACE_STYLE_FILL_AREA(#7131) ;
#13788 = ORIENTED_EDGE('NONE',*,*,#10502,.F.) ;
#13789=CARTESIAN_POINT('NONE',(-2.426892537098,3.301,0.65859968932));
#13790 = ORIENTED_EDGE('NONE',*,*,#14264,.T.) ;
#13791=CARTESIAN_POINT('NONE',(-2.390865381974,3.299999999999,0.614809953696));
#13792=DIRECTION('NONE',(0.,-1.,0.));
#13793=DIRECTION('NONE',(-1.,-1.314184451497000E-16,0.));
#13794 = STYLED_ITEM('NONE',(#12080),#6633) ;
#13795=DIRECTION('NONE',(0.,0.,1.));
#13796 =(NAMED_UNIT(*) PLANE_ANGLE_UNIT() SI_UNIT($,.RADIAN.));
#13797 =(NAMED_UNIT(*) SI_UNIT($,.STERADIAN.) SOLID_ANGLE_UNIT());
#13798=DIRECTION('NONE',(0.999974850185,0.,0.007092178509));
#13799=CARTESIAN_POINT('NONE',(-2.392650452605,3.301,0.932472121394));
#13800 = VECTOR('NONE',#12173,1000.) ;
#13801 = ADVANCED_FACE('NONE',(#12493),#7856,.T.) ;
#13802=DIRECTION('NONE',(-0.396279771914,0.,0.918129806929));
#13803 = ORIENTED_EDGE('NONE',*,*,#6619,.T.) ;
#13804=CARTESIAN_POINT('NONE',(-2.586578768981,3.299999999999,0.809067654498));
#13805 = SURFACE_SIDE_STYLE('',(#6081)) ;
#13806=CARTESIAN_POINT('NONE',(-1.857594530533,3.299999999999,0.916951660111));
#13807=CARTESIAN_POINT('NONE',(-2.395868713299,3.301,0.673730224867));
#13808=DIRECTION('NONE',(0.,0.,1.));
#13809=CARTESIAN_POINT('NONE',(-2.223278147826,3.301,0.933673370226));
#13810=CARTESIAN_POINT('NONE',(-2.543221481231,3.301,0.61578816232));
#13811 = ADVANCED_FACE('NONE',(#1344),#5767,.T.) ;
#13812 = ORIENTED_EDGE('NONE',*,*,#13184,.T.) ;
#13813 = LINE('NONE',#5000,#10554) ;
#13814 = ORIENTED_EDGE('NONE',*,*,#11702,.T.) ;
#13815 = EDGE_CURVE('NONE',#13064,#1910,#11710,.T.) ;
#13816 = VERTEX_POINT('NONE',#2649) ;
#13817=DIRECTION('NONE',(0.999974850185,0.,0.007092178509));
#13818 = ORIENTED_EDGE('NONE',*,*,#13091,.F.) ;
#13819 =(NAMED_UNIT(*) PLANE_ANGLE_UNIT() SI_UNIT($,.RADIAN.));
#13820 = LINE('NONE',#6334,#14242) ;
#13821 = ORIENTED_EDGE('NONE',*,*,#919,.F.) ;
#13822 = FILL_AREA_STYLE_COLOUR('',#8030) ;
#13823 = EDGE_CURVE('NONE',#10782,#12477,#9573,.T.) ;
#13824=CARTESIAN_POINT('NONE',(-2.430296220094,3.301,0.654707552457));
#13825=CARTESIAN_POINT('NONE',(-2.339381895203,3.299999999999,0.920684447433));
#13826 = SURFACE_SIDE_STYLE('',(#13981)) ;
#13827 =(NAMED_UNIT(*) SI_UNIT($,.STERADIAN.) SOLID_ANGLE_UNIT());
#13828=CARTESIAN_POINT('NONE',(-2.2710097805,3.301,0.811305782385));
#13829 = ADVANCED_FACE('NONE',(#2731),#6000,.T.) ;
#13830 =(NAMED_UNIT(*) SI_UNIT($,.STERADIAN.) SOLID_ANGLE_UNIT());
#13831 =(LENGTH_UNIT() NAMED_UNIT(*) SI_UNIT(.MILLI.,.METRE.));
#13832=CARTESIAN_POINT('NONE',(-2.793137619644,3.301,0.720447964942));
#13833 = UNCERTAINTY_MEASURE_WITH_UNIT(LENGTH_MEASURE(1.000000000000E-05),#10971,'distance_accuracy_value','NONE');
#13834 = STYLED_ITEM('NONE',(#8592),#14185) ;
#13835 = FACE_OUTER_BOUND('NONE',#11265,.T.) ;
#13836 =(GEOMETRIC_REPRESENTATION_CONTEXT(3) GLOBAL_UNCERTAINTY_ASSIGNED_CONTEXT((#8527)) GLOBAL_UNIT_ASSIGNED_CONTEXT((#7260,#1892,#11827)) REPRESENTATION_CONTEXT('NONE','WORKASPACE'));
#13837 = LINE('NONE',#7184,#3250) ;
#13838=CARTESIAN_POINT('NONE',(-2.294634901836,3.301,0.698591997215));
#13839 = PLANE('NONE',#10187) ;
#13840=CARTESIAN_POINT('NONE',(-2.292955209241,3.299999999999,0.870792151638));
#13841 = ORIENTED_EDGE('NONE',*,*,#13735,.T.) ;
#13842 = ADVANCED_FACE('NONE',(#4907),#1701,.F.) ;
#13843 = VERTEX_POINT('NONE',#13869) ;
#13844=CARTESIAN_POINT('NONE',(-1.607488114217,3.301,0.761687394205));
#13845=DIRECTION('NONE',(1.,0.,0.));
#13846 = STYLED_ITEM('NONE',(#7067),#14532) ;
#13847 = SURFACE_STYLE_USAGE(.BOTH.,#2628) ;
#13848 = MECHANICAL_DESIGN_GEOMETRIC_PRESENTATION_REPRESENTATION('',(#6574),#6094) ;
#13849 = EDGE_LOOP('NONE',(#10011,#587,#3444,#1409)) ;
#13850 = VECTOR('NONE',#13661,1000.) ;
#13851 = ORIENTED_EDGE('NONE',*,*,#1359,.F.) ;
#13852=CARTESIAN_POINT('NONE',(0.,0.,1.571543008235));
#13853 =(NAMED_UNIT(*) PLANE_ANGLE_UNIT() SI_UNIT($,.RADIAN.));
#13854=DIRECTION('NONE',(0.999974850185,0.,0.007092178509));
#13855=DIRECTION('NONE',(1.,0.,0.));
#13856 = EDGE_LOOP('NONE',(#8422,#7704,#13278,#11085)) ;
#13857 = SURFACE_SIDE_STYLE('',(#9713)) ;
#13858 = ORIENTED_EDGE('NONE',*,*,#4422,.T.) ;
#13859 = SURFACE_STYLE_USAGE(.BOTH.,#13643) ;
#13860 =(NAMED_UNIT(*) SI_UNIT($,.STERADIAN.) SOLID_ANGLE_UNIT());
#13861 =(GEOMETRIC_REPRESENTATION_CONTEXT(3) GLOBAL_UNCERTAINTY_ASSIGNED_CONTEXT((#3850)) GLOBAL_UNIT_ASSIGNED_CONTEXT((#452,#2407,#9410)) REPRESENTATION_CONTEXT('NONE','WORKASPACE'));
#13862 = SURFACE_STYLE_FILL_AREA(#1490) ;
#13863 = EDGE_CURVE('NONE',#8260,#6856,#11711,.T.) ;
#13864 = PRESENTATION_LAYER_ASSIGNMENT('','',(#11783)) ;
#13865 = CIRCLE('NONE',#7562,0.400000000000) ;
#13866 = PRESENTATION_LAYER_ASSIGNMENT('','',(#5174)) ;
#13867=DIRECTION('NONE',(0.,0.,-1.));
#13868 = LINE('NONE',#467,#3150) ;
#13869=CARTESIAN_POINT('NONE',(-2.305578621182,3.299999999999,0.631885017457));
#13870=DIRECTION('NONE',(0.999974850185,0.,0.007092178509));
#13871=CARTESIAN_POINT('NONE',(-1.740933984092,3.301,0.738182977972));
#13872=CARTESIAN_POINT('NONE',(-2.347103545,3.299999999999,0.808707325799));
#13873 = STYLED_ITEM('NONE',(#1258),#13989) ;
#13874 = COLOUR_RGB('',0.647058823529,0.619607843137,0.588235294117) ;
#13875=CARTESIAN_POINT('NONE',(-2.073527232118,3.299999999999,0.657738820371));
#13876 = ORIENTED_EDGE('NONE',*,*,#11906,.F.) ;
#13877 = PRESENTATION_STYLE_ASSIGNMENT((#12728)) ;
#13878 =(NAMED_UNIT(*) SI_UNIT($,.STERADIAN.) SOLID_ANGLE_UNIT());
#13879=CARTESIAN_POINT('NONE',(-1.945231410163,3.301,0.673398153735));
#13880 =(NAMED_UNIT(*) SI_UNIT($,.STERADIAN.) SOLID_ANGLE_UNIT());
#13881 = ORIENTED_EDGE('NONE',*,*,#9394,.T.) ;
#13882 = FACE_OUTER_BOUND('NONE',#9018,.T.) ;
#13883 =(LENGTH_UNIT() NAMED_UNIT(*) SI_UNIT(.MILLI.,.METRE.));
#13884 = PRESENTATION_LAYER_ASSIGNMENT('','',(#12736)) ;
#13885=DIRECTION('NONE',(1.,0.,0.));
#13886=CARTESIAN_POINT('NONE',(-2.407635624882,3.299999999999,0.82424909395));
#13887 = EDGE_CURVE('NONE',#13935,#2017,#5177,.T.) ;
#13888=DIRECTION('NONE',(0.,0.,1.));
#13889 = UNCERTAINTY_MEASURE_WITH_UNIT(LENGTH_MEASURE(1.000000000000E-05),#6737,'distance_accuracy_value','NONE');
#13890=DIRECTION('NONE',(0.,-1.,0.));
#13891 = ORIENTED_EDGE('NONE',*,*,#14470,.T.) ;
#13892 = VECTOR('NONE',#2653,1000.) ;
#13893 = VERTEX_POINT('NONE',#5923) ;
#13894=CARTESIAN_POINT('NONE',(-2.425350409914,3.299999999999,0.621490335455));
#13895 = VERTEX_POINT('NONE',#2883) ;
#13896 = SURFACE_STYLE_USAGE(.BOTH.,#10708) ;
#13897 = CIRCLE('NONE',#12976,0.299999999999) ;
#13898=CARTESIAN_POINT('NONE',(-2.367397561674,3.299999999999,0.815675516406));
#13899=CARTESIAN_POINT('NONE',(-2.302132934779,3.301,0.814578720332));
#13900 = ORIENTED_EDGE('NONE',*,*,#3578,.F.) ;
#13901 = B_SPLINE_SURFACE_WITH_KNOTS('NONE',3,1,((#1661,#3624),(#8203,#6098),(#9531,#13973),(#8429,#12888)),.UNSPECIFIED.,.F.,.F.,.F.,(4,4),(2,2),(5.000000000000,6.000000000000),(0.,1.),.UNSPECIFIED.) ;
#13902 = ORIENTED_EDGE('NONE',*,*,#9350,.F.) ;
#13903 = EDGE_CURVE('NONE',#3830,#12288,#9784,.T.) ;
#13904 = COLOUR_RGB('',0.647058823529,0.619607843137,0.588235294117) ;
#13905 = LINE('NONE',#7458,#8655) ;
#13906 = ORIENTED_EDGE('NONE',*,*,#8070,.F.) ;
#13907 = LINE('NONE',#2765,#6595) ;
#13908 = EDGE_CURVE('NONE',#11311,#13843,#8018,.T.) ;
#13909 =(NAMED_UNIT(*) PLANE_ANGLE_UNIT() SI_UNIT($,.RADIAN.));
#13910 =(NAMED_UNIT(*) SI_UNIT($,.STERADIAN.) SOLID_ANGLE_UNIT());
#13911=AXIS2_PLACEMENT_3D('NONE',#6840,#1509,#4616);
#13912 =(GEOMETRIC_REPRESENTATION_CONTEXT(3) GLOBAL_UNCERTAINTY_ASSIGNED_CONTEXT((#7345)) GLOBAL_UNIT_ASSIGNED_CONTEXT((#11263,#2437,#13666)) REPRESENTATION_CONTEXT('NONE','WORKASPACE'));
#13913 = FILL_AREA_STYLE_COLOUR('',#14865) ;
#13914 = MECHANICAL_DESIGN_GEOMETRIC_PRESENTATION_REPRESENTATION('',(#12071),#10636) ;
#13915 = CIRCLE('NONE',#3823,3.200000000000) ;
#13916 = VERTEX_POINT('NONE',#8765) ;
#13917 = LINE('NONE',#14207,#1067) ;
#13918 = UNCERTAINTY_MEASURE_WITH_UNIT(LENGTH_MEASURE(1.000000000000E-05),#10564,'distance_accuracy_value','NONE');
#13919 = PRESENTATION_LAYER_ASSIGNMENT('','',(#12078)) ;
#13920=CARTESIAN_POINT('NONE',(3.299999999999,3.299999999999,1.));
#13921 = EDGE_CURVE('NONE',#12110,#1189,#2056,.T.) ;
#13922=CARTESIAN_POINT('NONE',(-2.340537503566,3.299999999999,0.652599123372));
#13923=DIRECTION('NONE',(0.362554487503,0.,-0.931962576282));
#13924=CARTESIAN_POINT('NONE',(-2.296761950676,3.299999999999,0.844562594389));
#13925 = ORIENTED_EDGE('NONE',*,*,#8955,.F.) ;
#13926=AXIS2_PLACEMENT_3D('NONE',#2438,#10171,#6928);
#13927=CARTESIAN_POINT('NONE',(-2.527370231196,3.299999999999,0.703055285512));
#13928=CARTESIAN_POINT('NONE',(-2.430296220094,3.301,0.654707552457));
#13929=CARTESIAN_POINT('NONE',(-1.621381567201,3.301,0.885657628431));
#13930 =(GEOMETRIC_REPRESENTATION_CONTEXT(3) GLOBAL_UNCERTAINTY_ASSIGNED_CONTEXT((#3721)) GLOBAL_UNIT_ASSIGNED_CONTEXT((#805,#6412,#11967)) REPRESENTATION_CONTEXT('NONE','WORKASPACE'));
#13931 = COLOUR_RGB('',0.647058823529,0.619607843137,0.588235294117) ;
#13932 = B_SPLINE_CURVE_WITH_KNOTS('NONE',3,(#6593,#14381,#3243,#12276),.UNSPECIFIED.,.F.,.F.,(4,4),(24.000000000000,25.000000000000),.UNSPECIFIED.) ;
#13933 = SURFACE_STYLE_USAGE(.BOTH.,#12051) ;
#13934 = VECTOR('NONE',#4432,1000.) ;
#13935 = VERTEX_POINT('NONE',#3166) ;
#13936 = EDGE_CURVE('NONE',#2080,#12159,#6452,.T.) ;
#13937=DIRECTION('NONE',(0.999974850185,0.,0.007092178509));
#13938 =(GEOMETRIC_REPRESENTATION_CONTEXT(3) GLOBAL_UNCERTAINTY_ASSIGNED_CONTEXT((#737)) GLOBAL_UNIT_ASSIGNED_CONTEXT((#10990,#12220,#6538)) REPRESENTATION_CONTEXT('NONE','WORKASPACE'));
#13939 =(NAMED_UNIT(*) PLANE_ANGLE_UNIT() SI_UNIT($,.RADIAN.));
#13940 = EDGE_LOOP('NONE',(#11693,#9885,#5828,#14585,#8295,#3628)) ;
#13941=CARTESIAN_POINT('NONE',(-2.67896933376,3.301,0.80841238764));
#13942 = ORIENTED_EDGE('NONE',*,*,#13536,.F.) ;
#13943=CARTESIAN_POINT('NONE',(-1.668728691614,3.301,0.588597830522));
#13944 =(NAMED_UNIT(*) SI_UNIT($,.STERADIAN.) SOLID_ANGLE_UNIT());
#13945 = PRESENTATION_LAYER_ASSIGNMENT('','',(#847)) ;
#13946=AXIS2_PLACEMENT_3D('NONE',#8576,#2912,#13971);
#13947=AXIS2_PLACEMENT_3D('NONE',#3645,#12401,#1182);
#13948=DIRECTION('NONE',(-1.264902534566000E-16,-1.,0.));
#13949 =(NAMED_UNIT(*) SI_UNIT($,.STERADIAN.) SOLID_ANGLE_UNIT());
#13950 =(GEOMETRIC_REPRESENTATION_CONTEXT(3) GLOBAL_UNCERTAINTY_ASSIGNED_CONTEXT((#12767)) GLOBAL_UNIT_ASSIGNED_CONTEXT((#10416,#7982,#7101)) REPRESENTATION_CONTEXT('NONE','WORKASPACE'));
#13951=CARTESIAN_POINT('NONE',(-3.299999999999,3.299999999999,0.));
#13952=CARTESIAN_POINT('NONE',(-1.857594530533,3.301,0.916951660111));
#13953 = EDGE_LOOP('NONE',(#8104,#7446,#11283,#2876,#962)) ;
#13954=DIRECTION('NONE',(0.999974850185,0.,0.007092178509));
#13955 = ADVANCED_FACE('NONE',(#11852),#4447,.F.) ;
#13956 = PRESENTATION_STYLE_ASSIGNMENT((#11408)) ;
#13957=CARTESIAN_POINT('NONE',(-2.431566470072,3.301,0.701863148656));
#13958 = FILL_AREA_STYLE_COLOUR('',#8257) ;
#13959=DIRECTION('NONE',(-0.707106781186,0.707106781186,0.));
#13960=CARTESIAN_POINT('NONE',(-2.334935568087,3.301,0.694001464471));
#13961 = FILL_AREA_STYLE_COLOUR('',#10606) ;
#13962=DIRECTION('NONE',(-0.338211162479,0.,0.941070246886));
#13963 = FILL_AREA_STYLE_COLOUR('',#10398) ;
#13964 = VECTOR('NONE',#1891,1000.) ;
#13965=CARTESIAN_POINT('NONE',(-2.481329174979,3.301,0.931843180247));
#13966=CARTESIAN_POINT('NONE',(-2.65,3.245314017740000E-16,7.199999999999));
#13967 =(GEOMETRIC_REPRESENTATION_CONTEXT(3) GLOBAL_UNCERTAINTY_ASSIGNED_CONTEXT((#10084)) GLOBAL_UNIT_ASSIGNED_CONTEXT((#14325,#7609,#10932)) REPRESENTATION_CONTEXT('NONE','WORKASPACE'));
#13968 =(NAMED_UNIT(*) PLANE_ANGLE_UNIT() SI_UNIT($,.RADIAN.));
#13969 = ORIENTED_EDGE('NONE',*,*,#7888,.F.) ;
#13970 = ORIENTED_EDGE('NONE',*,*,#13079,.F.) ;
#13971=DIRECTION('NONE',(-1.,0.,0.));
#13972 = B_SPLINE_CURVE_WITH_KNOTS('NONE',3,(#4342,#8934,#1002,#4414),.UNSPECIFIED.,.F.,.F.,(4,4),(20.,21.),.UNSPECIFIED.) ;
#13973=CARTESIAN_POINT('NONE',(-2.350992604214,3.299999999999,0.934826346174));
#13974 = PRESENTATION_LAYER_ASSIGNMENT('','',(#5739)) ;
#13975 = ORIENTED_EDGE('NONE',*,*,#13536,.T.) ;
#13976 = ORIENTED_EDGE('NONE',*,*,#504,.T.) ;
#13977=DIRECTION('NONE',(0.007092178509,0.,-0.999974850185));
#13978 = LINE('NONE',#8583,#3922) ;
#13979 = EDGE_LOOP('NONE',(#7117,#5587,#4465,#13482)) ;
#13980=CARTESIAN_POINT('NONE',(-2.455811225115,3.299999999999,0.575357432097));
#13981 = SURFACE_STYLE_FILL_AREA(#7100) ;
#13982 = PRESENTATION_LAYER_ASSIGNMENT('','',(#11905)) ;
#13983 = MECHANICAL_DESIGN_GEOMETRIC_PRESENTATION_REPRESENTATION('',(#12135),#7439) ;
#13984 = PLANE('NONE',#6324) ;
#13985 = ORIENTED_EDGE('NONE',*,*,#8698,.T.) ;
#13986 =(LENGTH_UNIT() NAMED_UNIT(*) SI_UNIT(.MILLI.,.METRE.));
#13987 = ADVANCED_FACE('NONE',(#690),#12333,.T.) ;
#13988 = UNCERTAINTY_MEASURE_WITH_UNIT(LENGTH_MEASURE(1.000000000000E-05),#5870,'distance_accuracy_value','NONE');
#13989 = ADVANCED_FACE('NONE',(#9044),#12480,.T.) ;
#13990=CARTESIAN_POINT('NONE',(-2.418342621521,3.299999999999,0.644997565736));
#13991 = LINE('NONE',#8300,#1618) ;
#13992=DIRECTION('NONE',(0.,-1.,0.));
#13993 =(NAMED_UNIT(*) SI_UNIT($,.STERADIAN.) SOLID_ANGLE_UNIT());
#13994 = VERTEX_POINT('NONE',#13353) ;
#13995 = VECTOR('NONE',#3695,1000.) ;
#13996 = VERTEX_POINT('NONE',#10071) ;
#13997 = UNCERTAINTY_MEASURE_WITH_UNIT(LENGTH_MEASURE(1.000000000000E-05),#14557,'distance_accuracy_value','NONE');
#13998=CARTESIAN_POINT('NONE',(-1.694860474421,3.301,0.847829130512));
#13999=CARTESIAN_POINT('NONE',(-2.818196913411,3.299999999999,0.647215006961));
#14000 =(NAMED_UNIT(*) PLANE_ANGLE_UNIT() SI_UNIT($,.RADIAN.));
#14001 = EDGE_CURVE('NONE',#1486,#13642,#6726,.T.) ;
#14002=CARTESIAN_POINT('NONE',(-2.276416837418,3.301,0.869973642013));
#14003 = ORIENTED_EDGE('NONE',*,*,#2219,.T.) ;
#14004 = PRESENTATION_LAYER_ASSIGNMENT('','',(#11939)) ;
#14005 = PRESENTATION_STYLE_ASSIGNMENT((#3943)) ;
#14006 = EDGE_CURVE('NONE',#10414,#2186,#5547,.T.) ;
#14007=CARTESIAN_POINT('NONE',(-2.731690350175,3.299999999999,0.677025678973));
#14008 = SURFACE_STYLE_FILL_AREA(#9412) ;
#14009 = ORIENTED_EDGE('NONE',*,*,#1476,.T.) ;
#14010 = FILL_AREA_STYLE_COLOUR('',#8968) ;
#14011 = ORIENTED_EDGE('NONE',*,*,#4923,.F.) ;
#14012 = LINE('NONE',#11842,#6023) ;
#14013 = VERTEX_POINT('NONE',#13287) ;
#14014=CARTESIAN_POINT('NONE',(-2.403011006166,3.301,0.669187702008));
#14015=DIRECTION('NONE',(-0.999974850185,0.,-0.007092178509));
#14016 = VECTOR('NONE',#10262,1000.) ;
#14017 = MECHANICAL_DESIGN_GEOMETRIC_PRESENTATION_REPRESENTATION('',(#3459),#4158) ;
#14018 = VECTOR('NONE',#1749,1000.) ;
#14019 = CIRCLE('NONE',#447,0.400000000000) ;
#14020 = EDGE_CURVE('NONE',#6557,#7049,#12203,.T.) ;
#14021 = PRESENTATION_STYLE_ASSIGNMENT((#1418)) ;
#14022=CARTESIAN_POINT('NONE',(-2.543221481231,3.301,0.61578816232));
#14023=CARTESIAN_POINT('NONE',(-2.333566237399,3.299999999999,0.808803337215));
#14024 = EDGE_CURVE('NONE',#11770,#12139,#5613,.T.) ;
#14025 = B_SPLINE_SURFACE_WITH_KNOTS('NONE',3,1,((#5179,#7417),(#6137,#10669),(#906,#11918),(#1909,#6366)),.UNSPECIFIED.,.F.,.F.,.F.,(4,4),(2,2),(3.000000000000,4.000000000000),(0.,1.),.UNSPECIFIED.) ;
#14026=DIRECTION('NONE',(0.007092178509,0.,-0.999974850185));
#14027 =(GEOMETRIC_REPRESENTATION_CONTEXT(3) GLOBAL_UNCERTAINTY_ASSIGNED_CONTEXT((#3244)) GLOBAL_UNIT_ASSIGNED_CONTEXT((#10616,#9438,#5938)) REPRESENTATION_CONTEXT('NONE','WORKASPACE'));
#14028 = FILL_AREA_STYLE('',(#10977)) ;
#14029 = SURFACE_STYLE_USAGE(.BOTH.,#12944) ;
#14030 = LINE('NONE',#13737,#11105) ;
#14031=CARTESIAN_POINT('NONE',(-2.334935568087,3.299999999999,0.694001464471));
#14032=CARTESIAN_POINT('NONE',(-2.529951454553,3.299999999999,0.917461248788));
#14033=CARTESIAN_POINT('NONE',(-2.425221894515,3.299999999999,0.704528402498));
#14034 = MECHANICAL_DESIGN_GEOMETRIC_PRESENTATION_REPRESENTATION('',(#8444),#941) ;
#14035=CARTESIAN_POINT('NONE',(-2.419553574988,3.299999999999,0.631014279365));
#14036 = ADVANCED_FACE('NONE',(#14582),#3524,.F.) ;
#14037=DIRECTION('NONE',(-0.999974850185,0.,-0.007092178509));
#14038=CARTESIAN_POINT('NONE',(-2.340679529671,3.301,0.672624357197));
#14039 =(GEOMETRIC_REPRESENTATION_CONTEXT(3) GLOBAL_UNCERTAINTY_ASSIGNED_CONTEXT((#1017)) GLOBAL_UNIT_ASSIGNED_CONTEXT((#3036,#7710,#5130)) REPRESENTATION_CONTEXT('NONE','WORKASPACE'));
#14040 = VECTOR('NONE',#13256,1000.) ;
#14041=DIRECTION('NONE',(0.007092178509,0.,-0.999974850185));
#14042 = ORIENTED_EDGE('NONE',*,*,#5750,.F.) ;
#14043 = SURFACE_SIDE_STYLE('',(#12011)) ;
#14044 = EDGE_LOOP('NONE',(#1470,#5821,#5892,#5280)) ;
#14045=CARTESIAN_POINT('NONE',(-2.392513469409,3.299999999999,0.627275673672));
#14046 = ORIENTED_EDGE('NONE',*,*,#4593,.F.) ;
#14047=CARTESIAN_POINT('NONE',(-1.714303895699,3.301,0.898012801955));
#14048=CARTESIAN_POINT('NONE',(-2.073527232118,3.301,0.657738820371));
#14049 = EDGE_LOOP('NONE',(#2764,#3425,#5483,#3228)) ;
#14050 = ORIENTED_EDGE('NONE',*,*,#12301,.T.) ;
#14051=DIRECTION('NONE',(1.,0.,0.));
#14052=DIRECTION('NONE',(0.,-1.,0.));
#14053 = EDGE_CURVE('NONE',#5550,#2612,#5825,.T.) ;
#14054=DIRECTION('NONE',(0.,-1.,0.));
#14055=CARTESIAN_POINT('NONE',(-2.451974614896,3.299999999999,0.575384642706));
#14056 = FILL_AREA_STYLE_COLOUR('',#5004) ;
#14057=CARTESIAN_POINT('NONE',(-2.574339592601,3.299999999999,0.904232314163));
#14058 =(NAMED_UNIT(*) PLANE_ANGLE_UNIT() SI_UNIT($,.RADIAN.));
#14059=CARTESIAN_POINT('NONE',(0.9,-0.325,0.299999999999));
#14060 =(NAMED_UNIT(*) PLANE_ANGLE_UNIT() SI_UNIT($,.RADIAN.));
#14061=CARTESIAN_POINT('NONE',(-2.386753145569,3.301,0.69912401559));
#14062 = UNCERTAINTY_MEASURE_WITH_UNIT(LENGTH_MEASURE(1.000000000000E-05),#10980,'distance_accuracy_value','NONE');
#14063=CARTESIAN_POINT('NONE',(-2.430296220094,3.299999999999,0.654707552457));
#14064 = PRESENTATION_STYLE_ASSIGNMENT((#11757)) ;
#14065=DIRECTION('NONE',(0.349299057801,0.,0.937011295673));
#14066=CARTESIAN_POINT('NONE',(-2.515416004456,3.301,0.917564339388));
#14067 = ORIENTED_EDGE('NONE',*,*,#1675,.T.) ;
#14068 = ORIENTED_EDGE('NONE',*,*,#14084,.F.) ;
#14069 = SURFACE_STYLE_USAGE(.BOTH.,#6206) ;
#14070 = ADVANCED_FACE('NONE',(#1547),#13731,.F.) ;
#14071 = UNCERTAINTY_MEASURE_WITH_UNIT(LENGTH_MEASURE(1.000000000000E-05),#11614,'distance_accuracy_value','NONE');
#14072=CARTESIAN_POINT('NONE',(-2.534636222652,3.301,0.931465107641));
#14073 = MECHANICAL_DESIGN_GEOMETRIC_PRESENTATION_REPRESENTATION('',(#8710),#14767) ;
#14074 =(NAMED_UNIT(*) SI_UNIT($,.STERADIAN.) SOLID_ANGLE_UNIT());
#14075 = VERTEX_POINT('NONE',#7271) ;
#14076 = SURFACE_SIDE_STYLE('',(#4095)) ;
#14077 =(NAMED_UNIT(*) PLANE_ANGLE_UNIT() SI_UNIT($,.RADIAN.));
#14078 = EDGE_LOOP('NONE',(#4707,#1038,#3374,#8008)) ;
#14079=DIRECTION('NONE',(0.,0.,1.));
#14080 = EDGE_LOOP('NONE',(#459,#3828,#1765,#5007)) ;
#14081 = SURFACE_STYLE_USAGE(.BOTH.,#6217) ;
#14082 = LINE('NONE',#13004,#1822) ;
#14083=DIRECTION('NONE',(1.,0.,0.));
#14084 = EDGE_CURVE('NONE',#12477,#9977,#8391,.T.) ;
#14085=AXIS2_PLACEMENT_3D('NONE',#13578,#2345,#13440);
#14086 = STYLED_ITEM('NONE',(#1785),#11246) ;
#14087 =(GEOMETRIC_REPRESENTATION_CONTEXT(3) GLOBAL_UNCERTAINTY_ASSIGNED_CONTEXT((#9399)) GLOBAL_UNIT_ASSIGNED_CONTEXT((#939,#9750,#2082)) REPRESENTATION_CONTEXT('NONE','WORKASPACE'));
#14088 = ADVANCED_FACE('NONE',(#7123),#12577,.F.) ;
#14089=CARTESIAN_POINT('NONE',(-2.487107376923,3.301,0.603022477289));
#14090=CARTESIAN_POINT('NONE',(-2.485338288758,3.301,0.630672484786));
#14091 = PRESENTATION_STYLE_ASSIGNMENT((#11118)) ;
#14092 = VERTEX_POINT('NONE',#5170) ;
#14093 = EDGE_CURVE('NONE',#10292,#2215,#3788,.T.) ;
#14094 =(NAMED_UNIT(*) SI_UNIT($,.STERADIAN.) SOLID_ANGLE_UNIT());
#14095=CARTESIAN_POINT('NONE',(-2.785356667767,3.301,0.73609991123));
#14096 = FACE_OUTER_BOUND('NONE',#14755,.T.) ;
#14097 = ORIENTED_EDGE('NONE',*,*,#4645,.T.) ;
#14098 = COLOUR_RGB('',0.647058823529,0.619607843137,0.588235294117) ;
#14099=CARTESIAN_POINT('NONE',(-2.71059662169,3.299999999999,0.649662596819));
#14100 = CIRCLE('NONE',#7563,3.150000000000) ;
#14101=DIRECTION('NONE',(-1.,-5.832108498657000E-15,0.));
#14102 = ORIENTED_EDGE('NONE',*,*,#9020,.F.) ;
#14103=DIRECTION('NONE',(0.999974850185,0.,0.007092178509));
#14104 = ADVANCED_FACE('NONE',(#1901),#6356,.F.) ;
#14105 = FILL_AREA_STYLE_COLOUR('',#14249) ;
#14106=CARTESIAN_POINT('NONE',(0.,3.301,0.));
#14107 = FACE_OUTER_BOUND('NONE',#9568,.T.) ;
#14108=DIRECTION('NONE',(-0.999974850185,0.,-0.007092178509));
#14109=CARTESIAN_POINT('NONE',(-2.401400091403,3.299999999999,0.705945096108));
#14110 = VECTOR('NONE',#4758,1000.) ;
#14111 =(GEOMETRIC_REPRESENTATION_CONTEXT(3) GLOBAL_UNCERTAINTY_ASSIGNED_CONTEXT((#6865)) GLOBAL_UNIT_ASSIGNED_CONTEXT((#4795,#8285,#7391)) REPRESENTATION_CONTEXT('NONE','WORKASPACE'));
#14112 = PLANE('NONE',#3487) ;
#14113 = ORIENTED_EDGE('NONE',*,*,#14171,.T.) ;
#14114 =(NAMED_UNIT(*) PLANE_ANGLE_UNIT() SI_UNIT($,.RADIAN.));
#14115 = ORIENTED_EDGE('NONE',*,*,#11055,.F.) ;
#14116 = ADVANCED_FACE('NONE',(#3078),#8748,.T.) ;
#14117 = FILL_AREA_STYLE_COLOUR('',#11158) ;
#14118=CARTESIAN_POINT('NONE',(-1.943114802453,3.299999999999,0.619621116343));
#14119 =(NAMED_UNIT(*) SI_UNIT($,.STERADIAN.) SOLID_ANGLE_UNIT());
#14120 = ORIENTED_EDGE('NONE',*,*,#11916,.F.) ;
#14121 = VECTOR('NONE',#1416,1000.) ;
#14122 = ORIENTED_EDGE('NONE',*,*,#10926,.F.) ;
#14123=AXIS2_PLACEMENT_3D('NONE',#7373,#4042,#9516);
#14124 = SURFACE_STYLE_FILL_AREA(#9679) ;
#14125=CARTESIAN_POINT('NONE',(-2.515416004456,3.301,0.917564339388));
#14126 =(NAMED_UNIT(*) SI_UNIT($,.STERADIAN.) SOLID_ANGLE_UNIT());
#14127 = COLOUR_RGB('',0.647058823529,0.619607843137,0.588235294117) ;
#14128 =(NAMED_UNIT(*) PLANE_ANGLE_UNIT() SI_UNIT($,.RADIAN.));
#14129 = FACE_BOUND('NONE',#2941,.T.) ;
#14130 = SURFACE_SIDE_STYLE('',(#1597)) ;
#14131 = FILL_AREA_STYLE_COLOUR('',#9387) ;
#14132 = VERTEX_POINT('NONE',#6571) ;
#14133 = PRESENTATION_STYLE_ASSIGNMENT((#4278)) ;
#14134 = ADVANCED_FACE('NONE',(#967),#8446,.F.) ;
#14135 = SURFACE_STYLE_USAGE(.BOTH.,#5023) ;
#14136 = VECTOR('NONE',#13954,1000.) ;
#14137=DIRECTION('NONE',(0.,-1.,0.));
#14138 = FILL_AREA_STYLE_COLOUR('',#14707) ;
#14139=CARTESIAN_POINT('NONE',(-2.301221483031,3.301,0.642085008008));
#14140 = ORIENTED_EDGE('NONE',*,*,#3968,.T.) ;
#14141=AXIS2_PLACEMENT_3D('NONE',#950,#10935,#7684);
#14142 = COLOUR_RGB('',0.647058823529,0.619607843137,0.588235294117) ;
#14143 = VERTEX_POINT('NONE',#9618) ;
#14144=CARTESIAN_POINT('NONE',(-2.693102800211,3.299999999999,0.632879780319));
#14145 = VECTOR('NONE',#3724,1000.) ;
#14146 = SURFACE_STYLE_USAGE(.BOTH.,#4159) ;
#14147 = ORIENTED_EDGE('NONE',*,*,#3457,.F.) ;
#14148 = FILL_AREA_STYLE('',(#10886)) ;
#14149=CARTESIAN_POINT('NONE',(-2.293064894801,3.301,0.622366164494));
#14150=CARTESIAN_POINT('NONE',(-2.419609323552,3.299999999999,0.638874651521));
#14151 =(NAMED_UNIT(*) SI_UNIT($,.STERADIAN.) SOLID_ANGLE_UNIT());
#14152 = VERTEX_POINT('NONE',#11606) ;
#14153 = VERTEX_POINT('NONE',#4880) ;
#14154=DIRECTION('NONE',(-0.999974850185,0.,-0.007092178509));
#14155=AXIS2_PLACEMENT_3D('NONE',#881,#5447,#5306);
#14156 = SURFACE_SIDE_STYLE('',(#4971)) ;
#14157 = ADVANCED_FACE('NONE',(#8373),#13984,.F.) ;
#14158 = STYLED_ITEM('NONE',(#5676),#2410) ;
#14159 = VERTEX_POINT('NONE',#6113) ;
#14160=DIRECTION('NONE',(0.,0.,-1.));
#14161 = MECHANICAL_DESIGN_GEOMETRIC_PRESENTATION_REPRESENTATION('',(#9027),#14622) ;
#14162 = SURFACE_STYLE_USAGE(.BOTH.,#5189) ;
#14163 = FILL_AREA_STYLE('',(#4175)) ;
#14164 =(LENGTH_UNIT() NAMED_UNIT(*) SI_UNIT(.MILLI.,.METRE.));
#14165 = VERTEX_POINT('NONE',#14059) ;
#14166 = LINE('NONE',#11855,#8992) ;
#14167 = B_SPLINE_CURVE_WITH_KNOTS('NONE',3,(#1211,#14830,#3399,#5854),.UNSPECIFIED.,.F.,.F.,(4,4),(4.000000000000,5.000000000000),.UNSPECIFIED.) ;
#14168 = ADVANCED_FACE('NONE',(#6045),#7027,.F.) ;
#14169=CARTESIAN_POINT('NONE',(-2.293064894801,3.301,0.622366164494));
#14170 = COLOUR_RGB('',0.250980392156,0.250980392156,0.250980392156) ;
#14171 = EDGE_CURVE('NONE',#4233,#667,#14288,.T.) ;
#14172 = ORIENTED_EDGE('NONE',*,*,#14703,.F.) ;
#14173=CARTESIAN_POINT('NONE',(-2.487259802667,3.301,0.637708592696));
#14174 = SURFACE_SIDE_STYLE('',(#11936)) ;
#14175 = EDGE_CURVE('NONE',#4164,#9316,#4147,.T.) ;
#14176 = SURFACE_SIDE_STYLE('',(#3433)) ;
#14177 =(GEOMETRIC_REPRESENTATION_CONTEXT(3) GLOBAL_UNCERTAINTY_ASSIGNED_CONTEXT((#1035)) GLOBAL_UNIT_ASSIGNED_CONTEXT((#4799,#5887,#6864)) REPRESENTATION_CONTEXT('NONE','WORKASPACE'));
#14178=CARTESIAN_POINT('NONE',(-2.022531339528,3.301,0.807330104064));
#14179 =(NAMED_UNIT(*) SI_UNIT($,.STERADIAN.) SOLID_ANGLE_UNIT());
#14180 = VECTOR('NONE',#6001,1000.) ;
#14181 =(LENGTH_UNIT() NAMED_UNIT(*) SI_UNIT(.MILLI.,.METRE.));
#14182=CARTESIAN_POINT('NONE',(-2.293064894801,3.299999999999,0.622366164494));
#14183 =(LENGTH_UNIT() NAMED_UNIT(*) SI_UNIT(.MILLI.,.METRE.));
#14184=CARTESIAN_POINT('NONE',(-2.320177786709,3.299999999999,0.65835835571));
#14185 = ADVANCED_FACE('NONE',(#6267),#3993,.F.) ;
#14186 = STYLED_ITEM('NONE',(#10790),#3147) ;
#14187 = ORIENTED_EDGE('NONE',*,*,#13650,.T.) ;
#14188 = UNCERTAINTY_MEASURE_WITH_UNIT(LENGTH_MEASURE(1.000000000000E-05),#5838,'distance_accuracy_value','NONE');
#14189=DIRECTION('NONE',(0.999974850185,0.,0.007092178509));
#14190=CARTESIAN_POINT('NONE',(-2.487259802667,3.301,0.637708592696));
#14191=CARTESIAN_POINT('NONE',(-2.562157698737,3.301,0.915111671114));
#14192 = ORIENTED_EDGE('NONE',*,*,#838,.T.) ;
#14193 = VERTEX_POINT('NONE',#8803) ;
#14194 =(NAMED_UNIT(*) PLANE_ANGLE_UNIT() SI_UNIT($,.RADIAN.));
#14195=AXIS2_PLACEMENT_3D('NONE',#6439,#1908,#5329);
#14196 = ORIENTED_EDGE('NONE',*,*,#13632,.F.) ;
#14197 = PLANE('NONE',#1015) ;
#14198 = SURFACE_STYLE_FILL_AREA(#11669) ;
#14199=CARTESIAN_POINT('NONE',(-2.329491787908,3.299999999999,0.630155740645));
#14200 = EDGE_CURVE('NONE',#9274,#10470,#2119,.T.) ;
#14201 = CYLINDRICAL_SURFACE('NONE',#4541,3.150000000000) ;
#14202=CARTESIAN_POINT('NONE',(-2.207526211562,3.299999999999,0.933785088579));
#14203 =(GEOMETRIC_REPRESENTATION_CONTEXT(3) GLOBAL_UNCERTAINTY_ASSIGNED_CONTEXT((#10440)) GLOBAL_UNIT_ASSIGNED_CONTEXT((#2102,#3134,#14551)) REPRESENTATION_CONTEXT('NONE','WORKASPACE'));
#14204=CARTESIAN_POINT('NONE',(-2.487259802667,3.299999999999,0.637708592696));
#14205 = ORIENTED_EDGE('NONE',*,*,#3918,.F.) ;
#14206 = PRESENTATION_LAYER_ASSIGNMENT('','',(#13055)) ;
#14207=CARTESIAN_POINT('NONE',(-2.79108071915,3.299999999999,0.711915528186));
#14208 = FILL_AREA_STYLE_COLOUR('',#8611) ;
#14209 = UNCERTAINTY_MEASURE_WITH_UNIT(LENGTH_MEASURE(1.000000000000E-05),#12591,'distance_accuracy_value','NONE');
#14210=CARTESIAN_POINT('NONE',(-2.483112157816,3.299999999999,0.637862783361));
#14211 = LINE('NONE',#10653,#9138) ;
#14212 = ORIENTED_EDGE('NONE',*,*,#7566,.T.) ;
#14213 = VECTOR('NONE',#12456,1000.) ;
#14214 = LINE('NONE',#9701,#12269) ;
#14215 = SURFACE_STYLE_USAGE(.BOTH.,#8673) ;
#14216 = PRESENTATION_LAYER_ASSIGNMENT('','',(#4133)) ;
#14217 = ADVANCED_FACE('NONE',(#11971),#9691,.F.) ;
#14218 =(NAMED_UNIT(*) PLANE_ANGLE_UNIT() SI_UNIT($,.RADIAN.));
#14219=CARTESIAN_POINT('NONE',(1.799999999999,-3.299999999999,1.5));
#14220 = UNCERTAINTY_MEASURE_WITH_UNIT(LENGTH_MEASURE(1.000000000000E-05),#12947,'distance_accuracy_value','NONE');
#14221 = FILL_AREA_STYLE('',(#6504)) ;
#14222 = ORIENTED_EDGE('NONE',*,*,#2321,.T.) ;
#14223 = VECTOR('NONE',#8952,1000.) ;
#14224 = SURFACE_STYLE_FILL_AREA(#7343) ;
#14225=CARTESIAN_POINT('NONE',(-2.435309494684,3.301,0.64026058936));
#14226 = VERTEX_POINT('NONE',#1887) ;
#14227 = ORIENTED_EDGE('NONE',*,*,#4021,.F.) ;
#14228 =(LENGTH_UNIT() NAMED_UNIT(*) SI_UNIT(.MILLI.,.METRE.));
#14229=CARTESIAN_POINT('NONE',(-2.222511383839,3.301,0.825562061135));
#14230 = ORIENTED_EDGE('NONE',*,*,#13908,.T.) ;
#14231=CARTESIAN_POINT('NONE',(-2.631900203605,3.301,0.615159221173));
#14232=CARTESIAN_POINT('NONE',(0.999999999999,3.039736830714,0.5));
#14233 =(GEOMETRIC_REPRESENTATION_CONTEXT(3) GLOBAL_UNCERTAINTY_ASSIGNED_CONTEXT((#6891)) GLOBAL_UNIT_ASSIGNED_CONTEXT((#7091,#12599,#12819)) REPRESENTATION_CONTEXT('NONE','WORKASPACE'));
#14234=CARTESIAN_POINT('NONE',(-2.454718845175,3.299999999999,0.588466458886));
#14235 = ORIENTED_EDGE('NONE',*,*,#2325,.T.) ;
#14236 = FILL_AREA_STYLE('',(#6380)) ;
#14237=CARTESIAN_POINT('NONE',(-2.415737983181,3.299999999999,0.6471995853));
#14238 = VERTEX_POINT('NONE',#3000) ;
#14239 =(NAMED_UNIT(*) PLANE_ANGLE_UNIT() SI_UNIT($,.RADIAN.));
#14240 = MECHANICAL_DESIGN_GEOMETRIC_PRESENTATION_REPRESENTATION('',(#9593),#6505) ;
#14241 = FILL_AREA_STYLE_COLOUR('',#11674) ;
#14242 = VECTOR('NONE',#12968,1000.) ;
#14243 = COLOUR_RGB('',0.647058823529,0.619607843137,0.588235294117) ;
#14244 = SURFACE_STYLE_FILL_AREA(#704) ;
#14245 = LINE('NONE',#9056,#14121) ;
#14246=CARTESIAN_POINT('NONE',(-2.793511923081,3.299999999999,0.720445310248));
#14247 = EDGE_CURVE('NONE',#10942,#2155,#12032,.T.) ;
#14248=CARTESIAN_POINT('NONE',(-1.628709739177,3.301,0.695598206233));
#14249 = COLOUR_RGB('',0.647058823529,0.619607843137,0.588235294117) ;
#14250 = PRESENTATION_LAYER_ASSIGNMENT('','',(#14263)) ;
#14251 = ORIENTED_EDGE('NONE',*,*,#9359,.T.) ;
#14252=CARTESIAN_POINT('NONE',(-2.356125080498,3.299999999999,0.695286082899));
#14253 = PRESENTATION_STYLE_ASSIGNMENT((#1804)) ;
#14254=DIRECTION('NONE',(0.,-1.,0.));
#14255 = SURFACE_STYLE_FILL_AREA(#9751) ;
#14256=DIRECTION('NONE',(1.,0.,0.));
#14257=CARTESIAN_POINT('NONE',(-2.696374443533,3.301,0.80828894439));
#14258 = VERTEX_POINT('NONE',#809) ;
#14259 = VERTEX_POINT('NONE',#13528) ;
#14260 = SURFACE_STYLE_USAGE(.BOTH.,#9827) ;
#14261 = SURFACE_SIDE_STYLE('',(#2147)) ;
#14262 =(GEOMETRIC_REPRESENTATION_CONTEXT(3) GLOBAL_UNCERTAINTY_ASSIGNED_CONTEXT((#9981)) GLOBAL_UNIT_ASSIGNED_CONTEXT((#8670,#6702,#8740)) REPRESENTATION_CONTEXT('NONE','WORKASPACE'));
#14263 = STYLED_ITEM('NONE',(#9835),#4378) ;
#14264 = EDGE_CURVE('NONE',#10161,#11913,#10290,.T.) ;
#14265=CARTESIAN_POINT('NONE',(-2.376881886215,3.299999999999,0.688338680428));
#14266 = SURFACE_STYLE_USAGE(.BOTH.,#9975) ;
#14267 = EDGE_CURVE('NONE',#10782,#9274,#1156,.T.) ;
#14268 =(NAMED_UNIT(*) SI_UNIT($,.STERADIAN.) SOLID_ANGLE_UNIT());
#14269 = ORIENTED_EDGE('NONE',*,*,#14785,.T.) ;
#14270 = FILL_AREA_STYLE_COLOUR('',#5841) ;
#14271 = ORIENTED_EDGE('NONE',*,*,#666,.F.) ;
#14272 = MECHANICAL_DESIGN_GEOMETRIC_PRESENTATION_REPRESENTATION('',(#1866),#1632) ;
#14273 = SURFACE_SIDE_STYLE('',(#5590)) ;
#14274=DIRECTION('NONE',(-0.007092178509,0.,0.999974850185));
#14275 = EDGE_CURVE('NONE',#2086,#3898,#13393,.T.) ;
#14276 =(LENGTH_UNIT() NAMED_UNIT(*) SI_UNIT(.MILLI.,.METRE.));
#14277 = FILL_AREA_STYLE('',(#1958)) ;
#14278 = ORIENTED_EDGE('NONE',*,*,#4554,.F.) ;
#14279 = EDGE_CURVE('NONE',#3608,#12674,#7971,.T.) ;
#14280=CARTESIAN_POINT('NONE',(-1.739678746919,3.301,0.683532147807));
#14281 = SURFACE_SIDE_STYLE('',(#4497)) ;
#14282=CARTESIAN_POINT('NONE',(-2.435252861222,3.299999999999,0.632275449393));
#14283 =(NAMED_UNIT(*) SI_UNIT($,.STERADIAN.) SOLID_ANGLE_UNIT());
#14284 = VERTEX_POINT('NONE',#12368) ;
#14285 = B_SPLINE_CURVE_WITH_KNOTS('NONE',3,(#12482,#8846,#6596,#2199),.UNSPECIFIED.,.F.,.F.,(4,4),(6.000000000000,7.000000000000),.UNSPECIFIED.) ;
#14286 = MECHANICAL_DESIGN_GEOMETRIC_PRESENTATION_REPRESENTATION('',(#7754),#8940) ;
#14287 =(NAMED_UNIT(*) PLANE_ANGLE_UNIT() SI_UNIT($,.RADIAN.));
#14288 = B_SPLINE_CURVE_WITH_KNOTS('NONE',3,(#14204,#13258,#1823,#1954),.UNSPECIFIED.,.F.,.F.,(4,4),(12.000000000000,13.000000000000),.UNSPECIFIED.) ;
#14289 = EDGE_CURVE('NONE',#676,#4114,#3291,.T.) ;
#14290 = SURFACE_STYLE_USAGE(.BOTH.,#10816) ;
#14291 = ORIENTED_EDGE('NONE',*,*,#11013,.T.) ;
#14292=DIRECTION('NONE',(-0.007092178509,0.,0.999974850185));
#14293 = ORIENTED_EDGE('NONE',*,*,#10713,.F.) ;
#14294 = CYLINDRICAL_SURFACE('NONE',#2930,0.400000000000) ;
#14295=CARTESIAN_POINT('NONE',(-2.451911569405,3.299999999999,0.588486369088));
#14296 = ORIENTED_EDGE('NONE',*,*,#6850,.F.) ;
#14297=DIRECTION('NONE',(-0.007092178509,0.,0.999974850185));
#14298 =(NAMED_UNIT(*) SI_UNIT($,.STERADIAN.) SOLID_ANGLE_UNIT());
#14299 =(GEOMETRIC_REPRESENTATION_CONTEXT(3) GLOBAL_UNCERTAINTY_ASSIGNED_CONTEXT((#11677)) GLOBAL_UNIT_ASSIGNED_CONTEXT((#9309,#410,#9228)) REPRESENTATION_CONTEXT('NONE','WORKASPACE'));
#14300=CARTESIAN_POINT('NONE',(-2.301191838953,3.299999999999,0.637905286307));
#14301 = FACE_OUTER_BOUND('NONE',#2104,.T.) ;
#14302 = PRESENTATION_LAYER_ASSIGNMENT('','',(#3519)) ;
#14303 = ORIENTED_EDGE('NONE',*,*,#13566,.F.) ;
#14304=DIRECTION('NONE',(0.007092178509,0.,-0.999974850185));
#14305=CARTESIAN_POINT('NONE',(-1.783266525769,3.299999999999,0.957389070697));
#14306 = ADVANCED_FACE('NONE',(#4420),#9183,.F.) ;
#14307=CARTESIAN_POINT('NONE',(-2.419633215794,3.301,0.642243382445));
#14308 = VERTEX_POINT('NONE',#2362) ;
#14309=DIRECTION('NONE',(1.314184451497000E-16,-1.,0.));
#14310 = PLANE('NONE',#6039) ;
#14311=CARTESIAN_POINT('NONE',(-2.025060207463,3.299999999999,0.67456721428));
#14312 = B_SPLINE_CURVE_WITH_KNOTS('NONE',3,(#6875,#4727,#2469,#3567),.UNSPECIFIED.,.F.,.F.,(4,4),(26.000000000000,27.000000000000),.UNSPECIFIED.) ;
#14313 = UNCERTAINTY_MEASURE_WITH_UNIT(LENGTH_MEASURE(1.000000000000E-05),#13596,'distance_accuracy_value','NONE');
#14314=AXIS2_PLACEMENT_3D('NONE',#2965,#5127,#14026);
#14315=DIRECTION('NONE',(0.999974850185,0.,0.007092178509));
#14316 = COLOUR_RGB('',0.647058823529,0.619607843137,0.588235294117) ;
#14317 = COLOUR_RGB('',1.,1.,1.) ;
#14318=CARTESIAN_POINT('NONE',(-2.376415768361,3.301,0.635812095253));
#14319 = ORIENTED_EDGE('NONE',*,*,#6802,.F.) ;
#14320 = LINE('NONE',#995,#765) ;
#14321 = SURFACE_SIDE_STYLE('',(#12689)) ;
#14322=CARTESIAN_POINT('NONE',(-2.484932793369,3.299999999999,0.630675360704));
#14323 = ORIENTED_EDGE('NONE',*,*,#12048,.T.) ;
#14324 = VERTEX_POINT('NONE',#14415) ;
#14325 =(LENGTH_UNIT() NAMED_UNIT(*) SI_UNIT(.MILLI.,.METRE.));
#14326=DIRECTION('NONE',(-0.991989216912,0.,0.126322577276));
#14327 = EDGE_CURVE('NONE',#8501,#4233,#14695,.T.) ;
#14328=AXIS2_PLACEMENT_3D('NONE',#1760,#1695,#6363);
#14329 =(LENGTH_UNIT() NAMED_UNIT(*) SI_UNIT(.MILLI.,.METRE.));
#14330 = MECHANICAL_DESIGN_GEOMETRIC_PRESENTATION_REPRESENTATION('',(#9908),#12718) ;
#14331=CARTESIAN_POINT('NONE',(-2.340537503566,3.301,0.652599123372));
#14332 = EDGE_CURVE('NONE',#8569,#7427,#3409,.T.) ;
#14333=CARTESIAN_POINT('NONE',(-2.715124325989,3.299999999999,0.676706461821));
#14334=CARTESIAN_POINT('NONE',(-2.323922807215,3.299999999999,0.627824530171));
#14335 =(NAMED_UNIT(*) PLANE_ANGLE_UNIT() SI_UNIT($,.RADIAN.));
#14336 = FILL_AREA_STYLE_COLOUR('',#6046) ;
#14337 = ORIENTED_EDGE('NONE',*,*,#12942,.F.) ;
#14338 = VERTEX_POINT('NONE',#9152) ;
#14339=CARTESIAN_POINT('NONE',(-2.323922807215,3.299999999999,0.627824530171));
#14340 =(GEOMETRIC_REPRESENTATION_CONTEXT(3) GLOBAL_UNCERTAINTY_ASSIGNED_CONTEXT((#13140)) GLOBAL_UNIT_ASSIGNED_CONTEXT((#8330,#9501,#13949)) REPRESENTATION_CONTEXT('NONE','WORKASPACE'));
#14341 = COLOUR_RGB('',0.647058823529,0.619607843137,0.588235294117) ;
#14342 = ADVANCED_FACE('NONE',(#3545),#13329,.F.) ;
#14343=CARTESIAN_POINT('NONE',(-2.347103545,3.301,0.808707325799));
#14344 = UNCERTAINTY_MEASURE_WITH_UNIT(LENGTH_MEASURE(1.000000000000E-05),#10086,'distance_accuracy_value','NONE');
#14345 = B_SPLINE_SURFACE_WITH_KNOTS('NONE',3,1,((#2286,#11421),(#10322,#14762),(#1217,#8936),(#4694,#13382)),.UNSPECIFIED.,.F.,.F.,.F.,(4,4),(2,2),(10.,11.),(0.,1.),.UNSPECIFIED.) ;
#14346=CARTESIAN_POINT('NONE',(-2.312726897553,3.299999999999,0.694158976288));
#14347=DIRECTION('NONE',(0.,-1.,0.));
#14348 = EDGE_CURVE('NONE',#7481,#14338,#5344,.T.) ;
#14349 = ORIENTED_EDGE('NONE',*,*,#11518,.T.) ;
#14350=CARTESIAN_POINT('NONE',(-1.974765770617,3.299999999999,0.923061550359));
#14351=CARTESIAN_POINT('NONE',(-1.70546816098,3.299999999999,0.63085030015));
#14352=CARTESIAN_POINT('NONE',(-2.376303828783,3.301,0.620028967036));
#14353=DIRECTION('NONE',(0.007092178509,0.,-0.999974850185));
#14354 = MECHANICAL_DESIGN_GEOMETRIC_PRESENTATION_REPRESENTATION('',(#4965),#1714) ;
#14355 = LINE('NONE',#4289,#13456) ;
#14356 = FILL_AREA_STYLE('',(#4291)) ;
#14357 =(GEOMETRIC_REPRESENTATION_CONTEXT(3) GLOBAL_UNCERTAINTY_ASSIGNED_CONTEXT((#12036)) GLOBAL_UNIT_ASSIGNED_CONTEXT((#6822,#10222,#4605)) REPRESENTATION_CONTEXT('NONE','WORKASPACE'));
#14358 = ORIENTED_EDGE('NONE',*,*,#1719,.F.) ;
#14359 = EDGE_CURVE('NONE',#4154,#5372,#2835,.T.) ;
#14360=DIRECTION('NONE',(0.999974850185,0.,0.007092178509));
#14361=CARTESIAN_POINT('NONE',(-2.603099865801,3.301,0.684301167068));
#14362 = UNCERTAINTY_MEASURE_WITH_UNIT(LENGTH_MEASURE(1.000000000000E-05),#3753,'distance_accuracy_value','NONE');
#14363 = PLANE('NONE',#11765) ;
#14364 = ORIENTED_EDGE('NONE',*,*,#8819,.T.) ;
#14365 =(NAMED_UNIT(*) PLANE_ANGLE_UNIT() SI_UNIT($,.RADIAN.));
#14366 = ORIENTED_EDGE('NONE',*,*,#10799,.F.) ;
#14367 = FILL_AREA_STYLE('',(#6720)) ;
#14368 = FILL_AREA_STYLE('',(#2044)) ;
#14369 = ORIENTED_EDGE('NONE',*,*,#9866,.T.) ;
#14370=CARTESIAN_POINT('NONE',(-1.588586109549,3.299999999999,0.665516266492));
#14371 = PRESENTATION_LAYER_ASSIGNMENT('','',(#4490)) ;
#14372=CARTESIAN_POINT('NONE',(-1.588586109549,3.301,0.665516266492));
#14373=CARTESIAN_POINT('NONE',(-2.686072681374,3.301,0.736804068694));
#14374 = EDGE_CURVE('NONE',#9417,#10784,#7309,.T.) ;
#14375 = FILL_AREA_STYLE_COLOUR('',#9841) ;
#14376 = MECHANICAL_DESIGN_GEOMETRIC_PRESENTATION_REPRESENTATION('',(#14600),#8547) ;
#14377 = ORIENTED_EDGE('NONE',*,*,#14053,.T.) ;
#14378 = ORIENTED_EDGE('NONE',*,*,#9426,.F.) ;
#14379 = EDGE_CURVE('NONE',#493,#6213,#9527,.T.) ;
#14380 = VECTOR('NONE',#2895,1000.) ;
#14381=CARTESIAN_POINT('NONE',(-2.052164085223,3.299999999999,0.703873860767));
#14382 =(GEOMETRIC_REPRESENTATION_CONTEXT(3) GLOBAL_UNCERTAINTY_ASSIGNED_CONTEXT((#12905)) GLOBAL_UNIT_ASSIGNED_CONTEXT((#14228,#3020,#1845)) REPRESENTATION_CONTEXT('NONE','WORKASPACE'));
#14383=CARTESIAN_POINT('NONE',(-2.642075464357,3.299999999999,0.915106349196));
#14384=CARTESIAN_POINT('NONE',(-2.268905526831,3.301,0.725725682133));
#14385=DIRECTION('NONE',(-0.007092178509,0.,0.999974850185));
#14386 = FACE_OUTER_BOUND('NONE',#13307,.T.) ;
#14387=CARTESIAN_POINT('NONE',(-2.025060207463,3.301,0.67456721428));
#14388 =(NAMED_UNIT(*) SI_UNIT($,.STERADIAN.) SOLID_ANGLE_UNIT());
#14389 = ADVANCED_FACE('NONE',(#8274),#1328,.F.) ;
#14390=DIRECTION('NONE',(0.,0.,1.));
#14391=DIRECTION('NONE',(0.,0.,-1.));
#14392 = MECHANICAL_DESIGN_GEOMETRIC_PRESENTATION_REPRESENTATION('',(#4778),#13692) ;
#14393 = VECTOR('NONE',#4079,1000.) ;
#14394 = FACE_OUTER_BOUND('NONE',#728,.T.) ;
#14395 = VERTEX_POINT('NONE',#4862) ;
#14396 = VECTOR('NONE',#14855,1000.) ;
#14397 = FILL_AREA_STYLE_COLOUR('',#10701) ;
#14398=CARTESIAN_POINT('NONE',(-2.205287862451,3.301,0.618184908146));
#14399 = FILL_AREA_STYLE('',(#1210)) ;
#14400=CARTESIAN_POINT('NONE',(-2.340679529671,3.299999999999,0.672624357197));
#14401=AXIS2_PLACEMENT_3D('NONE',#9502,#7286,#9576);
#14402 = ORIENTED_EDGE('NONE',*,*,#2064,.T.) ;
#14403 = ORIENTED_EDGE('NONE',*,*,#9996,.T.) ;
#14404 = FILL_AREA_STYLE_COLOUR('',#2475) ;
#14405 = SURFACE_STYLE_USAGE(.BOTH.,#8720) ;
#14406 = ORIENTED_EDGE('NONE',*,*,#7888,.T.) ;
#14407=DIRECTION('NONE',(0.,0.,1.));
#14408 = VECTOR('NONE',#7301,1000.) ;
#14409 = MECHANICAL_DESIGN_GEOMETRIC_PRESENTATION_REPRESENTATION('',(#4104),#9293) ;
#14410=CARTESIAN_POINT('NONE',(-2.358545242699,3.301,0.825408292032));
#14411=CARTESIAN_POINT('NONE',(3.3,-1.799999999999,0.));
#14412=DIRECTION('NONE',(-0.007092178509,0.,0.999974850185));
#14413 =(GEOMETRIC_REPRESENTATION_CONTEXT(3) GLOBAL_UNCERTAINTY_ASSIGNED_CONTEXT((#1747)) GLOBAL_UNIT_ASSIGNED_CONTEXT((#8646,#8860,#12017)) REPRESENTATION_CONTEXT('NONE','WORKASPACE'));
#14414 = ORIENTED_EDGE('NONE',*,*,#4680,.T.) ;
#14415=CARTESIAN_POINT('NONE',(-2.399791817409,3.299999999999,0.655111061699));
#14416 = VERTEX_POINT('NONE',#12667) ;
#14417 = FILL_AREA_STYLE_COLOUR('',#11661) ;
#14418 =(NAMED_UNIT(*) PLANE_ANGLE_UNIT() SI_UNIT($,.RADIAN.));
#14419 = SURFACE_SIDE_STYLE('',(#9910)) ;
#14420 = EDGE_LOOP('NONE',(#3650,#11256,#7935,#12232)) ;
#14421 = LINE('NONE',#7701,#2753) ;
#14422=CARTESIAN_POINT('NONE',(-2.368206358308,3.301,0.929713296567));
#14423=CARTESIAN_POINT('NONE',(-2.339976708605,3.301,0.630705248285));
#14424 = CIRCLE('NONE',#8842,0.300000000000) ;
#14425=CARTESIAN_POINT('NONE',(-1.805792564245,3.301,0.708224100913));
#14426=AXIS2_PLACEMENT_3D('NONE',#4787,#12598,#1369);
#14427=AXIS2_PLACEMENT_3D('NONE',#4689,#2354,#5578);
#14428 = ADVANCED_FACE('NONE',(#12743),#7066,.F.) ;
#14429 = ADVANCED_FACE('NONE',(#2981),#1095,.F.) ;
#14430 = ORIENTED_EDGE('NONE',*,*,#4654,.T.) ;
#14431 = SURFACE_SIDE_STYLE('',(#4297)) ;
#14432 =(NAMED_UNIT(*) PLANE_ANGLE_UNIT() SI_UNIT($,.RADIAN.));
#14433 = ORIENTED_EDGE('NONE',*,*,#12796,.F.) ;
#14434 = VECTOR('NONE',#2951,1000.) ;
#14435=DIRECTION('NONE',(0.999974850185,0.,0.007092178509));
#14436 = ORIENTED_EDGE('NONE',*,*,#11446,.T.) ;
#14437=CARTESIAN_POINT('NONE',(-1.985225815397,3.299999999999,0.807594688155));
#14438 = SURFACE_STYLE_FILL_AREA(#14367) ;
#14439=CARTESIAN_POINT('NONE',(-2.451911569405,3.301,0.588486369088));
#14440 = ORIENTED_EDGE('NONE',*,*,#14818,.F.) ;
#14441 = LINE('NONE',#9297,#773) ;
#14442 = EDGE_CURVE('NONE',#3356,#1349,#8784,.T.) ;
#14443 = PLANE('NONE',#1945) ;
#14444=DIRECTION('NONE',(0.,0.,1.));
#14445 = STYLED_ITEM('NONE',(#7910),#577) ;
#14446 = VECTOR('NONE',#870,1000.) ;
#14447 = VERTEX_POINT('NONE',#10705) ;
#14448 = ADVANCED_FACE('NONE',(#13095),#11952,.F.) ;
#14449 =(LENGTH_UNIT() NAMED_UNIT(*) SI_UNIT(.MILLI.,.METRE.));
#14450 = ORIENTED_EDGE('NONE',*,*,#5610,.T.) ;
#14451=CARTESIAN_POINT('NONE',(-0.8,-0.4,0.299999999999));
#14452=DIRECTION('NONE',(0.007092178509,0.,-0.999974850185));
#14453 = PRESENTATION_STYLE_ASSIGNMENT((#5488)) ;
#14454=CARTESIAN_POINT('NONE',(-2.285654927297,3.299999999999,0.633149290197));
#14455 = FILL_AREA_STYLE_COLOUR('',#12249) ;
#14456 = EDGE_CURVE('NONE',#9108,#12475,#6542,.T.) ;
#14457=CARTESIAN_POINT('NONE',(-2.206153292548,3.301,0.740207828274));
#14458 = VECTOR('NONE',#12503,1000.) ;
#14459=CARTESIAN_POINT('NONE',(-3.899999999999,0.325,-0.05));
#14460 = VECTOR('NONE',#7386,1000.) ;
#14461 = EDGE_CURVE('NONE',#3481,#11377,#5706,.T.) ;
#14462=CARTESIAN_POINT('NONE',(3.15,3.857637417314000E-16,7.199999999999));
#14463=CARTESIAN_POINT('NONE',(-1.857594530533,3.299999999999,0.916951660111));
#14464 = PLANE('NONE',#12786) ;
#14465 =(GEOMETRIC_REPRESENTATION_CONTEXT(3) GLOBAL_UNCERTAINTY_ASSIGNED_CONTEXT((#2162)) GLOBAL_UNIT_ASSIGNED_CONTEXT((#8867,#10933,#10039)) REPRESENTATION_CONTEXT('NONE','WORKASPACE'));
#14466 = EDGE_LOOP('NONE',(#10854,#11959,#9239,#2404,#7834,#10482,#3110,#8284,#12549,#4794)) ;
#14467=AXIS2_PLACEMENT_3D('NONE',#10749,#4900,#12789);
#14468 = LINE('NONE',#13312,#1150) ;
#14469 = ORIENTED_EDGE('NONE',*,*,#2553,.F.) ;
#14470 = EDGE_CURVE('NONE',#9370,#11750,#1068,.T.) ;
#14471 = ORIENTED_EDGE('NONE',*,*,#4396,.T.) ;
#14472=CARTESIAN_POINT('NONE',(-1.607235836295,3.299999999999,0.72611700111));
#14473=CARTESIAN_POINT('NONE',(-2.340596791722,3.301,0.660958566776));
#14474=DIRECTION('NONE',(0.937011295673,0.,-0.349299057801));
#14475 = SURFACE_SIDE_STYLE('',(#14687)) ;
#14476 = COLOUR_RGB('',0.647058823529,0.619607843137,0.588235294117) ;
#14477 = STYLED_ITEM('NONE',(#14064),#10163) ;
#14478 = UNCERTAINTY_MEASURE_WITH_UNIT(LENGTH_MEASURE(1.000000000000E-05),#6259,'distance_accuracy_value','NONE');
#14479 = PRESENTATION_LAYER_ASSIGNMENT('','',(#6274)) ;
#14480=CARTESIAN_POINT('NONE',(2.,-2.,0.));
#14481 =(LENGTH_UNIT() NAMED_UNIT(*) SI_UNIT(.MILLI.,.METRE.));
#14482 = EDGE_LOOP('NONE',(#2361,#13763,#5465,#11109)) ;
#14483 = VECTOR('NONE',#3969,1000.) ;
#14484 = ORIENTED_EDGE('NONE',*,*,#8901,.T.) ;
#14485 = LINE('NONE',#3352,#6685) ;
#14486 = STYLED_ITEM('NONE',(#12762),#4235) ;
#14487 = UNCERTAINTY_MEASURE_WITH_UNIT(LENGTH_MEASURE(1.000000000000E-05),#9407,'distance_accuracy_value','NONE');
#14488 = ADVANCED_FACE('NONE',(#14394),#7811,.T.) ;
#14489 = B_SPLINE_CURVE_WITH_KNOTS('NONE',3,(#2582,#4922,#9443,#12660),.UNSPECIFIED.,.F.,.F.,(4,4),(4.000000000000,5.000000000000),.UNSPECIFIED.) ;
#14490 = SURFACE_SIDE_STYLE('',(#11212)) ;
#14491 = ORIENTED_EDGE('NONE',*,*,#6211,.F.) ;
#14492=CARTESIAN_POINT('NONE',(-2.021128493468,3.301,0.854191212864));
#14493=CARTESIAN_POINT('NONE',(-2.294529598992,3.299999999999,0.683744627587));
#14494 = VECTOR('NONE',#6670,1000.) ;
#14495 = LINE('NONE',#5528,#14609) ;
#14496=CARTESIAN_POINT('NONE',(-2.313166227056,3.301,0.615361023832));
#14497=CARTESIAN_POINT('NONE',(-1.,3.299999999999,1.5));
#14498 = UNCERTAINTY_MEASURE_WITH_UNIT(LENGTH_MEASURE(1.000000000000E-05),#12380,'distance_accuracy_value','NONE');
#14499 =(GEOMETRIC_REPRESENTATION_CONTEXT(3) GLOBAL_UNCERTAINTY_ASSIGNED_CONTEXT((#4215)) GLOBAL_UNIT_ASSIGNED_CONTEXT((#12437,#1364,#5514)) REPRESENTATION_CONTEXT('NONE','WORKASPACE'));
#14500 = VERTEX_POINT('NONE',#4331) ;
#14501=CARTESIAN_POINT('NONE',(-1.985225815397,3.301,0.807594688155));
#14502 = ORIENTED_EDGE('NONE',*,*,#7615,.F.) ;
#14503=CARTESIAN_POINT('NONE',(-2.640407025665,3.301,0.908567542738));
#14504=DIRECTION('NONE',(0.,0.,-1.));
#14505 = EDGE_LOOP('NONE',(#12948,#14433,#7659,#14369)) ;
#14506=DIRECTION('NONE',(-0.007092178509,0.,0.999974850185));
#14507 = ADVANCED_FACE('NONE',(#2277),#6938,.F.) ;
#14508 = SURFACE_STYLE_USAGE(.BOTH.,#1980) ;
#14509=DIRECTION('NONE',(0.,-1.,0.));
#14510 = SURFACE_SIDE_STYLE('',(#14662)) ;
#14511 = EDGE_LOOP('NONE',(#2989,#13749,#11122,#2284)) ;
#14512 =(NAMED_UNIT(*) PLANE_ANGLE_UNIT() SI_UNIT($,.RADIAN.));
#14513 = EDGE_LOOP('NONE',(#6794,#2686,#3766,#12134)) ;
#14514=CARTESIAN_POINT('NONE',(-2.667575853247,3.299999999999,0.7369352548));
#14515 = UNCERTAINTY_MEASURE_WITH_UNIT(LENGTH_MEASURE(1.000000000000E-05),#3569,'distance_accuracy_value','NONE');
#14516 = FILL_AREA_STYLE_COLOUR('',#5634) ;
#14517 = EDGE_CURVE('NONE',#5200,#11699,#6004,.T.) ;
#14518 = ORIENTED_EDGE('NONE',*,*,#7363,.T.) ;
#14519=DIRECTION('NONE',(-1.314184451497000E-16,1.,0.));
#14520=CARTESIAN_POINT('NONE',(-2.642075464357,3.299999999999,0.915106349196));
#14521=CARTESIAN_POINT('NONE',(-1.827069550709,3.301,0.649943044093));
#14522 = EDGE_CURVE('NONE',#7339,#14775,#2504,.T.) ;
#14523 = COLOUR_RGB('',0.647058823529,0.619607843137,0.588235294117) ;
#14524=CARTESIAN_POINT('NONE',(-2.302633968502,3.301,0.634526157833));
#14525 =(GEOMETRIC_REPRESENTATION_CONTEXT(3) GLOBAL_UNCERTAINTY_ASSIGNED_CONTEXT((#7337)) GLOBAL_UNIT_ASSIGNED_CONTEXT((#6212,#8533,#14151)) REPRESENTATION_CONTEXT('NONE','WORKASPACE'));
#14526=CARTESIAN_POINT('NONE',(3.899999999999,-0.325,-0.05));
#14527 = FACE_BOUND('NONE',#10848,.T.) ;
#14528=CARTESIAN_POINT('NONE',(-2.641701160922,3.299999999999,0.915109003889));
#14529 =(NAMED_UNIT(*) SI_UNIT($,.STERADIAN.) SOLID_ANGLE_UNIT());
#14530 = VECTOR('NONE',#11268,1000.) ;
#14531 = VERTEX_POINT('NONE',#8177) ;
#14532 = ADVANCED_FACE('NONE',(#7212),#3884,.F.) ;
#14533=DIRECTION('NONE',(1.,0.,0.));
#14534 = SURFACE_STYLE_USAGE(.BOTH.,#10162) ;
#14535 = ORIENTED_EDGE('NONE',*,*,#12931,.F.) ;
#14536 = SURFACE_STYLE_FILL_AREA(#2216) ;
#14537 = SURFACE_STYLE_USAGE(.BOTH.,#3610) ;
#14538=CARTESIAN_POINT('NONE',(3.3,-1.799999999999,0.));
#14539 = PRESENTATION_STYLE_ASSIGNMENT((#3613)) ;
#14540 = PRESENTATION_LAYER_ASSIGNMENT('','',(#13383)) ;
#14541 =(LENGTH_UNIT() NAMED_UNIT(*) SI_UNIT(.MILLI.,.METRE.));
#14542=CARTESIAN_POINT('NONE',(3.3,-1.,1.));
#14543 = COLOUR_RGB('',0.647058823529,0.619607843137,0.588235294117) ;
#14544 =(GEOMETRIC_REPRESENTATION_CONTEXT(3) GLOBAL_UNCERTAINTY_ASSIGNED_CONTEXT((#3926)) GLOBAL_UNIT_ASSIGNED_CONTEXT((#11498,#10457,#9509)) REPRESENTATION_CONTEXT('NONE','WORKASPACE'));
#14545=CARTESIAN_POINT('NONE',(1.799999999999,-3.299999999999,0.));
#14546 = ADVANCED_FACE('NONE',(#394),#5772,.F.) ;
#14547=CARTESIAN_POINT('NONE',(-2.367504634313,3.301,0.830772421658));
#14548 = EDGE_LOOP('NONE',(#1871,#4440,#14349,#14222)) ;
#14549 = FACE_OUTER_BOUND('NONE',#11912,.T.) ;
#14550 =(GEOMETRIC_REPRESENTATION_CONTEXT(3) GLOBAL_UNCERTAINTY_ASSIGNED_CONTEXT((#14863)) GLOBAL_UNIT_ASSIGNED_CONTEXT((#623,#4181,#6383)) REPRESENTATION_CONTEXT('NONE','WORKASPACE'));
#14551 =(NAMED_UNIT(*) SI_UNIT($,.STERADIAN.) SOLID_ANGLE_UNIT());
#14552 = STYLED_ITEM('NONE',(#7575),#11528) ;
#14553=CARTESIAN_POINT('NONE',(3.3,1.,1.));
#14554 =(NAMED_UNIT(*) PLANE_ANGLE_UNIT() SI_UNIT($,.RADIAN.));
#14555 = MECHANICAL_DESIGN_GEOMETRIC_PRESENTATION_REPRESENTATION('',(#5866),#6792) ;
#14556 = ORIENTED_EDGE('NONE',*,*,#1613,.T.) ;
#14557 =(LENGTH_UNIT() NAMED_UNIT(*) SI_UNIT(.MILLI.,.METRE.));
#14558=CARTESIAN_POINT('NONE',(-2.665467835281,3.301,0.628833458361));
#14559 = FILL_AREA_STYLE_COLOUR('',#9265) ;
#14560=CARTESIAN_POINT('NONE',(-2.446059870812,3.301,0.590274708655));
#14561 = ADVANCED_FACE('NONE',(#12578),#13601,.F.) ;
#14562 = PRESENTATION_LAYER_ASSIGNMENT('','',(#9456)) ;
#14563 = MECHANICAL_DESIGN_GEOMETRIC_PRESENTATION_REPRESENTATION('',(#4959),#2382) ;
#14564 = ORIENTED_EDGE('NONE',*,*,#13449,.T.) ;
#14565 = ORIENTED_EDGE('NONE',*,*,#13147,.F.) ;
#14566 = UNCERTAINTY_MEASURE_WITH_UNIT(LENGTH_MEASURE(1.000000000000E-05),#10087,'distance_accuracy_value','NONE');
#14567=CARTESIAN_POINT('NONE',(-2.514026286307,3.301,0.809582222598));
#14568=CARTESIAN_POINT('NONE',(-2.559462323557,3.301,0.684610660091));
#14569=CARTESIAN_POINT('NONE',(-2.443713413255,3.301,0.70364860952));
#14570=DIRECTION('NONE',(0.999974850185,0.,0.007092178509));
#14571 = VERTEX_POINT('NONE',#846) ;
#14572=CARTESIAN_POINT('NONE',(-5.799999999999,-0.4,0.));
#14573 = SURFACE_STYLE_USAGE(.BOTH.,#10128) ;
#14574=CARTESIAN_POINT('NONE',(-2.221138464825,3.301,0.63198480083));
#14575 = ORIENTED_EDGE('NONE',*,*,#6016,.T.) ;
#14576 =(NAMED_UNIT(*) SI_UNIT($,.STERADIAN.) SOLID_ANGLE_UNIT());
#14577 = COLOUR_RGB('',0.647058823529,0.619607843137,0.588235294117) ;
#14578 = STYLED_ITEM('NONE',(#13778),#1169) ;
#14579 = FILL_AREA_STYLE_COLOUR('',#9997) ;
#14580 = B_SPLINE_SURFACE_WITH_KNOTS('NONE',3,1,((#13844,#4088),(#7483,#10877),(#7269,#11762),(#13998,#11983)),.UNSPECIFIED.,.F.,.F.,.F.,(4,4),(2,2),(18.000000000000,19.000000000000),(0.,1.),.UNSPECIFIED.) ;
#14581 =(GEOMETRIC_REPRESENTATION_CONTEXT(3) GLOBAL_UNCERTAINTY_ASSIGNED_CONTEXT((#14344)) GLOBAL_UNIT_ASSIGNED_CONTEXT((#10086,#13506,#8990)) REPRESENTATION_CONTEXT('NONE','WORKASPACE'));
#14582 = FACE_OUTER_BOUND('NONE',#8399,.T.) ;
#14583 = ORIENTED_EDGE('NONE',*,*,#11652,.T.) ;
#14584=CARTESIAN_POINT('NONE',(-2.320177786709,3.301,0.65835835571));
#14585 = ORIENTED_EDGE('NONE',*,*,#11221,.T.) ;
#14586=AXIS2_PLACEMENT_3D('NONE',#2105,#12315,#5392);
#14587 = EDGE_CURVE('NONE',#10577,#4102,#5350,.T.) ;
#14588=DIRECTION('NONE',(-0.999974850185,0.,-0.007092178509));
#14589=DIRECTION('NONE',(0.,0.,1.));
#14590 = LINE('NONE',#11180,#10859) ;
#14591=CARTESIAN_POINT('NONE',(-2.106211892943,3.301,0.739930350746));
#14592 = VECTOR('NONE',#3307,1000.) ;
#14593 = FILL_AREA_STYLE('',(#10216)) ;
#14594 = LINE('NONE',#4528,#8855) ;
#14595=CARTESIAN_POINT('NONE',(-2.431566470072,3.301,0.701863148656));
#14596=DIRECTION('NONE',(0.,0.,1.));
#14597=CARTESIAN_POINT('NONE',(-2.527370231196,3.301,0.703055285512));
#14598 = FILL_AREA_STYLE_COLOUR('',#5196) ;
#14599 = VECTOR('NONE',#12236,1000.) ;
#14600 = STYLED_ITEM('NONE',(#8192),#1050) ;
#14601=CARTESIAN_POINT('NONE',(-1.920059611897,3.299999999999,0.916508635461));
#14602=CARTESIAN_POINT('NONE',(-2.541516646979,3.301,0.927384546498));
#14603 = EDGE_CURVE('NONE',#5856,#2018,#6151,.T.) ;
#14604 = VECTOR('NONE',#758,1000.) ;
#14605 = SURFACE_STYLE_FILL_AREA(#10157) ;
#14606 = ADVANCED_FACE('NONE',(#3032),#10685,.F.) ;
#14607 = EDGE_CURVE('NONE',#1888,#1365,#697,.T.) ;
#14608 = ORIENTED_EDGE('NONE',*,*,#6028,.F.) ;
#14609 = VECTOR('NONE',#2106,1000.) ;
#14610 = FACE_OUTER_BOUND('NONE',#9651,.T.) ;
#14611 =(NAMED_UNIT(*) PLANE_ANGLE_UNIT() SI_UNIT($,.RADIAN.));
#14612 = VERTEX_POINT('NONE',#2890) ;
#14613=CARTESIAN_POINT('NONE',(-2.294529598992,3.299999999999,0.683744627587));
#14614=CARTESIAN_POINT('NONE',(-1.607488114217,3.299999999999,0.761687394205));
#14615=DIRECTION('NONE',(-0.999974850185,0.,-0.007092178509));
#14616 = VECTOR('NONE',#8938,1000.) ;
#14617 = PRESENTATION_LAYER_ASSIGNMENT('','',(#4305)) ;
#14618 = SURFACE_STYLE_USAGE(.BOTH.,#1431) ;
#14619=CARTESIAN_POINT('NONE',(-2.514026286307,3.301,0.809582222598));
#14620 = FILL_AREA_STYLE('',(#1148)) ;
#14621 = SURFACE_STYLE_USAGE(.BOTH.,#12363) ;
#14622 =(GEOMETRIC_REPRESENTATION_CONTEXT(3) GLOBAL_UNCERTAINTY_ASSIGNED_CONTEXT((#11982)) GLOBAL_UNIT_ASSIGNED_CONTEXT((#14842,#9073,#13587)) REPRESENTATION_CONTEXT('NONE','WORKASPACE'));
#14623 = ADVANCED_FACE('NONE',(#11932),#1781,.T.) ;
#14624 = LINE('NONE',#11344,#9865) ;
#14625 = VERTEX_POINT('NONE',#6663) ;
#14626=CARTESIAN_POINT('NONE',(-2.358545242699,3.301,0.825408292032));
#14627 = ORIENTED_EDGE('NONE',*,*,#2718,.T.) ;
#14628 = SURFACE_SIDE_STYLE('',(#2297)) ;
#14629 = FILL_AREA_STYLE('',(#2365)) ;
#14630 = SURFACE_SIDE_STYLE('',(#11146)) ;
#14631 = STYLED_ITEM('NONE',(#6536),#13704) ;
#14632 =(GEOMETRIC_REPRESENTATION_CONTEXT(3) GLOBAL_UNCERTAINTY_ASSIGNED_CONTEXT((#5832)) GLOBAL_UNIT_ASSIGNED_CONTEXT((#1745,#14060,#7760)) REPRESENTATION_CONTEXT('NONE','WORKASPACE'));
#14633 = FACE_OUTER_BOUND('NONE',#7742,.T.) ;
#14634 = ORIENTED_EDGE('NONE',*,*,#11437,.T.) ;
#14635=CARTESIAN_POINT('NONE',(-2.793511923081,3.299999999999,0.720445310248));
#14636 = EDGE_CURVE('NONE',#12274,#6878,#6734,.T.) ;
#14637=CARTESIAN_POINT('NONE',(-2.292955209241,3.299999999999,0.870792151638));
#14638 = PRESENTATION_STYLE_ASSIGNMENT((#5663)) ;
#14639 =(LENGTH_UNIT() NAMED_UNIT(*) SI_UNIT(.MILLI.,.METRE.));
#14640 = PRESENTATION_STYLE_ASSIGNMENT((#12609)) ;
#14641 = B_SPLINE_CURVE_WITH_KNOTS('NONE',3,(#11163,#6577,#9032,#12197),.UNSPECIFIED.,.F.,.F.,(4,4),(1.,2.000000000000),.UNSPECIFIED.) ;
#14642=CARTESIAN_POINT('NONE',(-2.394193420129,3.301,0.688215900851));
#14643 = EDGE_CURVE('NONE',#5043,#7253,#13932,.T.) ;
#14644=CARTESIAN_POINT('NONE',(-2.407818103734,3.301,0.6520595583));
#14645 = VERTEX_POINT('NONE',#1124) ;
#14646 = FILL_AREA_STYLE('',(#11031)) ;
#14647 = UNCERTAINTY_MEASURE_WITH_UNIT(LENGTH_MEASURE(1.000000000000E-05),#1467,'distance_accuracy_value','NONE');
#14648 = SURFACE_STYLE_USAGE(.BOTH.,#8962) ;
#14649 = SURFACE_SIDE_STYLE('',(#6716)) ;
#14650 = VERTEX_POINT('NONE',#2058) ;
#14651 = FACE_OUTER_BOUND('NONE',#3396,.T.) ;
#14652=DIRECTION('NONE',(0.,0.,1.));
#14653 = B_SPLINE_CURVE_WITH_KNOTS('NONE',3,(#7836,#5524,#10255,#3626),.UNSPECIFIED.,.F.,.F.,(4,4),(1.,2.000000000000),.UNSPECIFIED.) ;
#14654=DIRECTION('NONE',(0.007092178509,0.,-0.999974850185));
#14655 = ORIENTED_EDGE('NONE',*,*,#2909,.F.) ;
#14656 = EDGE_CURVE('NONE',#1799,#4055,#4249,.T.) ;
#14657 = FILL_AREA_STYLE_COLOUR('',#615) ;
#14658 =(GEOMETRIC_REPRESENTATION_CONTEXT(3) GLOBAL_UNCERTAINTY_ASSIGNED_CONTEXT((#4048)) GLOBAL_UNIT_ASSIGNED_CONTEXT((#11196,#13315,#8932)) REPRESENTATION_CONTEXT('NONE','WORKASPACE'));
#14660=DIRECTION('NONE',(0.,0.,-1.));
#14659 = B_SPLINE_SURFACE_WITH_KNOTS('NONE',3,1,((#2690,#8441),(#6042,#10789),(#10563,#6108),(#7322,#578)),.UNSPECIFIED.,.F.,.F.,.F.,(4,4),(2,2),(3.000000000000,4.000000000000),(0.,1.),.UNSPECIFIED.) ;
#14661=CARTESIAN_POINT('NONE',(-2.408302837861,3.301,0.918324024192));
#14662 = SURFACE_STYLE_FILL_AREA(#4517) ;
#14663 = VERTEX_POINT('NONE',#14514) ;
#14664=DIRECTION('NONE',(0.,-1.,0.));
#14665 = VERTEX_POINT('NONE',#13217) ;
#14666 = STYLED_ITEM('NONE',(#496),#7905) ;
#14667=AXIS2_PLACEMENT_3D('NONE',#10375,#11481,#8089);
#14668 = UNCERTAINTY_MEASURE_WITH_UNIT(LENGTH_MEASURE(1.000000000000E-05),#520,'distance_accuracy_value','NONE');
#14669=DIRECTION('NONE',(0.999974850185,0.,0.00709217851));
#14670 = ORIENTED_EDGE('NONE',*,*,#9394,.F.) ;
#14671=DIRECTION('NONE',(-0.999974850185,0.,-0.007092178509));
#14672=DIRECTION('NONE',(0.007092178509,0.,-0.999974850185));
#14673=DIRECTION('NONE',(0.999974850185,0.,0.007092178509));
#14674=DIRECTION('NONE',(0.,-1.,0.));
#14675=AXIS2_PLACEMENT_3D('NONE',#12687,#7105,#9396);
#14676 = B_SPLINE_CURVE_WITH_KNOTS('NONE',3,(#4457,#8982,#7870,#12343),.UNSPECIFIED.,.F.,.F.,(4,4),(6.000000000000,7.000000000000),.UNSPECIFIED.) ;
#14677 = ORIENTED_EDGE('NONE',*,*,#3935,.T.) ;
#14678 = COLOUR_RGB('',0.250980392156,0.250980392156,0.250980392156) ;
#14679 = FILL_AREA_STYLE_COLOUR('',#3320) ;
#14680=DIRECTION('NONE',(0.,0.,1.));
#14681 = LINE('NONE',#13581,#11843) ;
#14682 = VECTOR('NONE',#11739,1000.) ;
#14683=DIRECTION('NONE',(0.,0.,1.));
#14684 = EDGE_LOOP('NONE',(#11355,#2194,#5674,#3345)) ;
#14685=DIRECTION('NONE',(0.,0.,-1.));
#14686 = SURFACE_SIDE_STYLE('',(#3404)) ;
#14687 = SURFACE_STYLE_FILL_AREA(#11199) ;
#14688 = EDGE_CURVE('NONE',#13816,#14075,#7812,.T.) ;
#14689 =(NAMED_UNIT(*) SI_UNIT($,.STERADIAN.) SOLID_ANGLE_UNIT());
#14690=CARTESIAN_POINT('NONE',(-2.282532235571,3.299999999999,0.90536611042));
#14691 = ORIENTED_EDGE('NONE',*,*,#13725,.F.) ;
#14692 = PRESENTATION_LAYER_ASSIGNMENT('','',(#3955)) ;
#14693 = VECTOR('NONE',#4300,1000.) ;
#14694 = ORIENTED_EDGE('NONE',*,*,#2401,.F.) ;
#14695 = LINE('NONE',#2225,#12436) ;
#14696 = VERTEX_POINT('NONE',#14451) ;
#14697 =(NAMED_UNIT(*) SI_UNIT($,.STERADIAN.) SOLID_ANGLE_UNIT());
#14698 = FACE_OUTER_BOUND('NONE',#6332,.T.) ;
#14699 = FILL_AREA_STYLE_COLOUR('',#7674) ;
#14700 = ORIENTED_EDGE('NONE',*,*,#13717,.T.) ;
#14701 = B_SPLINE_SURFACE_WITH_KNOTS('NONE',3,1,((#10746,#6576),(#7779,#12056),(#9785,#8682),(#14225,#6365)),.UNSPECIFIED.,.F.,.F.,.F.,(4,4),(2,2),(17.000000000000,18.000000000000),(0.,1.),.UNSPECIFIED.) ;
#14702 = FACE_OUTER_BOUND('NONE',#13166,.T.) ;
#14703 = EDGE_CURVE('NONE',#11166,#6845,#7656,.T.) ;
#14704=DIRECTION('NONE',(1.,1.668003342285000E-16,0.));
#14705 = VECTOR('NONE',#3419,1000.) ;
#14706 = ORIENTED_EDGE('NONE',*,*,#4408,.F.) ;
#14707 = COLOUR_RGB('',0.647058823529,0.619607843137,0.588235294117) ;
#14708 = SURFACE_STYLE_FILL_AREA(#5960) ;
#14709 = LINE('NONE',#13542,#9087) ;
#14710 = EDGE_CURVE('NONE',#12186,#4476,#13237,.T.) ;
#14711 = PRESENTATION_STYLE_ASSIGNMENT((#1455)) ;
#14712 = FILL_AREA_STYLE('',(#4639)) ;
#14713 = COLOUR_RGB('',0.647058823529,0.619607843137,0.588235294117) ;
#14714 = SURFACE_STYLE_FILL_AREA(#12454) ;
#14715 = ORIENTED_EDGE('NONE',*,*,#4075,.F.) ;
#14716 = MECHANICAL_DESIGN_GEOMETRIC_PRESENTATION_REPRESENTATION('',(#3938),#2539) ;
#14717 = EDGE_LOOP('NONE',(#3381,#13128,#8865,#1362)) ;
#14718 = VECTOR('NONE',#14673,1000.) ;
#14719=AXIS2_PLACEMENT_3D('NONE',#3028,#544,#4977);
#14720 = UNCERTAINTY_MEASURE_WITH_UNIT(LENGTH_MEASURE(1.000000000000E-05),#6059,'distance_accuracy_value','NONE');
#14721=CARTESIAN_POINT('NONE',(-2.368089551792,3.301,0.913243945384));
#14722 = FILL_AREA_STYLE_COLOUR('',#8665) ;
#14723 = EDGE_CURVE('NONE',#6204,#2145,#4453,.T.) ;
#14724 = ORIENTED_EDGE('NONE',*,*,#9169,.T.) ;
#14725=CARTESIAN_POINT('NONE',(-2.633920209044,3.301,0.930760950177));
#14726=CARTESIAN_POINT('NONE',(-2.31334520809,3.299999999999,0.706569612765));
#14727=AXIS2_PLACEMENT_3D('NONE',#14457,#14672,#4395);
#14728 = VERTEX_POINT('NONE',#4386) ;
#14729 = STYLED_ITEM('NONE',(#12251),#6168) ;
#14730 =(GEOMETRIC_REPRESENTATION_CONTEXT(3) GLOBAL_UNCERTAINTY_ASSIGNED_CONTEXT((#3353)) GLOBAL_UNIT_ASSIGNED_CONTEXT((#11873,#12150,#13033)) REPRESENTATION_CONTEXT('NONE','WORKASPACE'));
#14731 =(LENGTH_UNIT() NAMED_UNIT(*) SI_UNIT(.MILLI.,.METRE.));
#14732 = PRESENTATION_STYLE_ASSIGNMENT((#3500)) ;
#14733 = ORIENTED_EDGE('NONE',*,*,#4458,.T.) ;
#14734=CARTESIAN_POINT('NONE',(-1.918250594675,3.301,0.661442900351));
#14735 = ORIENTED_EDGE('NONE',*,*,#1448,.F.) ;
#14736 = EDGE_CURVE('NONE',#13996,#14132,#11306,.T.) ;
#14737=CARTESIAN_POINT('NONE',(-2.345691263348,3.299999999999,0.706340202998));
#14738 =(NAMED_UNIT(*) SI_UNIT($,.STERADIAN.) SOLID_ANGLE_UNIT());
#14739 = LINE('NONE',#9414,#13144) ;
#14740 = ORIENTED_EDGE('NONE',*,*,#5620,.F.) ;
#14741 = ORIENTED_EDGE('NONE',*,*,#11547,.F.) ;
#14742 = FACE_OUTER_BOUND('NONE',#3740,.T.) ;
#14743=DIRECTION('NONE',(0.,-1.,0.));
#14744=CARTESIAN_POINT('NONE',(-2.052416363145,3.299999999999,0.739444253862));
#14745=DIRECTION('NONE',(-1.284980352575000E-16,1.,0.));
#14746=CARTESIAN_POINT('NONE',(-2.301221483031,3.301,0.642085008008));
#14747 = FILL_AREA_STYLE('',(#9286)) ;
#14748 = LINE('NONE',#14526,#1080) ;
#14749=CARTESIAN_POINT('NONE',(-2.292955209241,3.301,0.870792151638));
#14750=CARTESIAN_POINT('NONE',(-2.455402686888,3.301,0.917989975253));
#14751 = FACE_OUTER_BOUND('NONE',#12331,.T.) ;
#14752 = EDGE_CURVE('NONE',#2918,#11663,#11321,.T.) ;
#14753=CARTESIAN_POINT('NONE',(-3.299999999999,3.299999999999,1.5));
#14754 = ORIENTED_EDGE('NONE',*,*,#8016,.T.) ;
#14755 = EDGE_LOOP('NONE',(#1626,#5347,#6480,#3365)) ;
#14756=CARTESIAN_POINT('NONE',(-2.793511923081,3.301,0.720445310248));
#14757 = B_SPLINE_CURVE_WITH_KNOTS('NONE',3,(#11958,#7676,#10853,#14400),.UNSPECIFIED.,.F.,.F.,(4,4),(11.,12.000000000000),.UNSPECIFIED.) ;
#14758=CARTESIAN_POINT('NONE',(-2.323176201807,3.299999999999,0.694084866093));
#14759 =(NAMED_UNIT(*) PLANE_ANGLE_UNIT() SI_UNIT($,.RADIAN.));
#14760=CARTESIAN_POINT('NONE',(-2.574339592601,3.299999999999,0.904232314163));
#14761=DIRECTION('NONE',(-0.999974850185,0.,-0.007092178509));
#14762=CARTESIAN_POINT('NONE',(-1.787413567045,3.299999999999,0.563462886214));
#14763=DIRECTION('NONE',(0.707106781186,-0.707106781186,0.));
#14764 = UNCERTAINTY_MEASURE_WITH_UNIT(LENGTH_MEASURE(1.000000000000E-05),#1683,'distance_accuracy_value','NONE');
#14765=CARTESIAN_POINT('NONE',(-2.767385221977,3.301,0.647575381611));
#14766 = VERTEX_POINT('NONE',#5484) ;
#14767 =(GEOMETRIC_REPRESENTATION_CONTEXT(3) GLOBAL_UNCERTAINTY_ASSIGNED_CONTEXT((#4574)) GLOBAL_UNIT_ASSIGNED_CONTEXT((#9010,#3346,#11349)) REPRESENTATION_CONTEXT('NONE','WORKASPACE'));
#14768 = EDGE_LOOP('NONE',(#9436,#12927,#8002,#522)) ;
#14769 = MECHANICAL_DESIGN_GEOMETRIC_PRESENTATION_REPRESENTATION('',(#2589),#3990) ;
#14770 = VERTEX_POINT('NONE',#11111) ;
#14771=CARTESIAN_POINT('NONE',(-2.206660781465,3.299999999999,0.811762168451));
#14772=CARTESIAN_POINT('NONE',(-2.541666341489,3.301,0.827540819267));
#14773 = EDGE_CURVE('NONE',#9209,#13415,#5618,.T.) ;
#14774 = SURFACE_STYLE_USAGE(.BOTH.,#10330) ;
#14775 = VERTEX_POINT('NONE',#10017) ;
#14776 = FILL_AREA_STYLE_COLOUR('',#8437) ;
#14777=DIRECTION('NONE',(-1.668003342285000E-16,1.,0.));
#14778 = ORIENTED_EDGE('NONE',*,*,#11962,.F.) ;
#14779 = VECTOR('NONE',#3328,1000.) ;
#14780 = VECTOR('NONE',#1091,1000.) ;
#14781 = PRESENTATION_STYLE_ASSIGNMENT((#5884)) ;
#14782 = LINE('NONE',#13468,#2276) ;
#14783=CARTESIAN_POINT('NONE',(-1.945231410163,3.299999999999,0.673398153735));
#14784 = SURFACE_STYLE_FILL_AREA(#10341) ;
#14785 = EDGE_CURVE('NONE',#7090,#3859,#12207,.T.) ;
#14786 = PRESENTATION_LAYER_ASSIGNMENT('','',(#12939)) ;
#14787 = VERTEX_POINT('NONE',#8976) ;
#14788 = FILL_AREA_STYLE_COLOUR('',#9555) ;
#14789 = VECTOR('NONE',#7422,1000.) ;
#14790 =(GEOMETRIC_REPRESENTATION_CONTEXT(3) GLOBAL_UNCERTAINTY_ASSIGNED_CONTEXT((#12285)) GLOBAL_UNIT_ASSIGNED_CONTEXT((#4989,#4849,#10536)) REPRESENTATION_CONTEXT('NONE','WORKASPACE'));
#14791 = ADVANCED_FACE('NONE',(#9049),#12699,.F.) ;
#14792 = LINE('NONE',#9250,#5308) ;
#14793 = UNCERTAINTY_MEASURE_WITH_UNIT(LENGTH_MEASURE(1.000000000000E-05),#6085,'distance_accuracy_value','NONE');
#14794=CARTESIAN_POINT('NONE',(1.,3.299999999999,1.5));
#14795 = PRESENTATION_STYLE_ASSIGNMENT((#10351)) ;
#14796 = VERTEX_POINT('NONE',#11472) ;
#14797 = SURFACE_STYLE_FILL_AREA(#10504) ;
#14798=DIRECTION('NONE',(0.,0.,1.));
#14799=DIRECTION('NONE',(0.,-1.,0.));
#14800 = EDGE_CURVE('NONE',#6020,#14259,#11388,.T.) ;
#14801 = LINE('NONE',#8231,#9487) ;
#14802 = ORIENTED_EDGE('NONE',*,*,#5321,.F.) ;
#14803=CARTESIAN_POINT('NONE',(-1.752747730884,3.299999999999,0.93591516678));
#14804 = FACE_OUTER_BOUND('NONE',#5131,.T.) ;
#14805=CARTESIAN_POINT('NONE',(-2.383907593094,3.301,0.662959711743));
#14806 = UNCERTAINTY_MEASURE_WITH_UNIT(LENGTH_MEASURE(1.000000000000E-05),#3795,'distance_accuracy_value','NONE');
#14807 = VECTOR('NONE',#12491,1000.) ;
#14808 = PRESENTATION_STYLE_ASSIGNMENT((#2561)) ;
#14809 = EDGE_LOOP('NONE',(#10672,#607,#2116,#8662)) ;
#14810 = FILL_AREA_STYLE_COLOUR('',#10053) ;
#14811 = ORIENTED_EDGE('NONE',*,*,#3592,.T.) ;
#14812=CARTESIAN_POINT('NONE',(-2.794169386866,3.301,0.716385489421));
#14813 = SURFACE_STYLE_USAGE(.BOTH.,#12715) ;
#14814=CARTESIAN_POINT('NONE',(-1.818923062534,3.299999999999,0.969282779324));
#14815 = FACE_BOUND('NONE',#1778,.T.) ;
#14816 = PRESENTATION_STYLE_ASSIGNMENT((#9132)) ;
#14817=CARTESIAN_POINT('NONE',(-2.021128493468,3.301,0.854191212864));
#14818 = EDGE_CURVE('NONE',#5740,#14665,#9269,.T.) ;
#14819 =(NAMED_UNIT(*) PLANE_ANGLE_UNIT() SI_UNIT($,.RADIAN.));
#14820=DIRECTION('NONE',(0.,-1.,0.));
#14821 =(GEOMETRIC_REPRESENTATION_CONTEXT(3) GLOBAL_UNCERTAINTY_ASSIGNED_CONTEXT((#13997)) GLOBAL_UNIT_ASSIGNED_CONTEXT((#14557,#7842,#4222)) REPRESENTATION_CONTEXT('NONE','WORKASPACE'));
#14822 = SURFACE_STYLE_FILL_AREA(#1499) ;
#14823 = MECHANICAL_DESIGN_GEOMETRIC_PRESENTATION_REPRESENTATION('',(#14578),#2173) ;
#14824=DIRECTION('NONE',(0.007092178509,0.,-0.999974850185));
#14825 = B_SPLINE_SURFACE_WITH_KNOTS('NONE',3,1,((#5199,#14237),(#13149,#9728),(#14307,#7512),(#6384,#7587)),.UNSPECIFIED.,.F.,.F.,.F.,(4,4),(2,2),(2.000000000000,3.000000000000),(0.,1.),.UNSPECIFIED.) ;
#14826 = SURFACE_STYLE_FILL_AREA(#10388) ;
#14827 = EDGE_LOOP('NONE',(#12852,#13788,#14740,#7242,#13702,#12742,#4896,#2988,#8366,#1338,#8875,#10711,#4486,#2642,#448)) ;
#14828=CARTESIAN_POINT('NONE',(-2.073527232118,3.299999999999,0.657738820371));
#14829 =(NAMED_UNIT(*) PLANE_ANGLE_UNIT() SI_UNIT($,.RADIAN.));
#14830=CARTESIAN_POINT('NONE',(-2.383907593094,3.299999999999,0.662959711743));
#14831 =(LENGTH_UNIT() NAMED_UNIT(*) SI_UNIT(.MILLI.,.METRE.));
#14832 = EDGE_LOOP('NONE',(#1105,#7795)) ;
#14833 = VECTOR('NONE',#9442,999.999999999999) ;
#14834 = PRESENTATION_LAYER_ASSIGNMENT('','',(#5671)) ;
#14835 = PLANE('NONE',#9431) ;
#14836=CARTESIAN_POINT('NONE',(-2.398100375549,3.299999999999,0.671718011713));
#14837=DIRECTION('NONE',(-0.999974850185,0.,-0.007092178509));
#14838=CARTESIAN_POINT('NONE',(3.3,-1.799999999999,1.));
#14839 = EDGE_CURVE('NONE',#12960,#3240,#10367,.T.) ;
#14840 = MECHANICAL_DESIGN_GEOMETRIC_PRESENTATION_REPRESENTATION('',(#13664),#9013) ;
#14841 = FACE_OUTER_BOUND('NONE',#13069,.T.) ;
#14842 =(LENGTH_UNIT() NAMED_UNIT(*) SI_UNIT(.MILLI.,.METRE.));
#14843 = ORIENTED_EDGE('NONE',*,*,#11144,.F.) ;
#14845 = ORIENTED_EDGE('NONE',*,*,#1032,.T.) ;
#14844 = VECTOR('NONE',#633,1000.) ;
#14846 = ORIENTED_EDGE('NONE',*,*,#11112,.T.) ;
#14847=CARTESIAN_POINT('NONE',(-2.40935956794,3.301,0.693473622903));
#14848 = ORIENTED_EDGE('NONE',*,*,#10719,.T.) ;
#14849 = MECHANICAL_DESIGN_GEOMETRIC_PRESENTATION_REPRESENTATION('',(#1062),#11142) ;
#14850 = VERTEX_POINT('NONE',#3651) ;
#14851 = LINE('NONE',#2370,#6725) ;
#14852 = ORIENTED_EDGE('NONE',*,*,#11832,.F.) ;
#14853 = FILL_AREA_STYLE('',(#1525)) ;
#14854=CARTESIAN_POINT('NONE',(-2.306035261891,3.301,0.90738296511));
#14855=DIRECTION('NONE',(0.,-1.,0.));
#14856 = VECTOR('NONE',#13890,1000.) ;
#14857 = B_SPLINE_CURVE_WITH_KNOTS('NONE',3,(#7258,#10728,#2932,#7546),.UNSPECIFIED.,.F.,.F.,(4,4),(6.000000000000,7.000000000000),.UNSPECIFIED.) ;
#14858 =(NAMED_UNIT(*) PLANE_ANGLE_UNIT() SI_UNIT($,.RADIAN.));
#14859 = ORIENTED_EDGE('NONE',*,*,#2325,.F.) ;
#14860 = SURFACE_STYLE_USAGE(.BOTH.,#8140) ;
#14861 = PRESENTATION_LAYER_ASSIGNMENT('','',(#9027)) ;
#14862 = STYLED_ITEM('NONE',(#3348),#7042) ;
#14863 = UNCERTAINTY_MEASURE_WITH_UNIT(LENGTH_MEASURE(1.000000000000E-05),#623,'distance_accuracy_value','NONE');
#14864 = SURFACE_STYLE_FILL_AREA(#11450) ;
#14865 = COLOUR_RGB('',0.647058823529,0.619607843137,0.588235294117) ;
#14866=CARTESIAN_POINT('NONE',(-3.899999999999,0.325,-0.05));
#14867=DIRECTION('NONE',(0.,0.,1.));
#14868=CARTESIAN_POINT('NONE',(-2.2710097805,3.301,0.811305782385));
#14869 = FACE_OUTER_BOUND('NONE',#7347,.T.) ;
#14870 = ORIENTED_EDGE('NONE',*,*,#3918,.T.) ;
#14871 = PRESENTATION_LAYER_ASSIGNMENT('','',(#11867)) ;
#14872 = FILL_AREA_STYLE_COLOUR('',#7722) ;
#14873=AXIS2_PLACEMENT_3D('NONE',#9530,#12817,#7235);
#14874=CARTESIAN_POINT('NONE',(-2.755420337475,3.299999999999,0.614283172301));
#14875 = ADVANCED_FACE('NONE',(#5758),#11297,.F.) ;
#14876=CARTESIAN_POINT('NONE',(-1.657056555041,3.299999999999,0.900154047115));
#14877=AXIS2_PLACEMENT_3D('',#14878,#14879,#14880);
#14878=CARTESIAN_POINT('',(0., 0., 0.));
#14879=DIRECTION('',(0.,0.,1.));
#14880=DIRECTION('',(1.,0.,0.));
#14881=SHAPE_DEFINITION_REPRESENTATION(#14882,#14888);
#14882=PRODUCT_DEFINITION_SHAPE('','',#14883);
#14883=PRODUCT_DEFINITION('design','',#14884,#14887);
#14884=PRODUCT_DEFINITION_FORMATION('','',#14885);
#14885=PRODUCT('C1~CAP-SMD_BD6.3-L6.6-W6.6-FD~CAP-SMD_BD6.3-L6.6-W6.6-FD~lJ5d','C1~CAP-SMD_BD6.3-L6.6-W6.6-FD~CAP-SMD_BD6.3-L6.6-W6.6-FD~lJ5d','',(#14886));
#14886=PRODUCT_CONTEXT('',#2,'mechanical');
#14887=PRODUCT_DEFINITION_CONTEXT('part definition',#2,'design');
#14888=SHAPE_REPRESENTATION('',(#14877,#14328),#13614);
#14889=AXIS2_PLACEMENT_3D('',#14890,#14891,#14892);
#14890=CARTESIAN_POINT('',(0.000000000000,-0.000254000508,1.650028244379));
#14891=DIRECTION('',(0.000000000000,0.000000000000,1.000000000000));
#14892=DIRECTION('',(-1.000000000000, 0.000000000000,0.000000000000));
#14893=CONTEXT_DEPENDENT_SHAPE_REPRESENTATION(#14894,#14896);
#14894=(REPRESENTATION_RELATIONSHIP('','',#14888,#10) REPRESENTATION_RELATIONSHIP_WITH_TRANSFORMATION(#14895) SHAPE_REPRESENTATION_RELATIONSHIP());
#14895=ITEM_DEFINED_TRANSFORMATION('', '', #14877, #14889);
#14896=PRODUCT_DEFINITION_SHAPE('Placement', 'Placement of an item', #14897);
#14897=NEXT_ASSEMBLY_USAGE_OCCURRENCE('C1','','',#5,#14883, $);
#14898=PRODUCT_RELATED_PRODUCT_CATEGORY('part',$,(#14885));
#14899=CONTEXT_DEPENDENT_SHAPE_REPRESENTATION(#14900,#14902);
#14900=(REPRESENTATION_RELATIONSHIP('','',#10827,#14888) REPRESENTATION_RELATIONSHIP_WITH_TRANSFORMATION(#14901) SHAPE_REPRESENTATION_RELATIONSHIP());
#14901=ITEM_DEFINED_TRANSFORMATION('','',#14877, #14328);
#14902=PRODUCT_DEFINITION_SHAPE('Placement','Placement of an item',#14903);
#14903=NEXT_ASSEMBLY_USAGE_OCCURRENCE('C1->0','','',#14883,#12717,$);

ENDSEC;
END-ISO-10303-21;