#VRML V2.0 utf8
# 3D model generated by easyeda2kicad.py (https://github.com/uPesy/easyeda2kicad.py)

Shape{
    appearance Appearance {
        material  Material 	{
            diffuseColor 0.14901960784313725 0.14901960784313725 0.14901960784313725
            specularColor 0.07450980392156863 0.07450980392156863 0.07450980392156863
            ambientIntensity 0.149
            transparency 0.0
            shininess 0.5
        }
    }
    geometry IndexedFaceSet {
        ccw TRUE
        solid FALSE
        coord DEF co Coordinate {
            point [
                1.1799 0.0491 0.1969, 1.1674 0.0498 0.1969, 1.0825 0.0879 0.1969, 1.0663 -0.1117 0.1969, 1.0663 0.0458 0.1969, 10.9803 0.2559 0.1969, 11.0 0.2559 0.1969, 11.0 0.0879 0.1969, 10.626 0.0879 0.1969, 10.626 0.126 0.1969, 10.8917 0.374 0.1969, 9.0 0.0879 0.1969, 9.0 0.2559 0.1969, 9.0197 0.2559 0.1969, 10.1083 0.374 0.1969, 10.374 0.126 0.1969, 10.0197 0.2559 0.1969, 10.374 0.0879 0.1969, 9.9803 0.2559 0.1969, 9.626 0.0879 0.1969, 9.8917 0.374 0.1969, 9.626 0.126 0.1969, 9.1083 0.374 0.1969, 9.374 0.126 0.1969, 9.374 0.0879 0.1969, 8.626 0.126 0.1969, 8.8917 0.374 0.1969, 8.9803 0.2559 0.1969, 8.0 0.0879 0.1969, 8.0 0.2559 0.1969, 8.0197 0.2559 0.1969, 8.626 0.0879 0.1969, 8.1083 0.374 0.1969, 8.374 0.126 0.1969, 8.374 0.0879 0.1969, 7.626 0.126 0.1969, 7.8917 0.374 0.1969, 7.9803 0.2559 0.1969, 7.0 0.0879 0.1969, 7.0 0.2559 0.1969, 7.0197 0.2559 0.1969, 7.626 0.0879 0.1969, 7.1083 0.374 0.1969, 7.374 0.126 0.1969, 7.374 0.0879 0.1969, 6.626 0.126 0.1969, 6.8917 0.374 0.1969, 6.9803 0.2559 0.1969, 6.0 0.0879 0.1969, 6.0 0.2559 0.1969, 6.0197 0.2559 0.1969, 6.626 0.0879 0.1969, 6.1083 0.374 0.1969, 6.374 0.126 0.1969, 6.374 0.0879 0.1969, 5.626 0.126 0.1969, 5.8917 0.374 0.1969, 5.9803 0.2559 0.1969, 5.0 0.0879 0.1969, 5.0 0.2559 0.1969, 5.0197 0.2559 0.1969, 5.626 0.0879 0.1969, 5.1083 0.374 0.1969, 5.374 0.126 0.1969, 5.374 0.0879 0.1969, 4.626 0.126 0.1969, 4.8917 0.374 0.1969, 4.9803 0.2559 0.1969, 4.0 0.0879 0.1969, 4.0 0.2559 0.1969, 4.0197 0.2559 0.1969, 4.626 0.0879 0.1969, 4.1083 0.374 0.1969, 4.374 0.126 0.1969, 4.374 0.0879 0.1969, 3.626 0.126 0.1969, 3.8917 0.374 0.1969, 3.9803 0.2559 0.1969, 3.626 0.0879 0.1969, 3.1083 0.374 0.1969, 3.374 0.126 0.1969, 3.0197 0.2559 0.1969, 3.374 0.0879 0.1969, 2.9803 0.2559 0.1969, 2.626 0.0879 0.1969, 2.8917 0.374 0.1969, 2.626 0.126 0.1969, 2.1083 0.374 0.1969, 2.374 0.126 0.1969, 2.0197 0.2559 0.1969, 2.374 0.0879 0.1969, 2.0 0.0879 0.1969, 2.0 0.2559 0.1969, 1.9803 0.2559 0.1969, 1.626 0.126 0.1969, 1.374 0.126 0.1969, 1.3595 0.374 0.1969, 1.626 0.0879 0.1969, 1.8917 0.374 0.1969, 1.374 0.0879 0.1969, 1.3595 0.0879 0.1969, 1.374 -0.126 0.1969, 11.0 -0.2559 0.1969, 10.9803 -0.2559 0.1969, 10.626 -0.126 0.1969, 10.8917 -0.374 0.1969, 10.374 -0.126 0.1969, 10.1083 -0.374 0.1969, 10.0197 -0.2559 0.1969, 9.9803 -0.2559 0.1969, 9.626 -0.126 0.1969, 9.8917 -0.374 0.1969, 9.374 -0.126 0.1969, 9.1083 -0.374 0.1969, 9.0197 -0.2559 0.1969, 9.0 -0.2559 0.1969, 8.9803 -0.2559 0.1969, 8.626 -0.126 0.1969, 8.8917 -0.374 0.1969, 8.374 -0.126 0.1969, 8.1083 -0.374 0.1969, 8.0197 -0.2559 0.1969, 8.0 -0.2559 0.1969, 7.9803 -0.2559 0.1969, 7.626 -0.126 0.1969, 7.8917 -0.374 0.1969, 7.374 -0.126 0.1969, 7.1083 -0.374 0.1969, 7.0197 -0.2559 0.1969, 7.0 -0.2559 0.1969, 6.9803 -0.2559 0.1969, 6.626 -0.126 0.1969, 6.8917 -0.374 0.1969, 6.374 -0.126 0.1969, 6.1083 -0.374 0.1969, 6.0197 -0.2559 0.1969, 6.0 -0.2559 0.1969, 5.9803 -0.2559 0.1969, 5.626 -0.126 0.1969, 5.8917 -0.374 0.1969, 5.374 -0.126 0.1969, 5.1083 -0.374 0.1969, 5.0197 -0.2559 0.1969, 5.0 -0.2559 0.1969, 4.9803 -0.2559 0.1969, 4.626 -0.126 0.1969, 4.8917 -0.374 0.1969, 4.374 -0.126 0.1969, 4.1083 -0.374 0.1969, 4.0197 -0.2559 0.1969, 4.0 -0.2559 0.1969, 3.9803 -0.2559 0.1969, 3.626 -0.126 0.1969, 3.8917 -0.374 0.1969, 3.374 -0.126 0.1969, 3.1083 -0.374 0.1969, 3.0197 -0.2559 0.1969, 2.9803 -0.2559 0.1969, 2.626 -0.126 0.1969, 2.8917 -0.374 0.1969, 2.374 -0.126 0.1969, 2.1083 -0.374 0.1969, 2.0197 -0.2559 0.1969, 2.0 -0.2559 0.1969, 1.9803 -0.2559 0.1969, 1.626 -0.126 0.1969, 1.8917 -0.374 0.1969, 1.3595 -0.374 0.1969, 0.626 0.0879 0.1969, 0.626 0.126 0.1969, 0.8099 0.374 0.1969, 0.0 0.0879 0.1969, 0.0 0.2559 0.1969, 0.0197 0.2559 0.1969, 0.1083 0.374 0.1969, 0.374 0.126 0.1969, 0.374 0.0879 0.1969, 0.6891 -0.0612 0.1969, 0.7605 -0.0612 0.1969, 0.7844 -0.1117 0.1969, 0.6504 -0.1117 0.1969, 0.626 -0.126 0.1969, 0.7231 0.0458 0.1969, 0.7251 0.0458 0.1969, 0.8099 0.0879 0.1969, 0.7998 -0.1117 0.1969, 0.8099 -0.374 0.1969, 0.6658 -0.1117 0.1969, -0.374 0.126 0.1969, -0.1083 0.374 0.1969, -0.0197 0.2559 0.1969, -1.0 0.0879 0.1969, -1.0 0.2559 0.1969, -0.9803 0.2559 0.1969, -0.374 0.0879 0.1969, -0.8917 0.374 0.1969, -0.626 0.126 0.1969, -0.626 0.0879 0.1969, -1.374 0.126 0.1969, -1.1083 0.374 0.1969, -1.0197 0.2559 0.1969, -2.0 0.0879 0.1969, -2.0 0.2559 0.1969, -1.9803 0.2559 0.1969, -1.374 0.0879 0.1969, -1.8917 0.374 0.1969, -1.626 0.126 0.1969, -1.626 0.0879 0.1969, -2.374 0.126 0.1969, -2.1083 0.374 0.1969, -2.0197 0.2559 0.1969, -3.0 0.0879 0.1969, -3.0 0.2559 0.1969, -2.9803 0.2559 0.1969, -2.374 0.0879 0.1969, -2.8917 0.374 0.1969, -2.626 0.126 0.1969, -2.626 0.0879 0.1969, -3.374 0.126 0.1969, -3.1083 0.374 0.1969, -3.0197 0.2559 0.1969, -4.0 0.0879 0.1969, -4.0 0.2559 0.1969, -3.9803 0.2559 0.1969, -3.374 0.0879 0.1969, -3.8917 0.374 0.1969, -3.626 0.126 0.1969, -3.626 0.0879 0.1969, -4.374 0.126 0.1969, -4.1083 0.374 0.1969, -4.0197 0.2559 0.1969, -5.0 0.0879 0.1969, -5.0 0.2559 0.1969, -4.9803 0.2559 0.1969, -4.374 0.0879 0.1969, -4.8917 0.374 0.1969, -4.626 0.126 0.1969, -4.626 0.0879 0.1969, -5.374 0.126 0.1969, -5.1083 0.374 0.1969, -5.0197 0.2559 0.1969, -5.374 0.0879 0.1969, -7.0 0.0879 0.1969, -7.0 0.2559 0.1969, -6.9803 0.2559 0.1969, -5.8917 0.374 0.1969, -5.626 0.126 0.1969, -5.9803 0.2559 0.1969, -5.626 0.0879 0.1969, -6.0197 0.2559 0.1969, -6.374 0.0879 0.1969, -6.1083 0.374 0.1969, -6.374 0.126 0.1969, -6.8917 0.374 0.1969, -6.626 0.126 0.1969, -6.626 0.0879 0.1969, -7.374 0.126 0.1969, -7.1083 0.374 0.1969, -7.0197 0.2559 0.1969, -8.0 0.0879 0.1969, -8.0 0.2559 0.1969, -7.9803 0.2559 0.1969, -7.374 0.0879 0.1969, -7.8917 0.374 0.1969, -7.626 0.126 0.1969, -7.626 0.0879 0.1969, -8.374 0.126 0.1969, -8.1083 0.374 0.1969, -8.0197 0.2559 0.1969, -9.0 0.0879 0.1969, -9.0 0.2559 0.1969, -8.9803 0.2559 0.1969, -8.374 0.0879 0.1969, -8.8917 0.374 0.1969, -8.626 0.126 0.1969, -8.626 0.0879 0.1969, -9.374 0.126 0.1969, -9.1083 0.374 0.1969, -9.0197 0.2559 0.1969, -10.0 0.0879 0.1969, -10.0 0.2559 0.1969, -9.9803 0.2559 0.1969, -9.374 0.0879 0.1969, -9.8917 0.374 0.1969, -9.626 0.126 0.1969, -9.626 0.0879 0.1969, -10.0197 0.2559 0.1969, -10.374 0.0879 0.1969, -10.374 0.126 0.1969, 0.374 -0.126 0.1969, 0.1083 -0.374 0.1969, 0.0197 -0.2559 0.1969, 0.0 -0.2559 0.1969, -0.0197 -0.2559 0.1969, -0.374 -0.126 0.1969, -0.1083 -0.374 0.1969, -0.626 -0.126 0.1969, -0.8917 -0.374 0.1969, -0.9803 -0.2559 0.1969, -1.0 -0.2559 0.1969, -1.0197 -0.2559 0.1969, -1.374 -0.126 0.1969, -1.1083 -0.374 0.1969, -1.626 -0.126 0.1969, -1.8917 -0.374 0.1969, -1.9803 -0.2559 0.1969, -2.0 -0.2559 0.1969, -2.0197 -0.2559 0.1969, -2.374 -0.126 0.1969, -2.1083 -0.374 0.1969, -2.626 -0.126 0.1969, -2.8917 -0.374 0.1969, -2.9803 -0.2559 0.1969, -3.0 -0.2559 0.1969, -3.0197 -0.2559 0.1969, -3.374 -0.126 0.1969, -3.1083 -0.374 0.1969, -3.626 -0.126 0.1969, -3.8917 -0.374 0.1969, -3.9803 -0.2559 0.1969, -4.0 -0.2559 0.1969, -4.0197 -0.2559 0.1969, -4.374 -0.126 0.1969, -4.1083 -0.374 0.1969, -4.626 -0.126 0.1969, -4.8917 -0.374 0.1969, -4.9803 -0.2559 0.1969, -5.0 -0.2559 0.1969, -5.0197 -0.2559 0.1969, -5.374 -0.126 0.1969, -5.1083 -0.374 0.1969, -5.626 -0.126 0.1969, -5.8917 -0.374 0.1969, -5.9803 -0.2559 0.1969, -6.0197 -0.2559 0.1969, -6.374 -0.126 0.1969, -6.1083 -0.374 0.1969, -6.626 -0.126 0.1969, -6.8917 -0.374 0.1969, -6.9803 -0.2559 0.1969, -7.0 -0.2559 0.1969, -7.0197 -0.2559 0.1969, -7.374 -0.126 0.1969, -7.1083 -0.374 0.1969, -7.626 -0.126 0.1969, -7.8917 -0.374 0.1969, -7.9803 -0.2559 0.1969, -8.0 -0.2559 0.1969, -8.0197 -0.2559 0.1969, -8.374 -0.126 0.1969, -8.1083 -0.374 0.1969, -8.626 -0.126 0.1969, -8.8917 -0.374 0.1969, -8.9803 -0.2559 0.1969, -9.0 -0.2559 0.1969, -9.0197 -0.2559 0.1969, -9.374 -0.126 0.1969, -9.1083 -0.374 0.1969, -9.626 -0.126 0.1969, -9.8917 -0.374 0.1969, -9.9803 -0.2559 0.1969, -10.0 -0.2559 0.1969, -10.0197 -0.2559 0.1969, -10.374 -0.126 0.1969, -10.1083 -0.374 0.1969, -10.626 -0.126 0.1969, -10.813 -0.374 0.1969, -10.626 0.0879 0.1969, -10.813 0.0879 0.1969, -10.626 0.126 0.1969, -10.813 0.374 0.1969, -10.1083 0.374 0.1969, 1.0522 0.0296 0.1969, 1.0522 -0.0188 0.1969, 0.9775 0.0296 0.1969, 0.9775 -0.0188 0.1969, 0.9775 0.0458 0.1969, 0.9634 0.0879 0.1969, 0.9634 -0.2785 0.1969, 0.9775 -0.035 0.1969, 1.0825 -0.3397 0.1969, 1.0197 -0.2559 0.1969, 0.9775 -0.1117 0.1969, 1.0522 -0.035 0.1969, 1.0522 -0.0955 0.1969, 0.9775 -0.0955 0.1969, 0.9803 -0.2559 0.1969, 1.0986 -0.0827 0.1969, 1.1125 -0.0973 0.1969, 1.2612 0.0879 0.1969, 1.2158 0.036 0.1969, 1.1992 0.0445 0.1969, 1.1444 0.0472 0.1969, 1.1301 0.0423 0.1969, 1.1129 0.0319 0.1969, 1.111 -0.0733 0.1969, 1.0986 0.0169 0.1969, 1.1033 0.0227 0.1969, 1.2376 -0.0257 0.1969, 1.238 -0.0331 0.1969, 1.1682 0.0337 0.1969, 1.2342 -0.0104 0.1969, 1.2106 -0.1057 0.1969, 1.2258 -0.0947 0.1969, 1.2612 -0.374 0.1969, 1.2321 -0.0882 0.1969, 1.2224 -0.0759 0.1969, 1.211 -0.0863 0.1969, 1.2495 -0.0105 0.1969, 1.2431 0.0062 0.1969, 1.2322 0.0217 0.1969, 1.111 0.0074 0.1969, 1.1236 0.0197 0.1969, 1.1197 -0.0821 0.1969, 1.1384 0.028 0.1969, 1.1337 -0.0917 0.1969, 1.1488 -0.0974 0.1969, 1.1869 0.0314 0.1969, 1.2029 0.0252 0.1969, 1.2359 -0.0505 0.1969, 1.2309 -0.0635 0.1969, 1.1454 0.0305 0.1969, 1.1627 0.0335 0.1969, 1.1798 -0.0987 0.1969, 1.1958 -0.0946 0.1969, 1.1083 -0.374 0.1969, 1.1672 -0.1157 0.1969, 1.1917 -0.1129 0.1969, 1.2436 -0.0709 0.1969, 1.2499 -0.0528 0.1969, 1.2521 -0.032 0.1969, 1.1673 -0.0996 0.1969, 1.2174 0.015 0.1969, 1.2272 0.0036 0.1969, 1.1289 -0.1075 0.1969, 1.1468 -0.1136 0.1969, 1.1593 -0.1154 0.1969, 1.0197 0.2559 0.1969, 1.0825 0.3397 0.1969, 0.9803 0.2559 0.1969, 0.8917 0.374 0.1969, 0.9634 0.2785 0.1969, -10.8917 0.374 0.1969, -10.9803 0.2559 0.1969, -11.0 0.2559 0.1969, -11.0 0.0879 0.1969, -11.0 -0.2559 0.1969, -10.9803 -0.2559 0.1969, -10.8917 -0.374 0.1969, 0.9174 0.0458 0.1969, 0.8922 0.0448 0.1969, 0.8675 0.0401 0.1969, 0.8515 0.0321 0.1969, 0.8284 -0.0735 0.1969, 0.8391 -0.0897 0.1969, 0.8509 -0.1001 0.1969, 0.8628 -0.1063 0.1969, 0.882 -0.1107 0.1969, 0.8917 -0.374 0.1969, 0.9004 -0.1117 0.1969, 0.9492 -0.1117 0.1969, 0.9492 0.0458 0.1969, 0.84 0.0221 0.1969, 0.83 0.0079 0.1969, 0.8234 -0.0086 0.1969, 0.8203 -0.0276 0.1969, 0.82 -0.0349 0.1969, 0.8222 -0.056 0.1969, 1.3308 0.0458 0.1969, 1.3308 -0.0955 0.1969, 1.2703 -0.0955 0.1969, 1.2703 -0.1117 0.1969, 1.345 0.0458 0.1969, 1.345 -0.1117 0.1969, 1.2612 0.374 0.1969, 1.1083 0.374 0.1969, 0.1083 0.374 0.0, 0.1969 0.4921 0.0, 0.8917 0.374 0.0, 0.8031 0.4921 0.0, 1.8031 0.4921 0.0, 1.8917 0.374 0.0, 1.1969 0.4921 0.0, 1.1083 0.374 0.0, -1.8917 0.374 0.0, -1.8031 0.4921 0.0, -1.1083 0.374 0.0, -1.1969 0.4921 0.0, -0.1969 0.4921 0.0, -0.1083 0.374 0.0, -0.8031 0.4921 0.0, -0.8917 0.374 0.0, 4.1083 0.374 0.0, 4.1969 0.4921 0.0, 4.8917 0.374 0.0, 4.8031 0.4921 0.0, 5.8031 0.4921 0.0, 5.8917 0.374 0.0, 5.1969 0.4921 0.0, 5.1083 0.374 0.0, 2.8031 0.4921 0.0, 2.8917 0.374 0.0, 2.1969 0.4921 0.0, 2.1083 0.374 0.0, 3.8031 0.4921 0.0, 3.8917 0.374 0.0, 3.1969 0.4921 0.0, 3.1083 0.374 0.0, -7.8917 0.374 0.0, -7.8031 0.4921 0.0, -7.1083 0.374 0.0, -7.1968 0.4921 0.0, -6.1969 0.4921 0.0, -6.1083 0.374 0.0, -6.8031 0.4921 0.0, -6.8917 0.374 0.0, -9.8917 0.374 0.0, -9.8031 0.4921 0.0, -9.1083 0.374 0.0, -9.1969 0.4921 0.0, -8.1969 0.4921 0.0, -8.1083 0.374 0.0, -8.8032 0.4921 0.0, -8.8917 0.374 0.0, -3.8917 0.374 0.0, -3.8031 0.4921 0.0, -3.1083 0.374 0.0, -3.1969 0.4921 0.0, -2.1969 0.4921 0.0, -2.1083 0.374 0.0, -2.8031 0.4921 0.0, -2.8917 0.374 0.0, -5.1969 0.4921 0.0, -5.1083 0.374 0.0, -5.8031 0.4921 0.0, -5.8917 0.374 0.0, -4.1969 0.4921 0.0, -4.1083 0.374 0.0, -4.8031 0.4921 0.0, -4.8917 0.374 0.0, 7.1083 0.374 0.0, 7.1968 0.4921 0.0, 7.8917 0.374 0.0, 7.8031 0.4921 0.0, 6.8031 0.4921 0.0, 6.8917 0.374 0.0, 6.1969 0.4921 0.0, 6.1083 0.374 0.0, 9.1083 0.374 0.0, 9.1969 0.4921 0.0, 9.8917 0.374 0.0, 9.8031 0.4921 0.0, 8.8032 0.4921 0.0, 8.8917 0.374 0.0, 8.1969 0.4921 0.0, 8.1083 0.374 0.0, 0.1969 -0.4921 0.0, 0.1083 -0.374 0.0, 0.8031 -0.4921 0.0, 0.8917 -0.374 0.0, 1.8917 -0.374 0.0, 1.8031 -0.4921 0.0, 1.1083 -0.374 0.0, 1.1969 -0.4921 0.0, -1.8031 -0.4921 0.0, -1.8917 -0.374 0.0, -1.1969 -0.4921 0.0, -1.1083 -0.374 0.0, -0.1083 -0.374 0.0, -0.1969 -0.4921 0.0, -0.8917 -0.374 0.0, -0.8031 -0.4921 0.0, 4.1969 -0.4921 0.0, 4.1083 -0.374 0.0, 4.8031 -0.4921 0.0, 4.8917 -0.374 0.0, 5.8917 -0.374 0.0, 5.8031 -0.4921 0.0, 5.1083 -0.374 0.0, 5.1969 -0.4921 0.0, 2.8917 -0.374 0.0, 2.8031 -0.4921 0.0, 2.1083 -0.374 0.0, 2.1969 -0.4921 0.0, 3.8917 -0.374 0.0, 3.8031 -0.4921 0.0, 3.1083 -0.374 0.0, 3.1969 -0.4921 0.0, -7.8031 -0.4921 0.0, -7.8917 -0.374 0.0, -7.1968 -0.4921 0.0, -7.1083 -0.374 0.0, -6.1083 -0.374 0.0, -6.1969 -0.4921 0.0, -6.8917 -0.374 0.0, -6.8031 -0.4921 0.0, -9.1083 -0.374 0.0, -9.1969 -0.4921 0.0, -9.8917 -0.374 0.0, -9.8031 -0.4921 0.0, -8.1083 -0.374 0.0, -8.1969 -0.4921 0.0, -8.8917 -0.374 0.0, -8.8032 -0.4921 0.0, -3.8031 -0.4921 0.0, -3.8917 -0.374 0.0, -3.1969 -0.4921 0.0, -3.1083 -0.374 0.0, -2.1083 -0.374 0.0, -2.1969 -0.4921 0.0, -2.8917 -0.374 0.0, -2.8031 -0.4921 0.0, -5.1083 -0.374 0.0, -5.1969 -0.4921 0.0, -5.8917 -0.374 0.0, -5.8031 -0.4921 0.0, -4.1083 -0.374 0.0, -4.1969 -0.4921 0.0, -4.8917 -0.374 0.0, -4.8031 -0.4921 0.0, 7.1968 -0.4921 0.0, 7.1083 -0.374 0.0, 7.8031 -0.4921 0.0, 7.8917 -0.374 0.0, 6.8917 -0.374 0.0, 6.8031 -0.4921 0.0, 6.1083 -0.374 0.0, 6.1969 -0.4921 0.0, 9.1969 -0.4921 0.0, 9.1083 -0.374 0.0, 9.8031 -0.4921 0.0, 9.8917 -0.374 0.0, 8.8917 -0.374 0.0, 8.8032 -0.4921 0.0, 8.1083 -0.374 0.0, 8.1969 -0.4921 0.0, 0.8031 -0.4921 0.9843, 0.1969 -0.4921 0.9843, 1.1969 -0.4921 0.9843, 1.8031 -0.4921 0.9843, -1.1969 -0.4921 0.9843, -1.8031 -0.4921 0.9843, -0.8031 -0.4921 0.9843, -0.1969 -0.4921 0.9843, 4.8031 -0.4921 0.9843, 4.1969 -0.4921 0.9843, 5.1969 -0.4921 0.9843, 5.8031 -0.4921 0.9843, 2.1969 -0.4921 0.9843, 2.8031 -0.4921 0.9843, 3.1969 -0.4921 0.9843, 3.8031 -0.4921 0.9843, -7.1968 -0.4921 0.9843, -7.8031 -0.4921 0.9843, -6.8031 -0.4921 0.9843, -6.1969 -0.4921 0.9843, -9.8031 -0.4921 0.9843, -9.1969 -0.4921 0.9843, -8.8032 -0.4921 0.9843, -8.1969 -0.4921 0.9843, -3.1969 -0.4921 0.9843, -3.8031 -0.4921 0.9843, -2.8031 -0.4921 0.9843, -2.1969 -0.4921 0.9843, -5.8031 -0.4921 0.9843, -5.1969 -0.4921 0.9843, -4.8031 -0.4921 0.9843, -4.1969 -0.4921 0.9843, 7.8031 -0.4921 0.9843, 7.1968 -0.4921 0.9843, 6.1969 -0.4921 0.9843, 6.8031 -0.4921 0.9843, 9.8031 -0.4921 0.9843, 9.1969 -0.4921 0.9843, 8.1969 -0.4921 0.9843, 8.8032 -0.4921 0.9843, 0.8031 0.4921 0.9843, 0.1969 0.4921 0.9843, 1.1969 0.4921 0.9843, 1.8031 0.4921 0.9843, -1.1969 0.4921 0.9843, -1.8031 0.4921 0.9843, -0.8031 0.4921 0.9843, -0.1969 0.4921 0.9843, 4.8031 0.4921 0.9843, 4.1969 0.4921 0.9843, 5.1969 0.4921 0.9843, 5.8031 0.4921 0.9843, 2.1969 0.4921 0.9843, 2.8031 0.4921 0.9843, 3.1969 0.4921 0.9843, 3.8031 0.4921 0.9843, -7.1968 0.4921 0.9843, -7.8031 0.4921 0.9843, -6.8031 0.4921 0.9843, -6.1969 0.4921 0.9843, -9.1969 0.4921 0.9843, -9.8031 0.4921 0.9843, -8.8032 0.4921 0.9843, -8.1969 0.4921 0.9843, -3.1969 0.4921 0.9843, -3.8031 0.4921 0.9843, -2.8031 0.4921 0.9843, -2.1969 0.4921 0.9843, -5.8031 0.4921 0.9843, -5.1969 0.4921 0.9843, -4.8031 0.4921 0.9843, -4.1969 0.4921 0.9843, 7.8031 0.4921 0.9843, 7.1968 0.4921 0.9843, 6.1969 0.4921 0.9843, 6.8031 0.4921 0.9843, 9.8031 0.4921 0.9843, 9.1969 0.4921 0.9843, 8.1969 0.4921 0.9843, 8.8032 0.4921 0.9843, -10.8031 0.4921 0.0, -10.1969 0.4921 0.0, -10.8917 0.374 0.0, -10.1083 0.374 0.0, 10.1083 0.374 0.0, 10.1969 0.4921 0.0, 10.8917 0.374 0.0, 10.8031 0.4921 0.0, 10.1969 -0.4921 0.0, 10.1083 -0.374 0.0, 10.8031 -0.4921 0.0, 10.8917 -0.374 0.0, -10.1969 0.4921 0.9843, -10.8031 0.4921 0.9843, 10.8031 -0.4921 0.9843, 10.1969 -0.4921 0.9843, 11.0 0.2559 0.9843, 11.0 -0.2559 0.9843, 10.8031 0.4921 0.9843, 10.1969 0.4921 0.9843, -11.0 -0.2559 0.9843, -11.0 0.2559 0.9843, -10.8031 -0.4921 0.0, -10.1969 -0.4921 0.0, -10.8031 -0.4921 0.9843, -10.1969 -0.4921 0.9843, 10.9803 0.2559 0.9843, 10.813 0.479 0.9843, 10.813 -0.3091 0.9843, 2.9803 0.2559 0.9843, 2.9803 -0.2559 0.9843, 0.9405 -0.3091 0.9843, 0.0595 -0.3091 0.9843, 0.626 0.126 0.9843, 1.0197 0.2559 0.9843, 0.9803 0.2559 0.9843, 0.374 0.126 0.9843, 1.374 0.126 0.9843, 1.626 0.126 0.9843, 1.626 -0.126 0.9843, 1.9405 -0.3091 0.9843, 1.9803 -0.2559 0.9843, 0.0197 -0.2559 0.9843, 0.374 -0.126 0.9843, 0.626 -0.126 0.9843, 0.9803 -0.2559 0.9843, 1.0197 -0.2559 0.9843, 1.374 -0.126 0.9843, 1.0595 -0.3091 0.9843, -0.374 0.126 0.9843, -0.374 -0.126 0.9843, -0.0595 -0.3091 0.9843, -0.626 0.126 0.9843, -0.9803 -0.2559 0.9843, -0.626 -0.126 0.9843, -0.9405 -0.3091 0.9843, 0.0197 0.2559 0.9843, 0.0 -0.2559 0.9843, 0.0 0.2559 0.9843, -0.0197 -0.2559 0.9843, -0.0197 0.2559 0.9843, -1.374 0.126 0.9843, -1.374 -0.126 0.9843, -1.0595 -0.3091 0.9843, -1.626 0.126 0.9843, -1.9803 -0.2559 0.9843, -1.626 -0.126 0.9843, -1.9405 -0.3091 0.9843, -0.9803 0.2559 0.9843, -1.0 -0.2559 0.9843, -1.0 0.2559 0.9843, -1.0197 -0.2559 0.9843, -1.0197 0.2559 0.9843, -2.374 0.126 0.9843, -2.374 -0.126 0.9843, -2.0595 -0.3091 0.9843, -2.626 0.126 0.9843, -2.9803 -0.2559 0.9843, -2.626 -0.126 0.9843, -2.9405 -0.3091 0.9843, -1.9803 0.2559 0.9843, -2.0 -0.2559 0.9843, -2.0 0.2559 0.9843, -2.0197 -0.2559 0.9843, -2.0197 0.2559 0.9843, -4.374 0.126 0.9843, -3.9803 0.2559 0.9843, -4.0197 0.2559 0.9843, -4.9803 0.2559 0.9843, -4.626 -0.126 0.9843, -4.626 0.126 0.9843, -3.374 0.126 0.9843, -3.374 -0.126 0.9843, -3.0595 -0.3091 0.9843, -2.9803 0.2559 0.9843, -3.0 -0.2559 0.9843, -3.0 0.2559 0.9843, -3.0197 -0.2559 0.9843, -3.0197 0.2559 0.9843, -3.626 0.126 0.9843, -3.9803 -0.2559 0.9843, -3.626 -0.126 0.9843, -3.9405 -0.3091 0.9843, -4.9405 -0.3091 0.9843, -4.0595 -0.3091 0.9843, -5.9803 0.2559 0.9843, -5.626 -0.126 0.9843, -5.626 0.126 0.9843, -5.374 0.126 0.9843, -5.0197 0.2559 0.9843, -5.374 -0.126 0.9843, -5.9405 -0.3091 0.9843, -5.0595 -0.3091 0.9843, -6.374 0.126 0.9843, -6.626 0.126 0.9843, -6.626 -0.126 0.9843, -6.9803 0.2559 0.9843, -4.0197 -0.2559 0.9843, -4.374 -0.126 0.9843, -4.9803 -0.2559 0.9843, -5.0 -0.2559 0.9843, -5.0 0.2559 0.9843, -5.0197 -0.2559 0.9843, -5.9803 -0.2559 0.9843, -6.0 -0.2559 0.9843, -6.0 0.2559 0.9843, -6.0197 -0.2559 0.9843, -6.0197 0.2559 0.9843, -6.9405 -0.3091 0.9843, -6.0595 -0.3091 0.9843, -7.9803 0.2559 0.9843, -7.626 -0.126 0.9843, -7.626 0.126 0.9843, -7.374 0.126 0.9843, -7.0197 0.2559 0.9843, -7.374 -0.126 0.9843, -7.9405 -0.3091 0.9843, -7.0595 -0.3091 0.9843, -8.9803 0.2559 0.9843, -8.626 -0.126 0.9843, -8.626 0.126 0.9843, -8.374 0.126 0.9843, -8.0197 0.2559 0.9843, -8.374 -0.126 0.9843, -8.9405 -0.3091 0.9843, -8.0595 -0.3091 0.9843, -10.374 0.126 0.9843, -9.9803 0.2559 0.9843, -10.0197 0.2559 0.9843, -10.9803 0.2559 0.9843, -10.626 -0.126 0.9843, -10.626 0.126 0.9843, -10.9803 -0.2559 0.9843, -10.9405 -0.3091 0.9843, -10.374 -0.126 0.9843, -9.374 -0.126 0.9843, -9.0197 0.2559 0.9843, -9.374 0.126 0.9843, -9.626 0.126 0.9843, -6.374 -0.126 0.9843, -6.9803 -0.2559 0.9843, -7.0 -0.2559 0.9843, -7.0 0.2559 0.9843, -7.0197 -0.2559 0.9843, -7.9803 -0.2559 0.9843, -8.0 -0.2559 0.9843, -8.0 0.2559 0.9843, -8.0197 -0.2559 0.9843, -8.9803 -0.2559 0.9843, -9.0 -0.2559 0.9843, -9.0 0.2559 0.9843, -9.0197 -0.2559 0.9843, -9.0595 -0.3091 0.9843, -10.0595 -0.3091 0.9843, -10.0197 -0.2559 0.9843, -9.9803 -0.2559 0.9843, -9.626 -0.126 0.9843, -9.9405 -0.3091 0.9843, 2.626 0.126 0.9843, 2.626 -0.126 0.9843, 2.9405 -0.3091 0.9843, 2.374 0.126 0.9843, 2.0197 -0.2559 0.9843, 2.374 -0.126 0.9843, 2.0595 -0.3091 0.9843, 2.0197 0.2559 0.9843, 2.0 -0.2559 0.9843, 2.0 0.2559 0.9843, 1.9803 0.2559 0.9843, 3.626 -0.126 0.9843, 3.9803 0.2559 0.9843, 3.626 0.126 0.9843, 3.374 0.126 0.9843, 3.0 0.2559 0.9843, 3.0 -0.2559 0.9843, 3.0197 0.2559 0.9843, 3.0197 -0.2559 0.9843, 3.374 -0.126 0.9843, 3.0595 -0.3091 0.9843, 4.0197 0.2559 0.9843, 4.374 -0.126 0.9843, 4.374 0.126 0.9843, 4.626 0.126 0.9843, 4.9803 0.2559 0.9843, 4.626 -0.126 0.9843, 3.9405 -0.3091 0.9843, 3.9803 -0.2559 0.9843, 4.0 0.2559 0.9843, 4.0 -0.2559 0.9843, 4.0197 -0.2559 0.9843, 4.0595 -0.3091 0.9843, 5.0197 0.2559 0.9843, 5.374 -0.126 0.9843, 5.374 0.126 0.9843, 5.626 0.126 0.9843, 5.9803 0.2559 0.9843, 5.626 -0.126 0.9843, 4.9405 -0.3091 0.9843, 4.9803 -0.2559 0.9843, 5.0 0.2559 0.9843, 5.0 -0.2559 0.9843, 5.0197 -0.2559 0.9843, 5.0595 -0.3091 0.9843, 6.626 0.126 0.9843, 7.0197 0.2559 0.9843, 6.9803 0.2559 0.9843, 6.0197 0.2559 0.9843, 6.374 -0.126 0.9843, 6.374 0.126 0.9843, 5.9405 -0.3091 0.9843, 5.9803 -0.2559 0.9843, 6.0 0.2559 0.9843, 6.0 -0.2559 0.9843, 6.0197 -0.2559 0.9843, 6.0595 -0.3091 0.9843, 6.626 -0.126 0.9843, 7.626 -0.126 0.9843, 7.9803 0.2559 0.9843, 7.626 0.126 0.9843, 7.374 0.126 0.9843, 6.9405 -0.3091 0.9843, 6.9803 -0.2559 0.9843, 7.0197 -0.2559 0.9843, 7.374 -0.126 0.9843, 7.0595 -0.3091 0.9843, 8.0197 0.2559 0.9843, 8.374 -0.126 0.9843, 8.374 0.126 0.9843, 8.626 0.126 0.9843, 8.9803 0.2559 0.9843, 8.626 -0.126 0.9843, 7.9405 -0.3091 0.9843, 7.9803 -0.2559 0.9843, 8.0 0.2559 0.9843, 8.0 -0.2559 0.9843, 8.0197 -0.2559 0.9843, 8.0595 -0.3091 0.9843, 9.0197 0.2559 0.9843, 9.374 -0.126 0.9843, 9.374 0.126 0.9843, 9.626 0.126 0.9843, 9.9803 0.2559 0.9843, 9.626 -0.126 0.9843, 8.9405 -0.3091 0.9843, 8.9803 -0.2559 0.9843, 9.0 0.2559 0.9843, 9.0 -0.2559 0.9843, 9.0197 -0.2559 0.9843, 9.0595 -0.3091 0.9843, 10.0197 0.2559 0.9843, 10.374 -0.126 0.9843, 10.374 0.126 0.9843, 10.626 0.126 0.9843, 9.9405 -0.3091 0.9843, 9.9803 -0.2559 0.9843, 10.0 0.2559 0.9843, 10.0 -0.2559 0.9843, 10.0197 -0.2559 0.9843, 10.0595 -0.3091 0.9843, 10.626 -0.126 0.9843, 10.813 -0.479 0.9843, 10.9405 -0.3091 0.9843, 10.9803 -0.2559 0.9843, -10.1083 -0.374 0.0, -10.8917 -0.374 0.0
            ]
        }
        coordIndex [
            0,1,2,-1,3,4,2,-1,5,6,7,-1,7,8,5,-1,5,8,9,-1,5,9,10,-1,11,12,13,-1,10,9,14,-1,14,9,15,-1,14,15,16,-1,16,15,17,-1,16,17,18,-1,18,17,19,-1,18,19,20,-1,20,19,21,-1,20,21,22,-1,22,21,23,-1,22,23,13,-1,13,23,24,-1,13,24,11,-1,25,26,27,-1,28,29,30,-1,12,11,27,-1,27,11,31,-1,27,31,25,-1,26,25,32,-1,32,25,33,-1,32,33,30,-1,30,33,34,-1,30,34,28,-1,35,36,37,-1,38,39,40,-1,29,28,37,-1,37,28,41,-1,37,41,35,-1,36,35,42,-1,42,35,43,-1,42,43,40,-1,40,43,44,-1,40,44,38,-1,45,46,47,-1,48,49,50,-1,39,38,47,-1,47,38,51,-1,47,51,45,-1,46,45,52,-1,52,45,53,-1,52,53,50,-1,50,53,54,-1,50,54,48,-1,55,56,57,-1,58,59,60,-1,49,48,57,-1,57,48,61,-1,57,61,55,-1,56,55,62,-1,62,55,63,-1,62,63,60,-1,60,63,64,-1,60,64,58,-1,65,66,67,-1,68,69,70,-1,59,58,67,-1,67,58,71,-1,67,71,65,-1,66,65,72,-1,72,65,73,-1,72,73,70,-1,70,73,74,-1,70,74,68,-1,75,76,77,-1,69,68,77,-1,77,68,78,-1,77,78,75,-1,76,75,79,-1,79,75,80,-1,79,80,81,-1,81,80,82,-1,81,82,83,-1,83,82,84,-1,83,84,85,-1,85,84,86,-1,85,86,87,-1,87,86,88,-1,87,88,89,-1,88,90,89,-1,89,90,91,-1,89,91,92,-1,92,91,93,-1,94,95,96,-1,91,97,93,-1,93,97,94,-1,93,94,98,-1,98,94,96,-1,95,99,100,-1,100,99,101,-1,7,102,8,-1,8,102,103,-1,8,103,104,-1,104,103,105,-1,104,105,106,-1,106,105,107,-1,106,107,17,-1,17,107,108,-1,17,108,19,-1,19,108,109,-1,19,109,110,-1,110,109,111,-1,110,111,112,-1,112,111,113,-1,112,113,24,-1,24,113,114,-1,24,114,11,-1,11,114,115,-1,11,115,31,-1,31,115,116,-1,31,116,117,-1,117,116,118,-1,117,118,119,-1,119,118,120,-1,119,120,34,-1,34,120,121,-1,34,121,28,-1,28,121,122,-1,28,122,41,-1,41,122,123,-1,41,123,124,-1,124,123,125,-1,124,125,126,-1,126,125,127,-1,126,127,44,-1,44,127,128,-1,44,128,38,-1,38,128,129,-1,38,129,51,-1,51,129,130,-1,51,130,131,-1,131,130,132,-1,131,132,133,-1,133,132,134,-1,133,134,54,-1,54,134,135,-1,54,135,48,-1,48,135,136,-1,48,136,61,-1,61,136,137,-1,61,137,138,-1,138,137,139,-1,138,139,140,-1,140,139,141,-1,140,141,64,-1,64,141,142,-1,64,142,58,-1,58,142,143,-1,58,143,71,-1,71,143,144,-1,71,144,145,-1,145,144,146,-1,145,146,147,-1,147,146,148,-1,147,148,74,-1,74,148,149,-1,74,149,68,-1,68,149,150,-1,68,150,78,-1,78,150,151,-1,78,151,152,-1,152,151,153,-1,152,153,154,-1,154,153,155,-1,154,155,82,-1,82,155,156,-1,82,156,84,-1,84,156,157,-1,84,157,158,-1,158,157,159,-1,158,159,160,-1,160,159,161,-1,160,161,90,-1,90,161,162,-1,90,162,91,-1,91,162,163,-1,91,163,97,-1,97,163,164,-1,97,164,165,-1,165,164,166,-1,165,166,101,-1,101,166,167,-1,101,167,100,-1,168,169,170,-1,171,172,173,-1,170,169,174,-1,174,169,175,-1,174,175,173,-1,173,175,176,-1,173,176,171,-1,177,178,179,-1,180,181,182,-1,182,181,168,-1,182,168,183,-1,183,168,184,-1,183,184,185,-1,185,184,186,-1,185,186,179,-1,179,186,187,-1,179,187,177,-1,188,189,190,-1,191,192,193,-1,172,171,190,-1,190,171,194,-1,190,194,188,-1,189,188,195,-1,195,188,196,-1,195,196,193,-1,193,196,197,-1,193,197,191,-1,198,199,200,-1,201,202,203,-1,192,191,200,-1,200,191,204,-1,200,204,198,-1,199,198,205,-1,205,198,206,-1,205,206,203,-1,203,206,207,-1,203,207,201,-1,208,209,210,-1,211,212,213,-1,202,201,210,-1,210,201,214,-1,210,214,208,-1,209,208,215,-1,215,208,216,-1,215,216,213,-1,213,216,217,-1,213,217,211,-1,218,219,220,-1,221,222,223,-1,212,211,220,-1,220,211,224,-1,220,224,218,-1,219,218,225,-1,225,218,226,-1,225,226,223,-1,223,226,227,-1,223,227,221,-1,228,229,230,-1,231,232,233,-1,222,221,230,-1,230,221,234,-1,230,234,228,-1,229,228,235,-1,235,228,236,-1,235,236,233,-1,233,236,237,-1,233,237,231,-1,238,239,240,-1,232,231,240,-1,240,231,241,-1,240,241,238,-1,242,243,244,-1,239,238,245,-1,245,238,246,-1,245,246,247,-1,247,246,248,-1,247,248,249,-1,249,248,250,-1,249,250,251,-1,251,250,252,-1,251,252,253,-1,253,252,254,-1,253,254,244,-1,244,254,255,-1,244,255,242,-1,256,257,258,-1,259,260,261,-1,243,242,258,-1,258,242,262,-1,258,262,256,-1,257,256,263,-1,263,256,264,-1,263,264,261,-1,261,264,265,-1,261,265,259,-1,266,267,268,-1,269,270,271,-1,260,259,268,-1,268,259,272,-1,268,272,266,-1,267,266,273,-1,273,266,274,-1,273,274,271,-1,271,274,275,-1,271,275,269,-1,276,277,278,-1,279,280,281,-1,270,269,278,-1,278,269,282,-1,278,282,276,-1,277,276,283,-1,283,276,284,-1,283,284,281,-1,281,284,285,-1,281,285,279,-1,280,279,286,-1,286,279,287,-1,286,287,288,-1,180,187,181,-1,181,187,186,-1,181,186,289,-1,289,186,290,-1,289,290,176,-1,176,290,291,-1,176,291,171,-1,171,291,292,-1,171,292,194,-1,194,292,293,-1,194,293,294,-1,294,293,295,-1,294,295,296,-1,296,295,297,-1,296,297,197,-1,197,297,298,-1,197,298,191,-1,191,298,299,-1,191,299,204,-1,204,299,300,-1,204,300,301,-1,301,300,302,-1,301,302,303,-1,303,302,304,-1,303,304,207,-1,207,304,305,-1,207,305,201,-1,201,305,306,-1,201,306,214,-1,214,306,307,-1,214,307,308,-1,308,307,309,-1,308,309,310,-1,310,309,311,-1,310,311,217,-1,217,311,312,-1,217,312,211,-1,211,312,313,-1,211,313,224,-1,224,313,314,-1,224,314,315,-1,315,314,316,-1,315,316,317,-1,317,316,318,-1,317,318,227,-1,227,318,319,-1,227,319,221,-1,221,319,320,-1,221,320,234,-1,234,320,321,-1,234,321,322,-1,322,321,323,-1,322,323,324,-1,324,323,325,-1,324,325,237,-1,237,325,326,-1,237,326,231,-1,231,326,327,-1,231,327,241,-1,241,327,328,-1,241,328,329,-1,329,328,330,-1,329,330,331,-1,331,330,332,-1,331,332,248,-1,248,332,333,-1,248,333,250,-1,250,333,334,-1,250,334,335,-1,335,334,336,-1,335,336,337,-1,337,336,338,-1,337,338,255,-1,255,338,339,-1,255,339,242,-1,242,339,340,-1,242,340,262,-1,262,340,341,-1,262,341,342,-1,342,341,343,-1,342,343,344,-1,344,343,345,-1,344,345,265,-1,265,345,346,-1,265,346,259,-1,259,346,347,-1,259,347,272,-1,272,347,348,-1,272,348,349,-1,349,348,350,-1,349,350,351,-1,351,350,352,-1,351,352,275,-1,275,352,353,-1,275,353,269,-1,269,353,354,-1,269,354,282,-1,282,354,355,-1,282,355,356,-1,356,355,357,-1,356,357,358,-1,358,357,359,-1,358,359,285,-1,285,359,360,-1,285,360,279,-1,279,360,361,-1,279,361,287,-1,287,361,362,-1,287,362,363,-1,363,362,364,-1,363,364,365,-1,365,364,366,-1,365,366,367,-1,367,366,368,-1,367,368,369,-1,369,368,370,-1,369,370,288,-1,288,370,371,-1,288,371,286,-1,372,373,374,-1,374,373,375,-1,4,376,377,-1,377,376,374,-1,377,374,378,-1,378,374,375,-1,378,375,379,-1,3,380,381,-1,3,381,382,-1,383,384,379,-1,379,384,385,-1,379,385,378,-1,378,385,382,-1,378,382,386,-1,386,382,381,-1,3,2,380,-1,380,2,387,-1,380,387,388,-1,389,390,391,-1,1,392,2,-1,2,392,393,-1,2,393,394,-1,395,387,396,-1,396,387,2,-1,396,2,397,-1,397,2,394,-1,398,399,400,-1,398,400,401,-1,402,403,404,-1,404,403,405,-1,400,406,407,-1,408,409,389,-1,389,409,410,-1,389,410,390,-1,396,411,395,-1,395,411,412,-1,395,412,413,-1,413,412,414,-1,413,414,415,-1,415,414,416,-1,400,417,418,-1,399,419,400,-1,400,419,420,-1,400,420,406,-1,421,422,423,-1,423,422,400,-1,423,400,424,-1,424,400,407,-1,425,426,404,-1,404,426,427,-1,404,427,402,-1,405,428,404,-1,404,428,429,-1,404,429,430,-1,421,423,414,-1,414,423,431,-1,414,431,416,-1,418,432,400,-1,400,432,433,-1,400,433,401,-1,388,434,380,-1,380,434,435,-1,380,435,425,-1,425,435,436,-1,425,436,426,-1,437,438,2,-1,2,438,389,-1,2,389,0,-1,0,389,391,-1,4,377,2,-1,2,377,439,-1,2,439,437,-1,168,170,184,-1,184,170,440,-1,184,440,441,-1,442,370,443,-1,443,370,368,-1,443,368,444,-1,444,368,445,-1,446,445,447,-1,447,445,368,-1,447,368,448,-1,448,368,366,-1,449,184,377,-1,377,184,441,-1,377,441,439,-1,449,450,184,-1,184,450,451,-1,184,451,452,-1,453,454,186,-1,186,454,455,-1,455,456,186,-1,186,456,457,-1,186,457,458,-1,458,457,459,-1,458,459,378,-1,378,459,460,-1,378,460,377,-1,377,460,461,-1,377,461,449,-1,452,462,184,-1,184,462,463,-1,184,463,464,-1,464,465,184,-1,184,465,466,-1,184,466,186,-1,186,466,467,-1,186,467,453,-1,468,469,389,-1,389,469,470,-1,389,470,471,-1,468,389,472,-1,472,389,100,-1,472,100,473,-1,473,100,167,-1,473,167,471,-1,471,167,404,-1,471,404,389,-1,389,404,430,-1,389,430,408,-1,95,100,96,-1,96,100,389,-1,96,389,474,-1,474,389,438,-1,474,438,475,-1,476,477,478,-1,478,477,479,-1,480,481,482,-1,482,481,483,-1,484,485,486,-1,486,485,487,-1,488,489,490,-1,490,489,491,-1,492,493,494,-1,494,493,495,-1,496,497,498,-1,498,497,499,-1,500,501,502,-1,502,501,503,-1,504,505,506,-1,506,505,507,-1,508,509,510,-1,510,509,511,-1,512,513,514,-1,514,513,515,-1,516,517,518,-1,518,517,519,-1,520,521,522,-1,522,521,523,-1,524,525,526,-1,526,525,527,-1,528,529,530,-1,530,529,531,-1,532,533,534,-1,534,533,535,-1,536,537,538,-1,538,537,539,-1,540,541,542,-1,542,541,543,-1,544,545,546,-1,546,545,547,-1,548,549,550,-1,550,549,551,-1,552,553,554,-1,554,553,555,-1,556,557,558,-1,558,557,559,-1,560,561,562,-1,562,561,563,-1,564,565,566,-1,566,565,567,-1,568,569,570,-1,570,569,571,-1,572,573,574,-1,574,573,575,-1,576,577,578,-1,578,577,579,-1,580,581,582,-1,582,581,583,-1,584,585,586,-1,586,585,587,-1,588,589,590,-1,590,589,591,-1,592,593,594,-1,594,593,595,-1,596,597,598,-1,598,597,599,-1,600,601,602,-1,602,601,603,-1,604,605,606,-1,606,605,607,-1,608,609,610,-1,610,609,611,-1,612,613,614,-1,614,613,615,-1,616,617,618,-1,618,617,619,-1,620,621,622,-1,622,621,623,-1,624,625,626,-1,626,625,627,-1,628,629,630,-1,630,629,631,-1,632,633,634,-1,634,633,635,-1,636,637,558,-1,558,637,556,-1,563,561,638,-1,638,561,639,-1,640,641,566,-1,566,641,564,-1,571,569,642,-1,642,569,643,-1,644,645,574,-1,574,645,572,-1,579,577,646,-1,646,577,647,-1,583,581,648,-1,648,581,649,-1,587,585,650,-1,650,585,651,-1,652,653,590,-1,590,653,588,-1,595,593,654,-1,654,593,655,-1,599,597,656,-1,656,597,657,-1,603,601,658,-1,658,601,659,-1,660,661,606,-1,606,661,604,-1,611,609,662,-1,662,609,663,-1,615,613,664,-1,664,613,665,-1,619,617,666,-1,666,617,667,-1,668,669,622,-1,622,669,620,-1,627,625,670,-1,670,625,671,-1,672,673,630,-1,630,673,628,-1,635,633,674,-1,674,633,675,-1,479,477,676,-1,676,477,677,-1,678,679,482,-1,482,679,480,-1,487,485,680,-1,680,485,681,-1,682,683,490,-1,490,683,488,-1,495,493,684,-1,684,493,685,-1,686,687,498,-1,498,687,496,-1,688,689,502,-1,502,689,500,-1,690,691,506,-1,506,691,504,-1,511,509,692,-1,692,509,693,-1,694,695,514,-1,514,695,512,-1,519,517,696,-1,696,517,697,-1,698,699,522,-1,522,699,520,-1,527,525,700,-1,700,525,701,-1,702,703,530,-1,530,703,528,-1,704,705,534,-1,534,705,532,-1,706,707,538,-1,538,707,536,-1,543,541,708,-1,708,541,709,-1,710,711,546,-1,546,711,544,-1,551,549,712,-1,712,549,713,-1,714,715,554,-1,554,715,552,-1,174,476,170,-1,170,476,478,-1,170,478,440,-1,483,481,98,-1,98,96,483,-1,483,96,474,-1,483,474,475,-1,199,205,486,-1,486,205,484,-1,491,489,195,-1,195,489,189,-1,66,72,494,-1,494,72,492,-1,499,497,62,-1,62,497,56,-1,503,501,87,-1,87,501,85,-1,507,505,79,-1,79,505,76,-1,257,263,510,-1,510,263,508,-1,515,513,253,-1,253,513,251,-1,277,283,518,-1,518,283,516,-1,523,521,273,-1,273,521,267,-1,219,225,526,-1,526,225,524,-1,531,529,215,-1,215,529,209,-1,535,533,245,-1,245,533,239,-1,539,537,235,-1,235,537,229,-1,36,42,542,-1,542,42,540,-1,547,545,52,-1,52,545,46,-1,20,22,550,-1,550,22,548,-1,555,553,32,-1,32,553,26,-1,458,559,186,-1,186,559,557,-1,186,557,290,-1,166,560,167,-1,167,560,562,-1,167,562,404,-1,404,562,425,-1,567,565,302,-1,302,565,304,-1,297,295,570,-1,570,295,568,-1,575,573,146,-1,146,573,148,-1,141,139,578,-1,578,139,576,-1,161,159,582,-1,582,159,580,-1,155,153,586,-1,586,153,584,-1,591,589,343,-1,343,589,345,-1,338,336,594,-1,594,336,592,-1,359,357,598,-1,598,357,596,-1,352,350,602,-1,602,350,600,-1,607,605,316,-1,316,605,318,-1,311,309,610,-1,610,309,608,-1,332,330,614,-1,614,330,612,-1,325,323,618,-1,618,323,616,-1,623,621,125,-1,125,621,127,-1,134,132,626,-1,626,132,624,-1,631,629,111,-1,111,629,113,-1,120,118,634,-1,634,118,632,-1,716,717,718,-1,718,717,719,-1,720,721,722,-1,722,721,723,-1,724,725,726,-1,726,725,727,-1,717,716,728,-1,728,716,729,-1,730,731,726,-1,726,731,724,-1,6,732,7,-1,7,732,733,-1,7,733,102,-1,723,721,734,-1,734,721,735,-1,446,736,444,-1,444,736,737,-1,738,739,740,-1,740,739,741,-1,742,743,744,-1,745,689,746,-1,636,747,637,-1,637,747,748,-1,749,750,751,-1,751,676,749,-1,749,676,677,-1,749,677,752,-1,753,754,679,-1,755,756,754,-1,754,756,757,-1,754,757,679,-1,752,758,759,-1,759,758,748,-1,759,748,760,-1,760,748,747,-1,760,747,749,-1,749,747,761,-1,749,761,750,-1,750,761,762,-1,750,762,678,-1,679,678,753,-1,753,678,762,-1,753,762,763,-1,763,762,764,-1,763,764,755,-1,765,766,767,-1,768,769,770,-1,770,769,771,-1,770,771,766,-1,752,677,758,-1,758,677,772,-1,758,772,773,-1,773,772,774,-1,773,774,775,-1,775,774,776,-1,775,776,683,-1,766,771,767,-1,767,771,642,-1,767,642,643,-1,777,778,779,-1,780,781,782,-1,782,781,783,-1,782,783,778,-1,767,775,765,-1,765,775,683,-1,765,683,768,-1,768,683,682,-1,768,682,769,-1,769,682,784,-1,769,784,785,-1,785,784,786,-1,785,786,787,-1,787,786,788,-1,787,788,680,-1,778,783,779,-1,779,783,641,-1,779,641,640,-1,789,790,791,-1,792,793,794,-1,794,793,795,-1,794,795,790,-1,779,787,777,-1,777,787,680,-1,777,680,780,-1,780,680,681,-1,780,681,781,-1,781,681,796,-1,781,796,797,-1,797,796,798,-1,797,798,799,-1,799,798,800,-1,799,800,703,-1,790,795,791,-1,791,795,662,-1,791,662,663,-1,801,802,803,-1,706,804,805,-1,803,707,801,-1,801,707,706,-1,801,706,806,-1,806,706,805,-1,807,808,809,-1,791,799,789,-1,789,799,703,-1,789,703,792,-1,792,703,702,-1,792,702,793,-1,793,702,810,-1,793,810,811,-1,811,810,812,-1,811,812,813,-1,813,812,814,-1,813,814,700,-1,815,816,817,-1,817,816,818,-1,817,818,808,-1,808,818,809,-1,809,818,661,-1,809,661,660,-1,819,666,820,-1,820,666,667,-1,821,822,704,-1,704,822,823,-1,704,823,705,-1,705,823,824,-1,705,824,825,-1,825,824,826,-1,827,664,828,-1,828,664,665,-1,829,695,830,-1,830,695,694,-1,830,694,831,-1,831,694,832,-1,809,813,807,-1,807,813,700,-1,807,700,815,-1,815,700,701,-1,815,701,816,-1,816,701,802,-1,816,802,833,-1,833,802,801,-1,833,801,820,-1,820,801,834,-1,820,834,819,-1,819,834,805,-1,819,805,835,-1,835,805,804,-1,835,804,836,-1,836,804,837,-1,836,837,838,-1,838,837,825,-1,838,825,828,-1,828,825,826,-1,828,826,827,-1,827,826,822,-1,827,822,839,-1,839,822,821,-1,839,821,840,-1,840,821,841,-1,840,841,842,-1,842,841,843,-1,844,654,845,-1,845,654,655,-1,846,847,693,-1,693,847,848,-1,693,848,692,-1,692,848,849,-1,692,849,850,-1,850,849,851,-1,852,653,853,-1,853,653,652,-1,854,855,698,-1,698,855,856,-1,698,856,699,-1,699,856,857,-1,699,857,858,-1,858,857,859,-1,860,658,861,-1,861,658,659,-1,862,863,864,-1,729,865,866,-1,864,728,862,-1,862,728,729,-1,862,729,867,-1,867,729,866,-1,737,736,865,-1,865,736,868,-1,865,868,866,-1,866,868,869,-1,866,869,870,-1,871,872,873,-1,873,872,696,-1,873,696,874,-1,843,695,842,-1,842,695,829,-1,842,829,845,-1,845,829,875,-1,845,875,844,-1,844,875,831,-1,844,831,876,-1,876,831,832,-1,876,832,877,-1,877,832,878,-1,877,878,879,-1,879,878,850,-1,879,850,853,-1,853,850,851,-1,853,851,852,-1,852,851,847,-1,852,847,880,-1,880,847,846,-1,880,846,881,-1,881,846,882,-1,881,882,883,-1,883,882,858,-1,883,858,861,-1,861,858,859,-1,861,859,860,-1,860,859,855,-1,860,855,884,-1,884,855,854,-1,884,854,885,-1,885,854,886,-1,885,886,887,-1,887,886,872,-1,887,872,888,-1,888,872,871,-1,870,889,862,-1,862,889,890,-1,862,890,863,-1,863,890,891,-1,863,891,697,-1,696,697,874,-1,874,697,891,-1,874,891,892,-1,892,891,893,-1,892,893,871,-1,871,893,888,-1,888,893,656,-1,888,656,657,-1,870,869,889,-1,889,869,740,-1,889,740,741,-1,894,895,896,-1,897,898,899,-1,899,898,900,-1,899,900,895,-1,896,746,894,-1,894,746,689,-1,894,689,897,-1,897,689,688,-1,897,688,898,-1,898,688,901,-1,898,901,902,-1,902,901,903,-1,902,903,757,-1,757,903,904,-1,757,904,679,-1,905,906,907,-1,907,906,691,-1,907,691,908,-1,745,746,909,-1,909,746,910,-1,909,910,911,-1,911,910,912,-1,911,912,690,-1,691,690,908,-1,908,690,912,-1,908,912,913,-1,913,912,914,-1,913,914,905,-1,915,916,685,-1,685,916,917,-1,685,917,684,-1,684,917,918,-1,684,918,919,-1,919,918,920,-1,905,921,906,-1,906,921,922,-1,906,922,923,-1,923,922,924,-1,923,924,915,-1,915,924,925,-1,915,925,916,-1,916,925,926,-1,916,926,920,-1,927,928,686,-1,686,928,929,-1,686,929,687,-1,687,929,930,-1,687,930,931,-1,931,930,932,-1,920,933,919,-1,919,933,934,-1,919,934,935,-1,935,934,936,-1,935,936,927,-1,927,936,937,-1,927,937,928,-1,928,937,938,-1,928,938,932,-1,939,940,941,-1,710,942,943,-1,941,711,939,-1,939,711,710,-1,939,710,944,-1,944,710,943,-1,932,945,931,-1,931,945,946,-1,931,946,947,-1,947,946,948,-1,947,948,942,-1,942,948,949,-1,942,949,943,-1,943,949,950,-1,943,950,951,-1,952,953,954,-1,954,953,708,-1,954,708,955,-1,951,956,939,-1,939,956,957,-1,939,957,940,-1,940,957,958,-1,940,958,709,-1,708,709,955,-1,955,709,958,-1,955,958,959,-1,959,958,960,-1,959,960,952,-1,961,962,714,-1,714,962,963,-1,714,963,715,-1,715,963,964,-1,715,964,965,-1,965,964,966,-1,952,967,953,-1,953,967,968,-1,953,968,969,-1,969,968,970,-1,969,970,961,-1,961,970,971,-1,961,971,962,-1,962,971,972,-1,962,972,966,-1,973,974,713,-1,713,974,975,-1,713,975,712,-1,712,975,976,-1,712,976,977,-1,977,976,978,-1,966,979,965,-1,965,979,980,-1,965,980,981,-1,981,980,982,-1,981,982,973,-1,973,982,983,-1,973,983,974,-1,974,983,984,-1,974,984,978,-1,985,986,735,-1,735,986,987,-1,735,987,734,-1,734,987,988,-1,978,989,977,-1,977,989,990,-1,977,990,991,-1,991,990,992,-1,991,992,985,-1,985,992,993,-1,985,993,986,-1,986,993,994,-1,986,994,995,-1,995,994,744,-1,995,744,988,-1,988,744,743,-1,988,743,734,-1,731,730,994,-1,994,730,996,-1,994,996,744,-1,744,996,997,-1,744,997,742,-1,742,997,998,-1,742,998,732,-1,732,998,733,-1,978,984,989,-1,989,984,673,-1,989,673,672,-1,966,972,979,-1,979,972,674,-1,979,674,675,-1,952,960,967,-1,967,960,669,-1,967,669,668,-1,951,950,956,-1,956,950,670,-1,956,670,671,-1,932,938,945,-1,945,938,646,-1,945,646,647,-1,920,926,933,-1,933,926,645,-1,933,645,644,-1,905,914,921,-1,921,914,650,-1,921,650,651,-1,895,900,896,-1,896,900,648,-1,896,648,649,-1,755,764,756,-1,756,764,638,-1,756,638,639,-1,739,738,999,-1,999,738,1000,-1,716,718,442,-1,443,865,442,-1,442,865,729,-1,442,729,716,-1,444,737,443,-1,443,737,865,-1,719,717,371,-1,371,717,728,-1,371,728,286,-1,286,728,864,-1,286,864,280,-1,280,864,863,-1,280,863,281,-1,360,891,361,-1,361,891,890,-1,361,890,362,-1,739,999,364,-1,362,890,364,-1,364,890,741,-1,364,741,739,-1,1000,738,448,-1,448,738,740,-1,448,740,447,-1,447,740,868,-1,
        ]
    }
}
Shape{
    appearance Appearance {
        material  Material 	{
            diffuseColor 0.7529411764705882 0.7529411764705882 0.7529411764705882
            specularColor 0.3764705882352941 0.3764705882352941 0.3764705882352941
            ambientIntensity 0.7529
            transparency 0.0
            shininess 0.5
        }
    }
    geometry IndexedFaceSet {
        ccw TRUE
        solid FALSE
        coord DEF co Coordinate {
            point [
                -10.9803 -0.2559 0.1969, -10.9803 -0.2559 0.9843, -11.0 -0.2559 0.1969, -11.0 -0.2559 0.9843
            ]
        }
        coordIndex [
            0,1,2,-1,2,1,3,-1,
        ]
    }
}
Shape{
    appearance Appearance {
        material  Material 	{
            diffuseColor 0.14901960784313725 0.14901960784313725 0.14901960784313725
            specularColor 0.07450980392156863 0.07450980392156863 0.07450980392156863
            ambientIntensity 0.149
            transparency 0.0
            shininess 0.5
        }
    }
    geometry IndexedFaceSet {
        ccw TRUE
        solid FALSE
        coord DEF co Coordinate {
            point [
                -10.1083 0.374 0.1969, -10.8917 0.374 0.1969, -10.1083 0.374 0.0, -10.8917 0.374 0.0, 10.8917 0.374 0.1969, 10.1083 0.374 0.1969, 10.8917 0.374 0.0, 10.1083 0.374 0.0, 10.8917 -0.374 0.0, 10.1083 -0.374 0.0, 10.8917 -0.374 0.1969, 10.1083 -0.374 0.1969, -10.8917 -0.374 0.1969, -10.1083 -0.374 0.1969, -10.8917 -0.374 0.0, -10.1083 -0.374 0.0
            ]
        }
        coordIndex [
            0,1,2,-1,2,1,3,-1,4,5,6,-1,6,5,7,-1,8,9,10,-1,10,9,11,-1,12,13,14,-1,14,13,15,-1,
        ]
    }
}
Shape{
    appearance Appearance {
        material  Material 	{
            diffuseColor 0.7529411764705882 0.7529411764705882 0.7529411764705882
            specularColor 0.3764705882352941 0.3764705882352941 0.3764705882352941
            ambientIntensity 0.7529
            transparency 0.0
            shininess 0.5
        }
    }
    geometry IndexedFaceSet {
        ccw TRUE
        solid FALSE
        coord DEF co Coordinate {
            point [
                -10.626 0.0472 -1.1811, -10.626 0.126 -1.1024, -10.374 0.0472 -1.1811, -10.374 0.126 -1.1024, -10.626 -0.0472 -1.1811, -10.374 -0.0472 -1.1811, -10.626 -0.126 -1.1024, -10.374 -0.126 -1.1024, -10.374 0.126 0.1969, -10.374 -0.126 0.1969, -10.626 0.126 0.1969, -10.626 -0.126 0.1969, -10.374 -0.126 0.9843, -10.374 -0.126 3.2677, -10.626 -0.126 0.9843, -10.626 -0.126 3.2677, -10.626 0.126 0.9843, -10.626 0.126 3.2677, -10.374 0.126 0.9843, -10.374 0.126 3.2677, -10.626 -0.0472 3.3465, -10.626 0.0472 3.3465, -10.374 -0.0472 3.3465, -10.374 0.0472 3.3465
            ]
        }
        coordIndex [
            0,1,2,-1,2,1,3,-1,4,0,5,-1,5,0,2,-1,6,4,7,-1,7,4,5,-1,8,9,3,-1,3,9,7,-1,3,7,2,-1,2,7,5,-1,0,4,1,-1,1,4,6,-1,1,6,10,-1,10,6,11,-1,8,3,10,-1,10,3,1,-1,11,6,9,-1,9,6,7,-1,12,13,14,-1,14,13,15,-1,16,17,18,-1,18,17,19,-1,20,21,15,-1,15,21,17,-1,15,17,14,-1,14,17,16,-1,12,18,13,-1,13,18,19,-1,13,19,22,-1,22,19,23,-1,20,15,22,-1,22,15,13,-1,21,20,23,-1,23,20,22,-1,17,21,19,-1,19,21,23,-1,
        ]
    }
}
Shape{
    appearance Appearance {
        material  Material 	{
            diffuseColor 0.14901960784313725 0.14901960784313725 0.14901960784313725
            specularColor 0.07450980392156863 0.07450980392156863 0.07450980392156863
            ambientIntensity 0.149
            transparency 0.0
            shininess 0.5
        }
    }
    geometry IndexedFaceSet {
        ccw TRUE
        solid FALSE
        coord DEF co Coordinate {
            point [
                -9.8031 0.4921 0.0, -9.8917 0.374 0.0, -9.8917 0.374 0.1969, -9.9803 0.2559 0.1969, -9.9803 0.2559 0.9843, -9.8031 0.4921 0.9843, 8.9803 -0.2559 0.9843, 8.9803 -0.2559 0.1969, 9.0 -0.2559 0.9843, 9.0 -0.2559 0.1969, 9.0197 -0.2559 0.9843, 9.0197 -0.2559 0.1969, 8.8032 -0.4921 0.9843, 8.8032 -0.4921 0.0, 8.8917 -0.374 0.1969, 8.8917 -0.374 0.0, 8.9405 -0.3091 0.9843, 9.1083 -0.374 0.1969, 9.1083 -0.374 0.0, 9.1969 -0.4921 0.0, 9.0595 -0.3091 0.9843, 9.1969 -0.4921 0.9843, 8.8917 0.374 0.0, 8.8032 0.4921 0.0, 8.8917 0.374 0.1969, 8.8032 0.4921 0.9843, 8.9803 0.2559 0.1969, 8.9803 0.2559 0.9843, 9.0197 0.2559 0.9843, 9.0197 0.2559 0.1969, 9.0 0.2559 0.9843, 9.0 0.2559 0.1969, 9.1969 0.4921 0.0, 9.1083 0.374 0.0, 9.1083 0.374 0.1969, 9.1969 0.4921 0.9843, 9.9803 -0.2559 0.9843, 9.9803 -0.2559 0.1969, 10.0 -0.2559 0.9843, 10.0197 -0.2559 0.1969, 10.0197 -0.2559 0.9843, 9.8031 -0.4921 0.9843, 9.8031 -0.4921 0.0, 9.8917 -0.374 0.1969, 9.8917 -0.374 0.0, 9.9405 -0.3091 0.9843, 10.1083 -0.374 0.1969, 10.1083 -0.374 0.0, 10.1969 -0.4921 0.0, 10.0595 -0.3091 0.9843, 10.1969 -0.4921 0.9843, 9.8917 0.374 0.0, 9.8031 0.4921 0.0, 9.8917 0.374 0.1969, 9.8031 0.4921 0.9843, 9.9803 0.2559 0.1969, 9.9803 0.2559 0.9843, 10.0197 0.2559 0.9843, 10.0197 0.2559 0.1969, 10.0 0.2559 0.9843, 10.1969 0.4921 0.0, 10.1083 0.374 0.0, 10.1083 0.374 0.1969, 10.1969 0.4921 0.9843, 7.0197 -0.2559 0.1969, 7.0197 -0.2559 0.9843, 7.0 -0.2559 0.1969, 6.9803 -0.2559 0.9843, 6.9803 -0.2559 0.1969, 6.8031 -0.4921 0.9843, 6.8031 -0.4921 0.0, 6.8917 -0.374 0.1969, 6.8917 -0.374 0.0, 6.9405 -0.3091 0.9843, 7.1083 -0.374 0.1969, 7.1083 -0.374 0.0, 7.1968 -0.4921 0.0, 7.0595 -0.3091 0.9843, 7.1968 -0.4921 0.9843, 6.8917 0.374 0.0, 6.8031 0.4921 0.0, 6.8917 0.374 0.1969, 6.8031 0.4921 0.9843, 6.9803 0.2559 0.1969, 6.9803 0.2559 0.9843, 7.0 0.2559 0.1969, 7.0197 0.2559 0.9843, 7.0197 0.2559 0.1969, 7.1968 0.4921 0.0, 7.1083 0.374 0.0, 7.1083 0.374 0.1969, 7.1968 0.4921 0.9843, 7.9803 -0.2559 0.9843, 7.9803 -0.2559 0.1969, 8.0 -0.2559 0.9843, 8.0 -0.2559 0.1969, 8.0197 -0.2559 0.9843, 8.0197 -0.2559 0.1969, 7.8031 -0.4921 0.9843, 7.8031 -0.4921 0.0, 7.8917 -0.374 0.1969, 7.8917 -0.374 0.0, 7.9405 -0.3091 0.9843, 8.1083 -0.374 0.1969, 8.1083 -0.374 0.0, 8.1969 -0.4921 0.0, 8.0595 -0.3091 0.9843, 8.1969 -0.4921 0.9843, 7.8917 0.374 0.0, 7.8031 0.4921 0.0, 7.8917 0.374 0.1969, 7.8031 0.4921 0.9843, 7.9803 0.2559 0.1969, 7.9803 0.2559 0.9843, 8.0197 0.2559 0.9843, 8.0197 0.2559 0.1969, 8.0 0.2559 0.9843, 8.0 0.2559 0.1969, 8.1969 0.4921 0.0, 8.1083 0.374 0.0, 8.1083 0.374 0.1969, 8.1969 0.4921 0.9843, 10.8917 0.374 0.1969, 10.8917 0.374 0.0, 10.8031 0.4921 0.0, 10.9803 0.2559 0.9843, 10.9803 0.2559 0.1969, 10.813 0.479 0.9843, 10.8031 0.4921 0.9843
            ]
        }
        coordIndex [
            0,1,2,-1,3,4,2,-1,2,4,5,-1,2,5,0,-1,6,7,8,-1,8,7,9,-1,8,9,10,-1,10,9,11,-1,12,13,14,-1,14,13,15,-1,12,14,16,-1,16,14,7,-1,16,7,6,-1,17,18,19,-1,10,11,20,-1,20,11,17,-1,20,17,21,-1,21,17,19,-1,22,23,24,-1,24,23,25,-1,24,25,26,-1,26,25,27,-1,28,29,30,-1,30,29,31,-1,30,31,27,-1,27,31,26,-1,32,33,34,-1,29,28,34,-1,34,28,35,-1,34,35,32,-1,36,37,38,-1,38,37,39,-1,38,39,40,-1,41,42,43,-1,43,42,44,-1,41,43,45,-1,45,43,37,-1,45,37,36,-1,46,47,48,-1,40,39,49,-1,49,39,46,-1,49,46,50,-1,50,46,48,-1,51,52,53,-1,53,52,54,-1,53,54,55,-1,55,54,56,-1,57,58,59,-1,59,58,55,-1,59,55,56,-1,60,61,62,-1,58,57,62,-1,62,57,63,-1,62,63,60,-1,64,65,66,-1,66,65,67,-1,66,67,68,-1,69,70,71,-1,71,70,72,-1,69,71,73,-1,73,71,68,-1,73,68,67,-1,74,75,76,-1,65,64,77,-1,77,64,74,-1,77,74,78,-1,78,74,76,-1,79,80,81,-1,81,80,82,-1,81,82,83,-1,83,82,84,-1,83,84,85,-1,85,84,86,-1,85,86,87,-1,88,89,90,-1,87,86,90,-1,90,86,91,-1,90,91,88,-1,92,93,94,-1,94,93,95,-1,94,95,96,-1,96,95,97,-1,98,99,100,-1,100,99,101,-1,98,100,102,-1,102,100,93,-1,102,93,92,-1,103,104,105,-1,96,97,106,-1,106,97,103,-1,106,103,107,-1,107,103,105,-1,108,109,110,-1,110,109,111,-1,110,111,112,-1,112,111,113,-1,114,115,116,-1,116,115,117,-1,116,117,113,-1,113,117,112,-1,118,119,120,-1,115,114,120,-1,120,114,121,-1,120,121,118,-1,122,123,124,-1,125,126,127,-1,127,126,122,-1,127,122,128,-1,128,122,124,-1,
        ]
    }
}
Shape{
    appearance Appearance {
        material  Material 	{
            diffuseColor 0.7529411764705882 0.7529411764705882 0.7529411764705882
            specularColor 0.3764705882352941 0.3764705882352941 0.3764705882352941
            ambientIntensity 0.7529
            transparency 0.0
            shininess 0.5
        }
    }
    geometry IndexedFaceSet {
        ccw TRUE
        solid FALSE
        coord DEF co Coordinate {
            point [
                11.0 0.2559 0.9843, 11.0 0.2559 0.1969, 10.9803 0.2559 0.9843, 10.9803 0.2559 0.1969
            ]
        }
        coordIndex [
            0,1,2,-1,2,1,3,-1,
        ]
    }
}
Shape{
    appearance Appearance {
        material  Material 	{
            diffuseColor 0.14901960784313725 0.14901960784313725 0.14901960784313725
            specularColor 0.07450980392156863 0.07450980392156863 0.07450980392156863
            ambientIntensity 0.149
            transparency 0.0
            shininess 0.5
        }
    }
    geometry IndexedFaceSet {
        ccw TRUE
        solid FALSE
        coord DEF co Coordinate {
            point [
                10.9803 -0.2559 0.9843, 10.9803 -0.2559 0.1969, 11.0 -0.2559 0.9843, 11.0 -0.2559 0.1969, 10.813 -0.479 0.9843, 10.8031 -0.4921 0.9843, 10.8917 -0.374 0.1969, 10.8031 -0.4921 0.0, 10.8917 -0.374 0.0, 10.9405 -0.3091 0.9843, -4.1083 0.374 0.0, -4.1969 0.4921 0.0, -4.1083 0.374 0.1969, -4.1969 0.4921 0.9843, -4.0197 0.2559 0.1969, -4.0197 0.2559 0.9843, -4.0 0.2559 0.1969, -3.9803 0.2559 0.9843, -3.9803 0.2559 0.1969, -3.8031 0.4921 0.0, -3.8917 0.374 0.0, -3.8917 0.374 0.1969, -3.8031 0.4921 0.9843, -3.9803 -0.2559 0.1969, -3.9803 -0.2559 0.9843, -4.0 -0.2559 0.1969, -4.0197 -0.2559 0.9843, -4.0197 -0.2559 0.1969, -4.1969 -0.4921 0.9843, -4.1969 -0.4921 0.0, -4.1083 -0.374 0.1969, -4.1083 -0.374 0.0, -4.0595 -0.3091 0.9843, -3.8917 -0.374 0.1969, -3.8917 -0.374 0.0, -3.8031 -0.4921 0.0, -3.9405 -0.3091 0.9843, -3.8031 -0.4921 0.9843, -5.1083 0.374 0.0, -5.1969 0.4921 0.0, -5.1083 0.374 0.1969, -5.1969 0.4921 0.9843, -5.0197 0.2559 0.1969, -5.0197 0.2559 0.9843, -4.9803 0.2559 0.9843, -4.9803 0.2559 0.1969, -5.0 0.2559 0.9843, -5.0 0.2559 0.1969, -4.8031 0.4921 0.0, -4.8917 0.374 0.0, -4.8917 0.374 0.1969, -4.8031 0.4921 0.9843, -5.0197 -0.2559 0.9843, -5.0197 -0.2559 0.1969, -5.0 -0.2559 0.9843, -5.0 -0.2559 0.1969, -4.9803 -0.2559 0.9843, -4.9803 -0.2559 0.1969, -5.1969 -0.4921 0.9843, -5.1969 -0.4921 0.0, -5.1083 -0.374 0.1969, -5.1083 -0.374 0.0, -5.0595 -0.3091 0.9843, -4.8917 -0.374 0.1969, -4.8917 -0.374 0.0, -4.8031 -0.4921 0.0, -4.9405 -0.3091 0.9843, -4.8031 -0.4921 0.9843, -2.1083 0.374 0.0, -2.1969 0.4921 0.0, -2.1083 0.374 0.1969, -2.1969 0.4921 0.9843, -2.0197 0.2559 0.1969, -2.0197 0.2559 0.9843, -1.9803 0.2559 0.9843, -1.9803 0.2559 0.1969, -2.0 0.2559 0.9843, -2.0 0.2559 0.1969, -1.8031 0.4921 0.0, -1.8917 0.374 0.0, -1.8917 0.374 0.1969, -1.8031 0.4921 0.9843, -2.0197 -0.2559 0.9843, -2.0197 -0.2559 0.1969, -2.0 -0.2559 0.9843, -2.0 -0.2559 0.1969, -1.9803 -0.2559 0.9843, -1.9803 -0.2559 0.1969, -2.1969 -0.4921 0.9843, -2.1969 -0.4921 0.0, -2.1083 -0.374 0.1969, -2.1083 -0.374 0.0, -2.0595 -0.3091 0.9843, -1.8917 -0.374 0.1969, -1.8917 -0.374 0.0, -1.8031 -0.4921 0.0, -1.9405 -0.3091 0.9843, -1.8031 -0.4921 0.9843, -3.1083 0.374 0.0, -3.1969 0.4921 0.0, -3.1083 0.374 0.1969, -3.1969 0.4921 0.9843, -3.0197 0.2559 0.1969, -3.0197 0.2559 0.9843, -2.9803 0.2559 0.9843, -2.9803 0.2559 0.1969, -3.0 0.2559 0.9843, -3.0 0.2559 0.1969, -2.8031 0.4921 0.0, -2.8917 0.374 0.0, -2.8917 0.374 0.1969, -2.8031 0.4921 0.9843, -3.0197 -0.2559 0.9843, -3.0197 -0.2559 0.1969, -3.0 -0.2559 0.9843, -3.0 -0.2559 0.1969, -2.9803 -0.2559 0.9843, -2.9803 -0.2559 0.1969, -3.1969 -0.4921 0.9843, -3.1969 -0.4921 0.0, -3.1083 -0.374 0.1969, -3.1083 -0.374 0.0, -3.0595 -0.3091 0.9843, -2.8917 -0.374 0.1969, -2.8917 -0.374 0.0, -2.8031 -0.4921 0.0, -2.9405 -0.3091 0.9843, -2.8031 -0.4921 0.9843, -8.1083 0.374 0.0, -8.1969 0.4921 0.0, -8.1083 0.374 0.1969, -8.1969 0.4921 0.9843, -8.0197 0.2559 0.1969, -8.0197 0.2559 0.9843, -7.9803 0.2559 0.9843, -7.9803 0.2559 0.1969, -8.0 0.2559 0.9843, -8.0 0.2559 0.1969, -7.8031 0.4921 0.0, -7.8917 0.374 0.0, -7.8917 0.374 0.1969, -7.8031 0.4921 0.9843, -8.0197 -0.2559 0.9843, -8.0197 -0.2559 0.1969, -8.0 -0.2559 0.9843, -8.0 -0.2559 0.1969, -7.9803 -0.2559 0.9843, -7.9803 -0.2559 0.1969, -8.1969 -0.4921 0.9843, -8.1969 -0.4921 0.0, -8.1083 -0.374 0.1969, -8.1083 -0.374 0.0, -8.0595 -0.3091 0.9843, -7.8917 -0.374 0.1969, -7.8917 -0.374 0.0, -7.8031 -0.4921 0.0, -7.9405 -0.3091 0.9843, -7.8031 -0.4921 0.9843, -9.1083 0.374 0.0, -9.1969 0.4921 0.0, -9.1083 0.374 0.1969, -9.1969 0.4921 0.9843, -9.0197 0.2559 0.1969, -9.0197 0.2559 0.9843, -8.9803 0.2559 0.9843, -8.9803 0.2559 0.1969, -9.0 0.2559 0.9843, -9.0 0.2559 0.1969, -8.8032 0.4921 0.0, -8.8917 0.374 0.0, -8.8917 0.374 0.1969, -8.8032 0.4921 0.9843, -9.0197 -0.2559 0.9843, -9.0197 -0.2559 0.1969, -9.0 -0.2559 0.9843, -9.0 -0.2559 0.1969, -8.9803 -0.2559 0.9843, -8.9803 -0.2559 0.1969, -9.1969 -0.4921 0.9843, -9.1969 -0.4921 0.0, -9.1083 -0.374 0.1969, -9.1083 -0.374 0.0, -9.0595 -0.3091 0.9843, -8.8917 -0.374 0.1969, -8.8917 -0.374 0.0, -8.8032 -0.4921 0.0, -8.9405 -0.3091 0.9843, -8.8032 -0.4921 0.9843, -9.8917 -0.374 0.1969, -9.8917 -0.374 0.0, -9.8031 -0.4921 0.0, -9.9803 -0.2559 0.9843, -9.9803 -0.2559 0.1969, -9.9405 -0.3091 0.9843, -9.8031 -0.4921 0.9843, -6.1083 0.374 0.0, -6.1969 0.4921 0.0, -6.1083 0.374 0.1969, -6.1969 0.4921 0.9843, -6.0197 0.2559 0.1969, -6.0197 0.2559 0.9843, -5.9803 0.2559 0.9843, -5.9803 0.2559 0.1969, -6.0 0.2559 0.9843, -5.8031 0.4921 0.0, -5.8917 0.374 0.0, -5.8917 0.374 0.1969, -5.8031 0.4921 0.9843, -6.0197 -0.2559 0.9843, -6.0197 -0.2559 0.1969, -6.0 -0.2559 0.9843, -5.9803 -0.2559 0.1969, -5.9803 -0.2559 0.9843, -6.1969 -0.4921 0.9843, -6.1969 -0.4921 0.0, -6.1083 -0.374 0.1969, -6.1083 -0.374 0.0, -6.0595 -0.3091 0.9843, -5.8917 -0.374 0.1969, -5.8917 -0.374 0.0, -5.8031 -0.4921 0.0, -5.9405 -0.3091 0.9843, -5.8031 -0.4921 0.9843, -7.1083 0.374 0.0, -7.1968 0.4921 0.0, -7.1083 0.374 0.1969, -7.1968 0.4921 0.9843, -7.0197 0.2559 0.1969, -7.0197 0.2559 0.9843, -6.9803 0.2559 0.9843, -6.9803 0.2559 0.1969, -7.0 0.2559 0.9843, -7.0 0.2559 0.1969, -6.8031 0.4921 0.0, -6.8917 0.374 0.0, -6.8917 0.374 0.1969, -6.8031 0.4921 0.9843, -7.0197 -0.2559 0.9843, -7.0197 -0.2559 0.1969, -7.0 -0.2559 0.9843, -7.0 -0.2559 0.1969, -6.9803 -0.2559 0.9843, -6.9803 -0.2559 0.1969, -7.1968 -0.4921 0.9843, -7.1968 -0.4921 0.0, -7.1083 -0.374 0.1969, -7.1083 -0.374 0.0, -7.0595 -0.3091 0.9843, -6.8917 -0.374 0.1969, -6.8917 -0.374 0.0, -6.8031 -0.4921 0.0, -6.9405 -0.3091 0.9843, -6.8031 -0.4921 0.9843, 3.8917 0.374 0.0, 3.8031 0.4921 0.0, 3.8917 0.374 0.1969, 3.8031 0.4921 0.9843, 3.9803 0.2559 0.1969, 3.9803 0.2559 0.9843, 4.0197 0.2559 0.9843, 4.0197 0.2559 0.1969, 4.0 0.2559 0.9843, 4.0 0.2559 0.1969, 4.1969 0.4921 0.0, 4.1083 0.374 0.0, 4.1083 0.374 0.1969, 4.1969 0.4921 0.9843, 3.9803 -0.2559 0.9843, 3.9803 -0.2559 0.1969, 4.0 -0.2559 0.9843, 4.0 -0.2559 0.1969, 4.0197 -0.2559 0.9843, 4.0197 -0.2559 0.1969, 3.8031 -0.4921 0.9843, 3.8031 -0.4921 0.0, 3.8917 -0.374 0.1969, 3.8917 -0.374 0.0, 3.9405 -0.3091 0.9843, 4.1083 -0.374 0.1969, 4.1083 -0.374 0.0, 4.1969 -0.4921 0.0, 4.0595 -0.3091 0.9843, 4.1969 -0.4921 0.9843, 2.8917 0.374 0.0, 2.8031 0.4921 0.0, 2.8917 0.374 0.1969, 2.8031 0.4921 0.9843, 2.9803 0.2559 0.1969, 2.9803 0.2559 0.9843, 3.0197 0.2559 0.9843, 3.0197 0.2559 0.1969, 3.0 0.2559 0.9843, 3.1969 0.4921 0.0, 3.1083 0.374 0.0, 3.1083 0.374 0.1969, 3.1969 0.4921 0.9843, 2.9803 -0.2559 0.9843, 2.9803 -0.2559 0.1969, 3.0 -0.2559 0.9843, 3.0197 -0.2559 0.1969, 3.0197 -0.2559 0.9843, 2.8031 -0.4921 0.9843, 2.8031 -0.4921 0.0, 2.8917 -0.374 0.1969, 2.8917 -0.374 0.0, 2.9405 -0.3091 0.9843, 3.1083 -0.374 0.1969, 3.1083 -0.374 0.0, 3.1969 -0.4921 0.0, 3.0595 -0.3091 0.9843, 3.1969 -0.4921 0.9843, 5.8917 0.374 0.0, 5.8031 0.4921 0.0, 5.8917 0.374 0.1969, 5.8031 0.4921 0.9843, 5.9803 0.2559 0.1969, 5.9803 0.2559 0.9843, 6.0197 0.2559 0.9843, 6.0197 0.2559 0.1969, 6.0 0.2559 0.9843, 6.0 0.2559 0.1969, 6.1969 0.4921 0.0, 6.1083 0.374 0.0, 6.1083 0.374 0.1969, 6.1969 0.4921 0.9843, 5.9803 -0.2559 0.9843, 5.9803 -0.2559 0.1969, 6.0 -0.2559 0.9843, 6.0 -0.2559 0.1969, 6.0197 -0.2559 0.9843, 6.0197 -0.2559 0.1969, 5.8031 -0.4921 0.9843, 5.8031 -0.4921 0.0, 5.8917 -0.374 0.1969, 5.8917 -0.374 0.0, 5.9405 -0.3091 0.9843, 6.1083 -0.374 0.1969, 6.1083 -0.374 0.0, 6.1969 -0.4921 0.0, 6.0595 -0.3091 0.9843, 6.1969 -0.4921 0.9843, 4.8917 0.374 0.0, 4.8031 0.4921 0.0, 4.8917 0.374 0.1969, 4.8031 0.4921 0.9843, 4.9803 0.2559 0.1969, 4.9803 0.2559 0.9843, 5.0197 0.2559 0.9843, 5.0197 0.2559 0.1969, 5.0 0.2559 0.9843, 5.0 0.2559 0.1969, 5.1969 0.4921 0.0, 5.1083 0.374 0.0, 5.1083 0.374 0.1969, 5.1969 0.4921 0.9843, 4.9803 -0.2559 0.9843, 4.9803 -0.2559 0.1969, 5.0 -0.2559 0.9843, 5.0 -0.2559 0.1969, 5.0197 -0.2559 0.9843, 5.0197 -0.2559 0.1969, 4.8031 -0.4921 0.9843, 4.8031 -0.4921 0.0, 4.8917 -0.374 0.1969, 4.8917 -0.374 0.0, 4.9405 -0.3091 0.9843, 5.1083 -0.374 0.1969, 5.1083 -0.374 0.0, 5.1969 -0.4921 0.0, 5.0595 -0.3091 0.9843, 5.1969 -0.4921 0.9843, -0.1083 0.374 0.0, -0.1969 0.4921 0.0, -0.1083 0.374 0.1969, -0.1969 0.4921 0.9843, -0.0197 0.2559 0.1969, -0.0197 0.2559 0.9843, 0.0197 0.2559 0.9843, 0.0197 0.2559 0.1969, 0.0 0.2559 0.9843, 0.0 0.2559 0.1969, 0.1969 0.4921 0.0, 0.1083 0.374 0.0, 0.1083 0.374 0.1969, 0.1969 0.4921 0.9843, -0.0197 -0.2559 0.9843, -0.0197 -0.2559 0.1969, 0.0 -0.2559 0.9843, 0.0 -0.2559 0.1969, 0.0197 -0.2559 0.9843, 0.0197 -0.2559 0.1969, -0.1969 -0.4921 0.9843, -0.1969 -0.4921 0.0, -0.1083 -0.374 0.1969, -0.1083 -0.374 0.0, -0.0595 -0.3091 0.9843, 0.1083 -0.374 0.1969, 0.1083 -0.374 0.0, 0.1969 -0.4921 0.0, 0.0595 -0.3091 0.9843, 0.1969 -0.4921 0.9843, -1.1083 0.374 0.0, -1.1969 0.4921 0.0, -1.1083 0.374 0.1969, -1.1969 0.4921 0.9843, -1.0197 0.2559 0.1969, -1.0197 0.2559 0.9843, -0.9803 0.2559 0.9843, -0.9803 0.2559 0.1969, -1.0 0.2559 0.9843, -1.0 0.2559 0.1969, -0.8031 0.4921 0.0, -0.8917 0.374 0.0, -0.8917 0.374 0.1969, -0.8031 0.4921 0.9843, -1.0197 -0.2559 0.9843, -1.0197 -0.2559 0.1969, -1.0 -0.2559 0.9843, -1.0 -0.2559 0.1969, -0.9803 -0.2559 0.9843, -0.9803 -0.2559 0.1969, -1.1969 -0.4921 0.9843, -1.1969 -0.4921 0.0, -1.1083 -0.374 0.1969, -1.1083 -0.374 0.0, -1.0595 -0.3091 0.9843, -0.8917 -0.374 0.1969, -0.8917 -0.374 0.0, -0.8031 -0.4921 0.0, -0.9405 -0.3091 0.9843, -0.8031 -0.4921 0.9843, 1.8917 0.374 0.0, 1.8031 0.4921 0.0, 1.8917 0.374 0.1969, 1.8031 0.4921 0.9843, 1.9803 0.2559 0.1969, 1.9803 0.2559 0.9843, 2.0197 0.2559 0.9843, 2.0197 0.2559 0.1969, 2.0 0.2559 0.9843, 2.0 0.2559 0.1969, 2.1969 0.4921 0.0, 2.1083 0.374 0.0, 2.1083 0.374 0.1969, 2.1969 0.4921 0.9843, 1.9803 -0.2559 0.9843, 1.9803 -0.2559 0.1969, 2.0 -0.2559 0.9843, 2.0 -0.2559 0.1969, 2.0197 -0.2559 0.9843, 2.0197 -0.2559 0.1969, 1.8031 -0.4921 0.9843, 1.8031 -0.4921 0.0, 1.8917 -0.374 0.1969, 1.8917 -0.374 0.0, 1.9405 -0.3091 0.9843, 2.1083 -0.374 0.1969, 2.1083 -0.374 0.0, 2.1969 -0.4921 0.0, 2.0595 -0.3091 0.9843, 2.1969 -0.4921 0.9843, 0.8917 0.374 0.0, 0.8031 0.4921 0.0, 0.8917 0.374 0.1969, 0.8031 0.4921 0.9843, 0.9634 0.2785 0.1969, 0.9803 0.2559 0.9843, 0.9803 0.2559 0.1969, 1.0197 0.2559 0.9843, 1.0197 0.2559 0.1969, 1.0825 0.3397 0.1969, 1.1969 0.4921 0.9843, 1.1083 0.374 0.1969, 1.1969 0.4921 0.0, 1.1083 0.374 0.0, 0.9803 -0.2559 0.9843, 0.9803 -0.2559 0.1969, 1.0197 -0.2559 0.9843, 1.0197 -0.2559 0.1969, 0.8031 -0.4921 0.0, 0.8917 -0.374 0.0, 0.8917 -0.374 0.1969, 0.9634 -0.2785 0.1969, 0.9405 -0.3091 0.9843, 0.8031 -0.4921 0.9843, 1.0595 -0.3091 0.9843, 1.0825 -0.3397 0.1969, 1.1969 -0.4921 0.9843, 1.1083 -0.374 0.1969, 1.1969 -0.4921 0.0, 1.1083 -0.374 0.0
            ]
        }
        coordIndex [
            0,1,2,-1,2,1,3,-1,4,5,6,-1,6,5,7,-1,6,7,8,-1,4,6,9,-1,9,6,1,-1,9,1,0,-1,10,11,12,-1,12,11,13,-1,12,13,14,-1,14,13,15,-1,14,15,16,-1,16,15,17,-1,16,17,18,-1,19,20,21,-1,18,17,21,-1,21,17,22,-1,21,22,19,-1,23,24,25,-1,25,24,26,-1,25,26,27,-1,28,29,30,-1,30,29,31,-1,28,30,32,-1,32,30,27,-1,32,27,26,-1,33,34,35,-1,24,23,36,-1,36,23,33,-1,36,33,37,-1,37,33,35,-1,38,39,40,-1,40,39,41,-1,40,41,42,-1,42,41,43,-1,44,45,46,-1,46,45,47,-1,46,47,43,-1,43,47,42,-1,48,49,50,-1,45,44,50,-1,50,44,51,-1,50,51,48,-1,52,53,54,-1,54,53,55,-1,54,55,56,-1,56,55,57,-1,58,59,60,-1,60,59,61,-1,58,60,62,-1,62,60,53,-1,62,53,52,-1,63,64,65,-1,56,57,66,-1,66,57,63,-1,66,63,67,-1,67,63,65,-1,68,69,70,-1,70,69,71,-1,70,71,72,-1,72,71,73,-1,74,75,76,-1,76,75,77,-1,76,77,73,-1,73,77,72,-1,78,79,80,-1,75,74,80,-1,80,74,81,-1,80,81,78,-1,82,83,84,-1,84,83,85,-1,84,85,86,-1,86,85,87,-1,88,89,90,-1,90,89,91,-1,88,90,92,-1,92,90,83,-1,92,83,82,-1,93,94,95,-1,86,87,96,-1,96,87,93,-1,96,93,97,-1,97,93,95,-1,98,99,100,-1,100,99,101,-1,100,101,102,-1,102,101,103,-1,104,105,106,-1,106,105,107,-1,106,107,103,-1,103,107,102,-1,108,109,110,-1,105,104,110,-1,110,104,111,-1,110,111,108,-1,112,113,114,-1,114,113,115,-1,114,115,116,-1,116,115,117,-1,118,119,120,-1,120,119,121,-1,118,120,122,-1,122,120,113,-1,122,113,112,-1,123,124,125,-1,116,117,126,-1,126,117,123,-1,126,123,127,-1,127,123,125,-1,128,129,130,-1,130,129,131,-1,130,131,132,-1,132,131,133,-1,134,135,136,-1,136,135,137,-1,136,137,133,-1,133,137,132,-1,138,139,140,-1,135,134,140,-1,140,134,141,-1,140,141,138,-1,142,143,144,-1,144,143,145,-1,144,145,146,-1,146,145,147,-1,148,149,150,-1,150,149,151,-1,148,150,152,-1,152,150,143,-1,152,143,142,-1,153,154,155,-1,146,147,156,-1,156,147,153,-1,156,153,157,-1,157,153,155,-1,158,159,160,-1,160,159,161,-1,160,161,162,-1,162,161,163,-1,164,165,166,-1,166,165,167,-1,166,167,163,-1,163,167,162,-1,168,169,170,-1,165,164,170,-1,170,164,171,-1,170,171,168,-1,172,173,174,-1,174,173,175,-1,174,175,176,-1,176,175,177,-1,178,179,180,-1,180,179,181,-1,178,180,182,-1,182,180,173,-1,182,173,172,-1,183,184,185,-1,176,177,186,-1,186,177,183,-1,186,183,187,-1,187,183,185,-1,188,189,190,-1,191,192,193,-1,193,192,188,-1,193,188,194,-1,194,188,190,-1,195,196,197,-1,197,196,198,-1,197,198,199,-1,199,198,200,-1,201,202,203,-1,203,202,199,-1,203,199,200,-1,204,205,206,-1,202,201,206,-1,206,201,207,-1,206,207,204,-1,208,209,210,-1,210,209,211,-1,210,211,212,-1,213,214,215,-1,215,214,216,-1,213,215,217,-1,217,215,209,-1,217,209,208,-1,218,219,220,-1,212,211,221,-1,221,211,218,-1,221,218,222,-1,222,218,220,-1,223,224,225,-1,225,224,226,-1,225,226,227,-1,227,226,228,-1,229,230,231,-1,231,230,232,-1,231,232,228,-1,228,232,227,-1,233,234,235,-1,230,229,235,-1,235,229,236,-1,235,236,233,-1,237,238,239,-1,239,238,240,-1,239,240,241,-1,241,240,242,-1,243,244,245,-1,245,244,246,-1,243,245,247,-1,247,245,238,-1,247,238,237,-1,248,249,250,-1,241,242,251,-1,251,242,248,-1,251,248,252,-1,252,248,250,-1,253,254,255,-1,255,254,256,-1,255,256,257,-1,257,256,258,-1,259,260,261,-1,261,260,262,-1,261,262,258,-1,258,262,257,-1,263,264,265,-1,260,259,265,-1,265,259,266,-1,265,266,263,-1,267,268,269,-1,269,268,270,-1,269,270,271,-1,271,270,272,-1,273,274,275,-1,275,274,276,-1,273,275,277,-1,277,275,268,-1,277,268,267,-1,278,279,280,-1,271,272,281,-1,281,272,278,-1,281,278,282,-1,282,278,280,-1,283,284,285,-1,285,284,286,-1,285,286,287,-1,287,286,288,-1,289,290,291,-1,291,290,287,-1,291,287,288,-1,292,293,294,-1,290,289,294,-1,294,289,295,-1,294,295,292,-1,296,297,298,-1,298,297,299,-1,298,299,300,-1,301,302,303,-1,303,302,304,-1,301,303,305,-1,305,303,297,-1,305,297,296,-1,306,307,308,-1,300,299,309,-1,309,299,306,-1,309,306,310,-1,310,306,308,-1,311,312,313,-1,313,312,314,-1,313,314,315,-1,315,314,316,-1,317,318,319,-1,319,318,320,-1,319,320,316,-1,316,320,315,-1,321,322,323,-1,318,317,323,-1,323,317,324,-1,323,324,321,-1,325,326,327,-1,327,326,328,-1,327,328,329,-1,329,328,330,-1,331,332,333,-1,333,332,334,-1,331,333,335,-1,335,333,326,-1,335,326,325,-1,336,337,338,-1,329,330,339,-1,339,330,336,-1,339,336,340,-1,340,336,338,-1,341,342,343,-1,343,342,344,-1,343,344,345,-1,345,344,346,-1,347,348,349,-1,349,348,350,-1,349,350,346,-1,346,350,345,-1,351,352,353,-1,348,347,353,-1,353,347,354,-1,353,354,351,-1,355,356,357,-1,357,356,358,-1,357,358,359,-1,359,358,360,-1,361,362,363,-1,363,362,364,-1,361,363,365,-1,365,363,356,-1,365,356,355,-1,366,367,368,-1,359,360,369,-1,369,360,366,-1,369,366,370,-1,370,366,368,-1,371,372,373,-1,373,372,374,-1,373,374,375,-1,375,374,376,-1,377,378,379,-1,379,378,380,-1,379,380,376,-1,376,380,375,-1,381,382,383,-1,378,377,383,-1,383,377,384,-1,383,384,381,-1,385,386,387,-1,387,386,388,-1,387,388,389,-1,389,388,390,-1,391,392,393,-1,393,392,394,-1,391,393,395,-1,395,393,386,-1,395,386,385,-1,396,397,398,-1,389,390,399,-1,399,390,396,-1,399,396,400,-1,400,396,398,-1,401,402,403,-1,403,402,404,-1,403,404,405,-1,405,404,406,-1,407,408,409,-1,409,408,410,-1,409,410,406,-1,406,410,405,-1,411,412,413,-1,408,407,413,-1,413,407,414,-1,413,414,411,-1,415,416,417,-1,417,416,418,-1,417,418,419,-1,419,418,420,-1,421,422,423,-1,423,422,424,-1,421,423,425,-1,425,423,416,-1,425,416,415,-1,426,427,428,-1,419,420,429,-1,429,420,426,-1,429,426,430,-1,430,426,428,-1,431,432,433,-1,433,432,434,-1,433,434,435,-1,435,434,436,-1,437,438,439,-1,439,438,440,-1,439,440,436,-1,436,440,435,-1,441,442,443,-1,438,437,443,-1,443,437,444,-1,443,444,441,-1,445,446,447,-1,447,446,448,-1,447,448,449,-1,449,448,450,-1,451,452,453,-1,453,452,454,-1,451,453,455,-1,455,453,446,-1,455,446,445,-1,456,457,458,-1,449,450,459,-1,459,450,456,-1,459,456,460,-1,460,456,458,-1,461,462,463,-1,463,462,464,-1,463,464,465,-1,465,464,466,-1,465,466,467,-1,468,469,466,-1,466,469,467,-1,469,468,470,-1,470,468,471,-1,470,471,472,-1,472,471,473,-1,472,473,474,-1,475,476,477,-1,477,476,478,-1,479,480,481,-1,476,475,482,-1,482,475,483,-1,482,483,481,-1,481,483,484,-1,481,484,479,-1,477,478,485,-1,485,478,486,-1,485,486,487,-1,487,486,488,-1,487,488,489,-1,489,488,490,-1,
        ]
    }
}
Shape{
    appearance Appearance {
        material  Material 	{
            diffuseColor 0.7529411764705882 0.7529411764705882 0.7529411764705882
            specularColor 0.3764705882352941 0.3764705882352941 0.3764705882352941
            ambientIntensity 0.7529
            transparency 0.0
            shininess 0.5
        }
    }
    geometry IndexedFaceSet {
        ccw TRUE
        solid FALSE
        coord DEF co Coordinate {
            point [
                -9.626 0.0472 -1.1811, -9.626 0.126 -1.1024, -9.374 0.0472 -1.1811, -9.374 0.126 -1.1024, -9.626 -0.0472 -1.1811, -9.374 -0.0472 -1.1811, -9.626 -0.126 -1.1024, -9.374 -0.126 -1.1024, -9.374 0.126 0.1969, -9.374 0.0879 0.1969, -9.374 -0.126 0.1969, -9.626 -0.126 0.1969, -9.626 0.0879 0.1969, -9.626 0.126 0.1969, -9.374 -0.126 0.9843, -9.374 -0.126 3.2677, -9.626 -0.126 0.9843, -9.626 -0.126 3.2677, -9.626 0.126 0.9843, -9.626 0.126 3.2677, -9.374 0.126 0.9843, -9.374 0.126 3.2677, -9.626 -0.0472 3.3465, -9.626 0.0472 3.3465, -9.374 -0.0472 3.3465, -9.374 0.0472 3.3465, -8.626 0.0472 -1.1811, -8.626 0.126 -1.1024, -8.374 0.0472 -1.1811, -8.374 0.126 -1.1024, -8.626 -0.0472 -1.1811, -8.374 -0.0472 -1.1811, -8.626 -0.126 -1.1024, -8.374 -0.126 -1.1024, -8.374 0.126 0.1969, -8.374 0.0879 0.1969, -8.374 -0.126 0.1969, -8.626 -0.126 0.1969, -8.626 0.0879 0.1969, -8.626 0.126 0.1969, -8.374 -0.126 0.9843, -8.374 -0.126 3.2677, -8.626 -0.126 0.9843, -8.626 -0.126 3.2677, -8.626 0.126 0.9843, -8.626 0.126 3.2677, -8.374 0.126 0.9843, -8.374 0.126 3.2677, -8.626 -0.0472 3.3465, -8.626 0.0472 3.3465, -8.374 -0.0472 3.3465, -8.374 0.0472 3.3465, -7.626 0.0472 -1.1811, -7.626 0.126 -1.1024, -7.374 0.0472 -1.1811, -7.374 0.126 -1.1024, -7.626 -0.0472 -1.1811, -7.374 -0.0472 -1.1811, -7.626 -0.126 -1.1024, -7.374 -0.126 -1.1024, -7.374 0.126 0.1969, -7.374 0.0879 0.1969, -7.374 -0.126 0.1969, -7.626 -0.126 0.1969, -7.626 0.0879 0.1969, -7.626 0.126 0.1969, -7.374 -0.126 0.9843, -7.374 -0.126 3.2677, -7.626 -0.126 0.9843, -7.626 -0.126 3.2677, -7.626 0.126 0.9843, -7.626 0.126 3.2677, -7.374 0.126 0.9843, -7.374 0.126 3.2677, -7.626 -0.0472 3.3465, -7.626 0.0472 3.3465, -7.374 -0.0472 3.3465, -7.374 0.0472 3.3465, -6.626 0.0472 -1.1811, -6.626 0.126 -1.1024, -6.374 0.0472 -1.1811, -6.374 0.126 -1.1024, -6.626 -0.0472 -1.1811, -6.374 -0.0472 -1.1811, -6.626 -0.126 -1.1024, -6.374 -0.126 -1.1024, -6.374 0.126 0.1969, -6.374 0.0879 0.1969, -6.374 -0.126 0.1969, -6.626 -0.126 0.1969, -6.626 0.0879 0.1969, -6.626 0.126 0.1969, -6.374 -0.126 0.9843, -6.374 -0.126 3.2677, -6.626 -0.126 0.9843, -6.626 -0.126 3.2677, -6.626 0.126 0.9843, -6.626 0.126 3.2677, -6.374 0.126 0.9843, -6.374 0.126 3.2677, -6.626 -0.0472 3.3465, -6.626 0.0472 3.3465, -6.374 -0.0472 3.3465, -6.374 0.0472 3.3465, -5.626 0.0472 -1.1811, -5.626 0.126 -1.1024, -5.374 0.0472 -1.1811, -5.374 0.126 -1.1024, -5.626 -0.0472 -1.1811, -5.374 -0.0472 -1.1811, -5.626 -0.126 -1.1024, -5.374 -0.126 -1.1024, -5.374 0.126 0.1969, -5.374 0.0879 0.1969, -5.374 -0.126 0.1969, -5.626 -0.126 0.1969, -5.626 0.0879 0.1969, -5.626 0.126 0.1969, -5.374 -0.126 0.9843, -5.374 -0.126 3.2677, -5.626 -0.126 0.9843, -5.626 -0.126 3.2677, -5.626 0.126 0.9843, -5.626 0.126 3.2677, -5.374 0.126 0.9843, -5.374 0.126 3.2677, -5.626 -0.0472 3.3465, -5.626 0.0472 3.3465, -5.374 -0.0472 3.3465, -5.374 0.0472 3.3465, -4.626 0.0472 -1.1811, -4.626 0.126 -1.1024, -4.374 0.0472 -1.1811, -4.374 0.126 -1.1024, -4.626 -0.0472 -1.1811, -4.374 -0.0472 -1.1811, -4.626 -0.126 -1.1024, -4.374 -0.126 -1.1024, -4.374 0.126 0.1969, -4.374 0.0879 0.1969, -4.374 -0.126 0.1969, -4.626 -0.126 0.1969, -4.626 0.0879 0.1969, -4.626 0.126 0.1969, -4.374 -0.126 0.9843, -4.374 -0.126 3.2677, -4.626 -0.126 0.9843, -4.626 -0.126 3.2677, -4.626 0.126 0.9843, -4.626 0.126 3.2677, -4.374 0.126 0.9843, -4.374 0.126 3.2677, -4.626 -0.0472 3.3465, -4.626 0.0472 3.3465, -4.374 -0.0472 3.3465, -4.374 0.0472 3.3465, -3.626 0.0472 -1.1811, -3.626 0.126 -1.1024, -3.374 0.0472 -1.1811, -3.374 0.126 -1.1024, -3.626 -0.0472 -1.1811, -3.374 -0.0472 -1.1811, -3.626 -0.126 -1.1024, -3.374 -0.126 -1.1024, -3.374 0.126 0.1969, -3.374 0.0879 0.1969, -3.374 -0.126 0.1969, -3.626 -0.126 0.1969, -3.626 0.0879 0.1969, -3.626 0.126 0.1969, -3.374 -0.126 0.9843, -3.374 -0.126 3.2677, -3.626 -0.126 0.9843, -3.626 -0.126 3.2677, -3.626 0.126 0.9843, -3.626 0.126 3.2677, -3.374 0.126 0.9843, -3.374 0.126 3.2677, -3.626 -0.0472 3.3465, -3.626 0.0472 3.3465, -3.374 -0.0472 3.3465, -3.374 0.0472 3.3465, -2.626 0.0472 -1.1811, -2.626 0.126 -1.1024, -2.374 0.0472 -1.1811, -2.374 0.126 -1.1024, -2.626 -0.0472 -1.1811, -2.374 -0.0472 -1.1811, -2.626 -0.126 -1.1024, -2.374 -0.126 -1.1024, -2.374 0.126 0.1969, -2.374 0.0879 0.1969, -2.374 -0.126 0.1969, -2.626 -0.126 0.1969, -2.626 0.0879 0.1969, -2.626 0.126 0.1969, -2.374 -0.126 0.9843, -2.374 -0.126 3.2677, -2.626 -0.126 0.9843, -2.626 -0.126 3.2677, -2.626 0.126 0.9843, -2.626 0.126 3.2677, -2.374 0.126 0.9843, -2.374 0.126 3.2677, -2.626 -0.0472 3.3465, -2.626 0.0472 3.3465, -2.374 -0.0472 3.3465, -2.374 0.0472 3.3465, -1.626 0.0472 -1.1811, -1.626 0.126 -1.1024, -1.374 0.0472 -1.1811, -1.374 0.126 -1.1024, -1.626 -0.0472 -1.1811, -1.374 -0.0472 -1.1811, -1.626 -0.126 -1.1024, -1.374 -0.126 -1.1024, -1.374 0.126 0.1969, -1.374 0.0879 0.1969, -1.374 -0.126 0.1969, -1.626 -0.126 0.1969, -1.626 0.0879 0.1969, -1.626 0.126 0.1969, -1.374 -0.126 0.9843, -1.374 -0.126 3.2677, -1.626 -0.126 0.9843, -1.626 -0.126 3.2677, -1.626 0.126 0.9843, -1.626 0.126 3.2677, -1.374 0.126 0.9843, -1.374 0.126 3.2677, -1.626 -0.0472 3.3465, -1.626 0.0472 3.3465, -1.374 -0.0472 3.3465, -1.374 0.0472 3.3465, -0.626 0.0472 -1.1811, -0.626 0.126 -1.1024, -0.374 0.0472 -1.1811, -0.374 0.126 -1.1024, -0.626 -0.0472 -1.1811, -0.374 -0.0472 -1.1811, -0.626 -0.126 -1.1024, -0.374 -0.126 -1.1024, -0.374 0.126 0.1969, -0.374 0.0879 0.1969, -0.374 -0.126 0.1969, -0.626 -0.126 0.1969, -0.626 0.0879 0.1969, -0.626 0.126 0.1969, -0.374 -0.126 0.9843, -0.374 -0.126 3.2677, -0.626 -0.126 0.9843, -0.626 -0.126 3.2677, -0.626 0.126 0.9843, -0.626 0.126 3.2677, -0.374 0.126 0.9843, -0.374 0.126 3.2677, -0.626 -0.0472 3.3465, -0.626 0.0472 3.3465, -0.374 -0.0472 3.3465, -0.374 0.0472 3.3465, 0.374 0.0472 -1.1811, 0.374 0.126 -1.1024, 0.626 0.0472 -1.1811, 0.626 0.126 -1.1024, 0.374 -0.0472 -1.1811, 0.626 -0.0472 -1.1811, 0.374 -0.126 -1.1024, 0.626 -0.126 -1.1024, 0.626 0.126 0.1969, 0.626 0.0879 0.1969, 0.626 -0.126 0.1969, 0.374 -0.126 0.1969, 0.374 0.0879 0.1969, 0.374 0.126 0.1969, 0.626 -0.126 0.9843, 0.626 -0.126 3.2677, 0.374 -0.126 0.9843, 0.374 -0.126 3.2677, 0.374 0.126 0.9843, 0.374 0.126 3.2677, 0.626 0.126 0.9843, 0.626 0.126 3.2677, 0.374 -0.0472 3.3465, 0.374 0.0472 3.3465, 0.626 -0.0472 3.3465, 0.626 0.0472 3.3465, 1.374 0.0472 -1.1811, 1.374 0.126 -1.1024, 1.626 0.0472 -1.1811, 1.626 0.126 -1.1024, 1.374 -0.0472 -1.1811, 1.626 -0.0472 -1.1811, 1.374 -0.126 -1.1024, 1.626 -0.126 -1.1024, 1.626 0.126 0.1969, 1.626 0.0879 0.1969, 1.626 -0.126 0.1969, 1.374 -0.126 0.1969, 1.374 0.0879 0.1969, 1.374 0.126 0.1969, 1.626 -0.126 0.9843, 1.626 -0.126 3.2677, 1.374 -0.126 0.9843, 1.374 -0.126 3.2677, 1.374 0.126 0.9843, 1.374 0.126 3.2677, 1.626 0.126 0.9843, 1.626 0.126 3.2677, 1.374 -0.0472 3.3465, 1.374 0.0472 3.3465, 1.626 -0.0472 3.3465, 1.626 0.0472 3.3465, 2.374 0.0472 -1.1811, 2.374 0.126 -1.1024, 2.626 0.0472 -1.1811, 2.626 0.126 -1.1024, 2.374 -0.0472 -1.1811, 2.626 -0.0472 -1.1811, 2.374 -0.126 -1.1024, 2.626 -0.126 -1.1024, 2.626 0.126 0.1969, 2.626 0.0879 0.1969, 2.626 -0.126 0.1969, 2.374 -0.126 0.1969, 2.374 0.0879 0.1969, 2.374 0.126 0.1969, 2.626 -0.126 0.9843, 2.626 -0.126 3.2677, 2.374 -0.126 0.9843, 2.374 -0.126 3.2677, 2.374 0.126 0.9843, 2.374 0.126 3.2677, 2.626 0.126 0.9843, 2.626 0.126 3.2677, 2.374 -0.0472 3.3465, 2.374 0.0472 3.3465, 2.626 -0.0472 3.3465, 2.626 0.0472 3.3465, 3.374 0.0472 -1.1811, 3.374 0.126 -1.1024, 3.626 0.0472 -1.1811, 3.626 0.126 -1.1024, 3.374 -0.0472 -1.1811, 3.626 -0.0472 -1.1811, 3.374 -0.126 -1.1024, 3.626 -0.126 -1.1024, 3.626 0.126 0.1969, 3.626 0.0879 0.1969, 3.626 -0.126 0.1969, 3.374 -0.126 0.1969, 3.374 0.0879 0.1969, 3.374 0.126 0.1969, 3.626 -0.126 0.9843, 3.626 -0.126 3.2677, 3.374 -0.126 0.9843, 3.374 -0.126 3.2677, 3.374 0.126 0.9843, 3.374 0.126 3.2677, 3.626 0.126 0.9843, 3.626 0.126 3.2677, 3.374 -0.0472 3.3465, 3.374 0.0472 3.3465, 3.626 -0.0472 3.3465, 3.626 0.0472 3.3465, 4.374 0.0472 -1.1811, 4.374 0.126 -1.1024, 4.626 0.0472 -1.1811, 4.626 0.126 -1.1024, 4.374 -0.0472 -1.1811, 4.626 -0.0472 -1.1811, 4.374 -0.126 -1.1024, 4.626 -0.126 -1.1024, 4.626 0.126 0.1969, 4.626 0.0879 0.1969, 4.626 -0.126 0.1969, 4.374 -0.126 0.1969, 4.374 0.0879 0.1969, 4.374 0.126 0.1969, 4.626 -0.126 0.9843, 4.626 -0.126 3.2677, 4.374 -0.126 0.9843, 4.374 -0.126 3.2677, 4.374 0.126 0.9843, 4.374 0.126 3.2677, 4.626 0.126 0.9843, 4.626 0.126 3.2677, 4.374 -0.0472 3.3465, 4.374 0.0472 3.3465, 4.626 -0.0472 3.3465, 4.626 0.0472 3.3465, 5.374 0.0472 -1.1811, 5.374 0.126 -1.1024, 5.626 0.0472 -1.1811, 5.626 0.126 -1.1024, 5.374 -0.0472 -1.1811, 5.626 -0.0472 -1.1811, 5.374 -0.126 -1.1024, 5.626 -0.126 -1.1024, 5.626 0.126 0.1969, 5.626 0.0879 0.1969, 5.626 -0.126 0.1969, 5.374 -0.126 0.1969, 5.374 0.0879 0.1969, 5.374 0.126 0.1969, 5.626 -0.126 0.9843, 5.626 -0.126 3.2677, 5.374 -0.126 0.9843, 5.374 -0.126 3.2677, 5.374 0.126 0.9843, 5.374 0.126 3.2677, 5.626 0.126 0.9843, 5.626 0.126 3.2677, 5.374 -0.0472 3.3465, 5.374 0.0472 3.3465, 5.626 -0.0472 3.3465, 5.626 0.0472 3.3465, 6.374 0.0472 -1.1811, 6.374 0.126 -1.1024, 6.626 0.0472 -1.1811, 6.626 0.126 -1.1024, 6.374 -0.0472 -1.1811, 6.626 -0.0472 -1.1811, 6.374 -0.126 -1.1024, 6.626 -0.126 -1.1024, 6.626 0.126 0.1969, 6.626 0.0879 0.1969, 6.626 -0.126 0.1969, 6.374 -0.126 0.1969, 6.374 0.0879 0.1969, 6.374 0.126 0.1969, 6.626 -0.126 0.9843, 6.626 -0.126 3.2677, 6.374 -0.126 0.9843, 6.374 -0.126 3.2677, 6.374 0.126 0.9843, 6.374 0.126 3.2677, 6.626 0.126 0.9843, 6.626 0.126 3.2677, 6.374 -0.0472 3.3465, 6.374 0.0472 3.3465, 6.626 -0.0472 3.3465, 6.626 0.0472 3.3465, 7.374 0.0472 -1.1811, 7.374 0.126 -1.1024, 7.626 0.0472 -1.1811, 7.626 0.126 -1.1024, 7.374 -0.0472 -1.1811, 7.626 -0.0472 -1.1811, 7.374 -0.126 -1.1024, 7.626 -0.126 -1.1024, 7.626 0.126 0.1969, 7.626 0.0879 0.1969, 7.626 -0.126 0.1969, 7.374 -0.126 0.1969, 7.374 0.0879 0.1969, 7.374 0.126 0.1969, 7.626 -0.126 0.9843, 7.626 -0.126 3.2677, 7.374 -0.126 0.9843, 7.374 -0.126 3.2677, 7.374 0.126 0.9843, 7.374 0.126 3.2677, 7.626 0.126 0.9843, 7.626 0.126 3.2677, 7.374 -0.0472 3.3465, 7.374 0.0472 3.3465, 7.626 -0.0472 3.3465, 7.626 0.0472 3.3465, 8.374 0.0472 -1.1811, 8.374 0.126 -1.1024, 8.626 0.0472 -1.1811, 8.626 0.126 -1.1024, 8.374 -0.0472 -1.1811, 8.626 -0.0472 -1.1811, 8.374 -0.126 -1.1024, 8.626 -0.126 -1.1024, 8.626 0.126 0.1969, 8.626 0.0879 0.1969, 8.626 -0.126 0.1969, 8.374 -0.126 0.1969, 8.374 0.0879 0.1969, 8.374 0.126 0.1969, 8.626 -0.126 0.9843, 8.626 -0.126 3.2677, 8.374 -0.126 0.9843, 8.374 -0.126 3.2677, 8.374 0.126 0.9843, 8.374 0.126 3.2677, 8.626 0.126 0.9843, 8.626 0.126 3.2677, 8.374 -0.0472 3.3465, 8.374 0.0472 3.3465, 8.626 -0.0472 3.3465, 8.626 0.0472 3.3465, 9.374 0.0472 -1.1811, 9.374 0.126 -1.1024, 9.626 0.0472 -1.1811, 9.626 0.126 -1.1024, 9.374 -0.0472 -1.1811, 9.626 -0.0472 -1.1811, 9.374 -0.126 -1.1024, 9.626 -0.126 -1.1024, 9.626 0.126 0.1969, 9.626 0.0879 0.1969, 9.626 -0.126 0.1969, 9.374 -0.126 0.1969, 9.374 0.0879 0.1969, 9.374 0.126 0.1969, 9.626 -0.126 0.9843, 9.626 -0.126 3.2677, 9.374 -0.126 0.9843, 9.374 -0.126 3.2677, 9.374 0.126 0.9843, 9.374 0.126 3.2677, 9.626 0.126 0.9843, 9.626 0.126 3.2677, 9.374 -0.0472 3.3465, 9.374 0.0472 3.3465, 9.626 -0.0472 3.3465, 9.626 0.0472 3.3465, 10.374 0.0472 -1.1811, 10.374 0.126 -1.1024, 10.626 0.0472 -1.1811, 10.626 0.126 -1.1024, 10.374 -0.0472 -1.1811, 10.626 -0.0472 -1.1811, 10.374 -0.126 -1.1024, 10.626 -0.126 -1.1024, 10.626 0.126 0.1969, 10.626 0.0879 0.1969, 10.626 -0.126 0.1969, 10.374 -0.126 0.1969, 10.374 0.0879 0.1969, 10.374 0.126 0.1969, 10.626 -0.126 0.9843, 10.626 -0.126 3.2677, 10.374 -0.126 0.9843, 10.374 -0.126 3.2677, 10.374 0.126 0.9843, 10.374 0.126 3.2677, 10.626 0.126 0.9843, 10.626 0.126 3.2677, 10.374 -0.0472 3.3465, 10.374 0.0472 3.3465, 10.626 -0.0472 3.3465, 10.626 0.0472 3.3465, 0.7251 0.0458 0.2362, 0.7231 0.0458 0.2362, 0.7251 0.0458 0.1969, 0.7231 0.0458 0.1969, 0.6504 -0.1117 0.2362, 0.6504 -0.1117 0.1969, 0.6658 -0.1117 0.2362, 0.6658 -0.1117 0.1969, 0.6891 -0.0612 0.2362, 0.6891 -0.0612 0.1969, 0.7605 -0.0612 0.2362, 0.7605 -0.0612 0.1969, 0.7844 -0.1117 0.2362, 0.7844 -0.1117 0.1969, 0.7998 -0.1117 0.2362, 0.7998 -0.1117 0.1969, 0.6965 -0.0451 0.2362, 0.7528 -0.0451 0.2362, 0.7243 0.0151 0.2362, 0.6965 -0.0451 0.1969, 0.7243 0.0151 0.1969, 0.7528 -0.0451 0.1969, 0.9004 -0.1117 0.2362, 0.9492 -0.1117 0.2362, 0.9004 -0.1117 0.1969, 0.9492 -0.1117 0.1969, 0.9492 0.0458 0.2362, 0.9492 0.0458 0.1969, 0.9174 0.0458 0.2362, 0.9174 0.0458 0.1969, 0.8675 0.0401 0.2362, 0.8675 0.0401 0.1969, 0.8922 0.0448 0.1969, 0.8922 0.0448 0.2362, 0.82 -0.0349 0.2362, 0.82 -0.0349 0.1969, 0.8203 -0.0276 0.1969, 0.8203 -0.0276 0.2362, 0.8234 -0.0086 0.1969, 0.8234 -0.0086 0.2362, 0.83 0.0079 0.1969, 0.83 0.0079 0.2362, 0.84 0.0221 0.1969, 0.84 0.0221 0.2362, 0.8515 0.0321 0.1969, 0.8515 0.0321 0.2362, 0.882 -0.1107 0.1969, 0.882 -0.1107 0.2362, 0.8628 -0.1063 0.1969, 0.8628 -0.1063 0.2362, 0.8509 -0.1001 0.1969, 0.8509 -0.1001 0.2362, 0.8391 -0.0897 0.1969, 0.8391 -0.0897 0.2362, 0.8284 -0.0735 0.1969, 0.8284 -0.0735 0.2362, 0.8222 -0.056 0.1969, 0.8222 -0.056 0.2362, 0.8997 0.0289 0.2362, 0.8756 0.0252 0.2362, 0.8686 0.0227 0.2362, 0.8568 0.0158 0.2362, 0.8477 0.0069 0.2362, 0.8405 -0.0046 0.2362, 0.8359 -0.0182 0.2362, 0.8342 -0.0349 0.2362, 0.8343 -0.0393 0.2362, 0.8371 -0.0559 0.2362, 0.8423 -0.0679 0.2362, 0.8501 -0.0782 0.2362, 0.8595 -0.0857 0.2362, 0.872 -0.0915 0.2362, 0.8944 -0.0949 0.2362, 0.917 -0.0955 0.2362, 0.9351 -0.0955 0.2362, 0.9351 0.0296 0.2362, 0.924 0.0296 0.2362, 0.9351 0.0296 0.1969, 0.9351 -0.0955 0.1969, 0.924 0.0296 0.1969, 0.8997 0.0289 0.1969, 0.8756 0.0252 0.1969, 0.8686 0.0227 0.1969, 0.8568 0.0158 0.1969, 0.8477 0.0069 0.1969, 0.8405 -0.0046 0.1969, 0.8359 -0.0182 0.1969, 0.8342 -0.0349 0.1969, 0.8343 -0.0393 0.1969, 0.8371 -0.0559 0.1969, 0.8423 -0.0679 0.1969, 0.8501 -0.0782 0.1969, 0.8595 -0.0857 0.1969, 0.872 -0.0915 0.1969, 0.8944 -0.0949 0.1969, 0.917 -0.0955 0.1969, 1.0663 -0.1117 0.2362, 1.0663 0.0458 0.2362, 1.0663 -0.1117 0.1969, 1.0663 0.0458 0.1969, 0.9775 0.0458 0.2362, 0.9775 0.0458 0.1969, 0.9775 0.0296 0.2362, 0.9775 0.0296 0.1969, 1.0522 0.0296 0.2362, 1.0522 0.0296 0.1969, 1.0522 -0.0188 0.2362, 1.0522 -0.0188 0.1969, 0.9775 -0.0188 0.2362, 0.9775 -0.0188 0.1969, 0.9775 -0.035 0.2362, 0.9775 -0.035 0.1969, 1.0522 -0.035 0.2362, 1.0522 -0.035 0.1969, 1.0522 -0.0955 0.2362, 1.0522 -0.0955 0.1969, 0.9775 -0.0955 0.2362, 0.9775 -0.0955 0.1969, 0.9775 -0.1117 0.2362, 0.9775 -0.1117 0.1969, 1.0986 0.0169 0.2362, 1.0986 0.0169 0.1969, 1.1033 0.0227 0.1969, 1.1033 0.0227 0.2362, 1.1129 0.0319 0.1969, 1.1129 0.0319 0.2362, 1.1301 0.0423 0.1969, 1.1301 0.0423 0.2362, 1.1444 0.0472 0.1969, 1.1444 0.0472 0.2362, 1.1674 0.0498 0.1969, 1.1674 0.0498 0.2362, 1.111 0.0074 0.2362, 1.111 0.0074 0.1969, 1.1682 0.0337 0.2362, 1.1682 0.0337 0.1969, 1.1627 0.0335 0.1969, 1.1627 0.0335 0.2362, 1.1454 0.0305 0.1969, 1.1454 0.0305 0.2362, 1.1384 0.028 0.1969, 1.1384 0.028 0.2362, 1.1236 0.0197 0.1969, 1.1236 0.0197 0.2362, 1.238 -0.0331 0.2362, 1.238 -0.0331 0.1969, 1.2376 -0.0257 0.1969, 1.2376 -0.0257 0.2362, 1.2342 -0.0104 0.1969, 1.2342 -0.0104 0.2362, 1.2272 0.0036 0.1969, 1.2272 0.0036 0.2362, 1.2174 0.015 0.1969, 1.2174 0.015 0.2362, 1.2029 0.0252 0.1969, 1.2029 0.0252 0.2362, 1.1869 0.0314 0.1969, 1.1869 0.0314 0.2362, 1.1673 -0.0996 0.2362, 1.1673 -0.0996 0.1969, 1.1798 -0.0987 0.1969, 1.1798 -0.0987 0.2362, 1.1958 -0.0946 0.1969, 1.1958 -0.0946 0.2362, 1.211 -0.0863 0.1969, 1.211 -0.0863 0.2362, 1.2224 -0.0759 0.1969, 1.2224 -0.0759 0.2362, 1.2309 -0.0635 0.1969, 1.2309 -0.0635 0.2362, 1.2359 -0.0505 0.1969, 1.2359 -0.0505 0.2362, 1.111 -0.0733 0.2362, 1.111 -0.0733 0.1969, 1.1197 -0.0821 0.1969, 1.1197 -0.0821 0.2362, 1.1337 -0.0917 0.1969, 1.1337 -0.0917 0.2362, 1.1488 -0.0974 0.1969, 1.1488 -0.0974 0.2362, 1.0986 -0.0827 0.2362, 1.0986 -0.0827 0.1969, 1.1672 -0.1157 0.2362, 1.1672 -0.1157 0.1969, 1.1593 -0.1154 0.1969, 1.1593 -0.1154 0.2362, 1.1468 -0.1136 0.1969, 1.1468 -0.1136 0.2362, 1.1289 -0.1075 0.1969, 1.1289 -0.1075 0.2362, 1.1125 -0.0973 0.1969, 1.1125 -0.0973 0.2362, 1.2321 -0.0882 0.2362, 1.2321 -0.0882 0.1969, 1.2258 -0.0947 0.1969, 1.2258 -0.0947 0.2362, 1.2106 -0.1057 0.1969, 1.2106 -0.1057 0.2362, 1.1917 -0.1129 0.1969, 1.1917 -0.1129 0.2362, 1.2521 -0.032 0.2362, 1.2521 -0.032 0.1969, 1.2499 -0.0528 0.1969, 1.2499 -0.0528 0.2362, 1.2436 -0.0709 0.1969, 1.2436 -0.0709 0.2362, 1.1799 0.0491 0.1969, 1.1799 0.0491 0.2362, 1.1992 0.0445 0.1969, 1.1992 0.0445 0.2362, 1.2158 0.036 0.1969, 1.2158 0.036 0.2362, 1.2322 0.0217 0.1969, 1.2322 0.0217 0.2362, 1.2431 0.0062 0.1969, 1.2431 0.0062 0.2362, 1.2495 -0.0105 0.1969, 1.2495 -0.0105 0.2362, 1.345 -0.1117 0.2362, 1.345 0.0458 0.2362, 1.345 -0.1117 0.1969, 1.345 0.0458 0.1969, 1.3308 0.0458 0.2362, 1.3308 0.0458 0.1969, 1.3308 -0.0955 0.2362, 1.3308 -0.0955 0.1969, 1.2703 -0.0955 0.2362, 1.2703 -0.0955 0.1969, 1.2703 -0.1117 0.2362, 1.2703 -0.1117 0.1969
            ]
        }
        coordIndex [
            0,1,2,-1,2,1,3,-1,4,0,5,-1,5,0,2,-1,6,4,7,-1,7,4,5,-1,3,8,9,-1,5,2,7,-1,7,2,3,-1,7,3,10,-1,10,3,9,-1,4,6,0,-1,0,6,11,-1,0,11,1,-1,1,11,12,-1,1,12,13,-1,8,3,13,-1,13,3,1,-1,11,6,10,-1,10,6,7,-1,14,15,16,-1,16,15,17,-1,18,19,20,-1,20,19,21,-1,22,23,17,-1,17,23,19,-1,17,19,16,-1,16,19,18,-1,14,20,15,-1,15,20,21,-1,15,21,24,-1,24,21,25,-1,22,17,24,-1,24,17,15,-1,23,22,25,-1,25,22,24,-1,19,23,21,-1,21,23,25,-1,26,27,28,-1,28,27,29,-1,30,26,31,-1,31,26,28,-1,32,30,33,-1,33,30,31,-1,29,34,35,-1,31,28,33,-1,33,28,29,-1,33,29,36,-1,36,29,35,-1,30,32,26,-1,26,32,37,-1,26,37,27,-1,27,37,38,-1,27,38,39,-1,34,29,39,-1,39,29,27,-1,37,32,36,-1,36,32,33,-1,40,41,42,-1,42,41,43,-1,44,45,46,-1,46,45,47,-1,48,49,43,-1,43,49,45,-1,43,45,42,-1,42,45,44,-1,40,46,41,-1,41,46,47,-1,41,47,50,-1,50,47,51,-1,48,43,50,-1,50,43,41,-1,49,48,51,-1,51,48,50,-1,45,49,47,-1,47,49,51,-1,52,53,54,-1,54,53,55,-1,56,52,57,-1,57,52,54,-1,58,56,59,-1,59,56,57,-1,55,60,61,-1,57,54,59,-1,59,54,55,-1,59,55,62,-1,62,55,61,-1,56,58,52,-1,52,58,63,-1,52,63,53,-1,53,63,64,-1,53,64,65,-1,60,55,65,-1,65,55,53,-1,63,58,62,-1,62,58,59,-1,66,67,68,-1,68,67,69,-1,70,71,72,-1,72,71,73,-1,74,75,69,-1,69,75,71,-1,69,71,68,-1,68,71,70,-1,66,72,67,-1,67,72,73,-1,67,73,76,-1,76,73,77,-1,74,69,76,-1,76,69,67,-1,75,74,77,-1,77,74,76,-1,71,75,73,-1,73,75,77,-1,78,79,80,-1,80,79,81,-1,82,78,83,-1,83,78,80,-1,84,82,85,-1,85,82,83,-1,81,86,87,-1,83,80,85,-1,85,80,81,-1,85,81,88,-1,88,81,87,-1,82,84,78,-1,78,84,89,-1,78,89,79,-1,79,89,90,-1,79,90,91,-1,86,81,91,-1,91,81,79,-1,89,84,88,-1,88,84,85,-1,92,93,94,-1,94,93,95,-1,96,97,98,-1,98,97,99,-1,100,101,95,-1,95,101,97,-1,95,97,94,-1,94,97,96,-1,92,98,93,-1,93,98,99,-1,93,99,102,-1,102,99,103,-1,100,95,102,-1,102,95,93,-1,101,100,103,-1,103,100,102,-1,97,101,99,-1,99,101,103,-1,104,105,106,-1,106,105,107,-1,108,104,109,-1,109,104,106,-1,110,108,111,-1,111,108,109,-1,107,112,113,-1,109,106,111,-1,111,106,107,-1,111,107,114,-1,114,107,113,-1,108,110,104,-1,104,110,115,-1,104,115,105,-1,105,115,116,-1,105,116,117,-1,112,107,117,-1,117,107,105,-1,115,110,114,-1,114,110,111,-1,118,119,120,-1,120,119,121,-1,122,123,124,-1,124,123,125,-1,126,127,121,-1,121,127,123,-1,121,123,120,-1,120,123,122,-1,118,124,119,-1,119,124,125,-1,119,125,128,-1,128,125,129,-1,126,121,128,-1,128,121,119,-1,127,126,129,-1,129,126,128,-1,123,127,125,-1,125,127,129,-1,130,131,132,-1,132,131,133,-1,134,130,135,-1,135,130,132,-1,136,134,137,-1,137,134,135,-1,133,138,139,-1,135,132,137,-1,137,132,133,-1,137,133,140,-1,140,133,139,-1,134,136,130,-1,130,136,141,-1,130,141,131,-1,131,141,142,-1,131,142,143,-1,138,133,143,-1,143,133,131,-1,141,136,140,-1,140,136,137,-1,144,145,146,-1,146,145,147,-1,148,149,150,-1,150,149,151,-1,152,153,147,-1,147,153,149,-1,147,149,146,-1,146,149,148,-1,144,150,145,-1,145,150,151,-1,145,151,154,-1,154,151,155,-1,152,147,154,-1,154,147,145,-1,153,152,155,-1,155,152,154,-1,149,153,151,-1,151,153,155,-1,156,157,158,-1,158,157,159,-1,160,156,161,-1,161,156,158,-1,162,160,163,-1,163,160,161,-1,159,164,165,-1,161,158,163,-1,163,158,159,-1,163,159,166,-1,166,159,165,-1,160,162,156,-1,156,162,167,-1,156,167,157,-1,157,167,168,-1,157,168,169,-1,164,159,169,-1,169,159,157,-1,167,162,166,-1,166,162,163,-1,170,171,172,-1,172,171,173,-1,174,175,176,-1,176,175,177,-1,178,179,173,-1,173,179,175,-1,173,175,172,-1,172,175,174,-1,170,176,171,-1,171,176,177,-1,171,177,180,-1,180,177,181,-1,178,173,180,-1,180,173,171,-1,179,178,181,-1,181,178,180,-1,175,179,177,-1,177,179,181,-1,182,183,184,-1,184,183,185,-1,186,182,187,-1,187,182,184,-1,188,186,189,-1,189,186,187,-1,185,190,191,-1,187,184,189,-1,189,184,185,-1,189,185,192,-1,192,185,191,-1,186,188,182,-1,182,188,193,-1,182,193,183,-1,183,193,194,-1,183,194,195,-1,190,185,195,-1,195,185,183,-1,193,188,192,-1,192,188,189,-1,196,197,198,-1,198,197,199,-1,200,201,202,-1,202,201,203,-1,204,205,199,-1,199,205,201,-1,199,201,198,-1,198,201,200,-1,196,202,197,-1,197,202,203,-1,197,203,206,-1,206,203,207,-1,204,199,206,-1,206,199,197,-1,205,204,207,-1,207,204,206,-1,201,205,203,-1,203,205,207,-1,208,209,210,-1,210,209,211,-1,212,208,213,-1,213,208,210,-1,214,212,215,-1,215,212,213,-1,211,216,217,-1,213,210,215,-1,215,210,211,-1,215,211,218,-1,218,211,217,-1,212,214,208,-1,208,214,219,-1,208,219,209,-1,209,219,220,-1,209,220,221,-1,216,211,221,-1,221,211,209,-1,219,214,218,-1,218,214,215,-1,222,223,224,-1,224,223,225,-1,226,227,228,-1,228,227,229,-1,230,231,225,-1,225,231,227,-1,225,227,224,-1,224,227,226,-1,222,228,223,-1,223,228,229,-1,223,229,232,-1,232,229,233,-1,230,225,232,-1,232,225,223,-1,231,230,233,-1,233,230,232,-1,227,231,229,-1,229,231,233,-1,234,235,236,-1,236,235,237,-1,238,234,239,-1,239,234,236,-1,240,238,241,-1,241,238,239,-1,237,242,243,-1,239,236,241,-1,241,236,237,-1,241,237,244,-1,244,237,243,-1,238,240,234,-1,234,240,245,-1,234,245,235,-1,235,245,246,-1,235,246,247,-1,242,237,247,-1,247,237,235,-1,245,240,244,-1,244,240,241,-1,248,249,250,-1,250,249,251,-1,252,253,254,-1,254,253,255,-1,256,257,251,-1,251,257,253,-1,251,253,250,-1,250,253,252,-1,248,254,249,-1,249,254,255,-1,249,255,258,-1,258,255,259,-1,256,251,258,-1,258,251,249,-1,257,256,259,-1,259,256,258,-1,253,257,255,-1,255,257,259,-1,260,261,262,-1,262,261,263,-1,264,260,265,-1,265,260,262,-1,266,264,267,-1,267,264,265,-1,263,268,269,-1,265,262,267,-1,267,262,263,-1,267,263,270,-1,270,263,269,-1,264,266,260,-1,260,266,271,-1,260,271,261,-1,261,271,272,-1,261,272,273,-1,268,263,273,-1,273,263,261,-1,271,266,270,-1,270,266,267,-1,274,275,276,-1,276,275,277,-1,278,279,280,-1,280,279,281,-1,282,283,277,-1,277,283,279,-1,277,279,276,-1,276,279,278,-1,274,280,275,-1,275,280,281,-1,275,281,284,-1,284,281,285,-1,282,277,284,-1,284,277,275,-1,283,282,285,-1,285,282,284,-1,279,283,281,-1,281,283,285,-1,286,287,288,-1,288,287,289,-1,290,286,291,-1,291,286,288,-1,292,290,293,-1,293,290,291,-1,289,294,295,-1,291,288,293,-1,293,288,289,-1,293,289,296,-1,296,289,295,-1,290,292,286,-1,286,292,297,-1,286,297,287,-1,287,297,298,-1,287,298,299,-1,294,289,299,-1,299,289,287,-1,297,292,296,-1,296,292,293,-1,300,301,302,-1,302,301,303,-1,304,305,306,-1,306,305,307,-1,308,309,303,-1,303,309,305,-1,303,305,302,-1,302,305,304,-1,300,306,301,-1,301,306,307,-1,301,307,310,-1,310,307,311,-1,308,303,310,-1,310,303,301,-1,309,308,311,-1,311,308,310,-1,305,309,307,-1,307,309,311,-1,312,313,314,-1,314,313,315,-1,316,312,317,-1,317,312,314,-1,318,316,319,-1,319,316,317,-1,315,320,321,-1,317,314,319,-1,319,314,315,-1,319,315,322,-1,322,315,321,-1,316,318,312,-1,312,318,323,-1,312,323,313,-1,313,323,324,-1,313,324,325,-1,320,315,325,-1,325,315,313,-1,323,318,322,-1,322,318,319,-1,326,327,328,-1,328,327,329,-1,330,331,332,-1,332,331,333,-1,334,335,329,-1,329,335,331,-1,329,331,328,-1,328,331,330,-1,326,332,327,-1,327,332,333,-1,327,333,336,-1,336,333,337,-1,334,329,336,-1,336,329,327,-1,335,334,337,-1,337,334,336,-1,331,335,333,-1,333,335,337,-1,338,339,340,-1,340,339,341,-1,342,338,343,-1,343,338,340,-1,344,342,345,-1,345,342,343,-1,341,346,347,-1,343,340,345,-1,345,340,341,-1,345,341,348,-1,348,341,347,-1,342,344,338,-1,338,344,349,-1,338,349,339,-1,339,349,350,-1,339,350,351,-1,346,341,351,-1,351,341,339,-1,349,344,348,-1,348,344,345,-1,352,353,354,-1,354,353,355,-1,356,357,358,-1,358,357,359,-1,360,361,355,-1,355,361,357,-1,355,357,354,-1,354,357,356,-1,352,358,353,-1,353,358,359,-1,353,359,362,-1,362,359,363,-1,360,355,362,-1,362,355,353,-1,361,360,363,-1,363,360,362,-1,357,361,359,-1,359,361,363,-1,364,365,366,-1,366,365,367,-1,368,364,369,-1,369,364,366,-1,370,368,371,-1,371,368,369,-1,367,372,373,-1,369,366,371,-1,371,366,367,-1,371,367,374,-1,374,367,373,-1,368,370,364,-1,364,370,375,-1,364,375,365,-1,365,375,376,-1,365,376,377,-1,372,367,377,-1,377,367,365,-1,375,370,374,-1,374,370,371,-1,378,379,380,-1,380,379,381,-1,382,383,384,-1,384,383,385,-1,386,387,381,-1,381,387,383,-1,381,383,380,-1,380,383,382,-1,378,384,379,-1,379,384,385,-1,379,385,388,-1,388,385,389,-1,386,381,388,-1,388,381,379,-1,387,386,389,-1,389,386,388,-1,383,387,385,-1,385,387,389,-1,390,391,392,-1,392,391,393,-1,394,390,395,-1,395,390,392,-1,396,394,397,-1,397,394,395,-1,393,398,399,-1,395,392,397,-1,397,392,393,-1,397,393,400,-1,400,393,399,-1,394,396,390,-1,390,396,401,-1,390,401,391,-1,391,401,402,-1,391,402,403,-1,398,393,403,-1,403,393,391,-1,401,396,400,-1,400,396,397,-1,404,405,406,-1,406,405,407,-1,408,409,410,-1,410,409,411,-1,412,413,407,-1,407,413,409,-1,407,409,406,-1,406,409,408,-1,404,410,405,-1,405,410,411,-1,405,411,414,-1,414,411,415,-1,412,407,414,-1,414,407,405,-1,413,412,415,-1,415,412,414,-1,409,413,411,-1,411,413,415,-1,416,417,418,-1,418,417,419,-1,420,416,421,-1,421,416,418,-1,422,420,423,-1,423,420,421,-1,419,424,425,-1,421,418,423,-1,423,418,419,-1,423,419,426,-1,426,419,425,-1,420,422,416,-1,416,422,427,-1,416,427,417,-1,417,427,428,-1,417,428,429,-1,424,419,429,-1,429,419,417,-1,427,422,426,-1,426,422,423,-1,430,431,432,-1,432,431,433,-1,434,435,436,-1,436,435,437,-1,438,439,433,-1,433,439,435,-1,433,435,432,-1,432,435,434,-1,430,436,431,-1,431,436,437,-1,431,437,440,-1,440,437,441,-1,438,433,440,-1,440,433,431,-1,439,438,441,-1,441,438,440,-1,435,439,437,-1,437,439,441,-1,442,443,444,-1,444,443,445,-1,446,442,447,-1,447,442,444,-1,448,446,449,-1,449,446,447,-1,445,450,451,-1,447,444,449,-1,449,444,445,-1,449,445,452,-1,452,445,451,-1,446,448,442,-1,442,448,453,-1,442,453,443,-1,443,453,454,-1,443,454,455,-1,450,445,455,-1,455,445,443,-1,453,448,452,-1,452,448,449,-1,456,457,458,-1,458,457,459,-1,460,461,462,-1,462,461,463,-1,464,465,459,-1,459,465,461,-1,459,461,458,-1,458,461,460,-1,456,462,457,-1,457,462,463,-1,457,463,466,-1,466,463,467,-1,464,459,466,-1,466,459,457,-1,465,464,467,-1,467,464,466,-1,461,465,463,-1,463,465,467,-1,468,469,470,-1,470,469,471,-1,472,468,473,-1,473,468,470,-1,474,472,475,-1,475,472,473,-1,471,476,477,-1,473,470,475,-1,475,470,471,-1,475,471,478,-1,478,471,477,-1,472,474,468,-1,468,474,479,-1,468,479,469,-1,469,479,480,-1,469,480,481,-1,476,471,481,-1,481,471,469,-1,479,474,478,-1,478,474,475,-1,482,483,484,-1,484,483,485,-1,486,487,488,-1,488,487,489,-1,490,491,485,-1,485,491,487,-1,485,487,484,-1,484,487,486,-1,482,488,483,-1,483,488,489,-1,483,489,492,-1,492,489,493,-1,490,485,492,-1,492,485,483,-1,491,490,493,-1,493,490,492,-1,487,491,489,-1,489,491,493,-1,494,495,496,-1,496,495,497,-1,498,494,499,-1,499,494,496,-1,500,498,501,-1,501,498,499,-1,497,502,503,-1,499,496,501,-1,501,496,497,-1,501,497,504,-1,504,497,503,-1,498,500,494,-1,494,500,505,-1,494,505,495,-1,495,505,506,-1,495,506,507,-1,502,497,507,-1,507,497,495,-1,505,500,504,-1,504,500,501,-1,508,509,510,-1,510,509,511,-1,512,513,514,-1,514,513,515,-1,516,517,511,-1,511,517,513,-1,511,513,510,-1,510,513,512,-1,508,514,509,-1,509,514,515,-1,509,515,518,-1,518,515,519,-1,516,511,518,-1,518,511,509,-1,517,516,519,-1,519,516,518,-1,513,517,515,-1,515,517,519,-1,520,521,522,-1,522,521,523,-1,524,520,525,-1,525,520,522,-1,526,524,527,-1,527,524,525,-1,523,528,529,-1,525,522,527,-1,527,522,523,-1,527,523,530,-1,530,523,529,-1,524,526,520,-1,520,526,531,-1,520,531,521,-1,521,531,532,-1,521,532,533,-1,528,523,533,-1,533,523,521,-1,531,526,530,-1,530,526,527,-1,534,535,536,-1,536,535,537,-1,538,539,540,-1,540,539,541,-1,542,543,537,-1,537,543,539,-1,537,539,536,-1,536,539,538,-1,534,540,535,-1,535,540,541,-1,535,541,544,-1,544,541,545,-1,542,537,544,-1,544,537,535,-1,543,542,545,-1,545,542,544,-1,539,543,541,-1,541,543,545,-1,546,547,548,-1,548,547,549,-1,547,550,549,-1,549,550,551,-1,550,552,551,-1,551,552,553,-1,552,554,553,-1,553,554,555,-1,554,556,555,-1,555,556,557,-1,556,558,557,-1,557,558,559,-1,558,560,559,-1,559,560,561,-1,560,546,561,-1,561,546,548,-1,562,550,547,-1,546,563,547,-1,547,563,564,-1,547,564,562,-1,560,558,556,-1,552,550,554,-1,554,550,562,-1,554,562,556,-1,556,562,563,-1,556,563,560,-1,560,563,546,-1,562,564,565,-1,565,564,566,-1,563,562,567,-1,567,562,565,-1,564,563,566,-1,566,563,567,-1,568,569,570,-1,570,569,571,-1,569,572,571,-1,571,572,573,-1,572,574,573,-1,573,574,575,-1,576,577,578,-1,576,578,579,-1,579,578,575,-1,579,575,574,-1,580,581,582,-1,580,582,583,-1,583,582,584,-1,583,584,585,-1,585,584,586,-1,585,586,587,-1,587,586,588,-1,587,588,589,-1,589,588,590,-1,589,590,591,-1,591,590,577,-1,591,577,576,-1,568,570,592,-1,568,592,593,-1,593,592,594,-1,593,594,595,-1,595,594,596,-1,595,596,597,-1,597,596,598,-1,597,598,599,-1,599,598,600,-1,599,600,601,-1,601,600,602,-1,601,602,603,-1,603,602,581,-1,603,581,580,-1,604,605,576,-1,576,605,606,-1,576,606,591,-1,591,606,607,-1,591,607,589,-1,589,607,608,-1,589,608,587,-1,587,608,609,-1,587,609,585,-1,585,609,610,-1,585,610,583,-1,583,610,611,-1,583,611,580,-1,580,611,612,-1,580,612,603,-1,603,612,613,-1,603,613,601,-1,601,613,614,-1,601,614,599,-1,599,614,615,-1,599,615,597,-1,597,615,616,-1,597,616,595,-1,595,616,617,-1,595,617,593,-1,593,617,618,-1,593,618,568,-1,568,618,619,-1,568,619,569,-1,569,619,620,-1,569,620,572,-1,572,620,621,-1,572,621,574,-1,574,621,622,-1,574,622,579,-1,579,622,604,-1,579,604,576,-1,621,620,623,-1,623,620,624,-1,622,621,625,-1,625,621,623,-1,622,625,626,-1,622,626,604,-1,604,626,627,-1,604,627,605,-1,605,627,628,-1,605,628,606,-1,606,628,629,-1,606,629,607,-1,607,629,630,-1,607,630,608,-1,608,630,631,-1,608,631,609,-1,609,631,632,-1,609,632,610,-1,610,632,633,-1,610,633,611,-1,611,633,634,-1,611,634,612,-1,612,634,635,-1,612,635,613,-1,613,635,636,-1,613,636,614,-1,614,636,637,-1,614,637,615,-1,615,637,638,-1,615,638,616,-1,616,638,639,-1,616,639,617,-1,617,639,640,-1,617,640,618,-1,618,640,641,-1,618,641,619,-1,620,619,624,-1,624,619,641,-1,642,643,644,-1,644,643,645,-1,643,646,645,-1,645,646,647,-1,646,648,647,-1,647,648,649,-1,648,650,649,-1,649,650,651,-1,650,652,651,-1,651,652,653,-1,652,654,653,-1,653,654,655,-1,654,656,655,-1,655,656,657,-1,656,658,657,-1,657,658,659,-1,658,660,659,-1,659,660,661,-1,660,662,661,-1,661,662,663,-1,662,664,663,-1,663,664,665,-1,664,642,665,-1,665,642,644,-1,642,664,662,-1,662,660,642,-1,642,660,658,-1,642,658,643,-1,648,646,650,-1,650,646,643,-1,650,643,652,-1,652,643,658,-1,652,658,654,-1,654,658,656,-1,666,667,668,-1,666,668,669,-1,669,668,670,-1,669,670,671,-1,671,670,672,-1,671,672,673,-1,673,672,674,-1,673,674,675,-1,675,674,676,-1,675,676,677,-1,666,678,667,-1,667,678,679,-1,680,681,682,-1,680,682,683,-1,683,682,684,-1,683,684,685,-1,685,684,686,-1,685,686,687,-1,687,686,688,-1,687,688,689,-1,689,688,679,-1,689,679,678,-1,690,691,692,-1,690,692,693,-1,693,692,694,-1,693,694,695,-1,695,694,696,-1,695,696,697,-1,697,696,698,-1,697,698,699,-1,699,698,700,-1,699,700,701,-1,701,700,702,-1,701,702,703,-1,703,702,681,-1,703,681,680,-1,704,705,706,-1,704,706,707,-1,707,706,708,-1,707,708,709,-1,709,708,710,-1,709,710,711,-1,711,710,712,-1,711,712,713,-1,713,712,714,-1,713,714,715,-1,715,714,716,-1,715,716,717,-1,717,716,691,-1,717,691,690,-1,718,719,720,-1,718,720,721,-1,721,720,722,-1,721,722,723,-1,723,722,724,-1,723,724,725,-1,725,724,705,-1,725,705,704,-1,718,726,719,-1,719,726,727,-1,728,729,730,-1,728,730,731,-1,731,730,732,-1,731,732,733,-1,733,732,734,-1,733,734,735,-1,735,734,736,-1,735,736,737,-1,737,736,727,-1,737,727,726,-1,738,739,740,-1,738,740,741,-1,741,740,742,-1,741,742,743,-1,743,742,744,-1,743,744,745,-1,745,744,729,-1,745,729,728,-1,746,747,748,-1,746,748,749,-1,749,748,750,-1,749,750,751,-1,751,750,739,-1,751,739,738,-1,677,676,752,-1,677,752,753,-1,753,752,754,-1,753,754,755,-1,755,754,756,-1,755,756,757,-1,757,756,758,-1,757,758,759,-1,759,758,760,-1,759,760,761,-1,761,760,762,-1,761,762,763,-1,763,762,747,-1,763,747,746,-1,678,666,669,-1,726,718,737,-1,737,718,721,-1,737,721,735,-1,735,721,723,-1,735,723,733,-1,733,723,725,-1,733,725,731,-1,731,725,704,-1,678,669,689,-1,689,669,671,-1,689,671,687,-1,687,671,673,-1,687,673,685,-1,685,673,675,-1,685,675,683,-1,683,675,677,-1,683,677,680,-1,680,677,753,-1,680,753,703,-1,703,753,755,-1,703,755,701,-1,701,755,757,-1,701,757,699,-1,699,757,759,-1,699,759,697,-1,697,759,761,-1,697,761,695,-1,695,761,763,-1,695,763,693,-1,693,763,746,-1,693,746,690,-1,690,746,717,-1,717,746,749,-1,717,749,715,-1,715,749,751,-1,715,751,713,-1,713,751,738,-1,713,738,711,-1,711,738,741,-1,711,741,709,-1,709,741,743,-1,709,743,707,-1,707,743,745,-1,707,745,704,-1,704,745,728,-1,704,728,731,-1,764,765,766,-1,766,765,767,-1,765,768,767,-1,767,768,769,-1,768,770,769,-1,769,770,771,-1,770,772,771,-1,771,772,773,-1,772,774,773,-1,773,774,775,-1,774,764,775,-1,775,764,766,-1,768,765,770,-1,770,765,764,-1,770,764,772,-1,772,764,774,-1,
        ]
    }
}
Shape{
    appearance Appearance {
        material  Material 	{
            diffuseColor 0.14901960784313725 0.14901960784313725 0.14901960784313725
            specularColor 0.07450980392156863 0.07450980392156863 0.07450980392156863
            ambientIntensity 0.149
            transparency 0.0
            shininess 0.5
        }
    }
    geometry IndexedFaceSet {
        ccw TRUE
        solid FALSE
        coord DEF co Coordinate {
            point [
                0.7243 0.0151 0.1969, 0.7528 -0.0451 0.1969, 0.6965 -0.0451 0.1969, 0.9351 0.0296 0.1969, 0.9351 -0.0955 0.1969, 0.924 0.0296 0.1969, 0.917 -0.0955 0.1969, 0.8997 0.0289 0.1969, 0.8944 -0.0949 0.1969, 0.8756 0.0252 0.1969, 0.8423 -0.0679 0.1969, 0.8371 -0.0559 0.1969, 0.8343 -0.0393 0.1969, 0.8342 -0.0349 0.1969, 0.872 -0.0915 0.1969, 0.8595 -0.0857 0.1969, 0.8501 -0.0782 0.1969, 0.8359 -0.0182 0.1969, 0.8405 -0.0046 0.1969, 0.8477 0.0069 0.1969, 0.8568 0.0158 0.1969, 0.8686 0.0227 0.1969
            ]
        }
        coordIndex [
            0,1,2,-1,3,4,5,-1,5,4,6,-1,5,6,7,-1,7,6,8,-1,7,8,9,-1,10,11,8,-1,8,11,12,-1,8,12,13,-1,14,15,8,-1,8,15,16,-1,8,16,10,-1,13,17,8,-1,8,17,18,-1,8,18,19,-1,19,20,8,-1,8,20,21,-1,8,21,9,-1,
        ]
    }
}